t,date,target,pred,post,y0,y1,x0,x1,cx,cy
0,2014-05-24 18:45:00+00:00,2.5931726,2.1892574,2.1892574,19,32,84,97,0.5,-0.375
0,2014-05-24 18:45:00+00:00,3.1672716,3.2220278,3.2220278,32,45,32,45,-0.3645833,-0.03984375
0,2014-05-24 18:45:00+00:00,2.4746385,2.8144133,2.8144133,32,45,45,58,-0.15,-0.050000004
0,2014-05-24 18:45:00+00:00,2.5509362,2.5249598,2.5249598,32,45,71,84,0.28046876,-0.03984375
0,2014-05-24 18:45:00+00:00,2.1373417,2.214884,2.214884,32,45,84,97,0.5,-0.050000004
0,2014-05-24 18:45:00+00:00,1.7445829,1.8721566,1.8721566,32,45,97,110,0.7166667,-0.050000004
0,2014-05-24 18:45:00+00:00,1.7499595,1.830557,1.830557,32,45,110,121,0.9166666,-0.050000004
0,2014-05-24 18:45:00+00:00,3.2643802,2.8520634,2.8520634,45,58,6,19,-0.78776044,0.2671875
0,2014-05-24 18:45:00+00:00,2.4658046,3.0269523,3.0269523,45,58,19,32,-0.5833333,0.275
0,2014-05-24 18:45:00+00:00,2.358268,2.4857376,2.4857376,45,58,32,45,-0.37187502,0.27734375
0,2014-05-24 18:45:00+00:00,2.1362355,2.2424948,2.2424948,45,58,45,58,-0.15,0.275
0,2014-05-24 18:45:00+00:00,2.232104,2.2712915,2.2712915,45,58,58,71,0.07630208,0.27421877
0,2014-05-24 18:45:00+00:00,2.0569317,2.093352,2.093352,45,58,84,97,0.5101563,0.28671876
0,2014-05-24 18:45:00+00:00,1.8907422,1.9289445,1.9289445,45,58,97,110,0.7166667,0.275
0,2014-05-24 18:45:00+00:00,2.61508,2.688785,2.688785,58,71,19,32,-0.5697917,0.57421875
0,2014-05-24 18:45:00+00:00,2.4780805,2.1610332,2.1610332,58,71,32,45,-0.36666667,0.6
0,2014-05-24 18:45:00+00:00,2.3475149,2.0320961,2.0320961,58,71,45,58,-0.15572916,0.5835937
0,2014-05-24 18:45:00+00:00,2.2883074,2.1100783,2.1100783,58,71,71,84,0.284375,0.5972656
1,2014-05-25 17:50:00+00:00,1.5077957,1.5150924,1.5150924,19,32,84,97,0.5,-0.375
1,2014-05-25 17:50:00+00:00,1.3769561,1.4152724,1.4152724,19,32,97,110,0.7166667,-0.375
1,2014-05-25 17:50:00+00:00,1.3854364,1.4451121,1.4451121,19,32,110,121,0.9166666,-0.375
1,2014-05-25 17:50:00+00:00,1.6404147,1.9126824,1.9126824,32,45,32,45,-0.36302084,-0.03359375
1,2014-05-25 17:50:00+00:00,1.5515301,1.7253278,1.7253278,32,45,45,58,-0.15,-0.050000004
1,2014-05-25 17:50:00+00:00,1.8802419,1.6219381,1.6219381,32,45,58,71,0.05729167,-0.05078125
1,2014-05-25 17:50:00+00:00,1.6888909,1.5272144,1.5272144,32,45,71,84,0.27916667,-0.04414063
1,2014-05-25 17:50:00+00:00,1.3750097,1.3922439,1.3922439,32,45,84,97,0.49114585,-0.051562503
1,2014-05-25 17:50:00+00:00,1.2938359,1.2772672,1.2772672,32,45,97,110,0.7166667,-0.050000004
1,2014-05-25 17:50:00+00:00,1.3703035,1.320808,1.320808,32,45,110,121,0.9166666,-0.050000004
1,2014-05-25 17:50:00+00:00,1.5883125,2.0898323,2.0898323,45,58,19,32,-0.5833333,0.275
1,2014-05-25 17:50:00+00:00,1.4883579,1.6918383,1.6918383,45,58,32,45,-0.36666667,0.275
1,2014-05-25 17:50:00+00:00,1.3874615,1.6210369,1.6210369,45,58,45,58,-0.15,0.275
1,2014-05-25 17:50:00+00:00,1.4943277,1.5743589,1.5743589,45,58,58,71,0.06666666,0.275
1,2014-05-25 17:50:00+00:00,1.5589353,1.4961098,1.4961098,45,58,84,97,0.509375,0.278125
1,2014-05-25 17:50:00+00:00,1.3507843,1.4411854,1.4411854,45,58,97,110,0.7166667,0.275
1,2014-05-25 17:50:00+00:00,1.3562243,1.503868,1.503868,45,58,110,121,0.9166666,0.275
1,2014-05-25 17:50:00+00:00,1.6551791,1.5412216,1.5412216,58,71,32,45,-0.36666667,0.6
1,2014-05-25 17:50:00+00:00,1.5784546,1.5314801,1.5314801,58,71,45,58,-0.15598959,0.58320314
1,2014-05-25 17:50:00+00:00,1.5892786,1.4606532,1.4606532,58,71,58,71,0.07057291,0.584375
1,2014-05-25 17:50:00+00:00,1.5763836,1.5096463,1.5096463,58,71,71,84,0.28619793,0.5929687
1,2014-05-25 17:50:00+00:00,1.6171257,1.4352221,1.4352221,58,71,84,97,0.48854166,0.5800781
1,2014-05-25 17:50:00+00:00,1.4269342,1.3506403,1.3506403,58,71,97,110,0.73046875,0.58906245
1,2014-05-25 17:50:00+00:00,1.3542476,1.4383416,1.4383416,58,71,110,121,0.9166666,0.6
1,2014-05-25 17:50:00+00:00,1.253662,1.2898971,1.2898971,71,81,110,121,0.9166666,0.8875
2,2014-05-30 18:05:00+00:00,1.8474857,1.8711616,1.8711616,19,32,84,97,0.5,-0.375
2,2014-05-30 18:05:00+00:00,1.8603139,1.6823589,1.6823589,19,32,97,110,0.7166667,-0.375
2,2014-05-30 18:05:00+00:00,1.9036222,1.69633,1.69633,19,32,110,121,0.9166666,-0.375
2,2014-05-30 18:05:00+00:00,1.9795693,2.4285653,2.4285653,32,45,32,45,-0.35989583,-0.035937503
2,2014-05-30 18:05:00+00:00,1.8313289,2.1607914,2.1607914,32,45,45,58,-0.15,-0.050000004
2,2014-05-30 18:05:00+00:00,2.1226,2.0464792,2.0464792,32,45,58,71,0.055729166,-0.051171873
2,2014-05-30 18:05:00+00:00,1.9358379,1.9759222,1.9759222,32,45,71,84,0.27526042,-0.043750003
2,2014-05-30 18:05:00+00:00,1.6488578,1.8083893,1.8083893,32,45,84,97,0.5,-0.050000004
2,2014-05-30 18:05:00+00:00,1.5283374,1.5782014,1.5782014,32,45,97,110,0.7166667,-0.050000004
2,2014-05-30 18:05:00+00:00,1.5838499,1.5849947,1.5849947,32,45,110,121,0.9166666,-0.050000004
2,2014-05-30 18:05:00+00:00,3.6746523,2.2212296,2.2212296,45,58,6,19,-0.7856771,0.26210937
2,2014-05-30 18:05:00+00:00,2.0096924,2.3754141,2.3754141,45,58,19,32,-0.5833333,0.275
2,2014-05-30 18:05:00+00:00,1.6563807,1.8643882,1.8643882,45,58,32,45,-0.36666667,0.275
2,2014-05-30 18:05:00+00:00,1.4894643,1.7495157,1.7495157,45,58,45,58,-0.15,0.275
2,2014-05-30 18:05:00+00:00,1.6308112,1.7402399,1.7402399,45,58,58,71,0.06666666,0.275
2,2014-05-30 18:05:00+00:00,1.7038473,1.7184294,1.7184294,45,58,71,84,0.2671875,0.2925781
2,2014-05-30 18:05:00+00:00,1.8086975,1.694199,1.694199,45,58,84,97,0.5132812,0.28671876
2,2014-05-30 18:05:00+00:00,1.5117108,1.6248298,1.6248298,45,58,97,110,0.7166667,0.275
2,2014-05-30 18:05:00+00:00,1.4135512,1.6766418,1.6766418,45,58,110,121,0.9166666,0.275
2,2014-05-30 18:05:00+00:00,1.7718899,1.6222701,1.6222701,58,71,32,45,-0.36666667,0.6
2,2014-05-30 18:05:00+00:00,1.6900753,1.5987085,1.5987085,58,71,45,58,-0.15416667,0.5890625
2,2014-05-30 18:05:00+00:00,1.6744857,1.5599613,1.5599613,58,71,58,71,0.069270834,0.5824219
2,2014-05-30 18:05:00+00:00,1.7051746,1.6542815,1.6542815,58,71,71,84,0.2833333,0.6
2,2014-05-30 18:05:00+00:00,1.6631075,1.6049252,1.6049252,58,71,84,97,0.4924479,0.5867188
2,2014-05-30 18:05:00+00:00,1.4909339,1.4719329,1.4719329,58,71,97,110,0.7348958,0.5878906
2,2014-05-30 18:05:00+00:00,1.3455092,1.5628805,1.5628805,58,71,110,121,0.9166666,0.6
2,2014-05-30 18:05:00+00:00,1.3404161,1.4769938,1.4769938,71,81,110,121,0.9166666,0.8875
3,2014-05-31 18:50:00+00:00,2.2378886,2.110641,2.110641,19,32,84,97,0.5,-0.375
3,2014-05-31 18:50:00+00:00,2.3088512,1.907301,1.907301,19,32,97,110,0.7166667,-0.375
3,2014-05-31 18:50:00+00:00,2.2089725,1.8934686,1.8934686,19,32,110,121,0.9166666,-0.375
3,2014-05-31 18:50:00+00:00,2.4765897,2.8613994,2.8613994,32,45,32,45,-0.36041668,-0.036718752
3,2014-05-31 18:50:00+00:00,2.3765302,2.555621,2.555621,32,45,45,58,-0.15,-0.050000004
3,2014-05-31 18:50:00+00:00,2.3630807,2.2873728,2.2873728,32,45,71,84,0.28177083,-0.043750003
3,2014-05-31 18:50:00+00:00,2.0138338,2.0871637,2.0871637,32,45,84,97,0.5,-0.050000004
3,2014-05-31 18:50:00+00:00,1.8190742,1.8522996,1.8522996,32,45,97,110,0.7166667,-0.050000004
3,2014-05-31 18:50:00+00:00,1.7955627,1.8307841,1.8307841,32,45,110,121,0.9166666,-0.050000004
3,2014-05-31 18:50:00+00:00,3.9862552,2.5689092,2.5689092,45,58,6,19,-0.78307295,0.26171875
3,2014-05-31 18:50:00+00:00,2.5977259,2.713318,2.713318,45,58,19,32,-0.5833333,0.275
3,2014-05-31 18:50:00+00:00,2.0529826,2.2428885,2.2428885,45,58,32,45,-0.36666667,0.275
3,2014-05-31 18:50:00+00:00,1.8358514,2.10678,2.10678,45,58,45,58,-0.15,0.275
3,2014-05-31 18:50:00+00:00,2.0338664,2.1032708,2.1032708,45,58,58,71,0.06666666,0.275
3,2014-05-31 18:50:00+00:00,2.228806,2.0422456,2.0422456,45,58,71,84,0.26901042,0.28945312
3,2014-05-31 18:50:00+00:00,2.4504616,2.0155983,2.0155983,45,58,84,97,0.5158854,0.28671876
3,2014-05-31 18:50:00+00:00,1.8344002,1.9204935,1.9204935,45,58,97,110,0.7166667,0.275
3,2014-05-31 18:50:00+00:00,1.6842126,1.9477834,1.9477834,45,58,110,121,0.9166666,0.275
3,2014-05-31 18:50:00+00:00,2.5715935,2.3749516,2.3749516,58,71,19,32,-0.5679687,0.56640625
3,2014-05-31 18:50:00+00:00,2.1779854,2.0032384,2.0032384,58,71,32,45,-0.36666667,0.6
3,2014-05-31 18:50:00+00:00,2.048231,1.9440237,1.9440237,58,71,45,58,-0.15546876,0.590625
3,2014-05-31 18:50:00+00:00,2.0400121,1.909545,1.909545,58,71,58,71,0.07239584,0.578125
3,2014-05-31 18:50:00+00:00,2.1191463,1.9818267,1.9818267,58,71,71,84,0.2833333,0.6
3,2014-05-31 18:50:00+00:00,2.009936,1.9049296,1.9049296,58,71,84,97,0.49583334,0.5910156
3,2014-05-31 18:50:00+00:00,1.8209743,1.7836984,1.7836984,58,71,97,110,0.72968745,0.59023434
3,2014-05-31 18:50:00+00:00,1.6887293,1.8512827,1.8512827,58,71,110,121,0.9166666,0.6
3,2014-05-31 18:50:00+00:00,1.7074684,1.8138053,1.8138053,71,81,110,121,0.9166666,0.8875
4,2014-06-03 19:20:00+00:00,2.489339,2.3702378,2.3702378,19,32,84,97,0.49791667,-0.37226564
4,2014-06-03 19:20:00+00:00,1.9357593,1.9190174,1.9190174,19,32,97,110,0.71875,-0.3722656
4,2014-06-03 19:20:00+00:00,1.8775581,1.9056956,1.9056956,19,32,110,121,0.9166666,-0.375
4,2014-06-03 19:20:00+00:00,3.8052104,3.9890163,3.9890163,32,45,32,45,-0.36562502,-0.04140625
4,2014-06-03 19:20:00+00:00,3.278504,3.3959658,3.3959658,32,45,45,58,-0.15,-0.050000004
4,2014-06-03 19:20:00+00:00,2.8729746,2.925114,2.925114,32,45,71,84,0.27291667,-0.047656253
4,2014-06-03 19:20:00+00:00,2.5109053,2.45326,2.45326,32,45,84,97,0.5057292,-0.05234375
4,2014-06-03 19:20:00+00:00,1.9287193,1.9645884,1.9645884,32,45,97,110,0.7166667,-0.050000004
4,2014-06-03 19:20:00+00:00,1.7837917,1.874721,1.874721,32,45,110,121,0.9166666,-0.050000004
4,2014-06-03 19:20:00+00:00,4.2162,3.6959093,3.6959093,45,58,19,32,-0.5833333,0.275
4,2014-06-03 19:20:00+00:00,2.5961773,3.01874,3.01874,45,58,32,45,-0.36666667,0.275
4,2014-06-03 19:20:00+00:00,2.3211281,2.5986586,2.5986586,45,58,45,58,-0.15,0.275
4,2014-06-03 19:20:00+00:00,2.2211182,2.5687358,2.5687358,45,58,58,71,0.06302083,0.27890626
4,2014-06-03 19:20:00+00:00,2.5391657,2.3139937,2.3139937,45,58,84,97,0.5153646,0.2878906
4,2014-06-03 19:20:00+00:00,2.1396542,2.0032306,2.0032306,45,58,97,110,0.7166667,0.275
4,2014-06-03 19:20:00+00:00,1.9310008,1.9874761,1.9874761,45,58,110,121,0.9166666,0.275
4,2014-06-03 19:20:00+00:00,3.887687,2.6020207,2.6020207,58,71,32,45,-0.36249998,0.59765625
4,2014-06-03 19:20:00+00:00,2.9955494,2.293594,2.293594,58,71,45,58,-0.15338542,0.58554685
4,2014-06-03 19:20:00+00:00,2.3397737,2.274809,2.274809,58,71,58,71,0.06979167,0.57851565
4,2014-06-03 19:20:00+00:00,2.249989,2.3509219,2.3509219,58,71,71,84,0.28255206,0.590625
4,2014-06-03 19:20:00+00:00,2.255054,2.158054,2.158054,58,71,84,97,0.49114585,0.5835937
4,2014-06-03 19:20:00+00:00,2.2554412,1.7849166,1.7849166,58,71,97,110,0.734375,0.5894531
4,2014-06-03 19:20:00+00:00,1.8497621,1.8255512,1.8255512,58,71,110,121,0.9166666,0.6
4,2014-06-03 19:20:00+00:00,1.9629823,1.7633469,1.7633469,71,81,110,121,0.9195313,0.8851563
5,2014-06-05 19:10:00+00:00,2.2928843,2.299029,2.299029,19,32,84,97,0.49609375,-0.37265623
5,2014-06-05 19:10:00+00:00,1.9913427,1.9910694,1.9910694,19,32,97,110,0.7166667,-0.375
5,2014-06-05 19:10:00+00:00,1.9343584,1.9840349,1.9840349,19,32,110,121,0.9166666,-0.375
5,2014-06-05 19:10:00+00:00,2.7656388,3.550356,3.550356,32,45,32,45,-0.36770833,-0.034765624
5,2014-06-05 19:10:00+00:00,2.5020275,3.0845206,3.0845206,32,45,45,58,-0.15,-0.050000004
5,2014-06-05 19:10:00+00:00,2.3255754,2.6511667,2.6511667,32,45,71,84,0.278125,-0.04257813
5,2014-06-05 19:10:00+00:00,2.2222428,2.318914,2.318914,32,45,84,97,0.49635416,-0.051953126
5,2014-06-05 19:10:00+00:00,1.8378971,1.9558433,1.9558433,32,45,97,110,0.7166667,-0.050000004
5,2014-06-05 19:10:00+00:00,1.7394079,1.9211123,1.9211123,32,45,110,121,0.9166666,-0.050000004
5,2014-06-05 19:10:00+00:00,4.2808456,3.0799594,3.0799594,45,58,6,19,-0.78723955,0.25820312
5,2014-06-05 19:10:00+00:00,2.7870684,3.254029,3.254029,45,58,19,32,-0.5833333,0.275
5,2014-06-05 19:10:00+00:00,2.318343,2.6708999,2.6708999,45,58,32,45,-0.36666667,0.275
5,2014-06-05 19:10:00+00:00,2.0944,2.3961968,2.3961968,45,58,45,58,-0.15,0.275
5,2014-06-05 19:10:00+00:00,2.0209973,2.3402545,2.3402545,45,58,58,71,0.06666666,0.275
5,2014-06-05 19:10:00+00:00,2.2824914,2.2564776,2.2564776,45,58,71,84,0.27161458,0.28984377
5,2014-06-05 19:10:00+00:00,1.9204314,1.9891899,1.9891899,45,58,97,110,0.7166667,0.275
5,2014-06-05 19:10:00+00:00,1.7510315,2.0172389,2.0172389,45,58,110,121,0.9166666,0.275
5,2014-06-05 19:10:00+00:00,2.4230921,2.3514838,2.3514838,58,71,32,45,-0.36666667,0.6
5,2014-06-05 19:10:00+00:00,2.5572138,2.1819546,2.1819546,58,71,45,58,-0.15572917,0.58750004
5,2014-06-05 19:10:00+00:00,2.1662588,2.111315,2.111315,58,71,58,71,0.07109375,0.57890624
5,2014-06-05 19:10:00+00:00,2.0032463,2.1321723,2.1321723,58,71,71,84,0.27473956,0.59765625
5,2014-06-05 19:10:00+00:00,2.1060495,2.054578,2.054578,58,71,84,97,0.49218753,0.5835937
5,2014-06-05 19:10:00+00:00,1.8610089,1.8451866,1.8451866,58,71,97,110,0.72968745,0.5875
5,2014-06-05 19:10:00+00:00,1.6139379,1.899093,1.899093,58,71,110,121,0.9166666,0.6
5,2014-06-05 19:10:00+00:00,1.6778843,1.8564143,1.8564143,71,81,110,121,0.9166666,0.8875
6,2014-06-07 18:55:00+00:00,1.9533806,1.9217207,1.9217207,19,32,84,97,0.5,-0.375
6,2014-06-07 18:55:00+00:00,1.7809042,1.7972916,1.7972916,19,32,97,110,0.7166667,-0.375
6,2014-06-07 18:55:00+00:00,1.7422769,1.8269371,1.8269371,19,32,110,121,0.9166666,-0.375
6,2014-06-07 18:55:00+00:00,2.0141656,2.4152489,2.4152489,32,45,32,45,-0.36015624,-0.036718752
6,2014-06-07 18:55:00+00:00,1.9264095,2.2093716,2.2093716,32,45,45,58,-0.15,-0.050000004
6,2014-06-07 18:55:00+00:00,1.9422853,1.9030706,1.9030706,32,45,84,97,0.5,-0.050000004
6,2014-06-07 18:55:00+00:00,1.8380175,1.7555827,1.7555827,32,45,97,110,0.7166667,-0.050000004
6,2014-06-07 18:55:00+00:00,1.6480135,1.7867076,1.7867076,32,45,110,121,0.9166666,-0.050000004
6,2014-06-07 18:55:00+00:00,2.0006354,2.472424,2.472424,45,58,19,32,-0.58020836,0.265625
6,2014-06-07 18:55:00+00:00,1.7122592,1.8818822,1.8818822,45,58,58,71,0.07057292,0.28398436
6,2014-06-07 18:55:00+00:00,1.9334158,1.876511,1.876511,45,58,71,84,0.27031252,0.2890625
6,2014-06-07 18:55:00+00:00,2.0099993,1.8782598,1.8782598,45,58,97,110,0.7166667,0.275
6,2014-06-07 18:55:00+00:00,1.8335596,1.9529665,1.9529665,45,58,110,121,0.9166666,0.275
6,2014-06-07 18:55:00+00:00,1.8629054,1.7850736,1.7850736,58,71,32,45,-0.3627604,0.60234374
6,2014-06-07 18:55:00+00:00,2.1171236,1.776581,1.776581,58,71,45,58,-0.1513021,0.58906245
6,2014-06-07 18:55:00+00:00,2.1427596,1.726984,1.726984,58,71,58,71,0.069270834,0.5824219
6,2014-06-07 18:55:00+00:00,2.0236466,1.8256897,1.8256897,58,71,71,84,0.2833333,0.6
6,2014-06-07 18:55:00+00:00,2.052623,1.7976787,1.7976787,58,71,84,97,0.49765626,0.5914062
6,2014-06-07 18:55:00+00:00,1.865542,1.748701,1.748701,58,71,97,110,0.7309896,0.5886719
6,2014-06-07 18:55:00+00:00,1.799222,1.8541156,1.8541156,58,71,110,121,0.9166666,0.6
6,2014-06-07 18:55:00+00:00,1.5750288,1.8141946,1.8141946,71,81,110,121,0.9166666,0.8875
7,2014-06-14 19:00:00+00:00,2.364213,2.084257,2.084257,19,32,84,97,0.5,-0.375
7,2014-06-14 19:00:00+00:00,1.8592469,1.8244913,1.8244913,19,32,97,110,0.7166667,-0.375
7,2014-06-14 19:00:00+00:00,1.8302565,1.8205109,1.8205109,19,32,110,121,0.9166666,-0.375
7,2014-06-14 19:00:00+00:00,2.6801333,3.1672468,3.1672468,32,45,32,45,-0.36197916,-0.0375
7,2014-06-14 19:00:00+00:00,2.4131842,2.7906234,2.7906234,32,45,45,58,-0.15,-0.050000004
7,2014-06-14 19:00:00+00:00,2.2520049,2.3903136,2.3903136,32,45,71,84,0.28125,-0.043359376
7,2014-06-14 19:00:00+00:00,2.1052828,2.0498626,2.0498626,32,45,84,97,0.5,-0.050000004
7,2014-06-14 19:00:00+00:00,1.7797103,1.7519197,1.7519197,32,45,97,110,0.7166667,-0.050000004
7,2014-06-14 19:00:00+00:00,1.6180053,1.7431629,1.7431629,32,45,110,121,0.9166666,-0.050000004
7,2014-06-14 19:00:00+00:00,3.675173,2.8389857,2.8389857,45,58,6,19,-0.78151035,0.26171875
7,2014-06-14 19:00:00+00:00,2.5232282,3.0191045,3.0191045,45,58,19,32,-0.5833333,0.275
7,2014-06-14 19:00:00+00:00,2.4070764,2.5645335,2.5645335,45,58,32,45,-0.36666667,0.275
7,2014-06-14 19:00:00+00:00,2.2510755,2.3747811,2.3747811,45,58,45,58,-0.15,0.275
7,2014-06-14 19:00:00+00:00,2.2484508,2.368575,2.368575,45,58,58,71,0.06666666,0.275
7,2014-06-14 19:00:00+00:00,2.2667246,2.218013,2.218013,45,58,71,84,0.2653646,0.29140624
7,2014-06-14 19:00:00+00:00,2.1458123,2.0559413,2.0559413,45,58,84,97,0.5122396,0.2875
7,2014-06-14 19:00:00+00:00,1.8099726,1.8825655,1.8825655,45,58,97,110,0.7166667,0.275
7,2014-06-14 19:00:00+00:00,1.5968282,1.9121253,1.9121253,45,58,110,121,0.9166666,0.275
7,2014-06-14 19:00:00+00:00,2.3819017,2.340087,2.340087,58,71,32,45,-0.36666667,0.6
7,2014-06-14 19:00:00+00:00,2.3584185,2.234489,2.234489,58,71,45,58,-0.15078126,0.5917969
7,2014-06-14 19:00:00+00:00,2.3181581,2.2305002,2.2305002,58,71,58,71,0.07291667,0.584375
7,2014-06-14 19:00:00+00:00,2.1770003,2.1621137,2.1621137,58,71,71,84,0.2833333,0.6
7,2014-06-14 19:00:00+00:00,2.1839721,1.9966549,1.9966549,58,71,84,97,0.4950521,0.5910156
7,2014-06-14 19:00:00+00:00,1.7455274,1.8005104,1.8005104,58,71,97,110,0.726823,0.59023434
7,2014-06-14 19:00:00+00:00,1.5179192,1.8459132,1.8459132,58,71,110,121,0.9166666,0.6
7,2014-06-14 19:00:00+00:00,1.6128894,1.7508365,1.7508365,71,81,110,121,0.9166666,0.8875
8,2014-06-16 18:50:00+00:00,1.5669091,1.7329195,1.7329195,19,32,84,97,0.49791664,-0.35742188
8,2014-06-16 18:50:00+00:00,1.6865349,2.2068067,2.2068067,32,45,45,58,-0.14401042,-0.03828125
8,2014-06-16 18:50:00+00:00,1.7933706,1.8584175,1.8584175,32,45,71,84,0.28020835,-0.042968754
8,2014-06-16 18:50:00+00:00,1.6967812,1.6351238,1.6351238,32,45,84,97,0.5057292,-0.05234375
8,2014-06-16 18:50:00+00:00,1.4625274,1.512339,1.512339,32,45,97,110,0.7166667,-0.050000004
8,2014-06-16 18:50:00+00:00,1.4173154,1.5444899,1.5444899,32,45,110,121,0.9166666,-0.050000004
8,2014-06-16 18:50:00+00:00,2.1665165,2.4691832,2.4691832,45,58,19,32,-0.5809896,0.26640624
8,2014-06-16 18:50:00+00:00,2.0307813,2.1818843,2.1818843,45,58,32,45,-0.36666667,0.275
8,2014-06-16 18:50:00+00:00,1.8204277,2.0728714,2.0728714,45,58,45,58,-0.15,0.275
8,2014-06-16 18:50:00+00:00,1.9226738,2.0091295,2.0091295,45,58,58,71,0.06666666,0.275
8,2014-06-16 18:50:00+00:00,1.9969093,1.9010869,1.9010869,45,58,71,84,0.26770836,0.28945312
8,2014-06-16 18:50:00+00:00,1.93564,1.7958337,1.7958337,45,58,84,97,0.5177083,0.28398436
8,2014-06-16 18:50:00+00:00,1.7255895,1.7256706,1.7256706,45,58,97,110,0.7166667,0.275
8,2014-06-16 18:50:00+00:00,1.5911896,1.7761853,1.7761853,45,58,110,121,0.9166666,0.275
8,2014-06-16 18:50:00+00:00,2.182338,2.065019,2.065019,58,71,32,45,-0.35833335,0.5894531
8,2014-06-16 18:50:00+00:00,2.0004275,2.0193038,2.0193038,58,71,45,58,-0.1484375,0.5894531
8,2014-06-16 18:50:00+00:00,2.0494986,1.939019,1.939019,58,71,58,71,0.06796875,0.58125
8,2014-06-16 18:50:00+00:00,2.034253,1.9052739,1.9052739,58,71,71,84,0.2833333,0.6
8,2014-06-16 18:50:00+00:00,2.046587,1.7683352,1.7683352,58,71,84,97,0.49765626,0.5914062
8,2014-06-16 18:50:00+00:00,1.8694555,1.682583,1.682583,58,71,97,110,0.73072916,0.59023434
8,2014-06-16 18:50:00+00:00,1.6424208,1.7563927,1.7563927,58,71,110,121,0.9166666,0.6
8,2014-06-16 18:50:00+00:00,1.5198015,1.647787,1.647787,71,81,110,121,0.9166666,0.8875
9,2014-06-21 19:10:00+00:00,2.1767561,1.9153208,1.9153208,32,45,84,97,0.5052084,-0.050000004
9,2014-06-21 19:10:00+00:00,1.4771063,1.5614858,1.5614858,32,45,97,110,0.71796876,-0.04921875
9,2014-06-21 19:10:00+00:00,1.6190454,1.5348293,1.5348293,32,45,110,121,0.9166666,-0.050000004
9,2014-06-21 19:10:00+00:00,2.5486002,2.50546,2.50546,45,58,32,45,-0.36354166,0.2808594
9,2014-06-21 19:10:00+00:00,2.277262,2.2675838,2.2675838,45,58,45,58,-0.15,0.275
9,2014-06-21 19:10:00+00:00,2.3968756,2.3089023,2.3089023,45,58,58,71,0.071354166,0.27109373
9,2014-06-21 19:10:00+00:00,2.2315152,1.944128,1.944128,45,58,84,97,0.5148437,0.27539062
9,2014-06-21 19:10:00+00:00,1.796021,1.7186503,1.7186503,45,58,97,110,0.7166667,0.275
9,2014-06-21 19:10:00+00:00,1.3245343,1.7210873,1.7210873,45,58,110,121,0.9166666,0.275
9,2014-06-21 19:10:00+00:00,2.290725,2.2255936,2.2255936,58,71,32,45,-0.36015624,0.590625
9,2014-06-21 19:10:00+00:00,2.2255943,2.0597682,2.0597682,58,71,45,58,-0.1575521,0.590625
9,2014-06-21 19:10:00+00:00,2.3762517,2.0906324,2.0906324,58,71,58,71,0.071614586,0.5902344
9,2014-06-21 19:10:00+00:00,2.3726082,2.063151,2.063151,58,71,71,84,0.2833333,0.6
9,2014-06-21 19:10:00+00:00,1.8008162,1.5712297,1.5712297,58,71,97,110,0.72760415,0.5882812
9,2014-06-21 19:10:00+00:00,1.265287,1.6029153,1.6029153,58,71,110,121,0.9166666,0.6
10,2014-06-28 19:15:00+00:00,1.4809259,1.6067758,1.6067758,19,32,97,110,0.7268229,-0.365625
10,2014-06-28 19:15:00+00:00,1.7597475,1.6799606,1.6799606,19,32,110,121,0.9161458,-0.36562496
10,2014-06-28 19:15:00+00:00,1.9299989,2.0413933,2.0413933,32,45,84,97,0.5,-0.050000004
10,2014-06-28 19:15:00+00:00,1.6267723,1.6519933,1.6519933,32,45,97,110,0.7166667,-0.050000004
10,2014-06-28 19:15:00+00:00,1.5618169,1.6181471,1.6181471,32,45,110,121,0.9166666,-0.050000004
10,2014-06-28 19:15:00+00:00,2.0424855,2.1244106,2.1244106,45,58,45,58,-0.15,0.275
10,2014-06-28 19:15:00+00:00,2.034514,2.0970728,2.0970728,45,58,58,71,0.061979167,0.28398436
10,2014-06-28 19:15:00+00:00,1.9247459,1.8036854,1.8036854,45,58,97,110,0.7166667,0.275
10,2014-06-28 19:15:00+00:00,1.5966417,1.8194836,1.8194836,45,58,110,121,0.9166666,0.275
10,2014-06-28 19:15:00+00:00,2.2221694,1.8771409,1.8771409,58,71,45,58,-0.15859374,0.58984375
10,2014-06-28 19:15:00+00:00,2.177288,1.9116943,1.9116943,58,71,58,71,0.07265625,0.5875
10,2014-06-28 19:15:00+00:00,2.2686882,2.019924,2.019924,58,71,71,84,0.2833333,0.6
10,2014-06-28 19:15:00+00:00,1.8333769,1.5920267,1.5920267,58,71,97,110,0.7322917,0.5914062
10,2014-06-28 19:15:00+00:00,1.4016793,1.6684045,1.6684045,58,71,110,121,0.9166666,0.6
10,2014-06-28 19:15:00+00:00,1.0554264,1.5492427,1.5492427,71,81,110,121,0.921875,0.8851563
11,2014-07-02 18:50:00+00:00,1.6734809,1.7480905,1.7480905,32,45,97,110,0.7085937,-0.04140625
11,2014-07-02 18:50:00+00:00,1.7970262,1.9867847,1.9867847,45,58,110,121,0.9166666,0.275
11,2014-07-02 18:50:00+00:00,2.2632377,1.9827285,1.9827285,58,71,84,97,0.4872396,0.5914062
11,2014-07-02 18:50:00+00:00,1.8599885,1.833744,1.833744,71,81,110,121,0.91770834,0.8871094
12,2014-07-04 18:35:00+00:00,1.9861186,1.846673,1.846673,19,32,84,97,0.5,-0.375
12,2014-07-04 18:35:00+00:00,1.7490393,1.7416085,1.7416085,19,32,97,110,0.7166667,-0.375
12,2014-07-04 18:35:00+00:00,1.7350055,1.7608591,1.7608591,19,32,110,121,0.9166666,-0.375
12,2014-07-04 18:35:00+00:00,2.2522662,2.4811428,2.4811428,32,45,32,45,-0.3622396,-0.034765624
12,2014-07-04 18:35:00+00:00,2.062471,2.2860105,2.2860105,32,45,45,58,-0.15,-0.050000004
12,2014-07-04 18:35:00+00:00,1.8461959,1.9370813,1.9370813,32,45,71,84,0.27604166,-0.042578127
12,2014-07-04 18:35:00+00:00,1.699772,1.6775329,1.6775329,32,45,97,110,0.7166667,-0.050000004
12,2014-07-04 18:35:00+00:00,1.6353811,1.7126347,1.7126347,32,45,110,121,0.9166666,-0.050000004
12,2014-07-04 18:35:00+00:00,2.267165,2.7423863,2.7423863,45,58,19,32,-0.58437496,0.27382815
12,2014-07-04 18:35:00+00:00,2.4360807,2.3611326,2.3611326,45,58,32,45,-0.36666667,0.275
12,2014-07-04 18:35:00+00:00,2.2659588,2.2408926,2.2408926,45,58,45,58,-0.15677084,0.27304688
12,2014-07-04 18:35:00+00:00,1.8485438,2.127771,2.127771,45,58,58,71,0.05885417,0.265625
12,2014-07-04 18:35:00+00:00,1.9555634,1.9693947,1.9693947,45,58,97,110,0.7166667,0.275
12,2014-07-04 18:35:00+00:00,1.8893461,2.0329878,2.0329878,45,58,110,121,0.9166666,0.275
12,2014-07-04 18:35:00+00:00,2.26516,2.259801,2.259801,58,71,32,45,-0.36432293,0.5929687
12,2014-07-04 18:35:00+00:00,2.0500343,2.0338838,2.0338838,58,71,84,97,0.49166667,0.58515626
12,2014-07-04 18:35:00+00:00,2.0047426,1.9331827,1.9331827,58,71,97,110,0.7356771,0.5871093
12,2014-07-04 18:35:00+00:00,1.8323895,2.014114,2.014114,58,71,110,121,0.9166666,0.6
12,2014-07-04 18:35:00+00:00,1.8626575,1.9131596,1.9131596,71,81,110,121,0.9166666,0.8875
15,2014-07-07 19:10:00+00:00,1.7501307,2.1256826,2.1256826,32,45,84,97,0.5033854,-0.041796874
15,2014-07-07 19:10:00+00:00,1.6118611,1.765464,1.765464,32,45,97,110,0.7190105,-0.028906247
15,2014-07-07 19:10:00+00:00,2.929037,2.9062047,2.9062047,45,58,32,45,-0.3671875,0.28671876
15,2014-07-07 19:10:00+00:00,2.9857805,2.6230116,2.6230116,45,58,45,58,-0.14583334,0.27617186
15,2014-07-07 19:10:00+00:00,2.8606668,2.6046743,2.6046743,45,58,58,71,0.072916664,0.275
15,2014-07-07 19:10:00+00:00,2.2080362,2.0372438,2.0372438,45,58,97,110,0.7166667,0.275
15,2014-07-07 19:10:00+00:00,1.845745,2.0306652,2.0306652,45,58,110,121,0.9166666,0.275
15,2014-07-07 19:10:00+00:00,2.9600613,2.4335353,2.4335353,58,71,71,84,0.28802085,0.59335935
15,2014-07-07 19:10:00+00:00,2.338174,1.9877825,1.9877825,58,71,97,110,0.7218751,0.58984375
15,2014-07-07 19:10:00+00:00,2.2047114,1.948783,1.948783,58,71,110,121,0.9166666,0.6
15,2014-07-07 19:10:00+00:00,1.8842033,1.8206161,1.8206161,71,81,110,121,0.9166666,0.8875
16,2014-07-09 18:55:00+00:00,2.3395042,2.9986324,2.9986324,45,58,19,32,-0.58515626,0.27929688
16,2014-07-09 18:55:00+00:00,2.204261,2.5418878,2.5418878,45,58,32,45,-0.3658854,0.2808594
16,2014-07-09 18:55:00+00:00,2.340111,2.294566,2.294566,45,58,45,58,-0.15,0.275
16,2014-07-09 18:55:00+00:00,2.1141343,2.23538,2.23538,45,58,58,71,0.06328125,0.27812502
16,2014-07-09 18:55:00+00:00,1.7140267,1.6473429,1.6473429,45,58,110,121,0.91875005,0.27968752
16,2014-07-09 18:55:00+00:00,2.9253163,2.2908072,2.2908072,58,71,32,45,-0.36380208,0.58320314
16,2014-07-09 18:55:00+00:00,2.3477094,2.15994,2.15994,58,71,45,58,-0.15130208,0.5875
16,2014-07-09 18:55:00+00:00,2.5391185,2.091488,2.091488,58,71,58,71,0.064062506,0.5765625
17,2014-07-11 18:45:00+00:00,1.6112733,1.7147889,1.7147889,19,32,110,121,0.915625,-0.3738281
17,2014-07-11 18:45:00+00:00,1.7023233,1.8376207,1.8376207,32,45,84,97,0.5,-0.050000004
17,2014-07-11 18:45:00+00:00,1.420778,1.6332101,1.6332101,32,45,97,110,0.7166667,-0.04296875
17,2014-07-11 18:45:00+00:00,1.3655324,1.6198872,1.6198872,32,45,110,121,0.9195313,-0.051562503
17,2014-07-11 18:45:00+00:00,2.415806,1.8538828,1.8538828,45,58,110,121,0.9166666,0.275
17,2014-07-11 18:45:00+00:00,1.8887825,1.6405749,1.6405749,71,81,110,121,0.9161458,0.88593745
18,2014-07-14 19:15:00+00:00,1.3552196,1.4120101,1.4120101,19,32,84,97,0.5,-0.375
18,2014-07-14 19:15:00+00:00,1.3740602,1.3479689,1.3479689,19,32,97,110,0.7166667,-0.375
18,2014-07-14 19:15:00+00:00,1.3521619,1.3732126,1.3732126,19,32,110,121,0.9166666,-0.375
18,2014-07-14 19:15:00+00:00,1.5264171,1.768167,1.768167,32,45,32,45,-0.36041668,-0.036718752
18,2014-07-14 19:15:00+00:00,1.441046,1.6547762,1.6547762,32,45,45,58,-0.15,-0.050000004
18,2014-07-14 19:15:00+00:00,1.566901,1.4318943,1.4318943,32,45,71,84,0.27968752,-0.04140625
18,2014-07-14 19:15:00+00:00,1.4081566,1.2980614,1.2980614,32,45,84,97,0.5,-0.050000004
18,2014-07-14 19:15:00+00:00,1.2630668,1.2342006,1.2342006,32,45,97,110,0.7166667,-0.050000004
18,2014-07-14 19:15:00+00:00,1.2599078,1.2845151,1.2845151,32,45,110,121,0.9166666,-0.050000004
18,2014-07-14 19:15:00+00:00,1.7094834,2.065024,2.065024,45,58,19,32,-0.5833333,0.275
18,2014-07-14 19:15:00+00:00,1.7959318,1.7687393,1.7687393,45,58,32,45,-0.36666667,0.275
18,2014-07-14 19:15:00+00:00,1.7593434,1.7082874,1.7082874,45,58,45,58,-0.15,0.275
18,2014-07-14 19:15:00+00:00,1.714783,1.6312339,1.6312339,45,58,58,71,0.06666666,0.275
18,2014-07-14 19:15:00+00:00,1.6843638,1.5703963,1.5703963,45,58,71,84,0.26041666,0.2925781
18,2014-07-14 19:15:00+00:00,1.7736217,1.4727784,1.4727784,45,58,84,97,0.5158854,0.28398436
18,2014-07-14 19:15:00+00:00,1.453085,1.4421718,1.4421718,45,58,97,110,0.7166667,0.275
18,2014-07-14 19:15:00+00:00,1.4009811,1.5052968,1.5052968,45,58,110,121,0.9166666,0.275
18,2014-07-14 19:15:00+00:00,1.622746,1.697237,1.697237,58,71,32,45,-0.36666667,0.6
18,2014-07-14 19:15:00+00:00,2.090092,1.674855,1.674855,58,71,45,58,-0.15651041,0.5914062
18,2014-07-14 19:15:00+00:00,1.9528714,1.5910727,1.5910727,58,71,58,71,0.069270834,0.5824219
18,2014-07-14 19:15:00+00:00,1.8108695,1.5715181,1.5715181,58,71,71,84,0.2833333,0.6
18,2014-07-14 19:15:00+00:00,1.7636223,1.4332099,1.4332099,58,71,84,97,0.49244794,0.58554685
18,2014-07-14 19:15:00+00:00,1.4551153,1.4059546,1.4059546,58,71,97,110,0.7299479,0.59023434
18,2014-07-14 19:15:00+00:00,1.2704881,1.4860772,1.4860772,58,71,110,121,0.9166666,0.6
18,2014-07-14 19:15:00+00:00,1.1984516,1.3423556,1.3423556,71,81,110,121,0.9166666,0.8875
19,2014-07-17 18:05:00+00:00,1.6915694,1.7236066,1.7236066,19,32,84,97,0.5,-0.375
19,2014-07-17 18:05:00+00:00,1.5219922,1.5639211,1.5639211,19,32,97,110,0.7166667,-0.375
19,2014-07-17 18:05:00+00:00,1.4690487,1.592574,1.592574,19,32,110,121,0.9166666,-0.375
19,2014-07-17 18:05:00+00:00,2.2151563,2.2717514,2.2717514,32,45,32,45,-0.365625,-0.039453126
19,2014-07-17 18:05:00+00:00,1.9794114,2.064307,2.064307,32,45,45,58,-0.15,-0.050000004
19,2014-07-17 18:05:00+00:00,1.9005781,1.8584584,1.8584584,32,45,71,84,0.27942708,-0.045703128
19,2014-07-17 18:05:00+00:00,1.7050498,1.6508019,1.6508019,32,45,84,97,0.5044271,-0.051953126
19,2014-07-17 18:05:00+00:00,1.635195,1.4629409,1.4629409,32,45,97,110,0.7166667,-0.050000004
19,2014-07-17 18:05:00+00:00,1.6102817,1.4960135,1.4960135,32,45,110,121,0.9166666,-0.050000004
19,2014-07-17 18:05:00+00:00,1.7257217,2.4298103,2.4298103,45,58,19,32,-0.584375,0.27109376
19,2014-07-17 18:05:00+00:00,1.8575035,1.9600722,1.9600722,45,58,32,45,-0.36666667,0.275
19,2014-07-17 18:05:00+00:00,1.9509691,1.8817164,1.8817164,45,58,45,58,-0.15,0.275
19,2014-07-17 18:05:00+00:00,1.992856,1.881692,1.881692,45,58,58,71,0.06666666,0.275
19,2014-07-17 18:05:00+00:00,1.9806659,1.8096207,1.8096207,45,58,71,84,0.265625,0.28945315
19,2014-07-17 18:05:00+00:00,2.0565572,1.7473303,1.7473303,45,58,84,97,0.5119791,0.28203124
19,2014-07-17 18:05:00+00:00,1.725294,1.6384963,1.6384963,45,58,97,110,0.7166667,0.275
19,2014-07-17 18:05:00+00:00,1.5764804,1.7007776,1.7007776,45,58,110,121,0.9166666,0.275
19,2014-07-17 18:05:00+00:00,1.5046049,1.7778623,1.7778623,58,71,32,45,-0.37187502,0.5816406
19,2014-07-17 18:05:00+00:00,1.7412037,1.8177147,1.8177147,58,71,71,84,0.29609376,0.5992187
19,2014-07-17 18:05:00+00:00,1.9649774,1.6809376,1.6809376,58,71,84,97,0.49375,0.58984375
19,2014-07-17 18:05:00+00:00,1.5226324,1.5483136,1.5483136,58,71,97,110,0.7278646,0.58984375
19,2014-07-17 18:05:00+00:00,1.4926031,1.6509966,1.6509966,58,71,110,121,0.9104167,0.58867186
20,2014-07-31 18:20:00+00:00,0.83307266,1.0105677,1.0105677,19,32,110,121,0.91536456,-0.39023435
21,2014-08-03 18:50:00+00:00,1.4330413,1.559329,1.559329,19,32,84,97,0.5,-0.375
21,2014-08-03 18:50:00+00:00,1.4289101,1.3647915,1.3647915,19,32,97,110,0.7166667,-0.375
21,2014-08-03 18:50:00+00:00,1.189059,1.3872644,1.3872644,19,32,110,121,0.9166666,-0.375
21,2014-08-03 18:50:00+00:00,2.045771,2.2677202,2.2677202,32,45,32,45,-0.36015624,-0.036718752
21,2014-08-03 18:50:00+00:00,1.7044238,1.9215407,1.9215407,32,45,45,58,-0.15,-0.050000004
21,2014-08-03 18:50:00+00:00,1.5304615,1.7085557,1.7085557,32,45,71,84,0.27916667,-0.041015625
21,2014-08-03 18:50:00+00:00,1.3753499,1.4474465,1.4474465,32,45,84,97,0.5,-0.050000004
21,2014-08-03 18:50:00+00:00,1.5424125,1.2027087,1.2027087,32,45,97,110,0.7166667,-0.050000004
21,2014-08-03 18:50:00+00:00,1.2875199,1.2191554,1.2191554,32,45,110,121,0.9166666,-0.050000004
21,2014-08-03 18:50:00+00:00,2.8530645,2.2571952,2.2571952,45,58,19,32,-0.578125,0.27265626
21,2014-08-03 18:50:00+00:00,2.1789906,1.7723253,1.7723253,45,58,32,45,-0.36666667,0.275
21,2014-08-03 18:50:00+00:00,1.4338324,1.6192414,1.6192414,45,58,45,58,-0.15,0.275
21,2014-08-03 18:50:00+00:00,1.6011693,1.6051632,1.6051632,45,58,58,71,0.06666666,0.275
21,2014-08-03 18:50:00+00:00,1.643574,1.5350679,1.5350679,45,58,71,84,0.26718754,0.28945312
21,2014-08-03 18:50:00+00:00,1.6501205,1.4187176,1.4187176,45,58,84,97,0.5119792,0.28476563
21,2014-08-03 18:50:00+00:00,1.429468,1.299483,1.299483,45,58,97,110,0.7166667,0.275
21,2014-08-03 18:50:00+00:00,1.2258357,1.3384831,1.3384831,45,58,110,121,0.9166666,0.275
21,2014-08-03 18:50:00+00:00,1.1284068,1.5347362,1.5347362,58,71,32,45,-0.36666667,0.6
21,2014-08-03 18:50:00+00:00,1.3760762,1.470617,1.470617,58,71,45,58,-0.15338542,0.5929687
21,2014-08-03 18:50:00+00:00,1.4144907,1.4464011,1.4464011,58,71,58,71,0.07213542,0.5832032
21,2014-08-03 18:50:00+00:00,1.4653004,1.4852208,1.4852208,58,71,71,84,0.2833333,0.6
21,2014-08-03 18:50:00+00:00,1.4513769,1.307659,1.307659,58,71,84,97,0.49583334,0.5910156
21,2014-08-03 18:50:00+00:00,1.2667735,1.1518588,1.1518588,58,71,97,110,0.7307292,0.5882813
21,2014-08-03 18:50:00+00:00,1.1723866,1.2386105,1.2386105,58,71,110,121,0.9166666,0.6
21,2014-08-03 18:50:00+00:00,1.1139294,1.0579684,1.0579684,71,81,110,121,0.9166666,0.8875
22,2014-08-07 18:25:00+00:00,0.868674,1.3439989,1.3439989,19,32,110,121,0.9166666,-0.375
22,2014-08-07 18:25:00+00:00,2.021272,1.9969673,1.9969673,32,45,32,45,-0.36380208,-0.037109375
22,2014-08-07 18:25:00+00:00,1.5956626,1.7314289,1.7314289,32,45,45,58,-0.15,-0.050000004
22,2014-08-07 18:25:00+00:00,1.6050767,1.4286438,1.4286438,32,45,71,84,0.27421874,-0.044921875
22,2014-08-07 18:25:00+00:00,0.97840536,1.1540391,1.1540391,32,45,110,121,0.9166666,-0.050000004
22,2014-08-07 18:25:00+00:00,2.289383,1.7238259,1.7238259,45,58,32,45,-0.36380208,0.2691406
22,2014-08-07 18:25:00+00:00,1.4879586,1.5886754,1.5886754,45,58,45,58,-0.15,0.275
22,2014-08-07 18:25:00+00:00,1.5513693,1.4754329,1.4754329,45,58,58,71,0.05859375,0.2578125
22,2014-08-07 18:25:00+00:00,1.1756305,1.2470435,1.2470435,45,58,97,110,0.7174479,0.27421877
22,2014-08-07 18:25:00+00:00,0.99435616,1.3084513,1.3084513,45,58,110,121,0.9166666,0.275
23,2014-08-09 18:15:00+00:00,1.164666,1.4799984,1.4799984,19,32,84,97,0.5,-0.375
23,2014-08-09 18:15:00+00:00,1.0940973,1.2897446,1.2897446,19,32,97,110,0.7166667,-0.375
23,2014-08-09 18:15:00+00:00,1.1067027,1.3426507,1.3426507,19,32,110,121,0.9166666,-0.375
23,2014-08-09 18:15:00+00:00,1.8036748,2.218801,2.218801,32,45,32,45,-0.36015624,-0.036718752
23,2014-08-09 18:15:00+00:00,1.5933839,1.8455942,1.8455942,32,45,45,58,-0.15,-0.050000004
23,2014-08-09 18:15:00+00:00,1.752171,1.6432146,1.6432146,32,45,71,84,0.2794271,-0.044531252
23,2014-08-09 18:15:00+00:00,1.6281022,1.432786,1.432786,32,45,84,97,0.5,-0.050000004
23,2014-08-09 18:15:00+00:00,1.503488,1.1837009,1.1837009,32,45,97,110,0.7166667,-0.050000004
23,2014-08-09 18:15:00+00:00,1.5085266,1.214283,1.214283,32,45,110,121,0.9166666,-0.050000004
23,2014-08-09 18:15:00+00:00,2.7936583,2.2554007,2.2554007,45,58,6,19,-0.78020835,0.26210934
23,2014-08-09 18:15:00+00:00,2.667291,2.4628756,2.4628756,45,58,19,32,-0.5833333,0.275
23,2014-08-09 18:15:00+00:00,2.205727,1.8770361,1.8770361,45,58,32,45,-0.36666667,0.275
23,2014-08-09 18:15:00+00:00,1.9871175,1.662818,1.662818,45,58,45,58,-0.15,0.275
23,2014-08-09 18:15:00+00:00,1.7694478,1.6232303,1.6232303,45,58,58,71,0.06328125,0.271875
23,2014-08-09 18:15:00+00:00,0.9631261,1.1102899,1.1102899,71,81,110,121,0.91875005,0.88789064
24,2014-08-10 18:55:00+00:00,1.3436333,1.4415733,1.4415733,19,32,84,97,0.5,-0.375
24,2014-08-10 18:55:00+00:00,1.1401851,1.2579885,1.2579885,19,32,97,110,0.7166667,-0.375
24,2014-08-10 18:55:00+00:00,1.1574023,1.3016754,1.3016754,19,32,110,121,0.9166666,-0.375
24,2014-08-10 18:55:00+00:00,1.5812247,2.0549583,2.0549583,32,45,32,45,-0.35989583,-0.035937503
24,2014-08-10 18:55:00+00:00,1.4000893,1.7254579,1.7254579,32,45,45,58,-0.15,-0.050000004
24,2014-08-10 18:55:00+00:00,1.64965,1.5628892,1.5628892,32,45,71,84,0.28203124,-0.044140626
24,2014-08-10 18:55:00+00:00,1.4740864,1.3634058,1.3634058,32,45,84,97,0.5,-0.050000004
24,2014-08-10 18:55:00+00:00,1.2012011,1.1247119,1.1247119,32,45,97,110,0.7166667,-0.050000004
24,2014-08-10 18:55:00+00:00,1.2654569,1.1523297,1.1523297,32,45,110,121,0.9166666,-0.050000004
24,2014-08-10 18:55:00+00:00,2.448365,2.066998,2.066998,45,58,6,19,-0.7820312,0.26171875
24,2014-08-10 18:55:00+00:00,2.590342,2.2419922,2.2419922,45,58,19,32,-0.5833333,0.275
24,2014-08-10 18:55:00+00:00,1.8362163,1.6849188,1.6849188,45,58,32,45,-0.36666667,0.275
24,2014-08-10 18:55:00+00:00,1.5368389,1.5061215,1.5061215,45,58,45,58,-0.15,0.275
24,2014-08-10 18:55:00+00:00,1.4069824,1.4802693,1.4802693,45,58,58,71,0.06666666,0.275
24,2014-08-10 18:55:00+00:00,1.4530065,1.4598061,1.4598061,45,58,71,84,0.27031252,0.2890625
24,2014-08-10 18:55:00+00:00,1.5407989,1.3722308,1.3722308,45,58,84,97,0.5148437,0.28476563
24,2014-08-10 18:55:00+00:00,1.2842417,1.2480744,1.2480744,45,58,97,110,0.7166667,0.275
24,2014-08-10 18:55:00+00:00,1.2239097,1.298842,1.298842,45,58,110,121,0.9166666,0.275
24,2014-08-10 18:55:00+00:00,1.4657811,1.9223462,1.9223462,58,71,19,32,-0.56848955,0.56757814
24,2014-08-10 18:55:00+00:00,1.0992657,1.4283842,1.4283842,58,71,32,45,-0.36666667,0.6
24,2014-08-10 18:55:00+00:00,1.1852382,1.3451537,1.3451537,58,71,45,58,-0.15338542,0.5929687
24,2014-08-10 18:55:00+00:00,1.1904012,1.3047335,1.3047335,58,71,58,71,0.069270834,0.5824219
24,2014-08-10 18:55:00+00:00,1.3364882,1.3980001,1.3980001,58,71,71,84,0.2833333,0.6
24,2014-08-10 18:55:00+00:00,1.3453346,1.2437438,1.2437438,58,71,84,97,0.49765626,0.5914062
24,2014-08-10 18:55:00+00:00,1.279044,1.0856208,1.0856208,58,71,97,110,0.7294271,0.5894531
24,2014-08-10 18:55:00+00:00,1.1923702,1.1803466,1.1803466,58,71,110,121,0.9166666,0.6
24,2014-08-10 18:55:00+00:00,1.1008853,1.0033245,1.0033245,71,81,110,121,0.9166666,0.8875
25,2014-08-13 17:50:00+00:00,3.1488376,2.8805711,2.8805711,19,32,84,97,0.5,-0.375
25,2014-08-13 17:50:00+00:00,2.581678,2.3085759,2.3085759,19,32,97,110,0.7166667,-0.375
25,2014-08-13 17:50:00+00:00,2.4387393,2.221525,2.221525,19,32,110,121,0.9166666,-0.375
25,2014-08-13 17:50:00+00:00,4.206282,4.5239325,4.5239325,32,45,32,45,-0.36354166,-0.035546876
25,2014-08-13 17:50:00+00:00,3.5493855,3.909517,3.909517,32,45,45,58,-0.15,-0.050000004
25,2014-08-13 17:50:00+00:00,2.9225202,3.6130583,3.6130583,32,45,71,84,0.2809896,-0.046484374
25,2014-08-13 17:50:00+00:00,2.9502506,3.0876918,3.0876918,32,45,84,97,0.5057292,-0.05234375
25,2014-08-13 17:50:00+00:00,2.3305497,2.464527,2.464527,32,45,97,110,0.7166667,-0.050000004
25,2014-08-13 17:50:00+00:00,2.2705739,2.2842798,2.2842798,32,45,110,121,0.9166666,-0.050000004
25,2014-08-13 17:50:00+00:00,4.538493,3.726438,3.726438,45,58,6,19,-0.79010415,0.2625
25,2014-08-13 17:50:00+00:00,3.8223588,3.9096382,3.9096382,45,58,19,32,-0.5833333,0.275
25,2014-08-13 17:50:00+00:00,3.470253,3.2306464,3.2306464,45,58,32,45,-0.36666667,0.275
25,2014-08-13 17:50:00+00:00,3.0227108,2.8051238,2.8051238,45,58,45,58,-0.15,0.275
25,2014-08-13 17:50:00+00:00,2.670455,2.9445946,2.9445946,45,58,58,71,0.06979167,0.27695313
25,2014-08-13 17:50:00+00:00,2.7646482,2.6306984,2.6306984,45,58,84,97,0.5125,0.2824219
25,2014-08-13 17:50:00+00:00,2.286983,2.2980516,2.2980516,45,58,97,110,0.7166667,0.275
25,2014-08-13 17:50:00+00:00,2.128858,2.2271576,2.2271576,45,58,110,121,0.9166666,0.275
25,2014-08-13 17:50:00+00:00,2.5374417,3.3409193,3.3409193,58,71,19,32,-0.5658854,0.5796875
25,2014-08-13 17:50:00+00:00,2.4551752,2.6493685,2.6493685,58,71,32,45,-0.36666667,0.6
25,2014-08-13 17:50:00+00:00,2.5463707,2.314904,2.314904,58,71,45,58,-0.15442708,0.5800781
25,2014-08-13 17:50:00+00:00,2.435583,2.5227036,2.5227036,58,71,58,71,0.071875006,0.5851562
25,2014-08-13 17:50:00+00:00,2.4611661,2.5863621,2.5863621,58,71,71,84,0.2833333,0.6
25,2014-08-13 17:50:00+00:00,2.5209415,2.4848404,2.4848404,58,71,84,97,0.48854166,0.58632815
25,2014-08-13 17:50:00+00:00,2.1431289,1.9765427,1.9765427,58,71,97,110,0.73020834,0.5921875
25,2014-08-13 17:50:00+00:00,1.9353529,1.975382,1.975382,58,71,110,121,0.9166666,0.6
25,2014-08-13 17:50:00+00:00,1.8789506,2.0243025,2.0243025,71,81,110,121,0.9166666,0.8875
26,2014-08-17 19:00:00+00:00,1.4073787,1.3746415,1.3746415,71,81,110,121,0.9166666,0.8875
27,2014-08-18 18:05:00+00:00,2.9558165,2.4655638,2.4655638,32,45,32,45,-0.36562496,-0.0375
27,2014-08-18 18:05:00+00:00,1.937823,2.1221762,2.1221762,32,45,45,58,-0.15286458,-0.040234376
27,2014-08-18 18:05:00+00:00,3.2858555,2.0997596,2.0997596,45,58,6,19,-0.7856771,0.26289064
27,2014-08-18 18:05:00+00:00,1.5205535,2.299002,2.299002,45,58,19,32,-0.58489585,0.2703125
27,2014-08-18 18:05:00+00:00,1.3033926,1.7356608,1.7356608,45,58,32,45,-0.36328125,0.26640624
27,2014-08-18 18:05:00+00:00,1.4613372,1.5960139,1.5960139,45,58,45,58,-0.15,0.275
27,2014-08-18 18:05:00+00:00,1.6462473,1.559895,1.559895,45,58,58,71,0.06119792,0.28945315
27,2014-08-18 18:05:00+00:00,1.0706987,1.4366527,1.4366527,58,71,32,45,-0.37083334,0.60234374
27,2014-08-18 18:05:00+00:00,1.3494223,1.4179413,1.4179413,58,71,45,58,-0.15156251,0.5917969
27,2014-08-18 18:05:00+00:00,1.3279766,1.3931575,1.3931575,58,71,58,71,0.07057292,0.5832032
27,2014-08-18 18:05:00+00:00,1.4608201,1.4601823,1.4601823,58,71,71,84,0.28020835,0.60195315
27,2014-08-18 18:05:00+00:00,1.5328119,1.3173548,1.3173548,58,71,84,97,0.49583334,0.5910156
27,2014-08-18 18:05:00+00:00,1.298427,1.1675557,1.1675557,58,71,97,110,0.7317709,0.58906245
27,2014-08-18 18:05:00+00:00,1.2417883,1.2529608,1.2529608,58,71,110,121,0.9166666,0.6
27,2014-08-18 18:05:00+00:00,1.3239964,1.1144525,1.1144525,71,81,110,121,0.9166666,0.8875
28,2014-08-25 18:15:00+00:00,3.1652112,3.1221795,3.1221795,32,45,32,45,-0.3643229,-0.03828125
28,2014-08-25 18:15:00+00:00,2.4599109,2.7216852,2.7216852,32,45,45,58,-0.15,-0.050000004
28,2014-08-25 18:15:00+00:00,2.7465096,2.5868216,2.5868216,32,45,71,84,0.278125,-0.041015625
28,2014-08-25 18:15:00+00:00,2.646603,2.2954857,2.2954857,32,45,84,97,0.4997396,-0.05078125
28,2014-08-25 18:15:00+00:00,2.1070323,1.9706893,1.9706893,32,45,97,110,0.7166667,-0.050000004
28,2014-08-25 18:15:00+00:00,1.688688,1.9123814,1.9123814,32,45,110,121,0.9166666,-0.050000004
28,2014-08-25 18:15:00+00:00,3.2818117,2.6308498,2.6308498,45,58,6,19,-0.78125,0.25859374
28,2014-08-25 18:15:00+00:00,2.5249507,2.817592,2.817592,45,58,19,32,-0.5833333,0.275
28,2014-08-25 18:15:00+00:00,1.9663405,2.2071733,2.2071733,45,58,32,45,-0.36666667,0.275
28,2014-08-25 18:15:00+00:00,1.9183125,2.0165057,2.0165057,45,58,45,58,-0.15,0.275
28,2014-08-25 18:15:00+00:00,2.3071258,2.066705,2.066705,45,58,58,71,0.06666666,0.275
28,2014-08-25 18:15:00+00:00,2.213224,2.036347,2.036347,45,58,71,84,0.26875,0.2890625
28,2014-08-25 18:15:00+00:00,2.297302,2.0215933,2.0215933,45,58,84,97,0.5132813,0.28671876
28,2014-08-25 18:15:00+00:00,2.0144095,1.8876579,1.8876579,45,58,97,110,0.7166667,0.275
28,2014-08-25 18:15:00+00:00,1.9252557,1.903015,1.903015,45,58,110,121,0.9166666,0.275
28,2014-08-25 18:15:00+00:00,1.9319474,2.3636653,2.3636653,58,71,19,32,-0.56927085,0.56718755
28,2014-08-25 18:15:00+00:00,1.7364573,1.85579,1.85579,58,71,32,45,-0.36666667,0.6
28,2014-08-25 18:15:00+00:00,1.7693739,1.7718612,1.7718612,58,71,45,58,-0.15572917,0.5914062
28,2014-08-25 18:15:00+00:00,1.8376113,1.7917473,1.7917473,58,71,58,71,0.069270834,0.5824219
28,2014-08-25 18:15:00+00:00,1.9744437,1.9348012,1.9348012,58,71,71,84,0.2833333,0.6
28,2014-08-25 18:15:00+00:00,1.9099258,1.8426279,1.8426279,58,71,84,97,0.49583334,0.5910156
28,2014-08-25 18:15:00+00:00,1.6852632,1.6792226,1.6792226,58,71,97,110,0.7278646,0.58984375
28,2014-08-25 18:15:00+00:00,1.6292338,1.7358102,1.7358102,58,71,110,121,0.9166666,0.6
28,2014-08-25 18:15:00+00:00,1.4933487,1.7125144,1.7125144,71,81,110,121,0.9166666,0.8875
29,2014-08-26 18:55:00+00:00,2.2475195,2.2403784,2.2403784,19,32,84,97,0.5,-0.375
29,2014-08-26 18:55:00+00:00,1.9395125,1.8772895,1.8772895,19,32,97,110,0.7166667,-0.375
29,2014-08-26 18:55:00+00:00,1.7906429,1.87337,1.87337,19,32,110,121,0.9166666,-0.375
29,2014-08-26 18:55:00+00:00,2.840438,3.207726,3.207726,32,45,32,45,-0.36640623,-0.034765624
29,2014-08-26 18:55:00+00:00,2.4258993,2.7566302,2.7566302,32,45,45,58,-0.14583334,-0.05390625
29,2014-08-26 18:55:00+00:00,2.7348433,2.6477754,2.6477754,32,45,71,84,0.278125,-0.041015625
29,2014-08-26 18:55:00+00:00,2.8375404,2.3828716,2.3828716,32,45,84,97,0.5,-0.050000004
29,2014-08-26 18:55:00+00:00,2.210384,1.9602561,1.9602561,32,45,97,110,0.7166667,-0.050000004
29,2014-08-26 18:55:00+00:00,1.8021414,1.8932159,1.8932159,32,45,110,121,0.9166666,-0.050000004
29,2014-08-26 18:55:00+00:00,2.0010684,2.3582897,2.3582897,45,58,32,45,-0.37942708,0.28046876
29,2014-08-26 18:55:00+00:00,2.131944,2.1709905,2.1709905,45,58,58,71,0.07213542,0.27382812
29,2014-08-26 18:55:00+00:00,2.3610914,2.1453314,2.1453314,45,58,71,84,0.27005208,0.28867185
29,2014-08-26 18:55:00+00:00,2.4349148,2.1443646,2.1443646,45,58,84,97,0.5122396,0.2875
29,2014-08-26 18:55:00+00:00,1.8687062,1.9371339,1.9371339,45,58,97,110,0.7166667,0.275
29,2014-08-26 18:55:00+00:00,1.9492755,1.9486028,1.9486028,45,58,110,121,0.9166666,0.275
29,2014-08-26 18:55:00+00:00,1.6853356,1.8433524,1.8433524,58,71,32,45,-0.36666667,0.6
29,2014-08-26 18:55:00+00:00,1.9829631,1.9811064,1.9811064,58,71,71,84,0.2833333,0.6
29,2014-08-26 18:55:00+00:00,2.0848403,1.9125609,1.9125609,58,71,84,97,0.4950521,0.5925781
29,2014-08-26 18:55:00+00:00,1.6694678,1.6499375,1.6499375,58,71,97,110,0.7273438,0.59023434
29,2014-08-26 18:55:00+00:00,1.4786165,1.7160963,1.7160963,58,71,110,121,0.9166666,0.6
29,2014-08-26 18:55:00+00:00,1.4515952,1.6863925,1.6863925,71,81,110,121,0.9166666,0.8875
30,2014-08-27 18:00:00+00:00,1.7531729,2.0333676,2.0333676,19,32,84,97,0.5,-0.375
30,2014-08-27 18:00:00+00:00,1.4213266,1.8459206,1.8459206,19,32,97,110,0.7117188,-0.3640625
30,2014-08-27 18:00:00+00:00,2.1259825,2.0285828,2.0285828,32,45,84,97,0.50390625,-0.05625
30,2014-08-27 18:00:00+00:00,1.741674,1.7826474,1.7826474,32,45,97,110,0.7166667,-0.050000004
30,2014-08-27 18:00:00+00:00,1.4940525,1.780176,1.780176,32,45,110,121,0.9166666,-0.050000004
30,2014-08-27 18:00:00+00:00,1.7959346,2.2121902,2.2121902,45,58,19,32,-0.5802083,0.27695313
30,2014-08-27 18:00:00+00:00,1.3893425,1.7127639,1.7127639,45,58,45,58,-0.15807292,0.2644531
30,2014-08-27 18:00:00+00:00,1.7467092,1.7522116,1.7522116,45,58,58,71,0.071614586,0.259375
30,2014-08-27 18:00:00+00:00,1.8736323,1.7162175,1.7162175,45,58,71,84,0.265625,0.2925781
30,2014-08-27 18:00:00+00:00,1.7683566,1.7874424,1.7874424,45,58,84,97,0.5101563,0.2890625
30,2014-08-27 18:00:00+00:00,1.4423678,1.7009609,1.7009609,45,58,97,110,0.7166667,0.275
30,2014-08-27 18:00:00+00:00,1.5591611,1.7535577,1.7535577,45,58,110,121,0.9166666,0.275
30,2014-08-27 18:00:00+00:00,1.3830246,1.4772034,1.4772034,58,71,32,45,-0.36796874,0.5992187
31,2014-08-28 18:45:00+00:00,2.5890872,2.2016835,2.2016835,19,32,97,110,0.71250004,-0.38828123
31,2014-08-28 18:45:00+00:00,3.9089782,4.07171,4.07171,32,45,32,45,-0.36015624,-0.036718752
31,2014-08-28 18:45:00+00:00,3.30533,3.4326081,3.4326081,32,45,45,58,-0.15,-0.050000004
31,2014-08-28 18:45:00+00:00,4.36489,3.4706056,3.4706056,45,58,6,19,-0.7859375,0.2625
31,2014-08-28 18:45:00+00:00,3.3840394,3.7275562,3.7275562,45,58,19,32,-0.5833333,0.275
31,2014-08-28 18:45:00+00:00,2.7259371,2.918328,2.918328,45,58,32,45,-0.36666667,0.275
31,2014-08-28 18:45:00+00:00,2.4473188,2.5181825,2.5181825,45,58,45,58,-0.15598959,0.2722656
31,2014-08-28 18:45:00+00:00,2.215713,2.3157694,2.3157694,45,58,97,110,0.7166667,0.275
31,2014-08-28 18:45:00+00:00,2.5036907,2.2514024,2.2514024,45,58,110,121,0.9166666,0.275
31,2014-08-28 18:45:00+00:00,2.2036004,2.3411853,2.3411853,58,71,32,45,-0.3674479,0.5992187
31,2014-08-28 18:45:00+00:00,2.4917808,2.4644465,2.4644465,58,71,71,84,0.28333336,0.60117185
31,2014-08-28 18:45:00+00:00,2.684044,2.3906062,2.3906062,58,71,84,97,0.49765626,0.5914062
31,2014-08-28 18:45:00+00:00,2.1852565,1.9838147,1.9838147,58,71,97,110,0.7270834,0.5882813
31,2014-08-28 18:45:00+00:00,1.8908843,1.9720398,1.9720398,58,71,110,121,0.9166666,0.6
31,2014-08-28 18:45:00+00:00,1.8820314,2.0219433,2.0219433,71,81,110,121,0.9166666,0.8875
32,2014-09-03 18:05:00+00:00,2.0442219,2.4245846,2.4245846,19,32,84,97,0.5,-0.375
32,2014-09-03 18:05:00+00:00,1.6310744,2.1578307,2.1578307,19,32,97,110,0.7166667,-0.375
32,2014-09-03 18:05:00+00:00,1.41809,2.176009,2.176009,19,32,110,121,0.9166666,-0.375
32,2014-09-03 18:05:00+00:00,3.3487957,3.1711626,3.1711626,32,45,45,58,-0.14531249,-0.047656253
32,2014-09-03 18:05:00+00:00,3.095413,2.7995446,2.7995446,32,45,71,84,0.28177083,-0.040234376
32,2014-09-03 18:05:00+00:00,2.929462,2.5683627,2.5683627,32,45,84,97,0.5,-0.050000004
32,2014-09-03 18:05:00+00:00,2.2615457,2.261692,2.261692,32,45,97,110,0.7166667,-0.050000004
32,2014-09-03 18:05:00+00:00,1.5527811,2.237446,2.237446,32,45,110,121,0.9166666,-0.050000004
32,2014-09-03 18:05:00+00:00,3.272423,3.7055163,3.7055163,45,58,19,32,-0.5833333,0.275
32,2014-09-03 18:05:00+00:00,2.5179448,3.0726187,3.0726187,45,58,32,45,-0.36666667,0.275
32,2014-09-03 18:05:00+00:00,2.4803643,2.778773,2.778773,45,58,45,58,-0.15,0.275
32,2014-09-03 18:05:00+00:00,2.8618162,2.7309108,2.7309108,45,58,58,71,0.06666666,0.275
32,2014-09-03 18:05:00+00:00,3.3969831,2.696111,2.696111,45,58,84,97,0.50911456,0.284375
32,2014-09-03 18:05:00+00:00,3.3354483,2.5224295,2.5224295,45,58,97,110,0.7166667,0.275
32,2014-09-03 18:05:00+00:00,3.3872252,2.5605962,2.5605962,45,58,110,121,0.9166666,0.275
32,2014-09-03 18:05:00+00:00,4.3066525,3.3937662,3.3937662,58,71,19,32,-0.5643229,0.57109374
32,2014-09-03 18:05:00+00:00,2.8157182,2.7813268,2.7813268,58,71,32,45,-0.36666667,0.6
32,2014-09-03 18:05:00+00:00,2.3874292,2.5742736,2.5742736,58,71,45,58,-0.15156251,0.5847657
32,2014-09-03 18:05:00+00:00,2.4556828,2.5323074,2.5323074,58,71,58,71,0.07421875,0.58867186
32,2014-09-03 18:05:00+00:00,2.6291618,2.6552718,2.6552718,58,71,71,84,0.2833333,0.6
32,2014-09-03 18:05:00+00:00,2.4790928,2.6235664,2.6235664,58,71,84,97,0.48984376,0.58671874
32,2014-09-03 18:05:00+00:00,2.4828203,2.409952,2.409952,58,71,97,110,0.7265625,0.5925781
32,2014-09-03 18:05:00+00:00,3.2384233,2.457008,2.457008,58,71,110,121,0.9166666,0.6
32,2014-09-03 18:05:00+00:00,2.302075,2.4112074,2.4112074,71,81,110,121,0.9166666,0.8875
33,2014-09-04 18:50:00+00:00,2.5288982,2.87707,2.87707,19,32,84,97,0.5083333,-0.3734375
33,2014-09-04 18:50:00+00:00,1.5653973,2.5382674,2.5382674,19,32,110,121,0.9166666,-0.375
33,2014-09-04 18:50:00+00:00,3.3119025,3.171151,3.171151,32,45,84,97,0.5,-0.050000004
33,2014-09-04 18:50:00+00:00,2.2860572,2.8190382,2.8190382,32,45,97,110,0.7111979,-0.041796874
33,2014-09-04 18:50:00+00:00,1.6011146,2.715101,2.715101,32,45,110,121,0.9166666,-0.050000004
33,2014-09-04 18:50:00+00:00,3.473265,2.9227993,2.9227993,45,58,97,110,0.7252604,0.2660156
33,2014-09-04 18:50:00+00:00,3.232723,2.938115,2.938115,45,58,110,121,0.9244792,0.26328123
33,2014-09-04 18:50:00+00:00,3.0240183,2.7940395,2.7940395,58,71,97,110,0.7291667,0.5921875
34,2014-09-07 17:40:00+00:00,2.0924506,2.3215494,2.3215494,19,32,84,97,0.49843752,-0.37304688
34,2014-09-07 17:40:00+00:00,1.8332992,2.0563796,2.0563796,19,32,97,110,0.71562505,-0.37421876
34,2014-09-07 17:40:00+00:00,1.7550552,2.068875,2.068875,19,32,110,121,0.9166666,-0.375
34,2014-09-07 17:40:00+00:00,3.3888667,3.573186,3.573186,32,45,32,45,-0.36302084,-0.04296875
34,2014-09-07 17:40:00+00:00,3.2042387,3.161035,3.161035,32,45,45,58,-0.15,-0.050000004
34,2014-09-07 17:40:00+00:00,3.2644732,3.0384808,3.0384808,32,45,58,71,0.06848958,-0.04921875
34,2014-09-07 17:40:00+00:00,2.8335931,2.7617059,2.7617059,32,45,71,84,0.28333336,-0.049609378
34,2014-09-07 17:40:00+00:00,2.4528348,2.455909,2.455909,32,45,84,97,0.4997396,-0.051953126
34,2014-09-07 17:40:00+00:00,2.084564,2.1357732,2.1357732,32,45,97,110,0.7166667,-0.050000004
34,2014-09-07 17:40:00+00:00,1.8069984,2.1023843,2.1023843,32,45,110,121,0.9166666,-0.050000004
34,2014-09-07 17:40:00+00:00,3.4289944,3.7475967,3.7475967,45,58,19,32,-0.58229166,0.27421877
34,2014-09-07 17:40:00+00:00,2.9106908,3.1501703,3.1501703,45,58,32,45,-0.36666667,0.275
34,2014-09-07 17:40:00+00:00,2.5496361,2.8413215,2.8413215,45,58,45,58,-0.15,0.275
34,2014-09-07 17:40:00+00:00,2.7727892,2.795549,2.795549,45,58,58,71,0.07057292,0.27851564
34,2014-09-07 17:40:00+00:00,3.4384208,2.6194427,2.6194427,45,58,84,97,0.5184896,0.2875
34,2014-09-07 17:40:00+00:00,2.870146,2.420223,2.420223,45,58,97,110,0.7166667,0.275
34,2014-09-07 17:40:00+00:00,2.1082299,2.440095,2.440095,45,58,110,121,0.9166666,0.275
34,2014-09-07 17:40:00+00:00,2.7393441,2.8650846,2.8650846,58,71,32,45,-0.365625,0.5992187
34,2014-09-07 17:40:00+00:00,2.408971,2.647248,2.647248,58,71,45,58,-0.16302085,0.5882813
34,2014-09-07 17:40:00+00:00,2.7539442,2.610068,2.610068,58,71,71,84,0.27421874,0.59765625
34,2014-09-07 17:40:00+00:00,2.8365366,2.3438296,2.3438296,58,71,110,121,0.9166666,0.6
34,2014-09-07 17:40:00+00:00,3.138971,2.2621095,2.2621095,71,81,110,121,0.9184896,0.8863281
35,2014-09-08 18:25:00+00:00,2.3404582,2.6129067,2.6129067,19,32,84,97,0.5,-0.375
35,2014-09-08 18:25:00+00:00,1.5390897,2.2246494,2.2246494,19,32,97,110,0.7166667,-0.375
35,2014-09-08 18:25:00+00:00,1.115588,2.2275596,2.2275596,19,32,110,121,0.9166666,-0.375
35,2014-09-08 18:25:00+00:00,4.281919,4.2712736,4.2712736,32,45,32,45,-0.3640625,-0.034765624
35,2014-09-08 18:25:00+00:00,4.089861,3.7579732,3.7579732,32,45,45,58,-0.15,-0.050000004
35,2014-09-08 18:25:00+00:00,3.4388082,3.2129724,3.2129724,32,45,71,84,0.2828125,-0.04140625
35,2014-09-08 18:25:00+00:00,2.7249594,2.7733133,2.7733133,32,45,84,97,0.5,-0.050000004
35,2014-09-08 18:25:00+00:00,1.7544578,2.34058,2.34058,32,45,97,110,0.7166667,-0.050000004
35,2014-09-08 18:25:00+00:00,0.8369413,2.2892506,2.2892506,32,45,110,121,0.9166666,-0.050000004
35,2014-09-08 18:25:00+00:00,4.393651,4.3285775,4.3285775,45,58,19,32,-0.5833333,0.275
35,2014-09-08 18:25:00+00:00,3.6091936,3.7402117,3.7402117,45,58,32,45,-0.36145833,0.27695313
35,2014-09-08 18:25:00+00:00,3.1848335,3.3849556,3.3849556,45,58,45,58,-0.15,0.275
35,2014-09-08 18:25:00+00:00,3.4096432,3.3411903,3.3411903,45,58,58,71,0.071875,0.275
35,2014-09-08 18:25:00+00:00,3.3252676,2.64263,2.64263,45,58,97,110,0.7166667,0.275
35,2014-09-08 18:25:00+00:00,1.5127245,2.646567,2.646567,45,58,110,121,0.9166666,0.275
35,2014-09-08 18:25:00+00:00,4.1425753,4.1134057,4.1134057,58,71,19,32,-0.5695312,0.57109374
35,2014-09-08 18:25:00+00:00,3.622524,3.5014358,3.5014358,58,71,32,45,-0.36666667,0.6
35,2014-09-08 18:25:00+00:00,3.1475217,3.1690743,3.1690743,58,71,45,58,-0.16302083,0.59765625
35,2014-09-08 18:25:00+00:00,3.219804,3.1670656,3.1670656,58,71,58,71,0.07083333,0.58984375
35,2014-09-08 18:25:00+00:00,3.5420654,3.0990105,3.0990105,58,71,71,84,0.2833333,0.6
35,2014-09-08 18:25:00+00:00,3.5574832,2.8899682,2.8899682,58,71,84,97,0.49062502,0.590625
35,2014-09-08 18:25:00+00:00,3.403518,2.5606284,2.5606284,58,71,97,110,0.7296875,0.59062505
35,2014-09-08 18:25:00+00:00,3.0563533,2.5657666,2.5657666,58,71,110,121,0.9166666,0.6
35,2014-09-08 18:25:00+00:00,3.079385,2.70592,2.70592,71,81,84,97,0.44999996,0.80740744
35,2014-09-08 18:25:00+00:00,3.361422,2.4778671,2.4778671,71,81,110,121,0.9166666,0.8875
36,2014-09-16 17:35:00+00:00,1.5981737,1.8447739,1.8447739,45,58,110,121,0.9158854,0.2765625
36,2014-09-16 17:35:00+00:00,1.3614988,1.7746624,1.7746624,58,71,110,121,0.9125,0.59765625
37,2014-09-16 19:15:00+00:00,2.1096501,2.1278021,2.1278021,19,32,84,97,0.50078124,-0.38242185
37,2014-09-16 19:15:00+00:00,2.7524824,3.0327532,3.0327532,32,45,32,45,-0.35885417,-0.036328126
37,2014-09-16 19:15:00+00:00,2.5992148,2.7210655,2.7210655,32,45,45,58,-0.15,-0.050000004
37,2014-09-16 19:15:00+00:00,2.7280335,2.3805904,2.3805904,32,45,71,84,0.28046876,-0.044921875
37,2014-09-16 19:15:00+00:00,2.279551,2.116755,2.116755,32,45,84,97,0.5054687,-0.059375003
37,2014-09-16 19:15:00+00:00,2.6383126,2.892708,2.892708,45,58,19,32,-0.5833333,0.275
37,2014-09-16 19:15:00+00:00,2.4681034,2.3875089,2.3875089,45,58,32,45,-0.36666667,0.275
37,2014-09-16 19:15:00+00:00,2.4565477,2.223955,2.223955,45,58,45,58,-0.15,0.275
37,2014-09-16 19:15:00+00:00,2.6585703,2.2217946,2.2217946,45,58,58,71,0.0671875,0.27578124
37,2014-09-16 19:15:00+00:00,2.6116292,2.1354702,2.1354702,45,58,71,84,0.26796874,0.28867185
37,2014-09-16 19:15:00+00:00,2.1143343,1.9310044,1.9310044,45,58,97,110,0.7166667,0.275
37,2014-09-16 19:15:00+00:00,1.8274016,1.9658316,1.9658316,45,58,110,121,0.91536456,0.27734375
37,2014-09-16 19:15:00+00:00,1.7075588,2.1157746,2.1157746,58,71,32,45,-0.36666667,0.6
37,2014-09-16 19:15:00+00:00,2.059561,1.9799585,1.9799585,58,71,84,97,0.49270833,0.578125
37,2014-09-16 19:15:00+00:00,1.3680313,1.8708501,1.8708501,58,71,110,121,0.9166666,0.6
38,2014-09-17 18:20:00+00:00,2.1715596,2.1227396,2.1227396,19,32,84,97,0.5,-0.375
38,2014-09-17 18:20:00+00:00,1.6423765,1.8723319,1.8723319,19,32,97,110,0.7166667,-0.375
38,2014-09-17 18:20:00+00:00,1.5365185,1.8929948,1.8929948,19,32,110,121,0.9166666,-0.375
38,2014-09-17 18:20:00+00:00,2.3107789,2.6185317,2.6185317,32,45,45,58,-0.1471354,-0.037109375
38,2014-09-17 18:20:00+00:00,2.4429023,2.430802,2.430802,32,45,71,84,0.27578127,-0.041015625
38,2014-09-17 18:20:00+00:00,2.216168,2.2202127,2.2202127,32,45,84,97,0.5,-0.050000004
38,2014-09-17 18:20:00+00:00,1.9076934,1.9182997,1.9182997,32,45,97,110,0.7166667,-0.050000004
38,2014-09-17 18:20:00+00:00,1.6334151,1.9058503,1.9058503,32,45,110,121,0.9166666,-0.050000004
38,2014-09-17 18:20:00+00:00,4.114791,2.9468231,2.9468231,45,58,6,19,-0.78697914,0.2621094
38,2014-09-17 18:20:00+00:00,2.878277,3.154875,3.154875,45,58,19,32,-0.5833333,0.275
38,2014-09-17 18:20:00+00:00,2.3863735,2.5623205,2.5623205,45,58,32,45,-0.36666667,0.275
38,2014-09-17 18:20:00+00:00,2.4540784,2.3633249,2.3633249,45,58,45,58,-0.15,0.275
38,2014-09-17 18:20:00+00:00,2.5176494,2.397162,2.397162,45,58,58,71,0.06666666,0.275
38,2014-09-17 18:20:00+00:00,2.4758554,2.339082,2.339082,45,58,71,84,0.26796877,0.28828126
38,2014-09-17 18:20:00+00:00,2.5480433,2.3304949,2.3304949,45,58,84,97,0.5119792,0.28476563
38,2014-09-17 18:20:00+00:00,2.3713171,2.148192,2.148192,45,58,97,110,0.7166667,0.275
38,2014-09-17 18:20:00+00:00,2.0663154,2.1856053,2.1856053,45,58,110,121,0.9166666,0.275
38,2014-09-17 18:20:00+00:00,3.491698,2.8409462,2.8409462,58,71,19,32,-0.56875,0.5671875
38,2014-09-17 18:20:00+00:00,2.042506,2.2789648,2.2789648,58,71,32,45,-0.36666667,0.6
38,2014-09-17 18:20:00+00:00,2.2341616,2.1634765,2.1634765,58,71,45,58,-0.15338542,0.5929687
38,2014-09-17 18:20:00+00:00,2.32012,2.1973236,2.1973236,58,71,58,71,0.07005209,0.58554685
38,2014-09-17 18:20:00+00:00,2.4111311,2.3022528,2.3022528,58,71,71,84,0.2833333,0.6
38,2014-09-17 18:20:00+00:00,2.4202912,2.2225037,2.2225037,58,71,84,97,0.49583334,0.5910156
38,2014-09-17 18:20:00+00:00,2.197209,2.008195,2.008195,58,71,97,110,0.7307292,0.5878906
38,2014-09-17 18:20:00+00:00,2.0611699,2.0737977,2.0737977,58,71,110,121,0.9166666,0.6
38,2014-09-17 18:20:00+00:00,2.077846,1.9827253,1.9827253,71,81,110,121,0.9166666,0.8875
39,2014-09-18 19:00:00+00:00,2.2462516,2.1405091,2.1405091,19,32,84,97,0.4986979,-0.3734375
39,2014-09-18 19:00:00+00:00,2.8987331,2.9439452,2.9439452,32,45,32,45,-0.36145833,-0.03828125
39,2014-09-18 19:00:00+00:00,2.3099258,2.5985463,2.5985463,32,45,45,58,-0.14739583,-0.051953126
39,2014-09-18 19:00:00+00:00,1.9485548,2.1824982,2.1824982,32,45,84,97,0.50156254,-0.051171876
39,2014-09-18 19:00:00+00:00,1.6996185,1.7577821,1.7577821,32,45,97,110,0.7166667,-0.050000004
39,2014-09-18 19:00:00+00:00,1.4964525,1.6968845,1.6968845,32,45,110,121,0.915625,-0.047656253
39,2014-09-18 19:00:00+00:00,2.111631,2.5076947,2.5076947,45,58,19,32,-0.5833333,0.275
39,2014-09-18 19:00:00+00:00,1.8937336,1.8534021,1.8534021,45,58,32,45,-0.36666667,0.275
39,2014-09-18 19:00:00+00:00,1.9673741,1.7027713,1.7027713,45,58,45,58,-0.15,0.275
39,2014-09-18 19:00:00+00:00,1.9024806,1.7235534,1.7235534,45,58,58,71,0.06432292,0.28750002
39,2014-09-18 19:00:00+00:00,1.9469799,1.7653836,1.7653836,45,58,71,84,0.26901042,0.2925781
39,2014-09-18 19:00:00+00:00,1.6747433,1.5713654,1.5713654,45,58,97,110,0.7166667,0.275
39,2014-09-18 19:00:00+00:00,1.3793193,1.5948435,1.5948435,45,58,110,121,0.9166666,0.275
39,2014-09-18 19:00:00+00:00,1.1507777,1.3874302,1.3874302,58,71,110,121,0.9164063,0.5902344
40,2014-09-19 18:05:00+00:00,1.9773427,1.9720303,1.9720303,19,32,84,97,0.49765626,-0.37656248
40,2014-09-19 18:05:00+00:00,1.5876697,1.6323102,1.6323102,19,32,97,110,0.7135416,-0.37695312
40,2014-09-19 18:05:00+00:00,1.4260828,1.6435616,1.6435616,19,32,110,121,0.9166666,-0.375
40,2014-09-19 18:05:00+00:00,2.8529809,3.001369,3.001369,32,45,32,45,-0.36171874,-0.040625
40,2014-09-19 18:05:00+00:00,2.2160258,2.5435662,2.5435662,32,45,45,58,-0.15,-0.050000004
40,2014-09-19 18:05:00+00:00,1.8574474,1.9447385,1.9447385,32,45,84,97,0.49895835,-0.055468753
40,2014-09-19 18:05:00+00:00,2.7939184,2.9344687,2.9344687,45,58,19,32,-0.5833333,0.275
40,2014-09-19 18:05:00+00:00,2.0357533,2.2722864,2.2722864,45,58,32,45,-0.36666667,0.275
40,2014-09-19 18:05:00+00:00,2.091547,2.0059452,2.0059452,45,58,45,58,-0.15,0.275
40,2014-09-19 18:05:00+00:00,2.131316,2.0291002,2.0291002,45,58,58,71,0.06770833,0.27695313
40,2014-09-19 18:05:00+00:00,1.7612331,1.9098436,1.9098436,58,71,32,45,-0.36484373,0.59843755
40,2014-09-19 18:05:00+00:00,1.7150127,1.7683073,1.7683073,58,71,58,71,0.0671875,0.5804688
40,2014-09-19 18:05:00+00:00,1.7424865,1.8688275,1.8688275,58,71,71,84,0.2890625,0.59765625
41,2014-09-20 18:50:00+00:00,3.4039261,3.0442894,3.0442894,19,32,84,97,0.5,-0.375
41,2014-09-20 18:50:00+00:00,2.5604854,2.5599024,2.5599024,19,32,97,110,0.7166667,-0.375
41,2014-09-20 18:50:00+00:00,2.1755292,2.5022962,2.5022962,19,32,110,121,0.9166666,-0.375
41,2014-09-20 18:50:00+00:00,4.158234,3.9547117,3.9547117,32,45,45,58,-0.15,-0.050000004
41,2014-09-20 18:50:00+00:00,3.2632291,3.7162225,3.7162225,32,45,71,84,0.28281248,-0.041796878
41,2014-09-20 18:50:00+00:00,3.6210282,3.260659,3.260659,32,45,84,97,0.5,-0.050000004
41,2014-09-20 18:50:00+00:00,2.4809754,2.7279708,2.7279708,32,45,97,110,0.7166667,-0.050000004
41,2014-09-20 18:50:00+00:00,2.3216782,2.6080458,2.6080458,32,45,110,121,0.9166666,-0.050000004
41,2014-09-20 18:50:00+00:00,3.5975852,3.2602103,3.2602103,45,58,58,71,0.06510417,0.27578124
41,2014-09-20 18:50:00+00:00,3.0842323,2.7422686,2.7422686,45,58,97,110,0.7166667,0.275
41,2014-09-20 18:50:00+00:00,2.6361454,2.7139418,2.7139418,45,58,110,121,0.9166666,0.275
41,2014-09-20 18:50:00+00:00,3.4275947,3.0387797,3.0387797,58,71,71,84,0.2841146,0.5929687
41,2014-09-20 18:50:00+00:00,2.6657047,2.511761,2.511761,58,71,97,110,0.7270833,0.590625
41,2014-09-20 18:50:00+00:00,2.4333088,2.5256076,2.5256076,58,71,110,121,0.9190104,0.5914062
42,2014-09-23 17:40:00+00:00,2.628102,2.8612459,2.8612459,19,32,84,97,0.5002604,-0.37421876
42,2014-09-23 17:40:00+00:00,2.3378248,2.3756669,2.3756669,19,32,97,110,0.7166667,-0.375
42,2014-09-23 17:40:00+00:00,2.2395017,2.3318908,2.3318908,19,32,110,121,0.9166666,-0.375
42,2014-09-23 17:40:00+00:00,4.1830087,4.336222,4.336222,32,45,32,45,-0.36015627,-0.043359376
42,2014-09-23 17:40:00+00:00,3.728694,3.8286324,3.8286324,32,45,45,58,-0.15,-0.050000004
42,2014-09-23 17:40:00+00:00,3.588858,3.8853579,3.8853579,32,45,58,71,0.07109375,-0.04921875
42,2014-09-23 17:40:00+00:00,3.563246,3.5278447,3.5278447,32,45,71,84,0.2828125,-0.05039063
42,2014-09-23 17:40:00+00:00,3.2069602,3.1486015,3.1486015,32,45,84,97,0.49401045,-0.05078125
42,2014-09-23 17:40:00+00:00,2.4620626,2.5363176,2.5363176,32,45,97,110,0.7166667,-0.050000004
42,2014-09-23 17:40:00+00:00,2.3393312,2.415564,2.415564,32,45,110,121,0.9166666,-0.050000004
42,2014-09-23 17:40:00+00:00,3.7082758,3.9070919,3.9070919,45,58,19,32,-0.5835937,0.27421877
42,2014-09-23 17:40:00+00:00,2.3019764,3.1993566,3.1993566,45,58,32,45,-0.36666667,0.275
42,2014-09-23 17:40:00+00:00,2.6214092,2.835722,2.835722,45,58,45,58,-0.15,0.275
42,2014-09-23 17:40:00+00:00,3.1574101,2.902813,2.902813,45,58,58,71,0.0625,0.28007814
42,2014-09-23 17:40:00+00:00,3.357375,2.7952816,2.7952816,45,58,84,97,0.50911456,0.28125
42,2014-09-23 17:40:00+00:00,2.546132,2.439599,2.439599,45,58,97,110,0.7166667,0.275
42,2014-09-23 17:40:00+00:00,2.422905,2.4230223,2.4230223,45,58,110,121,0.9166666,0.275
42,2014-09-23 17:40:00+00:00,2.170093,2.6760442,2.6760442,58,71,32,45,-0.36666667,0.6
42,2014-09-23 17:40:00+00:00,2.3973672,2.4301138,2.4301138,58,71,45,58,-0.15494792,0.5847656
42,2014-09-23 17:40:00+00:00,2.5552986,2.6591818,2.6591818,58,71,71,84,0.2833333,0.6
42,2014-09-23 17:40:00+00:00,2.7342668,2.6027553,2.6027553,58,71,84,97,0.48463544,0.578125
42,2014-09-23 17:40:00+00:00,2.284765,2.1810436,2.1810436,58,71,97,110,0.72812504,0.58515626
42,2014-09-23 17:40:00+00:00,2.223341,2.192407,2.192407,58,71,110,121,0.9164062,0.6
42,2014-09-23 17:40:00+00:00,2.1076024,2.2659428,2.2659428,71,81,110,121,0.9117187,0.88984376
43,2014-09-23 19:20:00+00:00,2.6165645,2.7984524,2.7984524,19,32,84,97,0.5,-0.375
43,2014-09-23 19:20:00+00:00,2.1639636,2.2339916,2.2339916,19,32,97,110,0.7166667,-0.375
43,2014-09-23 19:20:00+00:00,2.0591898,2.1615121,2.1615121,19,32,110,121,0.9166666,-0.375
43,2014-09-23 19:20:00+00:00,4.0785236,4.2863665,4.2863665,32,45,32,45,-0.36380208,-0.037109375
43,2014-09-23 19:20:00+00:00,3.7381516,3.684085,3.684085,32,45,45,58,-0.15,-0.050000004
43,2014-09-23 19:20:00+00:00,3.5901206,3.538513,3.538513,32,45,71,84,0.2828125,-0.041796878
43,2014-09-23 19:20:00+00:00,3.3439825,3.0501392,3.0501392,32,45,84,97,0.5,-0.050000004
43,2014-09-23 19:20:00+00:00,2.353407,2.4335485,2.4335485,32,45,97,110,0.7166667,-0.050000004
43,2014-09-23 19:20:00+00:00,2.1693757,2.2626708,2.2626708,32,45,110,121,0.9166666,-0.050000004
43,2014-09-23 19:20:00+00:00,4.5585985,3.6342509,3.6342509,45,58,6,19,-0.78437495,0.26289064
43,2014-09-23 19:20:00+00:00,3.8168113,3.8315017,3.8315017,45,58,19,32,-0.5833333,0.275
43,2014-09-23 19:20:00+00:00,2.2182286,3.0838978,3.0838978,45,58,32,45,-0.36666667,0.275
43,2014-09-23 19:20:00+00:00,2.6682937,2.7216218,2.7216218,45,58,45,58,-0.15,0.275
43,2014-09-23 19:20:00+00:00,3.3141541,2.9212594,2.9212594,45,58,58,71,0.06666666,0.275
43,2014-09-23 19:20:00+00:00,3.15917,2.7011678,2.7011678,45,58,84,97,0.509375,0.28398436
43,2014-09-23 19:20:00+00:00,2.4672081,2.3597803,2.3597803,45,58,97,110,0.7166667,0.275
43,2014-09-23 19:20:00+00:00,2.3037567,2.293614,2.293614,45,58,110,121,0.9166666,0.275
43,2014-09-23 19:20:00+00:00,3.8257692,3.3195426,3.3195426,58,71,19,32,-0.56666666,0.56757814
43,2014-09-23 19:20:00+00:00,2.1195562,2.5421271,2.5421271,58,71,32,45,-0.36666667,0.6
43,2014-09-23 19:20:00+00:00,2.2993996,2.3071096,2.3071096,58,71,45,58,-0.15260416,0.590625
43,2014-09-23 19:20:00+00:00,2.6566482,2.4967926,2.4967926,58,71,58,71,0.0703125,0.58671874
43,2014-09-23 19:20:00+00:00,2.5276873,2.6701124,2.6701124,58,71,71,84,0.2833333,0.6
43,2014-09-23 19:20:00+00:00,2.6418197,2.5230296,2.5230296,58,71,84,97,0.49427083,0.5890625
43,2014-09-23 19:20:00+00:00,2.560075,2.0783744,2.0783744,58,71,97,110,0.73072916,0.58984375
43,2014-09-23 19:20:00+00:00,1.9755048,2.0496836,2.0496836,58,71,110,121,0.9166666,0.6
43,2014-09-23 19:20:00+00:00,1.9374506,2.0809598,2.0809598,71,81,110,121,0.9166666,0.8875
44,2014-09-24 18:25:00+00:00,3.0556324,3.0043569,3.0043569,19,32,84,97,0.5,-0.375
44,2014-09-24 18:25:00+00:00,2.42387,2.5259995,2.5259995,19,32,97,110,0.7166667,-0.375
44,2014-09-24 18:25:00+00:00,2.29984,2.471078,2.471078,19,32,110,121,0.9166666,-0.375
44,2014-09-24 18:25:00+00:00,3.874398,4.124873,4.124873,32,45,32,45,-0.36015624,-0.036718752
44,2014-09-24 18:25:00+00:00,3.4807925,3.659397,3.659397,32,45,45,58,-0.15,-0.050000004
44,2014-09-24 18:25:00+00:00,3.5573616,3.8156865,3.8156865,32,45,58,71,0.06510417,-0.049999997
44,2014-09-24 18:25:00+00:00,3.6821413,3.6170146,3.6170146,32,45,71,84,0.2830729,-0.041796878
44,2014-09-24 18:25:00+00:00,3.548844,3.2720003,3.2720003,32,45,84,97,0.5,-0.050000004
44,2014-09-24 18:25:00+00:00,2.5484197,2.7494752,2.7494752,32,45,97,110,0.7166667,-0.050000004
44,2014-09-24 18:25:00+00:00,2.554511,2.6166327,2.6166327,32,45,110,121,0.9166666,-0.050000004
44,2014-09-24 18:25:00+00:00,4.534952,3.6710348,3.6710348,45,58,6,19,-0.78333336,0.26289064
44,2014-09-24 18:25:00+00:00,3.3434246,3.9103332,3.9103332,45,58,19,32,-0.5833333,0.275
44,2014-09-24 18:25:00+00:00,2.4023912,3.1880174,3.1880174,45,58,32,45,-0.36666667,0.275
44,2014-09-24 18:25:00+00:00,2.744226,2.9012191,2.9012191,45,58,45,58,-0.15,0.275
44,2014-09-24 18:25:00+00:00,3.4656224,3.1120117,3.1120117,45,58,58,71,0.06666666,0.275
44,2014-09-24 18:25:00+00:00,3.6451104,3.0788658,3.0788658,45,58,71,84,0.26901042,0.28828123
44,2014-09-24 18:25:00+00:00,2.9160044,2.7817159,2.7817159,45,58,97,110,0.7166667,0.275
44,2014-09-24 18:25:00+00:00,2.8240347,2.7459447,2.7459447,45,58,110,121,0.9166666,0.275
44,2014-09-24 18:25:00+00:00,3.8592947,3.3993547,3.3993547,58,71,19,32,-0.5679687,0.56757814
44,2014-09-24 18:25:00+00:00,2.0898976,2.7011116,2.7011116,58,71,32,45,-0.36666667,0.6
44,2014-09-24 18:25:00+00:00,2.53038,2.5249138,2.5249138,58,71,45,58,-0.15078126,0.5917969
44,2014-09-24 18:25:00+00:00,2.9297223,2.7130313,2.7130313,58,71,58,71,0.069270834,0.5824219
44,2014-09-24 18:25:00+00:00,2.9248714,2.9225066,2.9225066,58,71,71,84,0.2833333,0.6
44,2014-09-24 18:25:00+00:00,3.0463588,2.8678975,2.8678975,58,71,84,97,0.49765626,0.5914062
44,2014-09-24 18:25:00+00:00,2.623333,2.4989872,2.4989872,58,71,97,110,0.7289063,0.5882813
44,2014-09-24 18:25:00+00:00,2.33088,2.5120625,2.5120625,58,71,110,121,0.9166666,0.6
44,2014-09-24 18:25:00+00:00,2.1712582,2.5641205,2.5641205,71,81,110,121,0.9166666,0.8875
45,2014-09-25 19:10:00+00:00,2.7040212,2.7162526,2.7162526,58,71,110,121,0.9197917,0.6
46,2014-09-26 18:15:00+00:00,2.5019016,2.4602475,2.4602475,19,32,84,97,0.5,-0.375
46,2014-09-26 18:15:00+00:00,2.1608822,2.158638,2.158638,19,32,97,110,0.7166667,-0.375
46,2014-09-26 18:15:00+00:00,1.9933927,2.161366,2.161366,19,32,110,121,0.9166666,-0.375
46,2014-09-26 18:15:00+00:00,3.331243,3.5402315,3.5402315,32,45,32,45,-0.36197916,-0.041796878
46,2014-09-26 18:15:00+00:00,3.236784,3.0829983,3.0829983,32,45,45,58,-0.15,-0.050000004
46,2014-09-26 18:15:00+00:00,3.130015,3.0256803,3.0256803,32,45,58,71,0.059114583,-0.051562503
46,2014-09-26 18:15:00+00:00,3.2750766,2.8846357,2.8846357,32,45,71,84,0.27760416,-0.042578124
46,2014-09-26 18:15:00+00:00,2.99865,2.6412396,2.6412396,32,45,84,97,0.50104165,-0.05078125
46,2014-09-26 18:15:00+00:00,2.1971614,2.332626,2.332626,32,45,97,110,0.7166667,-0.050000004
46,2014-09-26 18:15:00+00:00,2.1056037,2.2709668,2.2709668,32,45,110,121,0.9166666,-0.050000004
46,2014-09-26 18:15:00+00:00,3.1187847,3.5937657,3.5937657,45,58,19,32,-0.5833333,0.275
46,2014-09-26 18:15:00+00:00,2.1332579,2.900738,2.900738,45,58,32,45,-0.36666667,0.275
46,2014-09-26 18:15:00+00:00,2.5457232,2.5816152,2.5816152,45,58,45,58,-0.15,0.275
46,2014-09-26 18:15:00+00:00,3.1305044,2.60113,2.60113,45,58,58,71,0.06666666,0.275
46,2014-09-26 18:15:00+00:00,3.3848414,2.6162782,2.6162782,45,58,71,84,0.27005208,0.2890625
46,2014-09-26 18:15:00+00:00,3.4070852,2.687336,2.687336,45,58,84,97,0.5114583,0.28476563
46,2014-09-26 18:15:00+00:00,2.754787,2.4858937,2.4858937,45,58,97,110,0.7166667,0.275
46,2014-09-26 18:15:00+00:00,2.4433608,2.501541,2.501541,45,58,110,121,0.9166666,0.275
46,2014-09-26 18:15:00+00:00,1.8270955,2.493071,2.493071,58,71,32,45,-0.36380208,0.5992187
46,2014-09-26 18:15:00+00:00,2.4009852,2.297918,2.297918,58,71,45,58,-0.15078126,0.5917969
46,2014-09-26 18:15:00+00:00,2.954545,2.2988503,2.2988503,58,71,58,71,0.06666666,0.58085936
46,2014-09-26 18:15:00+00:00,2.8212042,2.5208867,2.5208867,58,71,71,84,0.2833333,0.6
46,2014-09-26 18:15:00+00:00,2.8202922,2.4940777,2.4940777,58,71,84,97,0.49765626,0.5914062
46,2014-09-26 18:15:00+00:00,2.6669207,2.2769797,2.2769797,58,71,97,110,0.72786456,0.58906245
46,2014-09-26 18:15:00+00:00,2.6495407,2.3301268,2.3301268,58,71,110,121,0.9166666,0.6
46,2014-09-26 18:15:00+00:00,2.2319849,2.3338017,2.3338017,71,81,110,121,0.9166666,0.8875
47,2014-09-27 18:55:00+00:00,2.7221067,3.223285,3.223285,45,58,32,45,-0.35833332,0.27109373
47,2014-09-27 18:55:00+00:00,2.5861914,3.0306349,3.0306349,45,58,97,110,0.71875,0.29062504
47,2014-09-27 18:55:00+00:00,2.1498315,3.0750272,3.0750272,45,58,110,121,0.9153646,0.28085938
47,2014-09-27 18:55:00+00:00,3.2470605,2.7725503,2.7725503,58,71,97,110,0.7296875,0.59257805
47,2014-09-27 18:55:00+00:00,3.0417995,2.864298,2.864298,58,71,110,121,0.9166666,0.6
47,2014-09-27 18:55:00+00:00,3.2568302,2.9610422,2.9610422,71,81,71,84,0.29397166,0.8095743
47,2014-09-27 18:55:00+00:00,2.687861,3.0170248,3.0170248,71,81,110,121,0.9166666,0.8875
48,2014-09-29 18:45:00+00:00,2.496387,2.4287217,2.4287217,19,32,84,97,0.5,-0.375
48,2014-09-29 18:45:00+00:00,2.1893675,1.9255087,1.9255087,19,32,97,110,0.7166667,-0.375
48,2014-09-29 18:45:00+00:00,2.0024133,1.9150267,1.9150267,19,32,110,121,0.9166666,-0.375
48,2014-09-29 18:45:00+00:00,3.478569,3.768368,3.768368,32,45,32,45,-0.3591146,-0.035937503
48,2014-09-29 18:45:00+00:00,3.615979,3.2381563,3.2381563,32,45,45,58,-0.15,-0.050000004
48,2014-09-29 18:45:00+00:00,3.6094255,3.3192196,3.3192196,32,45,58,71,0.06875,-0.051953126
48,2014-09-29 18:45:00+00:00,2.6394627,3.0553253,3.0553253,32,45,71,84,0.27578124,-0.041796878
48,2014-09-29 18:45:00+00:00,2.5832818,2.6687565,2.6687565,32,45,84,97,0.5,-0.050000004
48,2014-09-29 18:45:00+00:00,2.056518,2.1184332,2.1184332,32,45,97,110,0.7166667,-0.050000004
48,2014-09-29 18:45:00+00:00,1.8231021,2.0139647,2.0139647,32,45,110,121,0.9166666,-0.050000004
48,2014-09-29 18:45:00+00:00,4.510775,3.6198955,3.6198955,45,58,6,19,-0.7838541,0.26328126
48,2014-09-29 18:45:00+00:00,3.905758,3.8614223,3.8614223,45,58,19,32,-0.5833333,0.275
48,2014-09-29 18:45:00+00:00,3.3568747,3.149796,3.149796,45,58,32,45,-0.36666667,0.275
48,2014-09-29 18:45:00+00:00,3.360165,2.7664099,2.7664099,45,58,45,58,-0.15,0.275
48,2014-09-29 18:45:00+00:00,3.9554968,2.9294012,2.9294012,45,58,58,71,0.06666666,0.275
48,2014-09-29 18:45:00+00:00,2.960836,2.815531,2.815531,45,58,71,84,0.265625,0.28867185
48,2014-09-29 18:45:00+00:00,3.3093376,2.7213132,2.7213132,45,58,84,97,0.51380205,0.2859375
48,2014-09-29 18:45:00+00:00,2.3984387,2.3256493,2.3256493,45,58,97,110,0.7166667,0.275
48,2014-09-29 18:45:00+00:00,1.8037632,2.2933276,2.2933276,45,58,110,121,0.9166666,0.275
48,2014-09-29 18:45:00+00:00,2.3944561,3.496726,3.496726,58,71,19,32,-0.5679687,0.5679687
48,2014-09-29 18:45:00+00:00,2.0923183,2.7149043,2.7149043,58,71,32,45,-0.36666667,0.6
48,2014-09-29 18:45:00+00:00,2.3201923,2.426689,2.426689,58,71,45,58,-0.15052085,0.59453124
48,2014-09-29 18:45:00+00:00,4.0391545,2.610599,2.610599,58,71,58,71,0.07213542,0.5832032
48,2014-09-29 18:45:00+00:00,3.7875214,2.72294,2.72294,58,71,71,84,0.2833333,0.6
48,2014-09-29 18:45:00+00:00,3.1721585,2.5742862,2.5742862,58,71,84,97,0.49479166,0.59335935
48,2014-09-29 18:45:00+00:00,2.558387,2.1178958,2.1178958,58,71,97,110,0.7278646,0.5878906
48,2014-09-29 18:45:00+00:00,2.147167,2.1117957,2.1117957,58,71,110,121,0.9166666,0.6
48,2014-09-29 18:45:00+00:00,1.8123294,1.9957458,1.9957458,71,81,110,121,0.92213535,0.88359374
49,2014-10-12 18:05:00+00:00,2.739971,2.8403037,2.8403037,19,32,84,97,0.5,-0.375
49,2014-10-12 18:05:00+00:00,2.5189507,2.462278,2.462278,19,32,97,110,0.7166667,-0.375
49,2014-10-12 18:05:00+00:00,2.320514,2.4280198,2.4280198,19,32,110,121,0.9166666,-0.375
49,2014-10-12 18:05:00+00:00,4.191729,4.308437,4.308437,32,45,32,45,-0.35625,-0.033203125
49,2014-10-12 18:05:00+00:00,3.5788324,3.7927222,3.7927222,32,45,45,58,-0.15,-0.050000004
49,2014-10-12 18:05:00+00:00,2.91848,3.3468235,3.3468235,32,45,71,84,0.2791667,-0.0390625
49,2014-10-12 18:05:00+00:00,2.863397,3.0257273,3.0257273,32,45,84,97,0.5,-0.050000004
49,2014-10-12 18:05:00+00:00,2.6189651,2.6125216,2.6125216,32,45,97,110,0.7166667,-0.050000004
49,2014-10-12 18:05:00+00:00,2.6211083,2.5253344,2.5253344,32,45,110,121,0.9114584,-0.044921875
49,2014-10-12 18:05:00+00:00,4.5033274,3.8484383,3.8484383,45,58,6,19,-0.7890625,0.26328126
49,2014-10-12 18:05:00+00:00,4.017166,4.1042023,4.1042023,45,58,19,32,-0.5833333,0.275
49,2014-10-12 18:05:00+00:00,2.9889796,3.455397,3.455397,45,58,32,45,-0.3669271,0.27578124
49,2014-10-12 18:05:00+00:00,2.2549403,3.0638418,3.0638418,45,58,45,58,-0.15,0.275
49,2014-10-12 18:05:00+00:00,2.3945322,3.011783,3.011783,45,58,58,71,0.06666666,0.275
49,2014-10-12 18:05:00+00:00,3.3765244,2.9497414,2.9497414,45,58,84,97,0.5135417,0.28125
49,2014-10-12 18:05:00+00:00,3.3173125,2.7090113,2.7090113,45,58,97,110,0.7166667,0.275
49,2014-10-12 18:05:00+00:00,2.5985677,2.6984873,2.6984873,45,58,110,121,0.9166666,0.275
49,2014-10-12 18:05:00+00:00,4.4483047,3.7360163,3.7360163,58,71,19,32,-0.5679687,0.57070315
49,2014-10-12 18:05:00+00:00,3.0461805,3.0496106,3.0496106,58,71,32,45,-0.36666667,0.6
49,2014-10-12 18:05:00+00:00,2.5510445,2.756309,2.756309,58,71,45,58,-0.14921875,0.59414065
49,2014-10-12 18:05:00+00:00,2.1807365,2.7042968,2.7042968,58,71,58,71,0.067968756,0.59375
49,2014-10-12 18:05:00+00:00,2.6906085,2.8422294,2.8422294,58,71,71,84,0.2833333,0.6
49,2014-10-12 18:05:00+00:00,3.0507765,2.7825246,2.7825246,58,71,84,97,0.49036458,0.5875
49,2014-10-12 18:05:00+00:00,3.2732186,2.5231848,2.5231848,58,71,97,110,0.7299479,0.5929687
49,2014-10-12 18:05:00+00:00,2.5833294,2.5359454,2.5359454,58,71,110,121,0.9166666,0.6
49,2014-10-12 18:05:00+00:00,1.9737914,2.576851,2.576851,71,81,110,121,0.9166666,0.8875
50,2014-10-12 18:10:00+00:00,2.58048,2.6798892,2.6798892,19,32,84,97,0.5,-0.375
50,2014-10-12 18:10:00+00:00,2.475771,2.370777,2.370777,19,32,97,110,0.7166667,-0.375
50,2014-10-12 18:10:00+00:00,2.2783275,2.3791249,2.3791249,19,32,110,121,0.92031246,-0.38085938
51,2014-10-12 18:15:00+00:00,3.9153867,3.8816545,3.8816545,32,45,32,45,-0.3614583,-0.0375
51,2014-10-12 18:15:00+00:00,2.9884982,3.3205879,3.3205879,32,45,45,58,-0.15,-0.050000004
51,2014-10-12 18:15:00+00:00,2.8982494,3.231986,3.231986,32,45,58,71,0.059114587,-0.05234375
51,2014-10-12 18:15:00+00:00,2.5779936,3.1861296,3.1861296,32,45,71,84,0.28072917,-0.039843753
51,2014-10-12 18:15:00+00:00,2.5875294,2.9754577,2.9754577,32,45,84,97,0.49427086,-0.044140626
51,2014-10-12 18:15:00+00:00,4.618626,3.4950142,3.4950142,45,58,6,19,-0.7885417,0.26171875
51,2014-10-12 18:15:00+00:00,3.9642332,3.7531784,3.7531784,45,58,19,32,-0.5833333,0.275
51,2014-10-12 18:15:00+00:00,2.7065296,2.9819164,2.9819164,45,58,32,45,-0.36666667,0.275
51,2014-10-12 18:15:00+00:00,2.1943126,2.623742,2.623742,45,58,45,58,-0.15,0.275
51,2014-10-12 18:15:00+00:00,2.146383,2.685542,2.685542,45,58,58,71,0.06666666,0.275
51,2014-10-12 18:15:00+00:00,2.4981575,2.7509854,2.7509854,45,58,71,84,0.27031252,0.2890625
51,2014-10-12 18:15:00+00:00,2.8537385,2.5591488,2.5591488,45,58,97,110,0.7166667,0.275
51,2014-10-12 18:15:00+00:00,2.4476726,2.5520504,2.5520504,45,58,110,121,0.9166666,0.275
51,2014-10-12 18:15:00+00:00,2.4205751,2.5220618,2.5220618,58,71,32,45,-0.36666667,0.6
51,2014-10-12 18:15:00+00:00,2.2098732,2.2724743,2.2724743,58,71,45,58,-0.15338542,0.5929687
51,2014-10-12 18:15:00+00:00,2.073443,2.314197,2.314197,58,71,58,71,0.06875,0.58203125
51,2014-10-12 18:15:00+00:00,2.3274572,2.6172986,2.6172986,58,71,71,84,0.2833333,0.6
51,2014-10-12 18:15:00+00:00,2.7612438,2.6094944,2.6094944,58,71,84,97,0.4919271,0.590625
51,2014-10-12 18:15:00+00:00,2.9773645,2.2965126,2.2965126,58,71,97,110,0.7278646,0.58984375
51,2014-10-12 18:15:00+00:00,2.42016,2.3358572,2.3358572,58,71,110,121,0.9166666,0.6
51,2014-10-12 18:15:00+00:00,2.035672,2.370563,2.370563,71,81,110,121,0.9166666,0.8875
52,2014-10-23 17:55:00+00:00,3.492553,3.1433678,3.1433678,19,32,84,97,0.49635416,-0.37304688
52,2014-10-23 17:55:00+00:00,3.3801563,2.7151444,2.7151444,19,32,97,110,0.7166667,-0.375
52,2014-10-23 17:55:00+00:00,3.6039295,2.6721992,2.6721992,19,32,110,121,0.9166666,-0.375
52,2014-10-23 17:55:00+00:00,3.7986507,3.775742,3.775742,32,45,45,58,-0.15,-0.050000004
52,2014-10-23 17:55:00+00:00,3.0653436,3.4120865,3.4120865,32,45,84,97,0.4984375,-0.05234375
52,2014-10-23 17:55:00+00:00,3.1294718,2.903171,2.903171,32,45,97,110,0.7166667,-0.050000004
52,2014-10-23 17:55:00+00:00,2.8503313,2.838909,2.838909,32,45,110,121,0.9059896,-0.052734375
52,2014-10-23 17:55:00+00:00,4.3298535,3.4191136,3.4191136,45,58,6,19,-0.7934896,0.25625
52,2014-10-23 17:55:00+00:00,3.2407875,3.511899,3.511899,45,58,19,32,-0.5833333,0.275
52,2014-10-23 17:55:00+00:00,2.4478328,2.8630342,2.8630342,45,58,32,45,-0.36666667,0.275
52,2014-10-23 17:55:00+00:00,2.9541533,2.6593537,2.6593537,45,58,45,58,-0.15,0.275
52,2014-10-23 17:55:00+00:00,2.928253,2.8043358,2.8043358,45,58,58,71,0.07578125,0.27734375
52,2014-10-23 17:55:00+00:00,2.8692434,2.8381875,2.8381875,45,58,84,97,0.51484376,0.27695313
52,2014-10-23 17:55:00+00:00,2.6077394,2.61661,2.61661,45,58,97,110,0.7166667,0.275
52,2014-10-23 17:55:00+00:00,2.3980987,2.9119015,2.9119015,58,71,19,32,-0.5723958,0.5667969
52,2014-10-23 17:55:00+00:00,2.0385392,2.3658333,2.3658333,58,71,32,45,-0.36666667,0.6
52,2014-10-23 17:55:00+00:00,2.2263665,2.2489111,2.2489111,58,71,45,58,-0.15468751,0.5949219
52,2014-10-23 17:55:00+00:00,2.4181285,2.3698535,2.3698535,58,71,58,71,0.0671875,0.5847657
52,2014-10-23 17:55:00+00:00,2.505234,2.5387087,2.5387087,58,71,71,84,0.28697917,0.5980469
52,2014-10-23 17:55:00+00:00,2.5840495,2.4999766,2.4999766,58,71,84,97,0.4947917,0.5824219
52,2014-10-23 17:55:00+00:00,2.52283,2.3239055,2.3239055,58,71,97,110,0.7208333,0.5914062
52,2014-10-23 17:55:00+00:00,2.3001862,2.3807886,2.3807886,58,71,110,121,0.9106771,0.61328125
52,2014-10-23 17:55:00+00:00,2.1739511,2.541945,2.541945,71,81,110,121,0.9166666,0.8875
53,2014-10-26 18:25:00+00:00,3.330653,2.9672663,2.9672663,19,32,84,97,0.5,-0.375
53,2014-10-26 18:25:00+00:00,3.5294712,2.6660538,2.6660538,19,32,97,110,0.7166667,-0.375
53,2014-10-26 18:25:00+00:00,3.5637338,2.6858654,2.6858654,19,32,110,121,0.9166666,-0.375
53,2014-10-26 18:25:00+00:00,3.9061623,3.5998998,3.5998998,32,45,32,45,-0.35598958,-0.0296875
53,2014-10-26 18:25:00+00:00,3.4294143,3.3392582,3.3392582,32,45,45,58,-0.15,-0.050000004
53,2014-10-26 18:25:00+00:00,2.6535122,3.3457267,3.3457267,32,45,71,84,0.28229165,-0.039453126
53,2014-10-26 18:25:00+00:00,2.9812553,3.2346656,3.2346656,32,45,84,97,0.5,-0.050000004
53,2014-10-26 18:25:00+00:00,3.2194853,2.9011595,2.9011595,32,45,97,110,0.7166667,-0.050000004
53,2014-10-26 18:25:00+00:00,2.7204876,2.8754284,2.8754284,32,45,110,121,0.9166666,-0.050000004
53,2014-10-26 18:25:00+00:00,3.789022,3.13532,3.13532,45,58,6,19,-0.79296875,0.26601562
53,2014-10-26 18:25:00+00:00,2.57422,3.2835343,3.2835343,45,58,19,32,-0.5833333,0.275
53,2014-10-26 18:25:00+00:00,2.1360533,2.5641541,2.5641541,45,58,32,45,-0.3669271,0.27578124
53,2014-10-26 18:25:00+00:00,2.473821,2.407926,2.407926,45,58,45,58,-0.15,0.275
53,2014-10-26 18:25:00+00:00,2.9016325,2.4667425,2.4667425,45,58,58,71,0.061197914,0.27695313
53,2014-10-26 18:25:00+00:00,2.7268794,2.7792308,2.7792308,45,58,84,97,0.5132812,0.28320312
53,2014-10-26 18:25:00+00:00,2.689681,2.658393,2.658393,45,58,97,110,0.7166667,0.275
53,2014-10-26 18:25:00+00:00,2.465994,2.7328348,2.7328348,45,58,110,121,0.9166666,0.275
53,2014-10-26 18:25:00+00:00,3.2956705,2.7351246,2.7351246,58,71,19,32,-0.57890624,0.57773435
53,2014-10-26 18:25:00+00:00,1.8980167,2.1071465,2.1071465,58,71,32,45,-0.36666667,0.6
53,2014-10-26 18:25:00+00:00,2.0739722,2.0485094,2.0485094,58,71,45,58,-0.15130208,0.5992187
53,2014-10-26 18:25:00+00:00,2.261604,2.1215968,2.1215968,58,71,58,71,0.073697925,0.58867186
53,2014-10-26 18:25:00+00:00,2.4919896,2.3991616,2.3991616,58,71,71,84,0.2833333,0.6
53,2014-10-26 18:25:00+00:00,2.714114,2.4681761,2.4681761,58,71,84,97,0.49166667,0.5902344
53,2014-10-26 18:25:00+00:00,2.751654,2.3159668,2.3159668,58,71,97,110,0.7260417,0.5921875
53,2014-10-26 18:25:00+00:00,2.5080311,2.4472373,2.4472373,58,71,110,121,0.9166666,0.6
53,2014-10-26 18:25:00+00:00,2.1883013,2.4516256,2.4516256,71,81,32,45,-0.38645837,0.85546875
53,2014-10-26 18:25:00+00:00,2.71783,2.4116874,2.4116874,71,81,84,97,0.44599998,0.80700004
53,2014-10-26 18:25:00+00:00,2.6254282,2.2810748,2.2810748,71,81,97,110,0.7502604,0.8714844
53,2014-10-26 18:25:00+00:00,2.4827938,2.6441214,2.6441214,71,81,110,121,0.9166666,0.8875
54,2014-11-11 18:25:00+00:00,3.0510695,2.3889444,2.3889444,19,32,84,97,0.4955729,-0.36679688
54,2014-11-11 18:25:00+00:00,2.4124222,2.4071457,2.4071457,32,45,84,97,0.5,-0.050000004
54,2014-11-11 18:25:00+00:00,2.3833938,2.1297994,2.1297994,32,45,97,110,0.7166667,-0.050000004
54,2014-11-11 18:25:00+00:00,2.1469238,2.10784,2.10784,32,45,110,121,0.9140625,-0.047656253
54,2014-11-11 18:25:00+00:00,1.5099757,2.1418242,2.1418242,45,58,45,58,-0.14166667,0.26484373
54,2014-11-11 18:25:00+00:00,2.0171044,2.0411115,2.0411115,45,58,97,110,0.7166667,0.275
54,2014-11-11 18:25:00+00:00,2.1263123,2.0916545,2.0916545,45,58,110,121,0.9166666,0.275
54,2014-11-11 18:25:00+00:00,1.9954071,2.0056584,2.0056584,58,71,71,84,0.2833333,0.6
54,2014-11-11 18:25:00+00:00,2.1692312,1.9729614,1.9729614,58,71,84,97,0.48489583,0.5890625
54,2014-11-11 18:25:00+00:00,2.2111278,1.8776572,1.8776572,58,71,97,110,0.72760415,0.5914062
54,2014-11-11 18:25:00+00:00,2.1484299,1.9526231,1.9526231,58,71,110,121,0.9166666,0.6
54,2014-11-11 18:25:00+00:00,2.0575402,1.9852062,1.9852062,71,81,110,121,0.9166666,0.8875
55,2015-05-01 18:01:00+00:00,1.8256803,1.9337876,1.9337876,19,32,84,97,0.5,-0.375
55,2015-05-01 18:01:00+00:00,1.7926356,1.7640463,1.7640463,19,32,97,110,0.7166667,-0.375
55,2015-05-01 18:01:00+00:00,1.9734336,1.781618,1.781618,19,32,110,121,0.9166666,-0.375
55,2015-05-01 18:01:00+00:00,3.322193,2.7279768,2.7279768,32,45,32,45,-0.35729167,-0.036328126
55,2015-05-01 18:01:00+00:00,2.300944,2.4681208,2.4681208,32,45,45,58,-0.15,-0.050000004
55,2015-05-01 18:01:00+00:00,1.8489875,2.1055062,2.1055062,32,45,71,84,0.28177083,-0.046484374
55,2015-05-01 18:01:00+00:00,1.7149464,1.8891155,1.8891155,32,45,84,97,0.50364584,-0.051953126
55,2015-05-01 18:01:00+00:00,1.8032299,1.6883221,1.6883221,32,45,97,110,0.7166667,-0.050000004
55,2015-05-01 18:01:00+00:00,1.8598912,1.7056262,1.7056262,32,45,110,121,0.9166666,-0.050000004
55,2015-05-01 18:01:00+00:00,2.056642,2.3264704,2.3264704,45,58,32,45,-0.3614583,0.27304685
55,2015-05-01 18:01:00+00:00,2.0407112,2.1724026,2.1724026,45,58,45,58,-0.15,0.275
55,2015-05-01 18:01:00+00:00,2.0669477,2.1026871,2.1026871,45,58,58,71,0.06666666,0.275
55,2015-05-01 18:01:00+00:00,1.9062855,1.8428116,1.8428116,45,58,97,110,0.71380204,0.2613281
55,2015-05-01 18:01:00+00:00,1.9646468,1.8851967,1.8851967,45,58,110,121,0.92291665,0.26523435
55,2015-05-01 18:01:00+00:00,2.3057837,2.1131315,2.1131315,58,71,32,45,-0.36015624,0.5917969
55,2015-05-01 18:01:00+00:00,2.0317492,2.039911,2.039911,58,71,45,58,-0.15416667,0.5890625
55,2015-05-01 18:01:00+00:00,2.1845737,1.9877038,1.9877038,58,71,58,71,0.057812504,0.59765625
55,2015-05-01 18:01:00+00:00,2.2566762,1.9758344,1.9758344,58,71,71,84,0.27682292,0.59648436
55,2015-05-01 18:01:00+00:00,2.1229327,1.8936405,1.8936405,58,71,84,97,0.4921875,0.5835937
55,2015-05-01 18:01:00+00:00,1.9824471,1.8464539,1.8464539,58,71,110,121,0.9166666,0.6015625
55,2015-05-01 18:01:00+00:00,1.9873992,1.7621214,1.7621214,71,81,110,121,0.9184896,0.8863281
56,2015-05-01 18:05:00+00:00,1.8256803,1.9375856,1.9375856,19,32,84,97,0.5,-0.375
56,2015-05-01 18:05:00+00:00,1.7926356,1.7868024,1.7868024,19,32,97,110,0.7166667,-0.375
56,2015-05-01 18:05:00+00:00,1.9734336,1.8245747,1.8245747,19,32,110,121,0.9166666,-0.375
56,2015-05-01 18:05:00+00:00,3.322193,2.7027402,2.7027402,32,45,32,45,-0.35729167,-0.036328126
56,2015-05-01 18:05:00+00:00,2.300944,2.4246643,2.4246643,32,45,45,58,-0.15,-0.050000004
56,2015-05-01 18:05:00+00:00,1.8489875,2.109949,2.109949,32,45,71,84,0.28177083,-0.046484374
56,2015-05-01 18:05:00+00:00,1.7149464,1.9215217,1.9215217,32,45,84,97,0.50364584,-0.051953126
56,2015-05-01 18:05:00+00:00,1.8032299,1.7362648,1.7362648,32,45,97,110,0.7166667,-0.050000004
56,2015-05-01 18:05:00+00:00,1.8598912,1.7646898,1.7646898,32,45,110,121,0.9166666,-0.050000004
56,2015-05-01 18:05:00+00:00,1.9801726,2.3104873,2.3104873,45,58,32,45,-0.359375,0.26718748
56,2015-05-01 18:05:00+00:00,2.0203488,2.1225889,2.1225889,45,58,45,58,-0.15,0.275
56,2015-05-01 18:05:00+00:00,2.0637703,2.0449662,2.0449662,45,58,58,71,0.06666666,0.275
56,2015-05-01 18:05:00+00:00,1.9062855,1.904109,1.904109,45,58,97,110,0.71380204,0.2613281
56,2015-05-01 18:05:00+00:00,1.9646468,1.9635742,1.9635742,45,58,110,121,0.92291665,0.26523435
56,2015-05-01 18:05:00+00:00,2.1610112,1.9047339,1.9047339,58,71,58,71,0.057812504,0.59765625
56,2015-05-01 18:05:00+00:00,2.1927028,1.974134,1.974134,58,71,71,84,0.28437498,0.5925781
56,2015-05-01 18:05:00+00:00,2.0235596,1.9124255,1.9124255,58,71,84,97,0.48828125,0.57851565
56,2015-05-01 18:05:00+00:00,1.9830735,1.896962,1.896962,58,71,110,121,0.9166666,0.6015625
56,2015-05-01 18:05:00+00:00,1.960063,1.8104755,1.8104755,71,81,110,121,0.9184896,0.884375
57,2015-05-01 18:10:00+00:00,2.3535407,2.4517846,2.4517846,58,71,32,45,-0.36015624,0.5917969
57,2015-05-01 18:10:00+00:00,2.0692613,2.2467847,2.2467847,58,71,45,58,-0.15416667,0.58554685
57,2015-05-01 18:10:00+00:00,2.0127106,2.1092904,2.1092904,71,81,110,121,0.9184896,0.8863281
58,2015-05-02 18:50:00+00:00,2.0004518,2.1123657,2.1123657,19,32,84,97,0.5,-0.375
58,2015-05-02 18:50:00+00:00,1.8033556,1.9245793,1.9245793,19,32,97,110,0.7166667,-0.375
58,2015-05-02 18:50:00+00:00,1.9381386,1.9294053,1.9294053,19,32,110,121,0.9166666,-0.375
58,2015-05-02 18:50:00+00:00,3.6174908,3.0960279,3.0960279,32,45,32,45,-0.36458334,-0.040625
58,2015-05-02 18:50:00+00:00,2.6284752,2.7404075,2.7404075,32,45,45,58,-0.15,-0.050000004
58,2015-05-02 18:50:00+00:00,1.8045694,2.0842834,2.0842834,32,45,84,97,0.5,-0.050000004
58,2015-05-02 18:50:00+00:00,1.8908485,1.8660543,1.8660543,32,45,97,110,0.7166667,-0.050000004
58,2015-05-02 18:50:00+00:00,1.9535898,1.862648,1.862648,32,45,110,121,0.9166666,-0.050000004
58,2015-05-02 18:50:00+00:00,2.1064317,2.971054,2.971054,45,58,19,32,-0.5833333,0.275
58,2015-05-02 18:50:00+00:00,2.0920787,2.499676,2.499676,45,58,32,45,-0.37187502,0.27734375
58,2015-05-02 18:50:00+00:00,2.0899346,2.3025744,2.3025744,45,58,45,58,-0.15,0.275
58,2015-05-02 18:50:00+00:00,2.152935,2.2284012,2.2284012,45,58,58,71,0.06666666,0.275
58,2015-05-02 18:50:00+00:00,2.1137764,2.1288831,2.1288831,45,58,71,84,0.26822916,0.28984374
58,2015-05-02 18:50:00+00:00,2.0037296,1.9847645,1.9847645,45,58,97,110,0.7166667,0.275
58,2015-05-02 18:50:00+00:00,2.115818,2.0319684,2.0319684,45,58,110,121,0.9166666,0.275
58,2015-05-02 18:50:00+00:00,2.4159274,2.2497346,2.2497346,58,71,32,45,-0.36666667,0.6
58,2015-05-02 18:50:00+00:00,2.2167475,2.1564977,2.1564977,58,71,45,58,-0.153125,0.5902344
58,2015-05-02 18:50:00+00:00,2.2372203,2.0473788,2.0473788,58,71,58,71,0.07083333,0.578125
58,2015-05-02 18:50:00+00:00,2.3835573,2.078024,2.078024,58,71,71,84,0.28307295,0.5992187
58,2015-05-02 18:50:00+00:00,2.1240528,1.9868801,1.9868801,58,71,84,97,0.4940104,0.5902344
58,2015-05-02 18:50:00+00:00,1.9556779,1.883151,1.883151,58,71,97,110,0.73125005,0.5882813
58,2015-05-02 18:50:00+00:00,2.0201776,1.953578,1.953578,58,71,110,121,0.9166666,0.6
58,2015-05-02 18:50:00+00:00,2.077196,1.8938125,1.8938125,71,81,110,121,0.9166666,0.8875
59,2015-05-03 17:55:00+00:00,1.6029693,1.5920728,1.5920728,19,32,97,110,0.7195313,-0.36249998
59,2015-05-03 17:55:00+00:00,1.7051548,1.6253194,1.6253194,19,32,110,121,0.914323,-0.36914062
59,2015-05-03 17:55:00+00:00,1.6081158,1.6826237,1.6826237,32,45,84,97,0.5057292,-0.05234375
59,2015-05-03 17:55:00+00:00,1.6358383,1.5053144,1.5053144,32,45,97,110,0.7166667,-0.050000004
59,2015-05-03 17:55:00+00:00,1.7173892,1.5182248,1.5182248,32,45,110,121,0.9166666,-0.050000004
59,2015-05-03 17:55:00+00:00,2.1464133,2.7865493,2.7865493,45,58,19,32,-0.57656246,0.27890626
59,2015-05-03 17:55:00+00:00,2.0808594,2.3248737,2.3248737,45,58,32,45,-0.3643229,0.27734375
59,2015-05-03 17:55:00+00:00,2.0510216,2.0961049,2.0961049,45,58,45,58,-0.15390626,0.28515625
59,2015-05-03 17:55:00+00:00,2.0720778,2.01776,2.01776,45,58,58,71,0.0671875,0.275
59,2015-05-03 17:55:00+00:00,1.7374728,1.7154584,1.7154584,45,58,97,110,0.7166667,0.275
59,2015-05-03 17:55:00+00:00,1.8417889,1.7517368,1.7517368,45,58,110,121,0.9166666,0.275
59,2015-05-03 17:55:00+00:00,2.314966,2.1751482,2.1751482,58,71,32,45,-0.37161458,0.59335935
59,2015-05-03 17:55:00+00:00,2.2759683,1.904148,1.904148,58,71,71,84,0.28802085,0.5902344
59,2015-05-03 17:55:00+00:00,1.7852315,1.7009331,1.7009331,58,71,110,121,0.9166666,0.6
59,2015-05-03 17:55:00+00:00,1.8654001,1.5596613,1.5596613,71,81,110,121,0.9184896,0.8863281
60,2015-05-07 19:10:00+00:00,2.299078,2.1957335,2.1957335,19,32,84,97,0.4997396,-0.37578124
60,2015-05-07 19:10:00+00:00,1.932857,1.8972065,1.8972065,19,32,97,110,0.7166667,-0.375
60,2015-05-07 19:10:00+00:00,2.3758714,1.897379,1.897379,19,32,110,121,0.9166666,-0.375
60,2015-05-07 19:10:00+00:00,2.8510416,3.470019,3.470019,32,45,32,45,-0.36354166,-0.0375
60,2015-05-07 19:10:00+00:00,2.9101408,2.9858315,2.9858315,32,45,45,58,-0.15,-0.050000004
60,2015-05-07 19:10:00+00:00,2.150442,2.5564053,2.5564053,32,45,71,84,0.2825521,-0.04609375
60,2015-05-07 19:10:00+00:00,1.8128194,2.1724398,2.1724398,32,45,84,97,0.50677085,-0.05234375
60,2015-05-07 19:10:00+00:00,1.7745743,1.8446538,1.8446538,32,45,97,110,0.7166667,-0.050000004
60,2015-05-07 19:10:00+00:00,1.7954227,1.8167175,1.8167175,32,45,110,121,0.9166666,-0.050000004
60,2015-05-07 19:10:00+00:00,2.4058733,3.2138855,3.2138855,45,58,19,32,-0.5833333,0.275
60,2015-05-07 19:10:00+00:00,2.2868385,2.6715825,2.6715825,45,58,32,45,-0.37187502,0.27734375
60,2015-05-07 19:10:00+00:00,2.168844,2.3921785,2.3921785,45,58,45,58,-0.15,0.275
60,2015-05-07 19:10:00+00:00,2.0602775,2.3509853,2.3509853,45,58,58,71,0.06666666,0.275
60,2015-05-07 19:10:00+00:00,1.8680514,1.9219073,1.9219073,45,58,97,110,0.7166667,0.275
60,2015-05-07 19:10:00+00:00,1.9090581,1.9505522,1.9505522,45,58,110,121,0.9166666,0.275
60,2015-05-07 19:10:00+00:00,2.1548762,2.3381357,2.3381357,58,71,32,45,-0.36666667,0.6
60,2015-05-07 19:10:00+00:00,2.4753475,2.1967525,2.1967525,58,71,45,58,-0.15807292,0.5878906
60,2015-05-07 19:10:00+00:00,2.443185,2.1323907,2.1323907,58,71,58,71,0.069791675,0.57773435
60,2015-05-07 19:10:00+00:00,2.4048274,2.1392176,2.1392176,58,71,71,84,0.28307295,0.5992187
60,2015-05-07 19:10:00+00:00,2.3376076,1.9937798,1.9937798,58,71,84,97,0.48958334,0.5828125
60,2015-05-07 19:10:00+00:00,1.8082231,1.8404865,1.8404865,58,71,110,121,0.9166666,0.6
60,2015-05-07 19:10:00+00:00,1.8178039,1.7662922,1.7662922,71,81,110,121,0.9184896,0.8863281
61,2015-05-11 18:45:00+00:00,1.942905,1.961703,1.961703,19,32,97,110,0.7169271,-0.375
61,2015-05-11 18:45:00+00:00,2.035278,1.955029,1.955029,19,32,110,121,0.9192708,-0.37578124
61,2015-05-11 18:45:00+00:00,1.9723629,2.1859758,2.1859758,32,45,84,97,0.5057292,-0.05234375
61,2015-05-11 18:45:00+00:00,1.8981153,1.9047816,1.9047816,32,45,97,110,0.7166667,-0.050000004
61,2015-05-11 18:45:00+00:00,1.839012,1.8886586,1.8886586,32,45,110,121,0.9166666,-0.050000004
61,2015-05-11 18:45:00+00:00,2.1909184,2.2550278,2.2550278,45,58,58,71,0.07083334,0.28359377
61,2015-05-11 18:45:00+00:00,2.072168,2.0198278,2.0198278,45,58,97,110,0.7166667,0.275
61,2015-05-11 18:45:00+00:00,1.9146749,2.0606375,2.0606375,45,58,110,121,0.9166666,0.275
61,2015-05-11 18:45:00+00:00,2.335428,2.1384625,2.1384625,58,71,71,84,0.2833333,0.6
61,2015-05-11 18:45:00+00:00,2.2268329,2.0597994,2.0597994,58,71,84,97,0.4919271,0.590625
61,2015-05-11 18:45:00+00:00,2.1166432,1.8765206,1.8765206,58,71,97,110,0.73125,0.5894531
61,2015-05-11 18:45:00+00:00,1.8841166,1.9510605,1.9510605,58,71,110,121,0.9166666,0.6
61,2015-05-11 18:45:00+00:00,1.9228983,1.8948793,1.8948793,71,81,110,121,0.9166666,0.8875
62,2015-05-23 19:10:00+00:00,2.5009995,2.2429676,2.2429676,19,32,84,97,0.5,-0.375
62,2015-05-23 19:10:00+00:00,1.8911369,1.9357873,1.9357873,19,32,97,110,0.7166667,-0.375
62,2015-05-23 19:10:00+00:00,1.9588141,1.9221104,1.9221104,19,32,110,121,0.9166666,-0.375
62,2015-05-23 19:10:00+00:00,2.984697,3.1530495,3.1530495,32,45,32,45,-0.35755205,-0.03515625
62,2015-05-23 19:10:00+00:00,2.3265097,2.828589,2.828589,32,45,45,58,-0.15,-0.050000004
62,2015-05-23 19:10:00+00:00,2.1096416,2.252902,2.252902,32,45,84,97,0.5,-0.050000004
62,2015-05-23 19:10:00+00:00,1.9485424,1.8927785,1.8927785,32,45,97,110,0.7166667,-0.050000004
62,2015-05-23 19:10:00+00:00,1.8194618,1.8575951,1.8575951,32,45,110,121,0.9166666,-0.050000004
62,2015-05-23 19:10:00+00:00,2.266602,2.9252,2.9252,45,58,19,32,-0.5833333,0.275
62,2015-05-23 19:10:00+00:00,2.091668,2.4013133,2.4013133,45,58,32,45,-0.36666667,0.275
62,2015-05-23 19:10:00+00:00,2.1508436,2.230463,2.230463,45,58,45,58,-0.15,0.275
62,2015-05-23 19:10:00+00:00,2.139596,2.2955482,2.2955482,45,58,58,71,0.06666666,0.275
62,2015-05-23 19:10:00+00:00,1.972742,1.9165453,1.9165453,45,58,97,110,0.7166667,0.275
62,2015-05-23 19:10:00+00:00,1.7753584,1.9382553,1.9382553,45,58,110,121,0.9166666,0.275
62,2015-05-23 19:10:00+00:00,1.8845344,2.0927415,2.0927415,58,71,32,45,-0.36666667,0.6
62,2015-05-23 19:10:00+00:00,2.1261528,2.005281,2.005281,58,71,45,58,-0.15572917,0.5890625
62,2015-05-23 19:10:00+00:00,2.253743,2.0859432,2.0859432,58,71,71,84,0.28854167,0.59765625
62,2015-05-23 19:10:00+00:00,2.243826,1.972186,1.972186,58,71,84,97,0.49140626,0.58554685
62,2015-05-23 19:10:00+00:00,1.7719877,1.7352633,1.7352633,58,71,97,110,0.7369791,0.5890625
62,2015-05-23 19:10:00+00:00,1.667953,1.8166347,1.8166347,58,71,110,121,0.9166666,0.6
62,2015-05-23 19:10:00+00:00,1.5398251,1.7672659,1.7672659,71,81,110,121,0.9166666,0.8875
63,2015-06-03 18:50:00+00:00,2.6297207,2.43153,2.43153,32,45,110,121,0.9216146,-0.06679688
63,2015-06-03 18:50:00+00:00,2.1641731,2.3362465,2.3362465,45,58,58,71,0.068749994,0.2746094
63,2015-06-03 18:50:00+00:00,2.147626,2.393256,2.393256,45,58,71,84,0.26328126,0.290625
63,2015-06-03 18:50:00+00:00,2.5875096,2.505338,2.505338,45,58,97,110,0.7104167,0.290625
63,2015-06-03 18:50:00+00:00,2.302183,2.5314093,2.5314093,45,58,110,121,0.9242188,0.27734375
63,2015-06-03 18:50:00+00:00,2.5099435,2.1888669,2.1888669,58,71,32,45,-0.36640623,0.59882814
63,2015-06-03 18:50:00+00:00,2.2841058,2.080859,2.080859,58,71,45,58,-0.15338542,0.5929687
63,2015-06-03 18:50:00+00:00,2.2788305,2.0402162,2.0402162,58,71,58,71,0.06666666,0.5824219
63,2015-06-03 18:50:00+00:00,2.4270768,2.316391,2.316391,58,71,71,84,0.2833333,0.6
63,2015-06-03 18:50:00+00:00,2.5642922,2.3333943,2.3333943,58,71,84,97,0.49635416,0.5914062
63,2015-06-03 18:50:00+00:00,2.8173113,2.1986573,2.1986573,58,71,97,110,0.7317709,0.5882813
63,2015-06-03 18:50:00+00:00,2.2712264,2.3458872,2.3458872,58,71,110,121,0.9166666,0.6
63,2015-06-03 18:50:00+00:00,2.3669286,2.4332292,2.4332292,71,81,110,121,0.9166666,0.8875
64,2015-06-10 18:55:00+00:00,3.0547318,2.161078,2.161078,19,32,84,97,0.509375,-0.35898435
64,2015-06-10 18:55:00+00:00,2.1327298,1.9436834,1.9436834,19,32,97,110,0.7166667,-0.375
64,2015-06-10 18:55:00+00:00,2.100977,1.951755,1.951755,19,32,110,121,0.9166666,-0.375
64,2015-06-10 18:55:00+00:00,2.04776,2.574805,2.574805,32,45,71,84,0.278125,-0.040625002
64,2015-06-10 18:55:00+00:00,2.0724502,2.219768,2.219768,32,45,84,97,0.5057292,-0.05234375
64,2015-06-10 18:55:00+00:00,2.0577219,1.8882096,1.8882096,32,45,97,110,0.7166667,-0.050000004
64,2015-06-10 18:55:00+00:00,1.9680381,1.874547,1.874547,32,45,110,121,0.9166666,-0.050000004
64,2015-06-10 18:55:00+00:00,3.2965775,3.2090287,3.2090287,45,58,19,32,-0.5833333,0.275
64,2015-06-10 18:55:00+00:00,2.3936079,2.6532574,2.6532574,45,58,32,45,-0.36666667,0.275
64,2015-06-10 18:55:00+00:00,2.2565622,2.4390259,2.4390259,45,58,45,58,-0.15,0.275
64,2015-06-10 18:55:00+00:00,2.2453666,2.3681715,2.3681715,45,58,58,71,0.06979167,0.27929688
64,2015-06-10 18:55:00+00:00,1.9696628,1.9703151,1.9703151,45,58,97,110,0.7166667,0.275
64,2015-06-10 18:55:00+00:00,1.9876608,2.0122278,2.0122278,45,58,110,121,0.9166666,0.275
64,2015-06-10 18:55:00+00:00,2.7346199,2.3586397,2.3586397,58,71,32,45,-0.36666667,0.6
64,2015-06-10 18:55:00+00:00,2.3314004,2.2266536,2.2266536,58,71,45,58,-0.15468751,0.5882813
64,2015-06-10 18:55:00+00:00,2.0292633,2.2008543,2.2008543,58,71,71,84,0.2833333,0.6
64,2015-06-10 18:55:00+00:00,2.298115,2.060968,2.060968,58,71,84,97,0.4947917,0.5882813
64,2015-06-10 18:55:00+00:00,1.8842621,1.9133468,1.9133468,58,71,110,121,0.9166666,0.6
64,2015-06-10 18:55:00+00:00,1.9387637,1.8321012,1.8321012,71,81,110,121,0.9166666,0.8875
65,2015-07-20 18:05:00+00:00,2.4780288,2.9137878,2.9137878,19,32,84,97,0.5002604,-0.39609376
65,2015-07-20 18:05:00+00:00,4.4149203,4.6575937,4.6575937,32,45,32,45,-0.36640623,-0.038671877
65,2015-07-20 18:05:00+00:00,3.9100795,3.9821343,3.9821343,32,45,45,58,-0.15,-0.050000004
65,2015-07-20 18:05:00+00:00,4.02874,4.163279,4.163279,45,58,19,32,-0.5833333,0.275
65,2015-07-20 18:05:00+00:00,3.9878983,3.371981,3.371981,45,58,32,45,-0.36640623,0.27578124
65,2015-07-20 18:05:00+00:00,2.0340278,2.8810575,2.8810575,45,58,45,58,-0.15,0.275
65,2015-07-20 18:05:00+00:00,2.474942,2.9615164,2.9615164,45,58,58,71,0.06666666,0.275
65,2015-07-20 18:05:00+00:00,3.0445657,3.568435,3.568435,58,71,19,32,-0.5671874,0.56875
65,2015-07-20 18:05:00+00:00,2.0492966,2.7354546,2.7354546,58,71,32,45,-0.36666667,0.6
65,2015-07-20 18:05:00+00:00,1.9830865,2.350725,2.350725,58,71,45,58,-0.15416667,0.5929687
65,2015-07-20 18:05:00+00:00,1.969413,2.4663155,2.4663155,58,71,58,71,0.075,0.5835937
65,2015-07-20 18:05:00+00:00,2.069771,2.7309384,2.7309384,58,71,71,84,0.28541666,0.5949218
65,2015-07-20 18:05:00+00:00,2.2557504,2.617413,2.617413,58,71,84,97,0.49114585,0.59101564
66,2015-07-21 18:50:00+00:00,3.2085643,3.1649814,3.1649814,19,32,84,97,0.4992188,-0.37578124
66,2015-07-21 18:50:00+00:00,2.141988,2.6037722,2.6037722,19,32,97,110,0.70703125,-0.37773436
66,2015-07-21 18:50:00+00:00,4.299284,4.7567205,4.7567205,32,45,32,45,-0.36484376,-0.04804688
66,2015-07-21 18:50:00+00:00,4.110862,4.1561756,4.1561756,32,45,45,58,-0.15,-0.050000004
66,2015-07-21 18:50:00+00:00,4.4858265,4.2629113,4.2629113,32,45,58,71,0.058072917,-0.05078125
66,2015-07-21 18:50:00+00:00,4.287209,3.8946354,3.8946354,32,45,71,84,0.28020835,-0.0421875
66,2015-07-21 18:50:00+00:00,2.125774,2.6050477,2.6050477,32,45,110,121,0.9166666,-0.050000004
66,2015-07-21 18:50:00+00:00,4.5661364,4.0027013,4.0027013,45,58,6,19,-0.7838541,0.26484376
66,2015-07-21 18:50:00+00:00,4.3184776,4.2210245,4.2210245,45,58,19,32,-0.5833333,0.275
66,2015-07-21 18:50:00+00:00,3.3636029,3.483917,3.483917,45,58,32,45,-0.37109375,0.28710938
66,2015-07-21 18:50:00+00:00,2.8084104,3.0984943,3.0984943,45,58,45,58,-0.1484375,0.27578124
66,2015-07-21 18:50:00+00:00,3.260794,3.287218,3.287218,45,58,58,71,0.06666666,0.275
66,2015-07-21 18:50:00+00:00,3.852759,3.1738822,3.1738822,45,58,71,84,0.2671875,0.28828123
66,2015-07-21 18:50:00+00:00,3.32891,2.6535537,2.6535537,45,58,97,110,0.7166667,0.275
66,2015-07-21 18:50:00+00:00,2.2261133,2.5967102,2.5967102,45,58,110,121,0.9166666,0.275
66,2015-07-21 18:50:00+00:00,3.7507446,3.690128,3.690128,58,71,19,32,-0.5703125,0.56601566
66,2015-07-21 18:50:00+00:00,2.5568466,2.9196603,2.9196603,58,71,32,45,-0.37057292,0.596875
66,2015-07-21 18:50:00+00:00,2.5551414,2.645919,2.645919,58,71,45,58,-0.15078126,0.5917969
66,2015-07-21 18:50:00+00:00,2.5366259,2.8311667,2.8311667,58,71,58,71,0.07057292,0.5792968
66,2015-07-21 18:50:00+00:00,2.4162862,2.988941,2.988941,58,71,71,84,0.28307292,0.5953125
66,2015-07-21 18:50:00+00:00,2.4411514,2.8555622,2.8555622,58,71,84,97,0.49088544,0.590625
66,2015-07-21 18:50:00+00:00,2.2619786,2.3424387,2.3424387,58,71,110,121,0.9166666,0.6
66,2015-07-21 18:50:00+00:00,2.3117952,2.4224524,2.4224524,71,81,110,121,0.9166666,0.8875
67,2015-07-23 18:35:00+00:00,3.8166294,3.246782,3.246782,19,32,84,97,0.5026042,-0.3785156
67,2015-07-23 18:35:00+00:00,2.4563706,2.6346574,2.6346574,19,32,97,110,0.7166667,-0.375
67,2015-07-23 18:35:00+00:00,2.1831222,2.505942,2.505942,19,32,110,121,0.9166666,-0.375
67,2015-07-23 18:35:00+00:00,4.446117,4.8816953,4.8816953,32,45,32,45,-0.36640623,-0.038671877
67,2015-07-23 18:35:00+00:00,4.07484,4.2279496,4.2279496,32,45,45,58,-0.15,-0.050000004
67,2015-07-23 18:35:00+00:00,4.3466015,4.136862,4.136862,32,45,71,84,0.27526042,-0.041796878
67,2015-07-23 18:35:00+00:00,3.6647348,3.6497855,3.6497855,32,45,84,97,0.50703126,-0.051953126
67,2015-07-23 18:35:00+00:00,2.3841007,2.9694712,2.9694712,32,45,97,110,0.7166667,-0.050000004
67,2015-07-23 18:35:00+00:00,2.0193446,2.7256784,2.7256784,32,45,110,121,0.9166666,-0.050000004
67,2015-07-23 18:35:00+00:00,3.717926,4.1550307,4.1550307,45,58,19,32,-0.5825521,0.2734375
67,2015-07-23 18:35:00+00:00,2.8304431,3.3830273,3.3830273,45,58,32,45,-0.3578125,0.26757812
67,2015-07-23 18:35:00+00:00,2.6487916,2.9080389,2.9080389,45,58,45,58,-0.15,0.275
67,2015-07-23 18:35:00+00:00,2.8549078,3.1607852,3.1607852,45,58,58,71,0.06666666,0.275
67,2015-07-23 18:35:00+00:00,3.596573,3.0844605,3.0844605,45,58,71,84,0.2658854,0.2875
67,2015-07-23 18:35:00+00:00,3.4343054,2.6713443,2.6713443,45,58,97,110,0.7166667,0.275
67,2015-07-23 18:35:00+00:00,2.107269,2.569399,2.569399,45,58,110,121,0.9166666,0.275
67,2015-07-23 18:35:00+00:00,2.0429437,2.6283412,2.6283412,58,71,32,45,-0.36093748,0.59765625
67,2015-07-23 18:35:00+00:00,2.3762999,2.301812,2.301812,58,71,45,58,-0.15390626,0.5902344
67,2015-07-23 18:35:00+00:00,2.4762962,2.529457,2.529457,58,71,58,71,0.06848958,0.58164066
67,2015-07-23 18:35:00+00:00,2.5555024,2.813976,2.813976,58,71,71,84,0.2833333,0.6
67,2015-07-23 18:35:00+00:00,2.7314892,2.7142355,2.7142355,58,71,84,97,0.49765626,0.5914062
67,2015-07-23 18:35:00+00:00,2.7368267,2.2394261,2.2394261,58,71,97,110,0.7291666,0.59023434
67,2015-07-23 18:35:00+00:00,2.3281329,2.2082863,2.2082863,58,71,110,121,0.9166666,0.6
67,2015-07-23 18:35:00+00:00,2.0979202,2.371273,2.371273,71,81,110,121,0.9166666,0.8875
68,2015-07-27 16:26:00+00:00,3.4155912,3.311273,3.311273,19,32,84,97,0.5,-0.375
68,2015-07-27 16:26:00+00:00,1.9335877,2.6320105,2.6320105,19,32,97,110,0.7166667,-0.375
68,2015-07-27 16:26:00+00:00,1.9486804,2.5313184,2.5313184,19,32,110,121,0.91536456,-0.3738281
68,2015-07-27 16:26:00+00:00,4.245276,4.654316,4.654316,32,45,32,45,-0.3645833,-0.03984375
68,2015-07-27 16:26:00+00:00,3.8315663,4.0721836,4.0721836,32,45,45,58,-0.15,-0.050000004
68,2015-07-27 16:26:00+00:00,4.186181,4.3235536,4.3235536,32,45,58,71,0.058593754,-0.050000004
68,2015-07-27 16:26:00+00:00,4.3840837,4.1922293,4.1922293,32,45,71,84,0.27942708,-0.045703128
68,2015-07-27 16:26:00+00:00,4.154961,3.701887,3.701887,32,45,84,97,0.5,-0.050000004
68,2015-07-27 16:26:00+00:00,1.9740261,3.0027277,3.0027277,32,45,97,110,0.7166667,-0.050000004
68,2015-07-27 16:26:00+00:00,1.6547902,2.7653315,2.7653315,32,45,110,121,0.9166666,-0.050000004
68,2015-07-27 16:26:00+00:00,4.3305244,3.6655614,3.6655614,45,58,6,19,-0.7838541,0.2609375
68,2015-07-27 16:26:00+00:00,3.2519906,3.8521872,3.8521872,45,58,19,32,-0.5833333,0.275
68,2015-07-27 16:26:00+00:00,1.8264225,2.9715056,2.9715056,45,58,32,45,-0.36666667,0.275
68,2015-07-27 16:26:00+00:00,1.9551067,2.573479,2.573479,45,58,45,58,-0.15,0.275
68,2015-07-27 16:26:00+00:00,2.615903,2.8676062,2.8676062,45,58,58,71,0.06666666,0.275
68,2015-07-27 16:26:00+00:00,3.8978217,2.8537846,2.8537846,45,58,71,84,0.26666665,0.28945312
68,2015-07-27 16:26:00+00:00,3.4409058,2.918216,2.918216,45,58,84,97,0.51145834,0.28164065
68,2015-07-27 16:26:00+00:00,2.5243697,2.518802,2.518802,45,58,97,110,0.7166667,0.275
68,2015-07-27 16:26:00+00:00,1.7901424,2.4391255,2.4391255,45,58,110,121,0.9166666,0.275
68,2015-07-27 16:26:00+00:00,2.3958592,3.0576887,3.0576887,58,71,19,32,-0.56953126,0.56875
68,2015-07-27 16:26:00+00:00,1.7252223,2.1802552,2.1802552,58,71,32,45,-0.36666667,0.6
68,2015-07-27 16:26:00+00:00,1.7665714,1.9374107,1.9374107,58,71,45,58,-0.15130208,0.5917969
68,2015-07-27 16:26:00+00:00,1.7957556,2.1765566,2.1765566,58,71,58,71,0.072916664,0.5796875
68,2015-07-27 16:26:00+00:00,1.9734596,2.534075,2.534075,58,71,71,84,0.2833333,0.6
68,2015-07-27 16:26:00+00:00,1.7800115,2.4750445,2.4750445,58,71,84,97,0.49088544,0.58984375
68,2015-07-27 16:26:00+00:00,2.3131938,2.0355866,2.0355866,58,71,97,110,0.72526044,0.5902344
68,2015-07-27 16:26:00+00:00,2.0518117,2.017767,2.017767,58,71,110,121,0.9166666,0.6
68,2015-07-27 16:26:00+00:00,1.9766374,2.2351758,2.2351758,71,81,110,121,0.9166666,0.8875
70,2015-07-27 18:15:00+00:00,3.3885014,3.25475,3.25475,19,32,84,97,0.5,-0.375
70,2015-07-27 18:15:00+00:00,1.8612838,2.6329217,2.6329217,19,32,97,110,0.7151042,-0.36796874
70,2015-07-27 18:15:00+00:00,4.245276,4.566609,4.566609,32,45,32,45,-0.3645833,-0.03984375
70,2015-07-27 18:15:00+00:00,3.8315663,4.044059,4.044059,32,45,45,58,-0.15,-0.050000004
70,2015-07-27 18:15:00+00:00,4.186181,4.3041024,4.3041024,32,45,58,71,0.058593754,-0.050000004
70,2015-07-27 18:15:00+00:00,4.3840837,4.1094894,4.1094894,32,45,71,84,0.27942708,-0.045703128
70,2015-07-27 18:15:00+00:00,4.154961,3.5704718,3.5704718,32,45,84,97,0.5,-0.050000004
70,2015-07-27 18:15:00+00:00,1.9740261,2.8889074,2.8889074,32,45,97,110,0.7166667,-0.050000004
70,2015-07-27 18:15:00+00:00,1.6547902,2.700804,2.700804,32,45,110,121,0.9166666,-0.050000004
70,2015-07-27 18:15:00+00:00,4.3305244,3.5669017,3.5669017,45,58,6,19,-0.7838541,0.2609375
70,2015-07-27 18:15:00+00:00,3.2519906,3.7337627,3.7337627,45,58,19,32,-0.5833333,0.275
70,2015-07-27 18:15:00+00:00,1.8264225,2.90808,2.90808,45,58,32,45,-0.36666667,0.275
70,2015-07-27 18:15:00+00:00,1.9551067,2.5868642,2.5868642,45,58,45,58,-0.15,0.275
70,2015-07-27 18:15:00+00:00,2.615903,2.8650365,2.8650365,45,58,58,71,0.06666666,0.275
70,2015-07-27 18:15:00+00:00,3.8978217,2.795718,2.795718,45,58,71,84,0.26666665,0.28945312
70,2015-07-27 18:15:00+00:00,3.4409058,2.7950692,2.7950692,45,58,84,97,0.51145834,0.28164065
70,2015-07-27 18:15:00+00:00,2.5243697,2.4147654,2.4147654,45,58,97,110,0.7166667,0.275
70,2015-07-27 18:15:00+00:00,1.7901424,2.371046,2.371046,45,58,110,121,0.9166666,0.275
70,2015-07-27 18:15:00+00:00,2.3958592,3.0115967,3.0115967,58,71,19,32,-0.56953126,0.56875
70,2015-07-27 18:15:00+00:00,1.7252223,2.2106493,2.2106493,58,71,32,45,-0.36666667,0.6
70,2015-07-27 18:15:00+00:00,1.7665714,2.048906,2.048906,58,71,45,58,-0.15130208,0.5917969
70,2015-07-27 18:15:00+00:00,1.7957556,2.2662294,2.2662294,58,71,58,71,0.072916664,0.5796875
70,2015-07-27 18:15:00+00:00,1.9734596,2.522706,2.522706,58,71,71,84,0.2833333,0.6
70,2015-07-27 18:15:00+00:00,1.7800115,2.4152877,2.4152877,58,71,84,97,0.49088544,0.58984375
70,2015-07-27 18:15:00+00:00,2.3131938,2.001571,2.001571,58,71,97,110,0.72526044,0.5902344
70,2015-07-27 18:15:00+00:00,2.0518117,2.013585,2.013585,58,71,110,121,0.9166666,0.6
70,2015-07-27 18:15:00+00:00,1.9766374,2.176229,2.176229,71,81,110,121,0.9166666,0.8875
71,2015-07-28 18:55:00+00:00,3.491079,3.223881,3.223881,19,32,84,97,0.5,-0.375
71,2015-07-28 18:55:00+00:00,2.1329458,2.5116403,2.5116403,19,32,97,110,0.7166667,-0.375
71,2015-07-28 18:55:00+00:00,1.969684,2.4182153,2.4182153,19,32,110,121,0.9166666,-0.375
71,2015-07-28 18:55:00+00:00,4.58038,4.7388225,4.7388225,32,45,32,45,-0.36276042,-0.041015625
71,2015-07-28 18:55:00+00:00,4.386045,4.2180448,4.2180448,32,45,45,58,-0.15,-0.050000004
71,2015-07-28 18:55:00+00:00,4.519708,4.1499014,4.1499014,32,45,71,84,0.278125,-0.043750003
71,2015-07-28 18:55:00+00:00,4.0871224,3.5901618,3.5901618,32,45,84,97,0.5,-0.050000004
71,2015-07-28 18:55:00+00:00,2.2153094,2.8481495,2.8481495,32,45,97,110,0.7166667,-0.050000004
71,2015-07-28 18:55:00+00:00,1.7252315,2.6384244,2.6384244,32,45,110,121,0.9166666,-0.050000004
71,2015-07-28 18:55:00+00:00,4.579729,3.9379163,3.9379163,45,58,6,19,-0.78125,0.2609375
71,2015-07-28 18:55:00+00:00,4.182384,4.1165066,4.1165066,45,58,19,32,-0.5833333,0.275
71,2015-07-28 18:55:00+00:00,2.889816,3.3209548,3.3209548,45,58,32,45,-0.36666667,0.275
71,2015-07-28 18:55:00+00:00,2.4915612,2.9842827,2.9842827,45,58,45,58,-0.15,0.275
71,2015-07-28 18:55:00+00:00,3.9986877,3.3215163,3.3215163,45,58,58,71,0.06666666,0.275
71,2015-07-28 18:55:00+00:00,4.264694,3.166931,3.166931,45,58,71,84,0.2684896,0.28945312
71,2015-07-28 18:55:00+00:00,3.0000207,2.5948687,2.5948687,45,58,97,110,0.7166667,0.275
71,2015-07-28 18:55:00+00:00,2.0637221,2.5190697,2.5190697,45,58,110,121,0.9166666,0.275
71,2015-07-28 18:55:00+00:00,2.1949348,2.5994918,2.5994918,58,71,32,45,-0.36666667,0.6
71,2015-07-28 18:55:00+00:00,2.0250435,2.3896928,2.3896928,58,71,45,58,-0.15078126,0.5917969
71,2015-07-28 18:55:00+00:00,2.3353336,2.7161632,2.7161632,58,71,58,71,0.07239584,0.5835937
71,2015-07-28 18:55:00+00:00,3.4215424,2.8909786,2.8909786,58,71,71,84,0.2833333,0.6
71,2015-07-28 18:55:00+00:00,2.6084797,2.7079782,2.7079782,58,71,84,97,0.49583334,0.5910156
71,2015-07-28 18:55:00+00:00,2.944987,2.182682,2.182682,58,71,97,110,0.7291667,0.58984375
71,2015-07-28 18:55:00+00:00,2.4152439,2.1677551,2.1677551,58,71,110,121,0.9166666,0.6
71,2015-07-28 18:55:00+00:00,2.4592931,2.288019,2.288019,71,81,110,121,0.9166666,0.8875
72,2015-08-02 19:15:00+00:00,3.5664496,3.4893558,3.4893558,19,32,84,97,0.5,-0.375
72,2015-08-02 19:15:00+00:00,2.9083583,2.9350495,2.9350495,19,32,97,110,0.7166667,-0.375
72,2015-08-02 19:15:00+00:00,2.2918248,2.8598943,2.8598943,19,32,110,121,0.9166666,-0.375
72,2015-08-02 19:15:00+00:00,4.558005,4.810731,4.810731,32,45,32,45,-0.3625,-0.03828125
72,2015-08-02 19:15:00+00:00,4.200286,4.3036714,4.3036714,32,45,45,58,-0.15,-0.050000004
72,2015-08-02 19:15:00+00:00,4.507318,4.2855644,4.2855644,32,45,71,84,0.2765625,-0.0453125
72,2015-08-02 19:15:00+00:00,4.1736927,3.9037292,3.9037292,32,45,84,97,0.5,-0.050000004
72,2015-08-02 19:15:00+00:00,3.8889992,3.3332293,3.3332293,32,45,97,110,0.7166667,-0.050000004
72,2015-08-02 19:15:00+00:00,2.656642,3.1650133,3.1650133,32,45,110,121,0.9166666,-0.050000004
72,2015-08-02 19:15:00+00:00,4.6016955,4.1053047,4.1053047,45,58,6,19,-0.7828125,0.26015624
72,2015-08-02 19:15:00+00:00,4.4672728,4.2914324,4.2914324,45,58,19,32,-0.5833333,0.275
72,2015-08-02 19:15:00+00:00,3.5892103,3.4798765,3.4798765,45,58,32,45,-0.36666667,0.275
72,2015-08-02 19:15:00+00:00,2.5971682,3.117171,3.117171,45,58,45,58,-0.15,0.275
72,2015-08-02 19:15:00+00:00,2.8179383,3.3491485,3.3491485,45,58,58,71,0.06666666,0.275
72,2015-08-02 19:15:00+00:00,4.343163,3.3932338,3.3932338,45,58,84,97,0.5158854,0.28515625
72,2015-08-02 19:15:00+00:00,3.918158,3.085922,3.085922,45,58,97,110,0.7166667,0.275
72,2015-08-02 19:15:00+00:00,2.8799057,3.04799,3.04799,45,58,110,121,0.9166666,0.275
72,2015-08-02 19:15:00+00:00,2.4295099,2.8087325,2.8087325,58,71,32,45,-0.36666667,0.6
72,2015-08-02 19:15:00+00:00,2.404554,2.541912,2.541912,58,71,45,58,-0.15572917,0.5894531
72,2015-08-02 19:15:00+00:00,2.3708076,2.754027,2.754027,58,71,58,71,0.067447916,0.58515626
72,2015-08-02 19:15:00+00:00,2.8766794,3.077111,3.077111,58,71,71,84,0.2833333,0.6
72,2015-08-02 19:15:00+00:00,3.4645057,3.059447,3.059447,58,71,84,97,0.49062502,0.58554685
72,2015-08-02 19:15:00+00:00,2.7312157,2.6818047,2.6818047,58,71,97,110,0.7260417,0.5921875
72,2015-08-02 19:15:00+00:00,2.263775,2.693811,2.693811,58,71,110,121,0.9166666,0.6
72,2015-08-02 19:15:00+00:00,2.361307,2.911403,2.911403,71,81,110,121,0.9166666,0.8875
73,2015-08-13 18:55:00+00:00,3.68508,3.396812,3.396812,19,32,84,97,0.5,-0.375
73,2015-08-13 18:55:00+00:00,3.0695376,2.8642337,2.8642337,19,32,97,110,0.7166667,-0.375
73,2015-08-13 18:55:00+00:00,2.3366208,2.7729785,2.7729785,19,32,110,121,0.9166666,-0.375
73,2015-08-13 18:55:00+00:00,4.5967793,4.883829,4.883829,32,45,32,45,-0.3622396,-0.041015625
73,2015-08-13 18:55:00+00:00,4.24542,4.3089757,4.3089757,32,45,45,58,-0.15,-0.050000004
73,2015-08-13 18:55:00+00:00,3.8223815,4.3064966,4.3064966,32,45,58,71,0.06458333,-0.05
73,2015-08-13 18:55:00+00:00,3.4675305,4.069133,4.069133,32,45,71,84,0.27994794,-0.046484377
73,2015-08-13 18:55:00+00:00,3.6262774,3.704951,3.704951,32,45,84,97,0.5,-0.050000004
73,2015-08-13 18:55:00+00:00,3.339519,3.1450045,3.1450045,32,45,97,110,0.7166667,-0.050000004
73,2015-08-13 18:55:00+00:00,2.9858146,2.9656847,2.9656847,32,45,110,121,0.9166666,-0.050000004
73,2015-08-13 18:55:00+00:00,4.491406,3.752886,3.752886,45,58,6,19,-0.7848958,0.26328123
73,2015-08-13 18:55:00+00:00,3.7213619,3.940707,3.940707,45,58,19,32,-0.5833333,0.275
73,2015-08-13 18:55:00+00:00,3.3921027,3.1823957,3.1823957,45,58,32,45,-0.36666667,0.275
73,2015-08-13 18:55:00+00:00,2.8925405,2.803757,2.803757,45,58,45,58,-0.15,0.275
73,2015-08-13 18:55:00+00:00,2.4804184,2.8974452,2.8974452,45,58,58,71,0.06666666,0.275
73,2015-08-13 18:55:00+00:00,2.7356436,2.8525815,2.8525815,45,58,71,84,0.26406252,0.28945312
73,2015-08-13 18:55:00+00:00,3.5270054,2.9179673,2.9179673,45,58,84,97,0.5143229,0.284375
73,2015-08-13 18:55:00+00:00,2.9275808,2.6630554,2.6630554,45,58,97,110,0.7166667,0.275
73,2015-08-13 18:55:00+00:00,2.6899314,2.627326,2.627326,45,58,110,121,0.9166666,0.275
73,2015-08-13 18:55:00+00:00,2.8572075,3.2428172,3.2428172,58,71,19,32,-0.5695312,0.5703125
73,2015-08-13 18:55:00+00:00,2.5363834,2.5197623,2.5197623,58,71,32,45,-0.36666667,0.6
73,2015-08-13 18:55:00+00:00,2.3685167,2.2821882,2.2821882,58,71,45,58,-0.15338542,0.5929687
73,2015-08-13 18:55:00+00:00,2.3945076,2.3547387,2.3547387,58,71,58,71,0.071614586,0.5871094
73,2015-08-13 18:55:00+00:00,2.5283315,2.6063027,2.6063027,58,71,71,84,0.2833333,0.6
73,2015-08-13 18:55:00+00:00,2.632732,2.570868,2.570868,58,71,84,97,0.49583334,0.5910156
73,2015-08-13 18:55:00+00:00,2.9681404,2.2802837,2.2802837,58,71,97,110,0.7260417,0.5910156
73,2015-08-13 18:55:00+00:00,2.2135994,2.291352,2.291352,58,71,110,121,0.9166666,0.6
73,2015-08-13 18:55:00+00:00,2.1833878,2.5564268,2.5564268,71,81,110,121,0.9166666,0.8875
74,2015-08-22 18:50:00+00:00,3.324859,3.6428397,3.6428397,19,32,84,97,0.5,-0.375
74,2015-08-22 18:50:00+00:00,3.115093,3.1277418,3.1277418,19,32,97,110,0.7174479,-0.37070313
74,2015-08-22 18:50:00+00:00,2.39362,3.0652196,3.0652196,19,32,110,121,0.9166666,-0.375
74,2015-08-22 18:50:00+00:00,4.480339,4.459494,4.459494,32,45,45,58,-0.15,-0.050000004
74,2015-08-22 18:50:00+00:00,4.378863,4.3760233,4.3760233,32,45,71,84,0.2809896,-0.04414063
74,2015-08-22 18:50:00+00:00,4.089533,4.0519605,4.0519605,32,45,84,97,0.5,-0.050000004
74,2015-08-22 18:50:00+00:00,4.044279,3.5209115,3.5209115,32,45,97,110,0.7166667,-0.050000004
74,2015-08-22 18:50:00+00:00,3.0881584,3.3781524,3.3781524,32,45,110,121,0.9166666,-0.050000004
74,2015-08-22 18:50:00+00:00,4.3606043,4.208473,4.208473,45,58,6,19,-0.7846354,0.26289064
74,2015-08-22 18:50:00+00:00,3.8784842,4.3780546,4.3780546,45,58,19,32,-0.5828124,0.27421877
74,2015-08-22 18:50:00+00:00,3.54375,3.6737733,3.6737733,45,58,32,45,-0.36614582,0.27421877
74,2015-08-22 18:50:00+00:00,3.3706212,3.3308594,3.3308594,45,58,45,58,-0.15,0.275
74,2015-08-22 18:50:00+00:00,3.8448937,3.5461361,3.5461361,45,58,58,71,0.06666666,0.275
74,2015-08-22 18:50:00+00:00,4.18623,3.5331392,3.5331392,45,58,71,84,0.2682292,0.2890625
74,2015-08-22 18:50:00+00:00,4.141533,3.575353,3.575353,45,58,84,97,0.5122396,0.28710938
74,2015-08-22 18:50:00+00:00,3.950794,3.3100586,3.3100586,45,58,97,110,0.7166667,0.275
74,2015-08-22 18:50:00+00:00,4.0855794,3.2922707,3.2922707,45,58,110,121,0.9166666,0.275
74,2015-08-22 18:50:00+00:00,3.3664298,3.0119824,3.0119824,58,71,32,45,-0.36666667,0.6
74,2015-08-22 18:50:00+00:00,2.9226477,2.801482,2.801482,58,71,45,58,-0.15442708,0.59414065
74,2015-08-22 18:50:00+00:00,2.8713636,3.0168676,3.0168676,58,71,58,71,0.07239584,0.5835937
74,2015-08-22 18:50:00+00:00,2.738501,3.2972639,3.2972639,58,71,71,84,0.2833333,0.6
74,2015-08-22 18:50:00+00:00,2.8603923,3.2752461,3.2752461,58,71,84,97,0.49583334,0.5910156
74,2015-08-22 18:50:00+00:00,2.6327133,2.9211845,2.9211845,58,71,97,110,0.72838545,0.58984375
74,2015-08-22 18:50:00+00:00,3.3876822,2.977018,2.977018,58,71,110,121,0.9166666,0.6
74,2015-08-22 18:50:00+00:00,3.0861373,3.1804485,3.1804485,71,81,110,121,0.9166666,0.8875
75,2015-09-06 18:05:00+00:00,1.5275851,1.8660649,1.8660649,19,32,84,97,0.5,-0.375
75,2015-09-06 18:05:00+00:00,1.4606245,1.6099324,1.6099324,19,32,97,110,0.7166667,-0.375
75,2015-09-06 18:05:00+00:00,1.44451,1.6443325,1.6443325,19,32,110,121,0.9166666,-0.375
75,2015-09-06 18:05:00+00:00,2.9709892,2.8239942,2.8239942,32,45,32,45,-0.3640625,-0.03984375
75,2015-09-06 18:05:00+00:00,2.5420232,2.4388435,2.4388435,32,45,45,58,-0.15,-0.050000004
75,2015-09-06 18:05:00+00:00,2.5090744,2.366908,2.366908,32,45,58,71,0.06432292,-0.049999997
75,2015-09-06 18:05:00+00:00,1.921963,2.1504295,2.1504295,32,45,71,84,0.28020835,-0.043750003
75,2015-09-06 18:05:00+00:00,1.652531,1.888288,1.888288,32,45,84,97,0.5,-0.050000004
75,2015-09-06 18:05:00+00:00,1.5627773,1.5753499,1.5753499,32,45,97,110,0.7166667,-0.050000004
75,2015-09-06 18:05:00+00:00,1.5066327,1.5818778,1.5818778,32,45,110,121,0.9166666,-0.050000004
75,2015-09-06 18:05:00+00:00,3.4422755,2.809739,2.809739,45,58,6,19,-0.7841146,0.26367188
75,2015-09-06 18:05:00+00:00,3.204129,3.0322878,3.0322878,45,58,19,32,-0.5833333,0.275
75,2015-09-06 18:05:00+00:00,2.3950162,2.4657974,2.4657974,45,58,32,45,-0.36666667,0.275
75,2015-09-06 18:05:00+00:00,2.143741,2.2217507,2.2217507,45,58,45,58,-0.15,0.275
75,2015-09-06 18:05:00+00:00,3.0556102,2.2223182,2.2223182,45,58,58,71,0.06666666,0.275
75,2015-09-06 18:05:00+00:00,3.0101254,2.1210701,2.1210701,45,58,71,84,0.26875,0.2890625
75,2015-09-06 18:05:00+00:00,2.9434545,2.004436,2.004436,45,58,84,97,0.5130209,0.2828125
75,2015-09-06 18:05:00+00:00,2.6534328,1.8024894,1.8024894,45,58,97,110,0.7166667,0.275
75,2015-09-06 18:05:00+00:00,2.207398,1.842907,1.842907,45,58,110,121,0.9166666,0.275
75,2015-09-06 18:05:00+00:00,2.053112,2.7753813,2.7753813,58,71,19,32,-0.5695312,0.5683594
75,2015-09-06 18:05:00+00:00,1.1925945,2.1991942,2.1991942,58,71,32,45,-0.36666667,0.6
75,2015-09-06 18:05:00+00:00,1.3929068,2.0384388,2.0384388,58,71,45,58,-0.15442708,0.5882813
75,2015-09-06 18:05:00+00:00,2.3091705,2.06474,2.06474,58,71,58,71,0.07291667,0.584375
75,2015-09-06 18:05:00+00:00,3.0022466,2.0739546,2.0739546,58,71,71,84,0.2833333,0.6
75,2015-09-06 18:05:00+00:00,2.9464326,1.9447181,1.9447181,58,71,84,97,0.49088544,0.590625
75,2015-09-06 18:05:00+00:00,1.7813879,1.6967862,1.6967862,58,71,97,110,0.7268229,0.58984375
75,2015-09-06 18:05:00+00:00,2.0806055,1.7429208,1.7429208,58,71,110,121,0.9166666,0.6
75,2015-09-06 18:05:00+00:00,1.728907,1.5932158,1.5932158,71,81,110,121,0.9166666,0.8875
76,2015-09-14 18:55:00+00:00,3.6244802,3.7271037,3.7271037,19,32,84,97,0.5,-0.375
76,2015-09-14 18:55:00+00:00,3.0792797,3.2389522,3.2389522,19,32,97,110,0.7166667,-0.375
76,2015-09-14 18:55:00+00:00,3.0210297,3.1564732,3.1564732,19,32,110,121,0.9166666,-0.375
76,2015-09-14 18:55:00+00:00,4.6111984,4.9222436,4.9222436,32,45,32,45,-0.36640623,-0.038671877
76,2015-09-14 18:55:00+00:00,4.554123,4.462809,4.462809,32,45,45,58,-0.15,-0.050000004
76,2015-09-14 18:55:00+00:00,4.3509707,4.391179,4.391179,32,45,71,84,0.2796875,-0.044531252
76,2015-09-14 18:55:00+00:00,4.2081895,4.100868,4.100868,32,45,84,97,0.5,-0.050000004
76,2015-09-14 18:55:00+00:00,3.8217638,3.5911524,3.5911524,32,45,97,110,0.7166667,-0.050000004
76,2015-09-14 18:55:00+00:00,4.603133,4.1943836,4.1943836,45,58,6,19,-0.7885417,0.26171875
76,2015-09-14 18:55:00+00:00,4.2305226,4.402649,4.402649,45,58,19,32,-0.5833333,0.275
76,2015-09-14 18:55:00+00:00,3.7295036,3.6795716,3.6795716,45,58,32,45,-0.36666667,0.275
76,2015-09-14 18:55:00+00:00,3.2611365,3.376369,3.376369,45,58,45,58,-0.15,0.275
76,2015-09-14 18:55:00+00:00,3.7236297,3.5867898,3.5867898,45,58,58,71,0.06666666,0.275
76,2015-09-14 18:55:00+00:00,4.2557716,3.5653274,3.5653274,45,58,71,84,0.2640625,0.2902344
76,2015-09-14 18:55:00+00:00,3.6580274,3.4058592,3.4058592,45,58,97,110,0.7166667,0.275
76,2015-09-14 18:55:00+00:00,2.833075,3.404046,3.404046,45,58,110,121,0.91015625,0.28671876
76,2015-09-14 18:55:00+00:00,3.4732938,3.801146,3.801146,58,71,19,32,-0.57057285,0.56875
76,2015-09-14 18:55:00+00:00,2.3561714,3.1174927,3.1174927,58,71,32,45,-0.36666667,0.6
76,2015-09-14 18:55:00+00:00,2.8201215,2.9183714,2.9183714,58,71,45,58,-0.15078126,0.5917969
76,2015-09-14 18:55:00+00:00,3.2107978,3.1094058,3.1094058,58,71,58,71,0.07239584,0.5835937
76,2015-09-14 18:55:00+00:00,4.063633,3.3649657,3.3649657,58,71,71,84,0.2833333,0.6
76,2015-09-14 18:55:00+00:00,4.0662217,3.381753,3.381753,58,71,84,97,0.49322915,0.5929687
76,2015-09-14 18:55:00+00:00,3.8614743,3.053568,3.053568,58,71,97,110,0.7320313,0.58984375
76,2015-09-14 18:55:00+00:00,2.752853,3.078488,3.078488,58,71,110,121,0.9166666,0.6
76,2015-09-14 18:55:00+00:00,2.8422086,3.3145792,3.3145792,71,81,110,121,0.9166666,0.8875
77,2015-09-17 17:50:00+00:00,1.4836842,1.8355368,1.8355368,19,32,84,97,0.5,-0.375
77,2015-09-17 17:50:00+00:00,1.4803032,1.7360598,1.7360598,19,32,97,110,0.7166667,-0.375
77,2015-09-17 17:50:00+00:00,1.5266771,1.7760878,1.7760878,19,32,110,121,0.9166666,-0.375
77,2015-09-17 17:50:00+00:00,1.9164957,2.0800173,2.0800173,32,45,32,45,-0.36276042,-0.032031253
77,2015-09-17 17:50:00+00:00,1.8255662,1.9464477,1.9464477,32,45,45,58,-0.15,-0.050000004
77,2015-09-17 17:50:00+00:00,1.9055085,1.8849347,1.8849347,32,45,58,71,0.058072917,-0.051171876
77,2015-09-17 17:50:00+00:00,1.935024,1.8606443,1.8606443,32,45,71,84,0.28671876,-0.040625
77,2015-09-17 17:50:00+00:00,1.9203027,1.8151118,1.8151118,32,45,84,97,0.49739584,-0.051171876
77,2015-09-17 17:50:00+00:00,1.9582928,1.6778116,1.6778116,32,45,97,110,0.7166667,-0.050000004
77,2015-09-17 17:50:00+00:00,1.6404815,1.7224325,1.7224325,32,45,110,121,0.9166666,-0.050000004
77,2015-09-17 17:50:00+00:00,1.8867712,2.0194085,2.0194085,45,58,6,19,-0.7841146,0.26757812
77,2015-09-17 17:50:00+00:00,1.6703994,2.1382942,2.1382942,45,58,19,32,-0.5833333,0.275
77,2015-09-17 17:50:00+00:00,1.4398504,1.6708632,1.6708632,45,58,32,45,-0.36666667,0.275
77,2015-09-17 17:50:00+00:00,1.4417347,1.6390357,1.6390357,45,58,45,58,-0.15,0.275
77,2015-09-17 17:50:00+00:00,1.6669785,1.6135176,1.6135176,45,58,58,71,0.06614584,0.27578124
77,2015-09-17 17:50:00+00:00,2.7635534,1.7375093,1.7375093,45,58,84,97,0.50911456,0.2796875
77,2015-09-17 17:50:00+00:00,2.4193637,1.715517,1.715517,45,58,97,110,0.7166667,0.275
77,2015-09-17 17:50:00+00:00,1.8084563,1.8079011,1.8079011,45,58,110,121,0.9166666,0.275
77,2015-09-17 17:50:00+00:00,1.1038251,1.4882642,1.4882642,58,71,32,45,-0.36666667,0.6
77,2015-09-17 17:50:00+00:00,1.24288,1.5085645,1.5085645,58,71,45,58,-0.15104167,0.5792969
77,2015-09-17 17:50:00+00:00,1.440003,1.4688249,1.4688249,58,71,58,71,0.069791675,0.5871094
77,2015-09-17 17:50:00+00:00,1.9040458,1.6004126,1.6004126,58,71,71,84,0.2833333,0.6
77,2015-09-17 17:50:00+00:00,2.4705682,1.6065127,1.6065127,58,71,84,97,0.48671877,0.578125
77,2015-09-17 17:50:00+00:00,2.1077576,1.5867912,1.5867912,58,71,97,110,0.7291666,0.59335935
77,2015-09-17 17:50:00+00:00,1.8335176,1.7003562,1.7003562,58,71,110,121,0.9166666,0.6
77,2015-09-17 17:50:00+00:00,1.8691761,1.6666347,1.6666347,71,81,110,121,0.9166666,0.8875
78,2015-09-17 19:25:00+00:00,2.3785217,2.848575,2.848575,19,32,84,97,0.49765626,-0.37421876
78,2015-09-17 19:25:00+00:00,2.3055174,2.5684109,2.5684109,19,32,97,110,0.7166667,-0.375
78,2015-09-17 19:25:00+00:00,2.2834244,2.576551,2.576551,19,32,110,121,0.9166666,-0.375
78,2015-09-17 19:25:00+00:00,3.6486058,3.7977793,3.7977793,32,45,32,45,-0.36666664,-0.0390625
78,2015-09-17 19:25:00+00:00,3.0718591,3.3906634,3.3906634,32,45,45,58,-0.14166667,-0.048828125
78,2015-09-17 19:25:00+00:00,2.934014,3.3234906,3.3234906,32,45,71,84,0.27994794,-0.046875
78,2015-09-17 19:25:00+00:00,2.8877695,3.1821406,3.1821406,32,45,84,97,0.4984375,-0.05234375
78,2015-09-17 19:25:00+00:00,3.0066276,2.8505173,2.8505173,32,45,97,110,0.7166667,-0.050000004
78,2015-09-17 19:25:00+00:00,2.4366083,2.7936478,2.7936478,32,45,110,121,0.9166666,-0.050000004
78,2015-09-17 19:25:00+00:00,4.444483,3.4599025,3.4599025,45,58,6,19,-0.7877604,0.2644531
78,2015-09-17 19:25:00+00:00,3.3990293,3.6646566,3.6646566,45,58,19,32,-0.5833333,0.275
78,2015-09-17 19:25:00+00:00,2.4617696,2.8881588,2.8881588,45,58,32,45,-0.36666667,0.275
78,2015-09-17 19:25:00+00:00,2.2898386,2.6175199,2.6175199,45,58,45,58,-0.15,0.275
78,2015-09-17 19:25:00+00:00,2.405658,2.639131,2.639131,45,58,58,71,0.06979167,0.27695313
78,2015-09-17 19:25:00+00:00,3.7479835,2.9511633,2.9511633,45,58,84,97,0.5158855,0.28398436
78,2015-09-17 19:25:00+00:00,3.442336,2.820424,2.820424,45,58,97,110,0.7166667,0.275
78,2015-09-17 19:25:00+00:00,2.4956026,2.8674874,2.8674874,45,58,110,121,0.9166666,0.275
78,2015-09-17 19:25:00+00:00,1.9159932,2.4477348,2.4477348,58,71,32,45,-0.36927086,0.59414065
78,2015-09-17 19:25:00+00:00,1.7930908,2.2676725,2.2676725,58,71,45,58,-0.15416667,0.58125
78,2015-09-17 19:25:00+00:00,1.896075,2.2760384,2.2760384,58,71,58,71,0.069791675,0.58632815
78,2015-09-17 19:25:00+00:00,2.4638612,2.6393015,2.6393015,58,71,71,84,0.2828125,0.5957031
78,2015-09-17 19:25:00+00:00,3.275246,2.6863081,2.6863081,58,71,84,97,0.48020834,0.59101564
78,2015-09-17 19:25:00+00:00,3.0009391,2.561927,2.561927,58,71,97,110,0.7244792,0.5917969
78,2015-09-17 19:25:00+00:00,2.4111009,2.6345718,2.6345718,58,71,110,121,0.9166666,0.6
78,2015-09-17 19:25:00+00:00,2.613446,2.7505336,2.7505336,71,81,110,121,0.91796875,0.884375
79,2015-09-21 19:00:00+00:00,3.7533665,3.7111135,3.7111135,19,32,84,97,0.5,-0.375
79,2015-09-21 19:00:00+00:00,3.1459787,3.297964,3.297964,19,32,97,110,0.7166667,-0.375
79,2015-09-21 19:00:00+00:00,3.071605,3.2627745,3.2627745,19,32,110,121,0.9166666,-0.375
79,2015-09-21 19:00:00+00:00,4.612908,4.8860097,4.8860097,32,45,32,45,-0.36302084,-0.042578124
79,2015-09-21 19:00:00+00:00,4.5967216,4.4519897,4.4519897,32,45,45,58,-0.15,-0.050000004
79,2015-09-21 19:00:00+00:00,4.418895,4.3261533,4.3261533,32,45,71,84,0.28307292,-0.04609375
79,2015-09-21 19:00:00+00:00,3.9620943,4.157753,4.157753,32,45,84,97,0.5,-0.050000004
79,2015-09-21 19:00:00+00:00,3.5905893,3.7412763,3.7412763,32,45,97,110,0.7166667,-0.050000004
79,2015-09-21 19:00:00+00:00,3.3391745,3.6301954,3.6301954,32,45,110,121,0.9166666,-0.050000004
79,2015-09-21 19:00:00+00:00,4.614498,4.462581,4.462581,45,58,6,19,-0.7861979,0.26328123
79,2015-09-21 19:00:00+00:00,4.531714,4.678954,4.678954,45,58,19,32,-0.5833333,0.275
79,2015-09-21 19:00:00+00:00,3.646137,3.9275293,3.9275293,45,58,32,45,-0.36666667,0.275
79,2015-09-21 19:00:00+00:00,3.4029953,3.6107683,3.6107683,45,58,45,58,-0.15,0.275
79,2015-09-21 19:00:00+00:00,3.8132563,3.7542956,3.7542956,45,58,58,71,0.06666666,0.275
79,2015-09-21 19:00:00+00:00,4.1216097,3.7846837,3.7846837,45,58,71,84,0.26666665,0.2902344
79,2015-09-21 19:00:00+00:00,4.43272,3.7430422,3.7430422,45,58,97,110,0.7166667,0.275
79,2015-09-21 19:00:00+00:00,3.696945,3.7481723,3.7481723,45,58,110,121,0.9166666,0.275
79,2015-09-21 19:00:00+00:00,2.5599103,3.3792698,3.3792698,58,71,32,45,-0.36666667,0.6
79,2015-09-21 19:00:00+00:00,2.5461838,3.135716,3.135716,58,71,45,58,-0.15286459,0.5902344
79,2015-09-21 19:00:00+00:00,2.6732323,3.3012493,3.3012493,58,71,58,71,0.07213542,0.5871094
79,2015-09-21 19:00:00+00:00,3.044523,3.6055613,3.6055613,58,71,71,84,0.2833333,0.6
79,2015-09-21 19:00:00+00:00,4.0001383,3.696302,3.696302,58,71,84,97,0.49296874,0.590625
79,2015-09-21 19:00:00+00:00,4.344158,3.4123552,3.4123552,58,71,97,110,0.7309896,0.58906245
79,2015-09-21 19:00:00+00:00,3.4513717,3.4694114,3.4694114,58,71,110,121,0.9166666,0.6
79,2015-09-21 19:00:00+00:00,3.514959,3.6802611,3.6802611,71,81,110,121,0.9166666,0.8875
80,2015-09-22 18:05:00+00:00,2.7572234,2.7471657,2.7471657,19,32,84,97,0.5,-0.375
80,2015-09-22 18:05:00+00:00,2.2064526,2.3473303,2.3473303,19,32,97,110,0.7166667,-0.375
80,2015-09-22 18:05:00+00:00,2.181033,2.3454347,2.3454347,19,32,110,121,0.9166666,-0.375
80,2015-09-22 18:05:00+00:00,4.026158,4.064179,4.064179,32,45,32,45,-0.3611979,-0.036718752
80,2015-09-22 18:05:00+00:00,3.964379,3.573929,3.573929,32,45,45,58,-0.15,-0.050000004
80,2015-09-22 18:05:00+00:00,3.5158756,3.350715,3.350715,32,45,71,84,0.2825521,-0.046875
80,2015-09-22 18:05:00+00:00,3.1511974,3.0473273,3.0473273,32,45,84,97,0.5013021,-0.04921875
80,2015-09-22 18:05:00+00:00,2.4855244,2.5731916,2.5731916,32,45,97,110,0.72057295,-0.055078126
80,2015-09-22 18:05:00+00:00,2.1731193,2.5121953,2.5121953,32,45,110,121,0.9166666,-0.050000004
80,2015-09-22 18:05:00+00:00,4.582671,3.6916685,3.6916685,45,58,6,19,-0.7867187,0.26171875
80,2015-09-22 18:05:00+00:00,4.1169124,3.9323785,3.9323785,45,58,19,32,-0.5833333,0.275
80,2015-09-22 18:05:00+00:00,2.9854162,3.19866,3.19866,45,58,32,45,-0.36666667,0.275
80,2015-09-22 18:05:00+00:00,2.7062442,2.8738937,2.8738937,45,58,45,58,-0.15,0.275
80,2015-09-22 18:05:00+00:00,2.7558365,2.8945868,2.8945868,45,58,58,71,0.06822917,0.27890626
80,2015-09-22 18:05:00+00:00,2.5674694,2.6847892,2.6847892,45,58,110,121,0.9166666,0.275
80,2015-09-22 18:05:00+00:00,3.6183445,3.462606,3.462606,58,71,19,32,-0.5697917,0.56953126
80,2015-09-22 18:05:00+00:00,1.9620206,2.7240703,2.7240703,58,71,32,45,-0.36666667,0.6
80,2015-09-22 18:05:00+00:00,1.9605355,2.497264,2.497264,58,71,45,58,-0.15416667,0.5882813
80,2015-09-22 18:05:00+00:00,1.9232306,2.5642033,2.5642033,58,71,58,71,0.07239584,0.5835937
80,2015-09-22 18:05:00+00:00,2.0601628,2.766341,2.766341,58,71,71,84,0.2833333,0.6
80,2015-09-22 18:05:00+00:00,2.846105,2.7096686,2.7096686,58,71,84,97,0.49322918,0.5910156
80,2015-09-22 18:05:00+00:00,3.601876,2.4097354,2.4097354,58,71,97,110,0.7309896,0.58984375
80,2015-09-22 18:05:00+00:00,2.5328548,2.4734795,2.4734795,58,71,110,121,0.9166666,0.6
80,2015-09-22 18:05:00+00:00,2.93694,2.5319753,2.5319753,71,81,110,121,0.9166666,0.8875
81,2015-09-23 18:50:00+00:00,3.496366,3.2720897,3.2720897,19,32,84,97,0.5,-0.375
81,2015-09-23 18:50:00+00:00,2.890902,2.8730452,2.8730452,19,32,97,110,0.7166667,-0.375
81,2015-09-23 18:50:00+00:00,2.7351305,2.838485,2.838485,19,32,110,121,0.9166666,-0.375
81,2015-09-23 18:50:00+00:00,4.269944,4.501259,4.501259,32,45,32,45,-0.36067706,-0.0375
81,2015-09-23 18:50:00+00:00,4.0707374,4.0106826,4.0106826,32,45,45,58,-0.14895834,-0.050000004
81,2015-09-23 18:50:00+00:00,4.084952,3.8479958,3.8479958,32,45,71,84,0.27708334,-0.041796874
81,2015-09-23 18:50:00+00:00,3.7128098,3.590338,3.590338,32,45,84,97,0.5080729,-0.053906254
81,2015-09-23 18:50:00+00:00,3.192159,3.175429,3.175429,32,45,97,110,0.7166667,-0.050000004
81,2015-09-23 18:50:00+00:00,2.5620065,3.0716834,3.0716834,32,45,110,121,0.9166666,-0.050000004
81,2015-09-23 18:50:00+00:00,4.610083,4.0189457,4.0189457,45,58,6,19,-0.7841146,0.26210937
81,2015-09-23 18:50:00+00:00,4.4110975,4.2491565,4.2491565,45,58,19,32,-0.5833333,0.275
81,2015-09-23 18:50:00+00:00,3.651278,3.5505242,3.5505242,45,58,32,45,-0.36666667,0.275
81,2015-09-23 18:50:00+00:00,3.2850027,3.2415223,3.2415223,45,58,45,58,-0.15,0.275
81,2015-09-23 18:50:00+00:00,3.4285774,3.3417425,3.3417425,45,58,58,71,0.06666666,0.275
81,2015-09-23 18:50:00+00:00,3.700455,3.337769,3.337769,45,58,71,84,0.26822916,0.28945315
81,2015-09-23 18:50:00+00:00,4.0252266,3.4146175,3.4146175,45,58,84,97,0.5122396,0.28710938
81,2015-09-23 18:50:00+00:00,4.0967617,3.1869016,3.1869016,45,58,97,110,0.7166667,0.275
81,2015-09-23 18:50:00+00:00,3.5094333,3.186975,3.186975,45,58,110,121,0.9166666,0.275
81,2015-09-23 18:50:00+00:00,2.433839,3.061074,3.061074,58,71,32,45,-0.36666667,0.6
81,2015-09-23 18:50:00+00:00,2.462243,2.8467839,2.8467839,58,71,45,58,-0.15338542,0.5929687
81,2015-09-23 18:50:00+00:00,2.4349818,2.9649649,2.9649649,58,71,58,71,0.07291667,0.584375
81,2015-09-23 18:50:00+00:00,2.6648195,3.1601865,3.1601865,58,71,71,84,0.2833333,0.6
81,2015-09-23 18:50:00+00:00,3.5873141,3.1740053,3.1740053,58,71,84,97,0.49765626,0.5914062
81,2015-09-23 18:50:00+00:00,4.306498,2.8928874,2.8928874,58,71,97,110,0.7307292,0.58984375
81,2015-09-23 18:50:00+00:00,3.6876843,2.9510071,2.9510071,58,71,110,121,0.9166666,0.6
81,2015-09-23 18:50:00+00:00,3.939238,3.1062164,3.1062164,71,81,110,121,0.9166666,0.8875
82,2015-09-24 17:55:00+00:00,2.6988378,3.1242535,3.1242535,19,32,84,97,0.5,-0.375
82,2015-09-24 17:55:00+00:00,2.453975,2.6777618,2.6777618,19,32,97,110,0.7166667,-0.375
82,2015-09-24 17:55:00+00:00,2.4225998,2.651282,2.651282,19,32,110,121,0.9166666,-0.375
82,2015-09-24 17:55:00+00:00,4.015699,4.3048673,4.3048673,32,45,32,45,-0.35833335,-0.047265626
82,2015-09-24 17:55:00+00:00,3.648234,3.9033527,3.9033527,32,45,45,58,-0.15,-0.050000004
82,2015-09-24 17:55:00+00:00,3.8143878,3.9159787,3.9159787,32,45,58,71,0.06276042,-0.049609378
82,2015-09-24 17:55:00+00:00,3.811983,3.7628813,3.7628813,32,45,71,84,0.2828125,-0.05234375
82,2015-09-24 17:55:00+00:00,3.2482271,3.482059,3.482059,32,45,84,97,0.4973958,-0.053515628
82,2015-09-24 17:55:00+00:00,2.508671,2.9789844,2.9789844,32,45,97,110,0.7166667,-0.050000004
82,2015-09-24 17:55:00+00:00,2.243264,2.8747585,2.8747585,32,45,110,121,0.9166666,-0.050000004
82,2015-09-24 17:55:00+00:00,3.7919507,3.9787576,3.9787576,45,58,19,32,-0.5861979,0.27148438
82,2015-09-24 17:55:00+00:00,2.8495219,3.147181,3.147181,45,58,32,45,-0.36666667,0.275
82,2015-09-24 17:55:00+00:00,2.631768,2.8082232,2.8082232,45,58,45,58,-0.15,0.275
82,2015-09-24 17:55:00+00:00,2.7612257,2.919772,2.919772,45,58,58,71,0.06666666,0.275
82,2015-09-24 17:55:00+00:00,3.1666033,2.9477923,2.9477923,45,58,71,84,0.27395833,0.2875
82,2015-09-24 17:55:00+00:00,3.6615088,2.9935954,2.9935954,45,58,84,97,0.5127604,0.28320312
82,2015-09-24 17:55:00+00:00,3.4956293,2.778772,2.778772,45,58,97,110,0.7166667,0.275
82,2015-09-24 17:55:00+00:00,2.7033489,2.792641,2.792641,45,58,110,121,0.9166666,0.275
82,2015-09-24 17:55:00+00:00,2.0662,2.3141346,2.3141346,58,71,45,58,-0.1546875,0.5910156
82,2015-09-24 17:55:00+00:00,2.117007,2.4175973,2.4175973,58,71,58,71,0.06666667,0.5828125
82,2015-09-24 17:55:00+00:00,2.2077215,2.7186813,2.7186813,58,71,71,84,0.2828125,0.59335935
82,2015-09-24 17:55:00+00:00,2.8970184,2.7283697,2.7283697,58,71,84,97,0.48932293,0.5875
82,2015-09-24 17:55:00+00:00,3.765631,2.4314458,2.4314458,58,71,97,110,0.7270833,0.5917969
82,2015-09-24 17:55:00+00:00,3.2623794,2.483265,2.483265,58,71,110,121,0.9166666,0.6
82,2015-09-24 17:55:00+00:00,2.6923087,2.667812,2.667812,71,81,110,121,0.9166666,0.8875
83,2016-04-16 19:00:00+00:00,3.425004,2.1841176,2.1841176,19,32,97,110,0.7166667,-0.375
83,2016-04-16 19:00:00+00:00,3.175427,2.170122,2.170122,19,32,110,121,0.9166666,-0.375
83,2016-04-16 19:00:00+00:00,3.6605625,3.7067845,3.7067845,32,45,45,58,-0.14453125,-0.043750003
83,2016-04-16 19:00:00+00:00,2.3516066,3.0632122,3.0632122,32,45,71,84,0.28333333,-0.04140625
83,2016-04-16 19:00:00+00:00,2.6829884,2.6044655,2.6044655,32,45,84,97,0.5,-0.050000004
83,2016-04-16 19:00:00+00:00,2.6725733,2.175667,2.175667,32,45,97,110,0.7166667,-0.050000004
83,2016-04-16 19:00:00+00:00,1.9597923,2.12877,2.12877,32,45,110,121,0.9166666,-0.050000004
83,2016-04-16 19:00:00+00:00,4.080556,4.0418177,4.0418177,45,58,19,32,-0.56874996,0.27695313
83,2016-04-16 19:00:00+00:00,3.4099104,3.5745862,3.5745862,45,58,32,45,-0.37057292,0.27695313
83,2016-04-16 19:00:00+00:00,3.264701,3.1704292,3.1704292,45,58,45,58,-0.15,0.275
83,2016-04-16 19:00:00+00:00,2.2391887,3.1216052,3.1216052,45,58,58,71,0.067447916,0.27578124
83,2016-04-16 19:00:00+00:00,1.8364254,2.6602936,2.6602936,45,58,84,97,0.5151042,0.2828125
83,2016-04-16 19:00:00+00:00,2.368433,2.3667874,2.3667874,45,58,97,110,0.7166667,0.275
83,2016-04-16 19:00:00+00:00,2.132765,2.3730545,2.3730545,45,58,110,121,0.9166666,0.275
83,2016-04-16 19:00:00+00:00,4.026854,3.7758906,3.7758906,58,71,19,32,-0.5734375,0.57773435
83,2016-04-16 19:00:00+00:00,3.8130088,3.2540567,3.2540567,58,71,32,45,-0.3619792,0.58632815
83,2016-04-16 19:00:00+00:00,3.5593,2.9896533,2.9896533,58,71,45,58,-0.15598959,0.5894531
83,2016-04-16 19:00:00+00:00,2.760201,2.8195486,2.8195486,58,71,71,84,0.2833333,0.6
83,2016-04-16 19:00:00+00:00,1.8713886,2.6041274,2.6041274,58,71,84,97,0.49296874,0.5847656
83,2016-04-16 19:00:00+00:00,2.266477,2.3012762,2.3012762,58,71,97,110,0.72473955,0.59335935
83,2016-04-16 19:00:00+00:00,1.997647,2.2978125,2.2978125,58,71,110,121,0.9166666,0.6
83,2016-04-16 19:00:00+00:00,2.289721,2.0330243,2.0330243,71,81,97,110,0.7502605,0.8714844
83,2016-04-16 19:00:00+00:00,1.5581663,2.2258255,2.2258255,71,81,110,121,0.9166666,0.8875
84,2016-04-23 19:10:00+00:00,3.4870548,2.1529644,2.1529644,19,32,84,97,0.5,-0.375
84,2016-04-23 19:10:00+00:00,3.4625611,1.889558,1.889558,19,32,97,110,0.7166667,-0.375
84,2016-04-23 19:10:00+00:00,3.2467122,1.8891706,1.8891706,19,32,110,121,0.9166666,-0.375
84,2016-04-23 19:10:00+00:00,4.33462,3.0244362,3.0244362,32,45,45,58,-0.15,-0.050000004
84,2016-04-23 19:10:00+00:00,1.1793139,2.5151348,2.5151348,32,45,71,84,0.27682292,-0.043359376
84,2016-04-23 19:10:00+00:00,1.1686426,2.1381726,2.1381726,32,45,84,97,0.50390625,-0.051953126
84,2016-04-23 19:10:00+00:00,1.3173466,1.8346467,1.8346467,32,45,97,110,0.7166667,-0.050000004
84,2016-04-23 19:10:00+00:00,1.2968698,1.8154473,1.8154473,32,45,110,121,0.9166666,-0.050000004
84,2016-04-23 19:10:00+00:00,3.7371671,3.3608124,3.3608124,45,58,19,32,-0.5875,0.27734375
84,2016-04-23 19:10:00+00:00,4.027998,2.918811,2.918811,45,58,32,45,-0.36666667,0.275
84,2016-04-23 19:10:00+00:00,3.1937292,2.6431417,2.6431417,45,58,45,58,-0.15,0.275
84,2016-04-23 19:10:00+00:00,2.6375885,2.5762005,2.5762005,45,58,58,71,0.060156252,0.28085938
84,2016-04-23 19:10:00+00:00,1.9891629,2.2282715,2.2282715,45,58,84,97,0.5127604,0.28593752
84,2016-04-23 19:10:00+00:00,1.674743,2.0217428,2.0217428,45,58,97,110,0.7166667,0.275
84,2016-04-23 19:10:00+00:00,1.8126674,2.0422416,2.0422416,45,58,110,121,0.9166666,0.275
84,2016-04-23 19:10:00+00:00,2.2575076,3.1130328,3.1130328,58,71,19,32,-0.56927085,0.5722656
84,2016-04-23 19:10:00+00:00,4.003249,2.674455,2.674455,58,71,32,45,-0.36666667,0.6
84,2016-04-23 19:10:00+00:00,3.5101438,2.4849017,2.4849017,58,71,45,58,-0.1575521,0.5867188
84,2016-04-23 19:10:00+00:00,2.8215187,2.4492655,2.4492655,58,71,58,71,0.07291667,0.584375
84,2016-04-23 19:10:00+00:00,2.8053102,2.3357155,2.3357155,58,71,71,84,0.2833333,0.6
84,2016-04-23 19:10:00+00:00,2.634713,2.150542,2.150542,58,71,84,97,0.49088544,0.5835937
84,2016-04-23 19:10:00+00:00,1.344956,1.9481053,1.9481053,58,71,97,110,0.72291666,0.59335935
84,2016-04-23 19:10:00+00:00,1.6240797,1.9773363,1.9773363,58,71,110,121,0.9166666,0.6
84,2016-04-23 19:10:00+00:00,3.0180802,2.2371058,2.2371058,71,81,71,84,0.29716313,0.81223387
84,2016-04-23 19:10:00+00:00,1.2564754,1.8857458,1.8857458,71,81,110,121,0.9166666,0.8875
85,2016-05-06 18:00:00+00:00,2.6634245,2.4137704,2.4137704,19,32,84,97,0.5,-0.375
85,2016-05-06 18:00:00+00:00,2.2743454,2.1037707,2.1037707,19,32,97,110,0.7166667,-0.375
85,2016-05-06 18:00:00+00:00,2.2540252,2.1075702,2.1075702,19,32,110,121,0.9166666,-0.375
85,2016-05-06 18:00:00+00:00,3.5951738,3.0447671,3.0447671,32,45,45,58,-0.14010417,-0.053125
85,2016-05-06 18:00:00+00:00,2.4028292,2.7824724,2.7824724,32,45,71,84,0.2760417,-0.03671875
85,2016-05-06 18:00:00+00:00,2.2853556,2.4761956,2.4761956,32,45,84,97,0.5,-0.050000004
85,2016-05-06 18:00:00+00:00,2.0657208,2.115853,2.115853,32,45,97,110,0.7166667,-0.050000004
85,2016-05-06 18:00:00+00:00,1.9747266,2.095654,2.095654,32,45,110,121,0.9166666,-0.050000004
85,2016-05-06 18:00:00+00:00,3.6436825,3.075611,3.075611,45,58,19,32,-0.5833333,0.275
85,2016-05-06 18:00:00+00:00,2.8768933,2.4742968,2.4742968,45,58,58,71,0.068749994,0.2746094
85,2016-05-06 18:00:00+00:00,2.3669665,2.3686242,2.3686242,45,58,71,84,0.2690104,0.28671876
85,2016-05-06 18:00:00+00:00,2.3076878,2.3158941,2.3158941,45,58,84,97,0.5104167,0.2746094
85,2016-05-06 18:00:00+00:00,2.2159538,2.136912,2.136912,45,58,97,110,0.7166667,0.275
85,2016-05-06 18:00:00+00:00,2.2308257,2.1841457,2.1841457,45,58,110,121,0.9166666,0.275
85,2016-05-06 18:00:00+00:00,2.522108,2.200328,2.200328,58,71,32,45,-0.37083334,0.60234374
85,2016-05-06 18:00:00+00:00,2.5118263,2.2735817,2.2735817,58,71,71,84,0.2833333,0.6
85,2016-05-06 18:00:00+00:00,2.5092387,2.1504838,2.1504838,58,71,84,97,0.4953125,0.590625
85,2016-05-06 18:00:00+00:00,2.1294131,1.9836714,1.9836714,58,71,97,110,0.7242187,0.5957031
85,2016-05-06 18:00:00+00:00,2.1227427,2.047294,2.047294,58,71,110,121,0.9166666,0.6
85,2016-05-06 18:00:00+00:00,2.1241415,2.0208743,2.0208743,71,81,110,121,0.9166666,0.8875
86,2016-05-18 19:00:00+00:00,3.0984159,2.7911496,2.7911496,19,32,84,97,0.5,-0.375
86,2016-05-18 19:00:00+00:00,2.2297044,2.163516,2.163516,19,32,97,110,0.7166667,-0.375
86,2016-05-18 19:00:00+00:00,2.155627,2.1076922,2.1076922,19,32,110,121,0.9166666,-0.375
86,2016-05-18 19:00:00+00:00,3.3548925,4.4828806,4.4828806,32,45,32,45,-0.36302084,-0.033203125
86,2016-05-18 19:00:00+00:00,3.844936,3.8841305,3.8841305,32,45,45,58,-0.15,-0.050000004
86,2016-05-18 19:00:00+00:00,3.5604486,3.6317625,3.6317625,32,45,71,84,0.28177083,-0.034374997
86,2016-05-18 19:00:00+00:00,2.6539526,2.973299,2.973299,32,45,84,97,0.5,-0.050000004
86,2016-05-18 19:00:00+00:00,2.205114,2.276431,2.276431,32,45,97,110,0.7166667,-0.050000004
86,2016-05-18 19:00:00+00:00,2.0851514,2.134519,2.134519,32,45,110,121,0.9166666,-0.050000004
86,2016-05-18 19:00:00+00:00,3.788006,3.5796056,3.5796056,45,58,6,19,-0.7848958,0.27812502
86,2016-05-18 19:00:00+00:00,2.567918,3.8562963,3.8562963,45,58,19,32,-0.5833333,0.275
86,2016-05-18 19:00:00+00:00,2.507922,3.1211307,3.1211307,45,58,32,45,-0.35442707,0.27695313
86,2016-05-18 19:00:00+00:00,2.669579,2.8305075,2.8305075,45,58,45,58,-0.15,0.275
86,2016-05-18 19:00:00+00:00,3.5306509,3.0361085,3.0361085,45,58,58,71,0.06666666,0.275
86,2016-05-18 19:00:00+00:00,2.2340927,2.1610389,2.1610389,45,58,97,110,0.7166667,0.275
86,2016-05-18 19:00:00+00:00,1.9552898,2.1195107,2.1195107,45,58,110,121,0.9166666,0.275
86,2016-05-18 19:00:00+00:00,0.9901974,3.3434682,3.3434682,58,71,19,32,-0.5731771,0.5722656
86,2016-05-18 19:00:00+00:00,2.1683962,2.6150982,2.6150982,58,71,32,45,-0.36666667,0.6
86,2016-05-18 19:00:00+00:00,2.6633804,2.3998723,2.3998723,58,71,45,58,-0.1497396,0.5914062
86,2016-05-18 19:00:00+00:00,2.655092,2.5817857,2.5817857,58,71,58,71,0.071875006,0.58281255
86,2016-05-18 19:00:00+00:00,2.9413605,2.6046028,2.6046028,58,71,71,84,0.28307295,0.5992187
86,2016-05-18 19:00:00+00:00,2.7792103,2.4380705,2.4380705,58,71,84,97,0.48515624,0.58984375
86,2016-05-18 19:00:00+00:00,1.7137729,1.8857266,1.8857266,58,71,97,110,0.7257812,0.59101564
86,2016-05-18 19:00:00+00:00,1.5541389,1.8864484,1.8864484,58,71,110,121,0.9166666,0.6
86,2016-05-18 19:00:00+00:00,0.17264608,1.8785154,1.8785154,71,81,110,121,0.9166666,0.8875
87,2016-05-23 17:40:00+00:00,2.2859497,1.953979,1.953979,19,32,84,97,0.50156254,-0.37421876
87,2016-05-23 17:40:00+00:00,2.0587757,1.8017912,1.8017912,19,32,97,110,0.7166667,-0.375
87,2016-05-23 17:40:00+00:00,1.9404666,1.8170725,1.8170725,19,32,110,121,0.9166666,-0.375
87,2016-05-23 17:40:00+00:00,2.3682437,2.425154,2.425154,32,45,45,58,-0.15,-0.050000004
87,2016-05-23 17:40:00+00:00,1.9922148,1.8898437,1.8898437,32,45,84,97,0.50703126,-0.05625
87,2016-05-23 17:40:00+00:00,1.8797723,1.7061979,1.7061979,32,45,97,110,0.7166667,-0.050000004
87,2016-05-23 17:40:00+00:00,1.7615037,1.7252233,1.7252233,32,45,110,121,0.9166666,-0.050000004
87,2016-05-23 17:40:00+00:00,2.878722,2.5214708,2.5214708,45,58,6,19,-0.78515625,0.27851564
87,2016-05-23 17:40:00+00:00,2.3389993,2.6734014,2.6734014,45,58,19,32,-0.5833333,0.275
87,2016-05-23 17:40:00+00:00,2.0537083,2.2061753,2.2061753,45,58,32,45,-0.36666667,0.275
87,2016-05-23 17:40:00+00:00,2.0521278,2.0963423,2.0963423,45,58,45,58,-0.15,0.275
87,2016-05-23 17:40:00+00:00,2.1048799,2.0546627,2.0546627,45,58,58,71,0.06666666,0.275
87,2016-05-23 17:40:00+00:00,2.0280058,1.9505323,1.9505323,45,58,84,97,0.51250005,0.27421874
87,2016-05-23 17:40:00+00:00,1.7992454,1.8572001,1.8572001,45,58,97,110,0.7166667,0.275
87,2016-05-23 17:40:00+00:00,1.697508,1.9155618,1.9155618,45,58,110,121,0.9166666,0.275
87,2016-05-23 17:40:00+00:00,2.1764927,2.021478,2.021478,58,71,32,45,-0.3645833,0.5980469
87,2016-05-23 17:40:00+00:00,2.26038,1.965863,1.965863,58,71,45,58,-0.14921875,0.5800781
87,2016-05-23 17:40:00+00:00,2.2138875,1.9147613,1.9147613,58,71,58,71,0.06901042,0.5960938
87,2016-05-23 17:40:00+00:00,2.0815675,1.933576,1.933576,58,71,71,84,0.2783854,0.59882814
87,2016-05-23 17:40:00+00:00,1.6918819,1.76863,1.76863,58,71,97,110,0.72760415,0.5953125
87,2016-05-23 17:40:00+00:00,1.6072925,1.847457,1.847457,58,71,110,121,0.9166666,0.6
87,2016-05-23 17:40:00+00:00,1.5853341,1.7750762,1.7750762,71,81,110,121,0.9197917,0.8863281
88,2016-06-12 18:55:00+00:00,2.5192268,2.342454,2.342454,19,32,84,97,0.49010417,-0.371875
88,2016-06-12 18:55:00+00:00,2.0164354,2.0617251,2.0617251,19,32,97,110,0.7166667,-0.375
88,2016-06-12 18:55:00+00:00,2.1396437,2.060604,2.060604,19,32,110,121,0.9166666,-0.375
88,2016-06-12 18:55:00+00:00,3.078914,3.3245926,3.3245926,32,45,32,45,-0.3669271,-0.038671877
88,2016-06-12 18:55:00+00:00,2.3500648,2.953695,2.953695,32,45,45,58,-0.15,-0.050000004
88,2016-06-12 18:55:00+00:00,2.6242368,2.9024942,2.9024942,32,45,58,71,0.061718747,-0.050390624
88,2016-06-12 18:55:00+00:00,2.610377,2.668286,2.668286,32,45,71,84,0.28125,-0.04414063
88,2016-06-12 18:55:00+00:00,2.2070775,2.3706453,2.3706453,32,45,84,97,0.5,-0.050000004
88,2016-06-12 18:55:00+00:00,1.9713486,2.0517793,2.0517793,32,45,97,110,0.7166667,-0.050000004
88,2016-06-12 18:55:00+00:00,1.8874388,2.0250528,2.0250528,32,45,110,121,0.9166666,-0.050000004
88,2016-06-12 18:55:00+00:00,3.5000682,2.8245876,2.8245876,45,58,6,19,-0.7856771,0.26054686
88,2016-06-12 18:55:00+00:00,2.5432925,2.9775593,2.9775593,45,58,19,32,-0.5833333,0.275
88,2016-06-12 18:55:00+00:00,2.2893252,2.3861377,2.3861377,45,58,32,45,-0.36666667,0.275
88,2016-06-12 18:55:00+00:00,2.1110072,2.222554,2.222554,45,58,45,58,-0.15,0.275
88,2016-06-12 18:55:00+00:00,2.105005,2.2276142,2.2276142,45,58,58,71,0.06666666,0.275
88,2016-06-12 18:55:00+00:00,2.2226174,2.1922424,2.1922424,45,58,71,84,0.2708333,0.28984374
88,2016-06-12 18:55:00+00:00,2.2052333,2.1525273,2.1525273,45,58,84,97,0.5153646,0.2859375
88,2016-06-12 18:55:00+00:00,1.9729897,2.0051732,2.0051732,45,58,97,110,0.7166667,0.275
88,2016-06-12 18:55:00+00:00,1.8311837,2.0497684,2.0497684,45,58,110,121,0.9166666,0.275
88,2016-06-12 18:55:00+00:00,2.2066429,2.0633218,2.0633218,58,71,32,45,-0.36666667,0.6
88,2016-06-12 18:55:00+00:00,2.0892348,2.0083363,2.0083363,58,71,45,58,-0.15078126,0.5917969
88,2016-06-12 18:55:00+00:00,2.1308427,2.0045772,2.0045772,58,71,58,71,0.07291667,0.584375
88,2016-06-12 18:55:00+00:00,2.1579156,2.0823214,2.0823214,58,71,71,84,0.2833333,0.6
88,2016-06-12 18:55:00+00:00,2.2874742,1.9720807,1.9720807,58,71,84,97,0.49375,0.5902344
88,2016-06-12 18:55:00+00:00,2.0480416,1.8244061,1.8244061,58,71,97,110,0.72786456,0.5890625
88,2016-06-12 18:55:00+00:00,1.7806199,1.9104415,1.9104415,58,71,110,121,0.9166666,0.6
88,2016-06-12 18:55:00+00:00,1.8386335,1.917436,1.917436,71,81,110,121,0.9166666,0.8875
89,2016-06-17 19:15:00+00:00,2.293863,2.3084285,2.3084285,19,32,84,97,0.5,-0.375
89,2016-06-17 19:15:00+00:00,2.0227947,1.9639966,1.9639966,19,32,97,110,0.7166667,-0.375
89,2016-06-17 19:15:00+00:00,1.979968,1.9305869,1.9305869,19,32,110,121,0.9166666,-0.375
89,2016-06-17 19:15:00+00:00,3.3353853,3.5594804,3.5594804,32,45,32,45,-0.36302084,-0.03828125
89,2016-06-17 19:15:00+00:00,2.4300733,3.0738413,3.0738413,32,45,45,58,-0.15,-0.050000004
89,2016-06-17 19:15:00+00:00,2.482583,2.9793737,2.9793737,32,45,58,71,0.06666666,-0.05
89,2016-06-17 19:15:00+00:00,2.2579052,2.681494,2.681494,32,45,71,84,0.27760416,-0.044921875
89,2016-06-17 19:15:00+00:00,1.9229842,2.3422115,2.3422115,32,45,84,97,0.50104165,-0.051171876
89,2016-06-17 19:15:00+00:00,1.7865977,1.9225135,1.9225135,32,45,97,110,0.7166667,-0.050000004
89,2016-06-17 19:15:00+00:00,1.759941,1.8409153,1.8409153,32,45,110,121,0.9166666,-0.050000004
89,2016-06-17 19:15:00+00:00,3.6185434,2.8191402,2.8191402,45,58,6,19,-0.7914063,0.265625
89,2016-06-17 19:15:00+00:00,2.295614,3.010921,3.010921,45,58,19,32,-0.5833333,0.275
89,2016-06-17 19:15:00+00:00,2.099928,2.397137,2.397137,45,58,32,45,-0.36666667,0.275
89,2016-06-17 19:15:00+00:00,2.024133,2.1428142,2.1428142,45,58,45,58,-0.15,0.275
89,2016-06-17 19:15:00+00:00,2.0306892,2.1513455,2.1513455,45,58,58,71,0.06666666,0.275
89,2016-06-17 19:15:00+00:00,1.9986144,2.0993986,2.0993986,45,58,71,84,0.27109376,0.2902344
89,2016-06-17 19:15:00+00:00,1.9252931,1.9802113,1.9802113,45,58,84,97,0.5101563,0.284375
89,2016-06-17 19:15:00+00:00,1.7519647,1.7966168,1.7966168,45,58,97,110,0.7166667,0.275
89,2016-06-17 19:15:00+00:00,1.6367986,1.7974532,1.7974532,45,58,110,121,0.9166666,0.275
89,2016-06-17 19:15:00+00:00,1.9401428,2.0035527,2.0035527,58,71,32,45,-0.36666667,0.6
89,2016-06-17 19:15:00+00:00,1.814031,1.8780757,1.8780757,58,71,45,58,-0.1575521,0.5816406
89,2016-06-17 19:15:00+00:00,1.8971819,1.8670366,1.8670366,58,71,58,71,0.069531254,0.58671874
89,2016-06-17 19:15:00+00:00,1.8376205,1.9498758,1.9498758,58,71,71,84,0.2833333,0.6
89,2016-06-17 19:15:00+00:00,1.9139104,1.8277005,1.8277005,58,71,84,97,0.49166667,0.5878906
89,2016-06-17 19:15:00+00:00,1.938626,1.5966145,1.5966145,58,71,97,110,0.7294271,0.5902344
89,2016-06-17 19:15:00+00:00,1.5882642,1.6403687,1.6403687,58,71,110,121,0.9166666,0.6
89,2016-06-17 19:15:00+00:00,1.5925335,1.6108575,1.6108575,71,81,110,121,0.9190104,0.8859375
90,2016-06-19 19:00:00+00:00,1.6076298,1.5526174,1.5526174,19,32,97,110,0.7166667,-0.375
90,2016-06-19 19:00:00+00:00,1.5698924,1.5611402,1.5611402,19,32,110,121,0.9117187,-0.36796874
90,2016-06-19 19:00:00+00:00,1.9191508,1.9935893,1.9935893,32,45,58,71,0.0625,-0.051171873
90,2016-06-19 19:00:00+00:00,1.540076,1.5721575,1.5721575,32,45,84,97,0.50078124,-0.04921875
90,2016-06-19 19:00:00+00:00,1.4642948,1.4005336,1.4005336,32,45,97,110,0.7166667,-0.050000004
90,2016-06-19 19:00:00+00:00,1.4435539,1.415603,1.415603,32,45,110,121,0.9166666,-0.050000004
90,2016-06-19 19:00:00+00:00,1.9344237,2.2571454,2.2571454,45,58,19,32,-0.5794271,0.27734375
90,2016-06-19 19:00:00+00:00,1.7042645,1.8985324,1.8985324,45,58,32,45,-0.36041665,0.2777344
90,2016-06-19 19:00:00+00:00,1.6515567,1.8130468,1.8130468,45,58,45,58,-0.13828126,0.27695313
90,2016-06-19 19:00:00+00:00,1.6685042,1.7622463,1.7622463,45,58,58,71,0.06875,0.27421877
90,2016-06-19 19:00:00+00:00,1.786904,1.6835651,1.6835651,45,58,71,84,0.27265626,0.28945312
90,2016-06-19 19:00:00+00:00,1.4904275,1.512471,1.512471,45,58,97,110,0.7166667,0.275
90,2016-06-19 19:00:00+00:00,1.3970801,1.551783,1.551783,45,58,110,121,0.9166666,0.275
90,2016-06-19 19:00:00+00:00,1.7805697,1.7350221,1.7350221,58,71,32,45,-0.36666667,0.6
90,2016-06-19 19:00:00+00:00,1.7562764,1.7139817,1.7139817,58,71,45,58,-0.15546876,0.590625
90,2016-06-19 19:00:00+00:00,1.7190398,1.6578596,1.6578596,58,71,58,71,0.07005209,0.58554685
90,2016-06-19 19:00:00+00:00,1.6393027,1.6503783,1.6503783,58,71,71,84,0.2833333,0.6
90,2016-06-19 19:00:00+00:00,1.5937352,1.5191528,1.5191528,58,71,84,97,0.4953125,0.5910156
90,2016-06-19 19:00:00+00:00,1.4906776,1.435901,1.435901,58,71,97,110,0.726823,0.58984375
90,2016-06-19 19:00:00+00:00,1.3612759,1.4933634,1.4933634,58,71,110,121,0.9166666,0.6
90,2016-06-19 19:00:00+00:00,1.3774154,1.3573631,1.3573631,71,81,110,121,0.9166666,0.8875
91,2016-06-21 18:50:00+00:00,2.1454036,2.14182,2.14182,19,32,84,97,0.5,-0.375
91,2016-06-21 18:50:00+00:00,2.0400562,1.9868557,1.9868557,19,32,97,110,0.7166667,-0.375
91,2016-06-21 18:50:00+00:00,2.1013806,2.0091176,2.0091176,19,32,110,121,0.9166666,-0.375
91,2016-06-21 18:50:00+00:00,2.4190652,2.668133,2.668133,32,45,32,45,-0.36640623,-0.038671877
91,2016-06-21 18:50:00+00:00,2.2169387,2.461698,2.461698,32,45,45,58,-0.15,-0.050000004
91,2016-06-21 18:50:00+00:00,2.2626336,2.2798903,2.2798903,32,45,71,84,0.2765625,-0.042578124
91,2016-06-21 18:50:00+00:00,2.007429,2.1329868,2.1329868,32,45,84,97,0.5,-0.050000004
91,2016-06-21 18:50:00+00:00,1.8735741,1.9536927,1.9536927,32,45,97,110,0.7166667,-0.050000004
91,2016-06-21 18:50:00+00:00,1.897818,1.9770436,1.9770436,32,45,110,121,0.9166666,-0.050000004
91,2016-06-21 18:50:00+00:00,1.7579559,2.059811,2.059811,45,58,32,45,-0.36718747,0.27421877
91,2016-06-21 18:50:00+00:00,1.8690965,1.9874007,1.9874007,45,58,45,58,-0.15,0.275
91,2016-06-21 18:50:00+00:00,1.9478865,1.9664509,1.9664509,45,58,58,71,0.06666666,0.275
91,2016-06-21 18:50:00+00:00,2.0683386,1.9606634,1.9606634,45,58,71,84,0.26744792,0.2890625
91,2016-06-21 18:50:00+00:00,2.3419945,2.0213225,2.0213225,45,58,84,97,0.5122396,0.28710938
91,2016-06-21 18:50:00+00:00,1.9470036,1.9756695,1.9756695,45,58,97,110,0.7166667,0.275
91,2016-06-21 18:50:00+00:00,1.8251766,2.0561373,2.0561373,45,58,110,121,0.9166666,0.275
91,2016-06-21 18:50:00+00:00,1.8789917,1.8224962,1.8224962,58,71,32,45,-0.3619792,0.58984375
91,2016-06-21 18:50:00+00:00,1.7804985,1.8340938,1.8340938,58,71,45,58,-0.15104166,0.59218746
91,2016-06-21 18:50:00+00:00,1.8614036,1.7961575,1.7961575,58,71,58,71,0.07239584,0.5835937
91,2016-06-21 18:50:00+00:00,1.9508733,1.9120119,1.9120119,58,71,71,84,0.2833333,0.6
91,2016-06-21 18:50:00+00:00,1.9560016,1.8783892,1.8783892,58,71,84,97,0.49583334,0.5910156
91,2016-06-21 18:50:00+00:00,1.9460491,1.8290081,1.8290081,58,71,97,110,0.728125,0.58984375
91,2016-06-21 18:50:00+00:00,1.7356641,1.941216,1.941216,58,71,110,121,0.9166666,0.6
91,2016-06-21 18:50:00+00:00,1.792355,1.9427342,1.9427342,71,81,110,121,0.9166666,0.8875
92,2016-06-24 17:40:00+00:00,1.8324193,1.8961874,1.8961874,19,32,84,97,0.49895835,-0.37421876
92,2016-06-24 17:40:00+00:00,1.7135724,1.7434226,1.7434226,19,32,97,110,0.7166667,-0.375
92,2016-06-24 17:40:00+00:00,1.7490782,1.7515397,1.7515397,19,32,110,121,0.9166666,-0.375
92,2016-06-24 17:40:00+00:00,2.3363938,2.3925068,2.3925068,32,45,32,45,-0.3622396,-0.04375
92,2016-06-24 17:40:00+00:00,1.9675677,2.2280076,2.2280076,32,45,45,58,-0.15,-0.050000004
92,2016-06-24 17:40:00+00:00,2.0820317,2.1567702,2.1567702,32,45,58,71,0.06067709,-0.051171876
92,2016-06-24 17:40:00+00:00,1.913409,1.9837953,1.9837953,32,45,71,84,0.28203124,-0.05
92,2016-06-24 17:40:00+00:00,1.7103679,1.8102505,1.8102505,32,45,84,97,0.5057292,-0.05234375
92,2016-06-24 17:40:00+00:00,1.6082621,1.6373262,1.6373262,32,45,97,110,0.7166667,-0.050000004
92,2016-06-24 17:40:00+00:00,1.5858212,1.6573647,1.6573647,32,45,110,121,0.9166666,-0.050000004
92,2016-06-24 17:40:00+00:00,1.8098214,2.2793295,2.2793295,45,58,19,32,-0.5809896,0.27421877
92,2016-06-24 17:40:00+00:00,1.6850574,1.8855346,1.8855346,45,58,32,45,-0.36666667,0.275
92,2016-06-24 17:40:00+00:00,1.615506,1.8359042,1.8359042,45,58,45,58,-0.15,0.275
92,2016-06-24 17:40:00+00:00,1.723224,1.8042293,1.8042293,45,58,58,71,0.061458334,0.27734375
92,2016-06-24 17:40:00+00:00,1.9870945,1.7461848,1.7461848,45,58,84,97,0.51250005,0.28710938
92,2016-06-24 17:40:00+00:00,1.6682727,1.685558,1.685558,45,58,97,110,0.7166667,0.275
92,2016-06-24 17:40:00+00:00,1.5180372,1.7439933,1.7439933,45,58,110,121,0.9166666,0.275
92,2016-06-24 17:40:00+00:00,1.9253228,2.0102656,2.0102656,58,71,19,32,-0.5716146,0.5679687
92,2016-06-24 17:40:00+00:00,1.7166795,1.7030613,1.7030613,58,71,32,45,-0.36536458,0.59843755
92,2016-06-24 17:40:00+00:00,1.7029965,1.7017481,1.7017481,58,71,45,58,-0.15677083,0.5882813
92,2016-06-24 17:40:00+00:00,1.6859747,1.7201365,1.7201365,58,71,71,84,0.28177083,0.5960938
92,2016-06-24 17:40:00+00:00,1.8127561,1.659178,1.659178,58,71,84,97,0.49062502,0.5847657
92,2016-06-24 17:40:00+00:00,1.6574045,1.5949819,1.5949819,58,71,97,110,0.73072916,0.5894531
92,2016-06-24 17:40:00+00:00,1.4689196,1.6623209,1.6623209,58,71,110,121,0.9166666,0.6
92,2016-06-24 17:40:00+00:00,1.4726931,1.5980452,1.5980452,71,81,110,121,0.9184896,0.8863281
93,2016-06-30 18:45:00+00:00,1.8862883,1.816155,1.816155,19,32,84,97,0.5,-0.375
93,2016-06-30 18:45:00+00:00,1.7822047,1.7069889,1.7069889,19,32,97,110,0.7166667,-0.375
93,2016-06-30 18:45:00+00:00,1.7898992,1.733358,1.733358,19,32,110,121,0.9166666,-0.375
93,2016-06-30 18:45:00+00:00,2.1332972,2.3126218,2.3126218,32,45,32,45,-0.36640623,-0.038671877
93,2016-06-30 18:45:00+00:00,1.9708393,2.1438007,2.1438007,32,45,45,58,-0.15,-0.050000004
93,2016-06-30 18:45:00+00:00,1.9990827,1.8902074,1.8902074,32,45,71,84,0.27786458,-0.0453125
93,2016-06-30 18:45:00+00:00,1.7519234,1.7516786,1.7516786,32,45,84,97,0.5,-0.050000004
93,2016-06-30 18:45:00+00:00,1.6593683,1.6305585,1.6305585,32,45,97,110,0.7166667,-0.050000004
93,2016-06-30 18:45:00+00:00,1.6320419,1.6701552,1.6701552,32,45,110,121,0.9166666,-0.050000004
93,2016-06-30 18:45:00+00:00,2.7657268,2.2951045,2.2951045,45,58,6,19,-0.78203124,0.26289064
93,2016-06-30 18:45:00+00:00,2.0442429,2.3968077,2.3968077,45,58,19,32,-0.5833333,0.275
93,2016-06-30 18:45:00+00:00,1.834913,1.9917185,1.9917185,45,58,32,45,-0.36666667,0.275
93,2016-06-30 18:45:00+00:00,1.7704016,1.9264187,1.9264187,45,58,45,58,-0.15,0.275
93,2016-06-30 18:45:00+00:00,1.8326545,1.8850985,1.8850985,45,58,58,71,0.068749994,0.2746094
93,2016-06-30 18:45:00+00:00,1.8548244,1.8240535,1.8240535,45,58,71,84,0.26718754,0.28945312
93,2016-06-30 18:45:00+00:00,1.9038045,1.8323152,1.8323152,45,58,84,97,0.5122396,0.28710938
93,2016-06-30 18:45:00+00:00,1.8038366,1.7909098,1.7909098,45,58,97,110,0.7166667,0.275
93,2016-06-30 18:45:00+00:00,1.6916708,1.8649552,1.8649552,45,58,110,121,0.9166666,0.275
93,2016-06-30 18:45:00+00:00,1.9984651,1.8358169,1.8358169,58,71,32,45,-0.36666667,0.6
93,2016-06-30 18:45:00+00:00,1.8386136,1.8266428,1.8266428,58,71,45,58,-0.15078126,0.5917969
93,2016-06-30 18:45:00+00:00,1.8408545,1.7760224,1.7760224,58,71,58,71,0.07239584,0.5835937
93,2016-06-30 18:45:00+00:00,1.7511528,1.8062814,1.8062814,58,71,71,84,0.2833333,0.6
93,2016-06-30 18:45:00+00:00,1.8947785,1.7600578,1.7600578,58,71,84,97,0.49479166,0.5921875
93,2016-06-30 18:45:00+00:00,1.9548321,1.7142197,1.7142197,58,71,97,110,0.7299479,0.59023434
93,2016-06-30 18:45:00+00:00,1.803084,1.8047302,1.8047302,58,71,110,121,0.9166666,0.6
93,2016-06-30 18:45:00+00:00,1.8003682,1.7408636,1.7408636,71,81,110,121,0.9166666,0.8875
94,2016-07-05 19:00:00+00:00,1.2840722,1.5079365,1.5079365,19,32,84,97,0.5,-0.375
94,2016-07-05 19:00:00+00:00,1.2140453,1.4286275,1.4286275,19,32,97,110,0.7166667,-0.375
94,2016-07-05 19:00:00+00:00,1.1137186,1.452453,1.452453,19,32,110,121,0.9195312,-0.3660156
94,2016-07-05 19:00:00+00:00,1.4580071,1.5161381,1.5161381,32,45,71,84,0.27890626,-0.045703128
94,2016-07-05 19:00:00+00:00,1.3287019,1.3823084,1.3823084,32,45,84,97,0.5,-0.050000004
94,2016-07-05 19:00:00+00:00,1.3212817,1.2876573,1.2876573,32,45,97,110,0.7166667,-0.050000004
94,2016-07-05 19:00:00+00:00,1.4273999,1.3463002,1.3463002,32,45,110,121,0.9166666,-0.050000004
94,2016-07-05 19:00:00+00:00,1.5363429,1.9922671,1.9922671,45,58,19,32,-0.5802083,0.2703125
94,2016-07-05 19:00:00+00:00,1.5634241,1.632253,1.632253,45,58,32,45,-0.36666667,0.275
94,2016-07-05 19:00:00+00:00,1.5070331,1.6134928,1.6134928,45,58,45,58,-0.15,0.275
94,2016-07-05 19:00:00+00:00,1.5328033,1.5748188,1.5748188,45,58,58,71,0.06666666,0.275
94,2016-07-05 19:00:00+00:00,1.5657712,1.5389754,1.5389754,45,58,71,84,0.26796877,0.28984374
94,2016-07-05 19:00:00+00:00,1.4550558,1.4651024,1.4651024,45,58,97,110,0.7166667,0.275
94,2016-07-05 19:00:00+00:00,1.4694281,1.543073,1.543073,45,58,110,121,0.9166666,0.275
94,2016-07-05 19:00:00+00:00,1.4026576,1.5365204,1.5365204,58,71,45,58,-0.14739583,0.5835937
94,2016-07-05 19:00:00+00:00,1.5622627,1.4994984,1.4994984,58,71,58,71,0.07291667,0.584375
94,2016-07-05 19:00:00+00:00,1.5311654,1.5209203,1.5209203,58,71,71,84,0.2833333,0.6
94,2016-07-05 19:00:00+00:00,1.5941945,1.4368453,1.4368453,58,71,84,97,0.49088544,0.590625
94,2016-07-05 19:00:00+00:00,1.7140402,1.3845261,1.3845261,58,71,97,110,0.73307294,0.5882813
94,2016-07-05 19:00:00+00:00,1.5555171,1.4883163,1.4883163,58,71,110,121,0.9166666,0.6
94,2016-07-05 19:00:00+00:00,1.6396554,1.3471396,1.3471396,71,81,110,121,0.9166666,0.8875
95,2016-07-12 19:05:00+00:00,1.246264,1.5859919,1.5859919,19,32,97,110,0.7213541,-0.3683594
95,2016-07-12 19:05:00+00:00,1.5450796,1.6242938,1.6242938,19,32,110,121,0.9096354,-0.36328125
95,2016-07-12 19:05:00+00:00,1.8099183,1.8061166,1.8061166,32,45,58,71,0.058333337,-0.04609375
95,2016-07-12 19:05:00+00:00,1.5063261,1.6150043,1.6150043,32,45,84,97,0.49166667,-0.036328126
95,2016-07-12 19:05:00+00:00,1.4041934,1.4919193,1.4919193,32,45,97,110,0.7190104,-0.041406244
95,2016-07-12 19:05:00+00:00,1.5789026,1.5441176,1.5441176,32,45,110,121,0.9166666,-0.050000004
95,2016-07-12 19:05:00+00:00,1.4788932,1.7196648,1.7196648,45,58,32,45,-0.3640625,0.2691406
95,2016-07-12 19:05:00+00:00,1.4971299,1.6885121,1.6885121,45,58,45,58,-0.15,0.275
95,2016-07-12 19:05:00+00:00,1.5852083,1.6672887,1.6672887,45,58,58,71,0.06666666,0.275
95,2016-07-12 19:05:00+00:00,1.7048752,1.6535031,1.6535031,45,58,71,84,0.26875,0.2890625
95,2016-07-12 19:05:00+00:00,1.8326597,1.657319,1.657319,45,58,84,97,0.5148437,0.28476563
95,2016-07-12 19:05:00+00:00,1.6063527,1.6228017,1.6228017,45,58,97,110,0.7166667,0.275
95,2016-07-12 19:05:00+00:00,1.6198298,1.6953026,1.6953026,45,58,110,121,0.9166666,0.275
95,2016-07-12 19:05:00+00:00,2.3180814,1.865369,1.865369,58,71,19,32,-0.56874996,0.5648438
95,2016-07-12 19:05:00+00:00,1.7981519,1.5845946,1.5845946,58,71,32,45,-0.37942708,0.6128906
95,2016-07-12 19:05:00+00:00,1.6376307,1.5570914,1.5570914,58,71,58,71,0.07239584,0.5835937
95,2016-07-12 19:05:00+00:00,1.5787855,1.623461,1.623461,58,71,71,84,0.2833333,0.6
95,2016-07-12 19:05:00+00:00,1.6199865,1.5627003,1.5627003,58,71,84,97,0.49427083,0.590625
95,2016-07-12 19:05:00+00:00,1.7456346,1.5358527,1.5358527,58,71,97,110,0.72473955,0.59101564
95,2016-07-12 19:05:00+00:00,1.6358032,1.6195735,1.6195735,58,71,110,121,0.9166666,0.6
95,2016-07-12 19:05:00+00:00,1.6961653,1.5334959,1.5334959,71,81,110,121,0.9166666,0.8875
96,2016-08-01 18:45:00+00:00,2.0126615,2.106686,2.106686,19,32,84,97,0.5,-0.375
96,2016-08-01 18:45:00+00:00,1.7463329,1.80676,1.80676,19,32,97,110,0.7166667,-0.375
96,2016-08-01 18:45:00+00:00,1.7934301,1.7968035,1.7968035,19,32,110,121,0.9166666,-0.375
96,2016-08-01 18:45:00+00:00,3.0550401,3.1958303,3.1958303,32,45,32,45,-0.3619792,-0.03828125
96,2016-08-01 18:45:00+00:00,2.5910497,2.792108,2.792108,32,45,45,58,-0.15,-0.050000004
96,2016-08-01 18:45:00+00:00,2.1875453,2.4262855,2.4262855,32,45,71,84,0.28020832,-0.043750003
96,2016-08-01 18:45:00+00:00,2.0001452,2.0428262,2.0428262,32,45,84,97,0.50078124,-0.05078125
96,2016-08-01 18:45:00+00:00,1.761027,1.714313,1.714313,32,45,97,110,0.7166667,-0.050000004
96,2016-08-01 18:45:00+00:00,1.725854,1.6847795,1.6847795,32,45,110,121,0.9166666,-0.050000004
96,2016-08-01 18:45:00+00:00,3.6358933,2.7405884,2.7405884,45,58,6,19,-0.78020835,0.26171875
96,2016-08-01 18:45:00+00:00,2.5982423,2.914761,2.914761,45,58,19,32,-0.5833333,0.275
96,2016-08-01 18:45:00+00:00,2.4207387,2.39565,2.39565,45,58,32,45,-0.36666667,0.275
96,2016-08-01 18:45:00+00:00,2.3377697,2.1880834,2.1880834,45,58,45,58,-0.15,0.275
96,2016-08-01 18:45:00+00:00,2.217137,2.2013843,2.2013843,45,58,58,71,0.06666666,0.275
96,2016-08-01 18:45:00+00:00,2.101824,2.0616004,2.0616004,45,58,71,84,0.26796877,0.2890625
96,2016-08-01 18:45:00+00:00,2.1597342,1.9335319,1.9335319,45,58,84,97,0.5148437,0.28671873
96,2016-08-01 18:45:00+00:00,1.9208513,1.7517879,1.7517879,45,58,97,110,0.7166667,0.275
96,2016-08-01 18:45:00+00:00,1.8126378,1.7726421,1.7726421,45,58,110,121,0.9166666,0.275
96,2016-08-01 18:45:00+00:00,2.0626998,2.528226,2.528226,58,71,19,32,-0.5671875,0.5667969
96,2016-08-01 18:45:00+00:00,1.782315,2.087704,2.087704,58,71,32,45,-0.36666667,0.6
96,2016-08-01 18:45:00+00:00,1.8327975,1.9811256,1.9811256,58,71,45,58,-0.15338542,0.5929687
96,2016-08-01 18:45:00+00:00,1.8347685,1.9826679,1.9826679,58,71,58,71,0.07239584,0.5835937
96,2016-08-01 18:45:00+00:00,1.7620339,1.9749724,1.9749724,58,71,71,84,0.2833333,0.6
96,2016-08-01 18:45:00+00:00,1.722204,1.8040651,1.8040651,58,71,84,97,0.49765626,0.5914062
96,2016-08-01 18:45:00+00:00,1.7622157,1.6346588,1.6346588,58,71,97,110,0.7239583,0.5902344
96,2016-08-01 18:45:00+00:00,1.6752671,1.6602607,1.6602607,58,71,110,121,0.9166666,0.6
96,2016-08-01 18:45:00+00:00,1.356636,1.5585834,1.5585834,71,81,110,121,0.91770834,0.8851563
97,2016-08-07 18:05:00+00:00,1.9231745,2.0010045,2.0010045,19,32,84,97,0.5,-0.375
97,2016-08-07 18:05:00+00:00,1.6409314,1.7723918,1.7723918,19,32,97,110,0.7130208,-0.37656248
97,2016-08-07 18:05:00+00:00,1.7170199,1.8035125,1.8035125,19,32,110,121,0.91718745,-0.38437498
97,2016-08-07 18:05:00+00:00,2.7129428,2.951915,2.951915,32,45,32,45,-0.35546875,-0.043359376
97,2016-08-07 18:05:00+00:00,2.3052213,2.5958962,2.5958962,32,45,45,58,-0.1484375,-0.05078125
97,2016-08-07 18:05:00+00:00,1.7378893,1.6586876,1.6586876,32,45,110,121,0.9190104,-0.04179687
97,2016-08-07 18:05:00+00:00,2.3795903,2.780683,2.780683,45,58,19,32,-0.5833333,0.275
97,2016-08-07 18:05:00+00:00,2.1643417,2.2301543,2.2301543,45,58,32,45,-0.36666667,0.275
97,2016-08-07 18:05:00+00:00,2.1395788,2.0491378,2.0491378,45,58,45,58,-0.15,0.275
97,2016-08-07 18:05:00+00:00,2.0295181,2.0189342,2.0189342,45,58,58,71,0.06666666,0.275
97,2016-08-07 18:05:00+00:00,2.0236576,1.9252738,1.9252738,45,58,71,84,0.26458335,0.290625
97,2016-08-07 18:05:00+00:00,1.996869,1.8475016,1.8475016,45,58,84,97,0.509375,0.28281254
97,2016-08-07 18:05:00+00:00,1.7903311,1.7324476,1.7324476,45,58,97,110,0.7143229,0.27695313
97,2016-08-07 18:05:00+00:00,1.7026045,1.7798568,1.7798568,45,58,110,121,0.9166666,0.275
97,2016-08-07 18:05:00+00:00,1.7207927,1.937489,1.937489,58,71,32,45,-0.3658854,0.5839844
97,2016-08-07 18:05:00+00:00,1.7586178,1.8550919,1.8550919,58,71,45,58,-0.15390626,0.57734376
97,2016-08-07 18:05:00+00:00,1.9702803,1.720379,1.720379,58,71,84,97,0.4950521,0.59335935
97,2016-08-07 18:05:00+00:00,1.8761138,1.5772816,1.5772816,58,71,97,110,0.7315104,0.59101564
97,2016-08-07 18:05:00+00:00,1.6244948,1.67058,1.67058,58,71,110,121,0.9166666,0.6
97,2016-08-07 18:05:00+00:00,1.8589832,1.5868,1.5868,71,81,110,121,0.9166666,0.8875
98,2016-08-10 18:35:00+00:00,1.6415913,1.7857116,1.7857116,19,32,84,97,0.5005208,-0.375
98,2016-08-10 18:35:00+00:00,1.3296763,1.5786835,1.5786835,19,32,97,110,0.7166667,-0.375
98,2016-08-10 18:35:00+00:00,1.2915897,1.6121337,1.6121337,19,32,110,121,0.9140625,-0.37265623
98,2016-08-10 18:35:00+00:00,2.3340373,2.5704825,2.5704825,32,45,32,45,-0.36536458,-0.03828125
98,2016-08-10 18:35:00+00:00,1.8915784,1.9976965,1.9976965,32,45,71,84,0.28333333,-0.046484374
98,2016-08-10 18:35:00+00:00,1.7667444,1.7390475,1.7390475,32,45,84,97,0.5,-0.050000004
98,2016-08-10 18:35:00+00:00,1.5560868,1.4912938,1.4912938,32,45,97,110,0.7166667,-0.050000004
98,2016-08-10 18:35:00+00:00,1.485331,1.5091718,1.5091718,32,45,110,121,0.9166666,-0.050000004
98,2016-08-10 18:35:00+00:00,2.0923736,2.2562842,2.2562842,45,58,32,45,-0.3716146,0.27265626
98,2016-08-10 18:35:00+00:00,2.1443505,2.0649948,2.0649948,45,58,45,58,-0.15,0.275
98,2016-08-10 18:35:00+00:00,1.9816942,2.064945,2.064945,45,58,58,71,0.06666666,0.275
98,2016-08-10 18:35:00+00:00,1.9367844,1.9480553,1.9480553,45,58,71,84,0.2640625,0.28867185
98,2016-08-10 18:35:00+00:00,2.0071838,1.8173337,1.8173337,45,58,84,97,0.5153646,0.28476563
98,2016-08-10 18:35:00+00:00,1.7955805,1.680941,1.680941,45,58,97,110,0.7166667,0.275
98,2016-08-10 18:35:00+00:00,1.71329,1.7263824,1.7263824,45,58,110,121,0.9166666,0.275
98,2016-08-10 18:35:00+00:00,1.9115494,2.0108585,2.0108585,58,71,32,45,-0.36848956,0.60195315
98,2016-08-10 18:35:00+00:00,2.1269064,1.9414688,1.9414688,58,71,45,58,-0.15078126,0.5917969
98,2016-08-10 18:35:00+00:00,2.0452,1.9129612,1.9129612,58,71,58,71,0.06640625,0.5847657
98,2016-08-10 18:35:00+00:00,2.078696,1.9410975,1.9410975,58,71,71,84,0.28359377,0.6058594
98,2016-08-10 18:35:00+00:00,2.0151756,1.7682475,1.7682475,58,71,84,97,0.49479166,0.5921875
98,2016-08-10 18:35:00+00:00,1.856395,1.5905316,1.5905316,58,71,97,110,0.726823,0.58984375
98,2016-08-10 18:35:00+00:00,1.6356165,1.6534145,1.6534145,58,71,110,121,0.9166666,0.6
98,2016-08-10 18:35:00+00:00,1.7045987,1.5115942,1.5115942,71,81,110,121,0.9166666,0.8875
99,2016-08-19 18:30:00+00:00,1.6222587,1.8958296,1.8958296,19,32,97,110,0.7184896,-0.375
99,2016-08-19 18:30:00+00:00,1.4324125,1.918349,1.918349,19,32,110,121,0.9166666,-0.375
99,2016-08-19 18:30:00+00:00,1.8479842,1.8927767,1.8927767,32,45,97,110,0.7166667,-0.050000004
99,2016-08-19 18:30:00+00:00,1.7169476,1.8844851,1.8844851,32,45,110,121,0.9166666,-0.050000004
99,2016-08-19 18:30:00+00:00,3.0578718,3.4459105,3.4459105,45,58,19,32,-0.5736979,0.27695313
99,2016-08-19 18:30:00+00:00,2.598272,2.5802364,2.5802364,45,58,58,71,0.06666666,0.275
99,2016-08-19 18:30:00+00:00,2.431131,2.16062,2.16062,45,58,97,110,0.7166667,0.275
99,2016-08-19 18:30:00+00:00,2.5634892,2.1957355,2.1957355,45,58,110,121,0.9166666,0.275
99,2016-08-19 18:30:00+00:00,2.23344,2.4575293,2.4575293,58,71,45,58,-0.15703125,0.5921875
99,2016-08-19 18:30:00+00:00,2.3892932,2.4204965,2.4204965,58,71,58,71,0.07239584,0.5835937
99,2016-08-19 18:30:00+00:00,2.573723,2.4185467,2.4185467,58,71,71,84,0.2833333,0.6
99,2016-08-19 18:30:00+00:00,2.5296917,2.2672765,2.2672765,58,71,84,97,0.4947917,0.59726566
99,2016-08-19 18:30:00+00:00,2.1158888,2.0623655,2.0623655,58,71,97,110,0.72473955,0.5925781
99,2016-08-19 18:30:00+00:00,2.4297435,2.1103756,2.1103756,58,71,110,121,0.9166666,0.6
99,2016-08-19 18:30:00+00:00,2.2567284,2.0029054,2.0029054,71,81,110,121,0.9166666,0.8875
100,2016-09-27 18:35:00+00:00,4.1183405,3.599268,3.599268,19,32,84,97,0.5,-0.375
100,2016-09-27 18:35:00+00:00,3.70089,3.228944,3.228944,19,32,97,110,0.7166667,-0.375
100,2016-09-27 18:35:00+00:00,3.4880404,3.1735628,3.1735628,19,32,110,121,0.9166666,-0.375
100,2016-09-27 18:35:00+00:00,4.60263,4.9218836,4.9218836,32,45,32,45,-0.36510417,-0.041796874
100,2016-09-27 18:35:00+00:00,4.5381575,4.452342,4.452342,32,45,45,58,-0.15,-0.050000004
100,2016-09-27 18:35:00+00:00,4.3715034,4.3678074,4.3678074,32,45,58,71,0.05729167,-0.048046872
100,2016-09-27 18:35:00+00:00,3.9398448,4.1936083,4.1936083,32,45,71,84,0.27942708,-0.0453125
100,2016-09-27 18:35:00+00:00,4.104548,3.9787471,3.9787471,32,45,84,97,0.4997396,-0.05078125
100,2016-09-27 18:35:00+00:00,4.192057,3.627952,3.627952,32,45,97,110,0.7166667,-0.050000004
100,2016-09-27 18:35:00+00:00,3.4473727,3.499029,3.499029,32,45,110,121,0.9166666,-0.050000004
100,2016-09-27 18:35:00+00:00,4.618986,5.00775,5.00775,45,58,19,32,-0.5833333,0.275
100,2016-09-27 18:35:00+00:00,4.6194477,4.3571725,4.3571725,45,58,32,45,-0.36666667,0.275
100,2016-09-27 18:35:00+00:00,4.476512,3.9928908,3.9928908,45,58,45,58,-0.15,0.275
100,2016-09-27 18:35:00+00:00,4.423967,4.0431824,4.0431824,45,58,58,71,0.06666666,0.275
100,2016-09-27 18:35:00+00:00,4.345976,4.0680647,4.0680647,45,58,71,84,0.2705729,0.28632814
100,2016-09-27 18:35:00+00:00,3.9118316,3.9084637,3.9084637,45,58,97,110,0.7166667,0.275
100,2016-09-27 18:35:00+00:00,3.6839721,3.8765385,3.8765385,45,58,110,121,0.9166666,0.275
100,2016-09-27 18:35:00+00:00,4.582293,3.962685,3.962685,58,71,32,45,-0.36666667,0.6
100,2016-09-27 18:35:00+00:00,4.591013,3.672908,3.672908,58,71,45,58,-0.15156251,0.5917969
100,2016-09-27 18:35:00+00:00,4.5842137,3.731788,3.731788,58,71,58,71,0.069791675,0.58164066
100,2016-09-27 18:35:00+00:00,4.6135554,3.94714,3.94714,58,71,71,84,0.2833333,0.6
100,2016-09-27 18:35:00+00:00,4.532765,4.005481,4.005481,58,71,84,97,0.49479166,0.5921875
100,2016-09-27 18:35:00+00:00,4.218127,3.7308073,3.7308073,58,71,97,110,0.7278646,0.58984375
100,2016-09-27 18:35:00+00:00,3.2593033,3.7248757,3.7248757,58,71,110,121,0.9166666,0.6
100,2016-09-27 18:35:00+00:00,3.4891808,3.8111532,3.8111532,71,81,110,121,0.9166666,0.8875
101,2016-10-17 18:10:00+00:00,2.692352,2.5708017,2.5708017,19,32,84,97,0.5,-0.375
101,2016-10-17 18:10:00+00:00,2.449932,2.3815029,2.3815029,19,32,97,110,0.7166667,-0.375
101,2016-10-17 18:10:00+00:00,2.4670503,2.4103916,2.4103916,19,32,110,121,0.9166666,-0.375
101,2016-10-17 18:10:00+00:00,2.7656996,2.918993,2.918993,32,45,32,45,-0.36249998,-0.037109375
101,2016-10-17 18:10:00+00:00,2.4891906,2.6751866,2.6751866,32,45,45,58,-0.15,-0.050000004
101,2016-10-17 18:10:00+00:00,2.5032408,2.7945046,2.7945046,32,45,71,84,0.2864583,-0.04140625
101,2016-10-17 18:10:00+00:00,2.633862,2.7518737,2.7518737,32,45,84,97,0.5,-0.050000004
101,2016-10-17 18:10:00+00:00,2.3874614,2.532519,2.532519,32,45,97,110,0.7166667,-0.050000004
101,2016-10-17 18:10:00+00:00,2.2460072,2.5354288,2.5354288,32,45,110,121,0.9166666,-0.050000004
101,2016-10-17 18:10:00+00:00,3.8141885,2.6905923,2.6905923,45,58,6,19,-0.7890625,0.2621094
101,2016-10-17 18:10:00+00:00,2.6325274,2.8112404,2.8112404,45,58,19,32,-0.5833333,0.275
101,2016-10-17 18:10:00+00:00,2.0188916,2.1989882,2.1989882,45,58,32,45,-0.3658854,0.27578124
101,2016-10-17 18:10:00+00:00,1.844046,2.1045644,2.1045644,45,58,45,58,-0.15,0.275
101,2016-10-17 18:10:00+00:00,1.9089789,2.1699672,2.1699672,45,58,58,71,0.06666666,0.275
101,2016-10-17 18:10:00+00:00,2.5175893,2.441063,2.441063,45,58,97,110,0.7166667,0.275
101,2016-10-17 18:10:00+00:00,2.3153136,2.5236547,2.5236547,45,58,110,121,0.9166666,0.275
101,2016-10-17 18:10:00+00:00,2.6588035,2.3550346,2.3550346,58,71,19,32,-0.57343745,0.56757814
101,2016-10-17 18:10:00+00:00,1.7567153,1.8805853,1.8805853,58,71,32,45,-0.36666667,0.6
101,2016-10-17 18:10:00+00:00,1.8407996,1.8711514,1.8711514,58,71,45,58,-0.15052083,0.5917969
101,2016-10-17 18:10:00+00:00,1.8572768,1.9060593,1.9060593,58,71,58,71,0.07005209,0.59375
101,2016-10-17 18:10:00+00:00,1.9345598,2.1567526,2.1567526,58,71,71,84,0.2833333,0.6
101,2016-10-17 18:10:00+00:00,2.377341,2.232825,2.232825,58,71,84,97,0.49088544,0.5871093
101,2016-10-17 18:10:00+00:00,2.620784,2.1846218,2.1846218,58,71,97,110,0.7252604,0.59296876
101,2016-10-17 18:10:00+00:00,2.4579601,2.3088362,2.3088362,58,71,110,121,0.9166666,0.6
101,2016-10-17 18:10:00+00:00,2.0842843,2.4383197,2.4383197,71,81,110,121,0.9166666,0.8875
