t,date,target,pred,post,y0,y1,x0,x1,cx,cy
0,2014-05-24 18:45:00+00:00,2.5931726,2.3384616,2.3384616,19,32,84,97,0.5,-0.375
0,2014-05-24 18:45:00+00:00,3.1672716,3.4785655,3.4785655,32,45,32,45,-0.3645833,-0.03984375
0,2014-05-24 18:45:00+00:00,2.4746385,3.1656923,3.1656923,32,45,45,58,-0.15,-0.050000004
0,2014-05-24 18:45:00+00:00,2.5509362,2.7731552,2.7731552,32,45,71,84,0.28046876,-0.03984375
0,2014-05-24 18:45:00+00:00,2.1373417,2.398669,2.398669,32,45,84,97,0.5,-0.050000004
0,2014-05-24 18:45:00+00:00,1.7445829,1.9987584,1.9987584,32,45,97,110,0.7166667,-0.050000004
0,2014-05-24 18:45:00+00:00,1.7499595,1.9626235,1.9626235,32,45,110,121,0.9166666,-0.050000004
0,2014-05-24 18:45:00+00:00,3.2643802,3.0034826,3.0034826,45,58,6,19,-0.78776044,0.2671875
0,2014-05-24 18:45:00+00:00,2.4658046,3.103781,3.103781,45,58,19,32,-0.5833333,0.275
0,2014-05-24 18:45:00+00:00,2.358268,2.5606902,2.5606902,45,58,32,45,-0.37187502,0.27734375
0,2014-05-24 18:45:00+00:00,2.1362355,2.3960435,2.3960435,45,58,45,58,-0.15,0.275
0,2014-05-24 18:45:00+00:00,2.232104,2.3985808,2.3985808,45,58,58,71,0.07630208,0.27421877
0,2014-05-24 18:45:00+00:00,2.0569317,2.0507982,2.0507982,45,58,84,97,0.5101563,0.28671876
0,2014-05-24 18:45:00+00:00,1.8907422,1.8973594,1.8973594,45,58,97,110,0.7166667,0.275
0,2014-05-24 18:45:00+00:00,2.61508,2.7181573,2.7181573,58,71,19,32,-0.5697917,0.57421875
0,2014-05-24 18:45:00+00:00,2.4780805,2.2099583,2.2099583,58,71,32,45,-0.36666667,0.6
0,2014-05-24 18:45:00+00:00,2.3475149,2.1499374,2.1499374,58,71,45,58,-0.15572916,0.5835937
0,2014-05-24 18:45:00+00:00,2.2883074,2.1730237,2.1730237,58,71,71,84,0.284375,0.5972656
1,2014-05-25 17:50:00+00:00,1.5077957,1.445166,1.445166,19,32,84,97,0.5,-0.375
1,2014-05-25 17:50:00+00:00,1.3769561,1.3836861,1.3836861,19,32,97,110,0.7166667,-0.375
1,2014-05-25 17:50:00+00:00,1.3854364,1.3803724,1.3803724,19,32,110,121,0.9166666,-0.375
1,2014-05-25 17:50:00+00:00,1.6404147,1.9460748,1.9460748,32,45,32,45,-0.36302084,-0.03359375
1,2014-05-25 17:50:00+00:00,1.5515301,1.8709862,1.8709862,32,45,45,58,-0.15,-0.050000004
1,2014-05-25 17:50:00+00:00,1.8802419,1.7271197,1.7271197,32,45,58,71,0.05729167,-0.05078125
1,2014-05-25 17:50:00+00:00,1.6888909,1.6472001,1.6472001,32,45,71,84,0.27916667,-0.04414063
1,2014-05-25 17:50:00+00:00,1.3750097,1.4240102,1.4240102,32,45,84,97,0.49114585,-0.051562503
1,2014-05-25 17:50:00+00:00,1.2938359,1.3293233,1.3293233,32,45,97,110,0.7166667,-0.050000004
1,2014-05-25 17:50:00+00:00,1.3703035,1.3320949,1.3320949,32,45,110,121,0.9166666,-0.050000004
1,2014-05-25 17:50:00+00:00,1.5883125,2.0407636,2.0407636,45,58,19,32,-0.5833333,0.275
1,2014-05-25 17:50:00+00:00,1.4883579,1.6338118,1.6338118,45,58,32,45,-0.36666667,0.275
1,2014-05-25 17:50:00+00:00,1.3874615,1.6349529,1.6349529,45,58,45,58,-0.15,0.275
1,2014-05-25 17:50:00+00:00,1.4943277,1.5788532,1.5788532,45,58,58,71,0.06666666,0.275
1,2014-05-25 17:50:00+00:00,1.5589353,1.3847164,1.3847164,45,58,84,97,0.509375,0.278125
1,2014-05-25 17:50:00+00:00,1.3507843,1.3730131,1.3730131,45,58,97,110,0.7166667,0.275
1,2014-05-25 17:50:00+00:00,1.3562243,1.3756188,1.3756188,45,58,110,121,0.9166666,0.275
1,2014-05-25 17:50:00+00:00,1.6551791,1.4812585,1.4812585,58,71,32,45,-0.36666667,0.6
1,2014-05-25 17:50:00+00:00,1.5784546,1.5237718,1.5237718,58,71,45,58,-0.15598959,0.58320314
1,2014-05-25 17:50:00+00:00,1.5892786,1.4618696,1.4618696,58,71,58,71,0.07057291,0.584375
1,2014-05-25 17:50:00+00:00,1.5763836,1.4996853,1.4996853,58,71,71,84,0.28619793,0.5929687
1,2014-05-25 17:50:00+00:00,1.6171257,1.3590128,1.3590128,58,71,84,97,0.48854166,0.5800781
1,2014-05-25 17:50:00+00:00,1.4269342,1.3094718,1.3094718,58,71,97,110,0.73046875,0.58906245
1,2014-05-25 17:50:00+00:00,1.3542476,1.3120728,1.3120728,58,71,110,121,0.9166666,0.6
1,2014-05-25 17:50:00+00:00,1.253662,1.3119036,1.3119036,71,81,110,121,0.9166666,0.8875
2,2014-05-30 18:05:00+00:00,1.8474857,1.8159933,1.8159933,19,32,84,97,0.5,-0.375
2,2014-05-30 18:05:00+00:00,1.8603139,1.6238518,1.6238518,19,32,97,110,0.7166667,-0.375
2,2014-05-30 18:05:00+00:00,1.9036222,1.6198342,1.6198342,19,32,110,121,0.9166666,-0.375
2,2014-05-30 18:05:00+00:00,1.9795693,2.4514627,2.4514627,32,45,32,45,-0.35989583,-0.035937503
2,2014-05-30 18:05:00+00:00,1.8313289,2.338654,2.338654,32,45,45,58,-0.15,-0.050000004
2,2014-05-30 18:05:00+00:00,2.1226,2.204111,2.204111,32,45,58,71,0.055729166,-0.051171873
2,2014-05-30 18:05:00+00:00,1.9358379,2.1143749,2.1143749,32,45,71,84,0.27526042,-0.043750003
2,2014-05-30 18:05:00+00:00,1.6488578,1.8129804,1.8129804,32,45,84,97,0.5,-0.050000004
2,2014-05-30 18:05:00+00:00,1.5283374,1.5785496,1.5785496,32,45,97,110,0.7166667,-0.050000004
2,2014-05-30 18:05:00+00:00,1.5838499,1.5813993,1.5813993,32,45,110,121,0.9166666,-0.050000004
2,2014-05-30 18:05:00+00:00,3.6746523,2.2134986,2.2134986,45,58,6,19,-0.7856771,0.26210937
2,2014-05-30 18:05:00+00:00,2.0096924,2.311987,2.311987,45,58,19,32,-0.5833333,0.275
2,2014-05-30 18:05:00+00:00,1.6563807,1.826839,1.826839,45,58,32,45,-0.36666667,0.275
2,2014-05-30 18:05:00+00:00,1.4894643,1.797754,1.797754,45,58,45,58,-0.15,0.275
2,2014-05-30 18:05:00+00:00,1.6308112,1.7801731,1.7801731,45,58,58,71,0.06666666,0.275
2,2014-05-30 18:05:00+00:00,1.7038473,1.7456831,1.7456831,45,58,71,84,0.2671875,0.2925781
2,2014-05-30 18:05:00+00:00,1.8086975,1.5163437,1.5163437,45,58,84,97,0.5132812,0.28671876
2,2014-05-30 18:05:00+00:00,1.5117108,1.4853358,1.4853358,45,58,97,110,0.7166667,0.275
2,2014-05-30 18:05:00+00:00,1.4135512,1.5017673,1.5017673,45,58,110,121,0.9166666,0.275
2,2014-05-30 18:05:00+00:00,1.7718899,1.5819415,1.5819415,58,71,32,45,-0.36666667,0.6
2,2014-05-30 18:05:00+00:00,1.6900753,1.6235005,1.6235005,58,71,45,58,-0.15416667,0.5890625
2,2014-05-30 18:05:00+00:00,1.6744857,1.5852964,1.5852964,58,71,58,71,0.069270834,0.5824219
2,2014-05-30 18:05:00+00:00,1.7051746,1.6351501,1.6351501,58,71,71,84,0.2833333,0.6
2,2014-05-30 18:05:00+00:00,1.6631075,1.4871516,1.4871516,58,71,84,97,0.4924479,0.5867188
2,2014-05-30 18:05:00+00:00,1.4909339,1.3814416,1.3814416,58,71,97,110,0.7348958,0.5878906
2,2014-05-30 18:05:00+00:00,1.3455092,1.3994263,1.3994263,58,71,110,121,0.9166666,0.6
2,2014-05-30 18:05:00+00:00,1.3404161,1.4243919,1.4243919,71,81,110,121,0.9166666,0.8875
3,2014-05-31 18:50:00+00:00,2.2378886,2.1791189,2.1791189,19,32,84,97,0.5,-0.375
3,2014-05-31 18:50:00+00:00,2.3088512,1.9025682,1.9025682,19,32,97,110,0.7166667,-0.375
3,2014-05-31 18:50:00+00:00,2.2089725,1.8811511,1.8811511,19,32,110,121,0.9166666,-0.375
3,2014-05-31 18:50:00+00:00,2.4765897,3.0402305,3.0402305,32,45,32,45,-0.36041668,-0.036718752
3,2014-05-31 18:50:00+00:00,2.3765302,2.7642074,2.7642074,32,45,45,58,-0.15,-0.050000004
3,2014-05-31 18:50:00+00:00,2.3630807,2.5052264,2.5052264,32,45,71,84,0.28177083,-0.043750003
3,2014-05-31 18:50:00+00:00,2.0138338,2.230738,2.230738,32,45,84,97,0.5,-0.050000004
3,2014-05-31 18:50:00+00:00,1.8190742,1.894244,1.894244,32,45,97,110,0.7166667,-0.050000004
3,2014-05-31 18:50:00+00:00,1.7955627,1.8748094,1.8748094,32,45,110,121,0.9166666,-0.050000004
3,2014-05-31 18:50:00+00:00,3.9862552,2.7220757,2.7220757,45,58,6,19,-0.78307295,0.26171875
3,2014-05-31 18:50:00+00:00,2.5977259,2.8359938,2.8359938,45,58,19,32,-0.5833333,0.275
3,2014-05-31 18:50:00+00:00,2.0529826,2.2863317,2.2863317,45,58,32,45,-0.36666667,0.275
3,2014-05-31 18:50:00+00:00,1.8358514,2.1655476,2.1655476,45,58,45,58,-0.15,0.275
3,2014-05-31 18:50:00+00:00,2.0338664,2.1750581,2.1750581,45,58,58,71,0.06666666,0.275
3,2014-05-31 18:50:00+00:00,2.228806,2.1449726,2.1449726,45,58,71,84,0.26901042,0.28945312
3,2014-05-31 18:50:00+00:00,2.4504616,1.9786903,1.9786903,45,58,84,97,0.5158854,0.28671876
3,2014-05-31 18:50:00+00:00,1.8344002,1.8506469,1.8506469,45,58,97,110,0.7166667,0.275
3,2014-05-31 18:50:00+00:00,1.6842126,1.8616446,1.8616446,45,58,110,121,0.9166666,0.275
3,2014-05-31 18:50:00+00:00,2.5715935,2.440913,2.440913,58,71,19,32,-0.5679687,0.56640625
3,2014-05-31 18:50:00+00:00,2.1779854,1.9993843,1.9993843,58,71,32,45,-0.36666667,0.6
3,2014-05-31 18:50:00+00:00,2.048231,1.9643371,1.9643371,58,71,45,58,-0.15546876,0.590625
3,2014-05-31 18:50:00+00:00,2.0400121,1.9380083,1.9380083,58,71,58,71,0.07239584,0.578125
3,2014-05-31 18:50:00+00:00,2.1191463,2.035438,2.035438,58,71,71,84,0.2833333,0.6
3,2014-05-31 18:50:00+00:00,2.009936,1.9361813,1.9361813,58,71,84,97,0.49583334,0.5910156
3,2014-05-31 18:50:00+00:00,1.8209743,1.7603238,1.7603238,58,71,97,110,0.72968745,0.59023434
3,2014-05-31 18:50:00+00:00,1.6887293,1.788614,1.788614,58,71,110,121,0.9166666,0.6
3,2014-05-31 18:50:00+00:00,1.7074684,1.7752961,1.7752961,71,81,110,121,0.9166666,0.8875
4,2014-06-03 19:20:00+00:00,2.489339,2.6494367,2.6494367,19,32,84,97,0.49791667,-0.37226564
4,2014-06-03 19:20:00+00:00,1.9357593,2.136436,2.136436,19,32,97,110,0.71875,-0.3722656
4,2014-06-03 19:20:00+00:00,1.8775581,2.0614889,2.0614889,19,32,110,121,0.9166666,-0.375
4,2014-06-03 19:20:00+00:00,3.8052104,4.164481,4.164481,32,45,32,45,-0.36562502,-0.04140625
4,2014-06-03 19:20:00+00:00,3.278504,3.683166,3.683166,32,45,45,58,-0.15,-0.050000004
4,2014-06-03 19:20:00+00:00,2.8729746,3.2540247,3.2540247,32,45,71,84,0.27291667,-0.047656253
4,2014-06-03 19:20:00+00:00,2.5109053,2.701353,2.701353,32,45,84,97,0.5057292,-0.05234375
4,2014-06-03 19:20:00+00:00,1.9287193,2.1825438,2.1825438,32,45,97,110,0.7166667,-0.050000004
4,2014-06-03 19:20:00+00:00,1.7837917,2.0912888,2.0912888,32,45,110,121,0.9166666,-0.050000004
4,2014-06-03 19:20:00+00:00,4.2162,3.5678492,3.5678492,45,58,19,32,-0.5833333,0.275
4,2014-06-03 19:20:00+00:00,2.5961773,2.9875693,2.9875693,45,58,32,45,-0.36666667,0.275
4,2014-06-03 19:20:00+00:00,2.3211281,2.7046177,2.7046177,45,58,45,58,-0.15,0.275
4,2014-06-03 19:20:00+00:00,2.2211182,2.7281687,2.7281687,45,58,58,71,0.06302083,0.27890626
4,2014-06-03 19:20:00+00:00,2.5391657,2.2933955,2.2933955,45,58,84,97,0.5153646,0.2878906
4,2014-06-03 19:20:00+00:00,2.1396542,1.9813921,1.9813921,45,58,97,110,0.7166667,0.275
4,2014-06-03 19:20:00+00:00,1.9310008,1.9543631,1.9543631,45,58,110,121,0.9166666,0.275
4,2014-06-03 19:20:00+00:00,3.887687,2.5502057,2.5502057,58,71,32,45,-0.36249998,0.59765625
4,2014-06-03 19:20:00+00:00,2.9955494,2.4076037,2.4076037,58,71,45,58,-0.15338542,0.58554685
4,2014-06-03 19:20:00+00:00,2.3397737,2.3864944,2.3864944,58,71,58,71,0.06979167,0.57851565
4,2014-06-03 19:20:00+00:00,2.249989,2.4208143,2.4208143,58,71,71,84,0.28255206,0.590625
4,2014-06-03 19:20:00+00:00,2.255054,2.2162907,2.2162907,58,71,84,97,0.49114585,0.5835937
4,2014-06-03 19:20:00+00:00,2.2554412,1.8936107,1.8936107,58,71,97,110,0.734375,0.5894531
4,2014-06-03 19:20:00+00:00,1.8497621,1.8873401,1.8873401,58,71,110,121,0.9166666,0.6
4,2014-06-03 19:20:00+00:00,1.9629823,1.9049003,1.9049003,71,81,110,121,0.9195313,0.8851563
5,2014-06-05 19:10:00+00:00,2.2928843,2.2718556,2.2718556,19,32,84,97,0.49609375,-0.37265623
5,2014-06-05 19:10:00+00:00,1.9913427,1.8988583,1.8988583,19,32,97,110,0.7166667,-0.375
5,2014-06-05 19:10:00+00:00,1.9343584,1.8607666,1.8607666,19,32,110,121,0.9166666,-0.375
5,2014-06-05 19:10:00+00:00,2.7656388,3.5061343,3.5061343,32,45,32,45,-0.36770833,-0.034765624
5,2014-06-05 19:10:00+00:00,2.5020275,3.1732621,3.1732621,32,45,45,58,-0.15,-0.050000004
5,2014-06-05 19:10:00+00:00,2.3255754,2.7549949,2.7549949,32,45,71,84,0.278125,-0.04257813
5,2014-06-05 19:10:00+00:00,2.2222428,2.308647,2.308647,32,45,84,97,0.49635416,-0.051953126
5,2014-06-05 19:10:00+00:00,1.8378971,1.8858739,1.8858739,32,45,97,110,0.7166667,-0.050000004
5,2014-06-05 19:10:00+00:00,1.7394079,1.8498636,1.8498636,32,45,110,121,0.9166666,-0.050000004
5,2014-06-05 19:10:00+00:00,4.2808456,3.0818954,3.0818954,45,58,6,19,-0.78723955,0.25820312
5,2014-06-05 19:10:00+00:00,2.7870684,3.154719,3.154719,45,58,19,32,-0.5833333,0.275
5,2014-06-05 19:10:00+00:00,2.318343,2.5631099,2.5631099,45,58,32,45,-0.36666667,0.275
5,2014-06-05 19:10:00+00:00,2.0944,2.4207494,2.4207494,45,58,45,58,-0.15,0.275
5,2014-06-05 19:10:00+00:00,2.0209973,2.410924,2.410924,45,58,58,71,0.06666666,0.275
5,2014-06-05 19:10:00+00:00,2.2824914,2.3049617,2.3049617,45,58,71,84,0.27161458,0.28984377
5,2014-06-05 19:10:00+00:00,1.9204314,1.8123304,1.8123304,45,58,97,110,0.7166667,0.275
5,2014-06-05 19:10:00+00:00,1.7510315,1.8187848,1.8187848,45,58,110,121,0.9166666,0.275
5,2014-06-05 19:10:00+00:00,2.4230921,2.2367406,2.2367406,58,71,32,45,-0.36666667,0.6
5,2014-06-05 19:10:00+00:00,2.5572138,2.1994631,2.1994631,58,71,45,58,-0.15572917,0.58750004
5,2014-06-05 19:10:00+00:00,2.1662588,2.1576767,2.1576767,58,71,58,71,0.07109375,0.57890624
5,2014-06-05 19:10:00+00:00,2.0032463,2.1413894,2.1413894,58,71,71,84,0.27473956,0.59765625
5,2014-06-05 19:10:00+00:00,2.1060495,1.9766124,1.9766124,58,71,84,97,0.49218753,0.5835937
5,2014-06-05 19:10:00+00:00,1.8610089,1.7447276,1.7447276,58,71,97,110,0.72968745,0.5875
5,2014-06-05 19:10:00+00:00,1.6139379,1.762962,1.762962,58,71,110,121,0.9166666,0.6
5,2014-06-05 19:10:00+00:00,1.6778843,1.763077,1.763077,71,81,110,121,0.9166666,0.8875
6,2014-06-07 18:55:00+00:00,1.9533806,1.8937906,1.8937906,19,32,84,97,0.5,-0.375
6,2014-06-07 18:55:00+00:00,1.7809042,1.7736437,1.7736437,19,32,97,110,0.7166667,-0.375
6,2014-06-07 18:55:00+00:00,1.7422769,1.797657,1.797657,19,32,110,121,0.9166666,-0.375
6,2014-06-07 18:55:00+00:00,2.0141656,2.3427072,2.3427072,32,45,32,45,-0.36015624,-0.036718752
6,2014-06-07 18:55:00+00:00,1.9264095,2.2738485,2.2738485,32,45,45,58,-0.15,-0.050000004
6,2014-06-07 18:55:00+00:00,1.9422853,1.9015445,1.9015445,32,45,84,97,0.5,-0.050000004
6,2014-06-07 18:55:00+00:00,1.8380175,1.7480083,1.7480083,32,45,97,110,0.7166667,-0.050000004
6,2014-06-07 18:55:00+00:00,1.6480135,1.7775556,1.7775556,32,45,110,121,0.9166666,-0.050000004
6,2014-06-07 18:55:00+00:00,2.0006354,2.3680117,2.3680117,45,58,19,32,-0.58020836,0.265625
6,2014-06-07 18:55:00+00:00,1.7122592,1.8795599,1.8795599,45,58,58,71,0.07057292,0.28398436
6,2014-06-07 18:55:00+00:00,1.9334158,1.91225,1.91225,45,58,71,84,0.27031252,0.2890625
6,2014-06-07 18:55:00+00:00,2.0099993,1.7981064,1.7981064,45,58,97,110,0.7166667,0.275
6,2014-06-07 18:55:00+00:00,1.8335596,1.8472812,1.8472812,45,58,110,121,0.9166666,0.275
6,2014-06-07 18:55:00+00:00,1.8629054,1.7319101,1.7319101,58,71,32,45,-0.3627604,0.60234374
6,2014-06-07 18:55:00+00:00,2.1171236,1.7917469,1.7917469,58,71,45,58,-0.1513021,0.58906245
6,2014-06-07 18:55:00+00:00,2.1427596,1.7475454,1.7475454,58,71,58,71,0.069270834,0.5824219
6,2014-06-07 18:55:00+00:00,2.0236466,1.850106,1.850106,58,71,71,84,0.2833333,0.6
6,2014-06-07 18:55:00+00:00,2.052623,1.7980455,1.7980455,58,71,84,97,0.49765626,0.5914062
6,2014-06-07 18:55:00+00:00,1.865542,1.7610217,1.7610217,58,71,97,110,0.7309896,0.5886719
6,2014-06-07 18:55:00+00:00,1.799222,1.8045872,1.8045872,58,71,110,121,0.9166666,0.6
6,2014-06-07 18:55:00+00:00,1.5750288,1.7769758,1.7769758,71,81,110,121,0.9166666,0.8875
7,2014-06-14 19:00:00+00:00,2.364213,2.1101172,2.1101172,19,32,84,97,0.5,-0.375
7,2014-06-14 19:00:00+00:00,1.8592469,1.8203192,1.8203192,19,32,97,110,0.7166667,-0.375
7,2014-06-14 19:00:00+00:00,1.8302565,1.78907,1.78907,19,32,110,121,0.9166666,-0.375
7,2014-06-14 19:00:00+00:00,2.6801333,3.1547122,3.1547122,32,45,32,45,-0.36197916,-0.0375
7,2014-06-14 19:00:00+00:00,2.4131842,2.8779628,2.8779628,32,45,45,58,-0.15,-0.050000004
7,2014-06-14 19:00:00+00:00,2.2520049,2.5669482,2.5669482,32,45,71,84,0.28125,-0.043359376
7,2014-06-14 19:00:00+00:00,2.1052828,2.167621,2.167621,32,45,84,97,0.5,-0.050000004
7,2014-06-14 19:00:00+00:00,1.7797103,1.8110799,1.8110799,32,45,97,110,0.7166667,-0.050000004
7,2014-06-14 19:00:00+00:00,1.6180053,1.7843072,1.7843072,32,45,110,121,0.9166666,-0.050000004
7,2014-06-14 19:00:00+00:00,3.675173,2.855993,2.855993,45,58,6,19,-0.78151035,0.26171875
7,2014-06-14 19:00:00+00:00,2.5232282,2.9709578,2.9709578,45,58,19,32,-0.5833333,0.275
7,2014-06-14 19:00:00+00:00,2.4070764,2.3898656,2.3898656,45,58,32,45,-0.36666667,0.275
7,2014-06-14 19:00:00+00:00,2.2510755,2.271843,2.271843,45,58,45,58,-0.15,0.275
7,2014-06-14 19:00:00+00:00,2.2484508,2.2665124,2.2665124,45,58,58,71,0.06666666,0.275
7,2014-06-14 19:00:00+00:00,2.2667246,2.2157707,2.2157707,45,58,71,84,0.2653646,0.29140624
7,2014-06-14 19:00:00+00:00,2.1458123,1.9427143,1.9427143,45,58,84,97,0.5122396,0.2875
7,2014-06-14 19:00:00+00:00,1.8099726,1.7925713,1.7925713,45,58,97,110,0.7166667,0.275
7,2014-06-14 19:00:00+00:00,1.5968282,1.7996176,1.7996176,45,58,110,121,0.9166666,0.275
7,2014-06-14 19:00:00+00:00,2.3819017,2.096576,2.096576,58,71,32,45,-0.36666667,0.6
7,2014-06-14 19:00:00+00:00,2.3584185,2.0815716,2.0815716,58,71,45,58,-0.15078126,0.5917969
7,2014-06-14 19:00:00+00:00,2.3181581,2.0658135,2.0658135,58,71,58,71,0.07291667,0.584375
7,2014-06-14 19:00:00+00:00,2.1770003,2.107837,2.107837,58,71,71,84,0.2833333,0.6
7,2014-06-14 19:00:00+00:00,2.1839721,1.9224159,1.9224159,58,71,84,97,0.4950521,0.5910156
7,2014-06-14 19:00:00+00:00,1.7455274,1.7392712,1.7392712,58,71,97,110,0.726823,0.59023434
7,2014-06-14 19:00:00+00:00,1.5179192,1.7428184,1.7428184,58,71,110,121,0.9166666,0.6
7,2014-06-14 19:00:00+00:00,1.6128894,1.7194352,1.7194352,71,81,110,121,0.9166666,0.8875
8,2014-06-16 18:50:00+00:00,1.5669091,1.6394373,1.6394373,19,32,84,97,0.49791664,-0.35742188
8,2014-06-16 18:50:00+00:00,1.6865349,2.2751145,2.2751145,32,45,45,58,-0.14401042,-0.03828125
8,2014-06-16 18:50:00+00:00,1.7933706,1.9572161,1.9572161,32,45,71,84,0.28020835,-0.042968754
8,2014-06-16 18:50:00+00:00,1.6967812,1.5789294,1.5789294,32,45,84,97,0.5057292,-0.05234375
8,2014-06-16 18:50:00+00:00,1.4625274,1.4618386,1.4618386,32,45,97,110,0.7166667,-0.050000004
8,2014-06-16 18:50:00+00:00,1.4173154,1.4575403,1.4575403,32,45,110,121,0.9166666,-0.050000004
8,2014-06-16 18:50:00+00:00,2.1665165,2.5192866,2.5192866,45,58,19,32,-0.5809896,0.26640624
8,2014-06-16 18:50:00+00:00,2.0307813,2.080402,2.080402,45,58,32,45,-0.36666667,0.275
8,2014-06-16 18:50:00+00:00,1.8204277,2.0206778,2.0206778,45,58,45,58,-0.15,0.275
8,2014-06-16 18:50:00+00:00,1.9226738,1.9602612,1.9602612,45,58,58,71,0.06666666,0.275
8,2014-06-16 18:50:00+00:00,1.9969093,1.93122,1.93122,45,58,71,84,0.26770836,0.28945312
8,2014-06-16 18:50:00+00:00,1.93564,1.6659,1.6659,45,58,84,97,0.5177083,0.28398436
8,2014-06-16 18:50:00+00:00,1.7255895,1.6013715,1.6013715,45,58,97,110,0.7166667,0.275
8,2014-06-16 18:50:00+00:00,1.5911896,1.6091926,1.6091926,45,58,110,121,0.9166666,0.275
8,2014-06-16 18:50:00+00:00,2.182338,1.8936616,1.8936616,58,71,32,45,-0.35833335,0.5894531
8,2014-06-16 18:50:00+00:00,2.0004275,1.924897,1.924897,58,71,45,58,-0.1484375,0.5894531
8,2014-06-16 18:50:00+00:00,2.0494986,1.8434134,1.8434134,58,71,58,71,0.06796875,0.58125
8,2014-06-16 18:50:00+00:00,2.034253,1.8942263,1.8942263,58,71,71,84,0.2833333,0.6
8,2014-06-16 18:50:00+00:00,2.046587,1.6859769,1.6859769,58,71,84,97,0.49765626,0.5914062
8,2014-06-16 18:50:00+00:00,1.8694555,1.5767962,1.5767962,58,71,97,110,0.73072916,0.59023434
8,2014-06-16 18:50:00+00:00,1.6424208,1.5948291,1.5948291,58,71,110,121,0.9166666,0.6
8,2014-06-16 18:50:00+00:00,1.5198015,1.5546126,1.5546126,71,81,110,121,0.9166666,0.8875
9,2014-06-21 19:10:00+00:00,2.1767561,1.8535236,1.8535236,32,45,84,97,0.5052084,-0.050000004
9,2014-06-21 19:10:00+00:00,1.4771063,1.5414363,1.5414363,32,45,97,110,0.71796876,-0.04921875
9,2014-06-21 19:10:00+00:00,1.6190454,1.4822541,1.4822541,32,45,110,121,0.9166666,-0.050000004
9,2014-06-21 19:10:00+00:00,2.5486002,2.5983028,2.5983028,45,58,32,45,-0.36354166,0.2808594
9,2014-06-21 19:10:00+00:00,2.277262,2.3964832,2.3964832,45,58,45,58,-0.15,0.275
9,2014-06-21 19:10:00+00:00,2.3968756,2.3662896,2.3662896,45,58,58,71,0.071354166,0.27109373
9,2014-06-21 19:10:00+00:00,2.2315152,1.8181235,1.8181235,45,58,84,97,0.5148437,0.27539062
9,2014-06-21 19:10:00+00:00,1.796021,1.634465,1.634465,45,58,97,110,0.7166667,0.275
9,2014-06-21 19:10:00+00:00,1.3245343,1.5969117,1.5969117,45,58,110,121,0.9166666,0.275
9,2014-06-21 19:10:00+00:00,2.290725,2.3972406,2.3972406,58,71,32,45,-0.36015624,0.590625
9,2014-06-21 19:10:00+00:00,2.2255943,2.2774074,2.2774074,58,71,45,58,-0.1575521,0.590625
9,2014-06-21 19:10:00+00:00,2.3762517,2.2306683,2.2306683,58,71,58,71,0.071614586,0.5902344
9,2014-06-21 19:10:00+00:00,2.3726082,2.1816957,2.1816957,58,71,71,84,0.2833333,0.6
9,2014-06-21 19:10:00+00:00,1.8008162,1.6624384,1.6624384,58,71,97,110,0.72760415,0.5882812
9,2014-06-21 19:10:00+00:00,1.265287,1.6037122,1.6037122,58,71,110,121,0.9166666,0.6
10,2014-06-28 19:15:00+00:00,1.4809259,1.5957336,1.5957336,19,32,97,110,0.7268229,-0.365625
10,2014-06-28 19:15:00+00:00,1.7597475,1.5977501,1.5977501,19,32,110,121,0.9161458,-0.36562496
10,2014-06-28 19:15:00+00:00,1.9299989,1.9708283,1.9708283,32,45,84,97,0.5,-0.050000004
10,2014-06-28 19:15:00+00:00,1.6267723,1.6222944,1.6222944,32,45,97,110,0.7166667,-0.050000004
10,2014-06-28 19:15:00+00:00,1.5618169,1.5860614,1.5860614,32,45,110,121,0.9166666,-0.050000004
10,2014-06-28 19:15:00+00:00,2.0424855,2.3259382,2.3259382,45,58,45,58,-0.15,0.275
10,2014-06-28 19:15:00+00:00,2.034514,2.2102356,2.2102356,45,58,58,71,0.061979167,0.28398436
10,2014-06-28 19:15:00+00:00,1.9247459,1.6362604,1.6362604,45,58,97,110,0.7166667,0.275
10,2014-06-28 19:15:00+00:00,1.5966417,1.632043,1.632043,45,58,110,121,0.9166666,0.275
10,2014-06-28 19:15:00+00:00,2.2221694,2.1376636,2.1376636,58,71,45,58,-0.15859374,0.58984375
10,2014-06-28 19:15:00+00:00,2.177288,2.1031067,2.1031067,58,71,58,71,0.07265625,0.5875
10,2014-06-28 19:15:00+00:00,2.2686882,2.0714247,2.0714247,58,71,71,84,0.2833333,0.6
10,2014-06-28 19:15:00+00:00,1.8333769,1.6031699,1.6031699,58,71,97,110,0.7322917,0.5914062
10,2014-06-28 19:15:00+00:00,1.4016793,1.6001909,1.6001909,58,71,110,121,0.9166666,0.6
10,2014-06-28 19:15:00+00:00,1.0554264,1.5516535,1.5516535,71,81,110,121,0.921875,0.8851563
11,2014-07-02 18:50:00+00:00,1.6734809,1.7271179,1.7271179,32,45,97,110,0.7085937,-0.04140625
11,2014-07-02 18:50:00+00:00,1.7970262,1.9059643,1.9059643,45,58,110,121,0.9166666,0.275
11,2014-07-02 18:50:00+00:00,2.2632377,1.996635,1.996635,58,71,84,97,0.4872396,0.5914062
11,2014-07-02 18:50:00+00:00,1.8599885,1.8375049,1.8375049,71,81,110,121,0.91770834,0.8871094
12,2014-07-04 18:35:00+00:00,1.9861186,1.7826998,1.7826998,19,32,84,97,0.5,-0.375
12,2014-07-04 18:35:00+00:00,1.7490393,1.6559056,1.6559056,19,32,97,110,0.7166667,-0.375
12,2014-07-04 18:35:00+00:00,1.7350055,1.6557397,1.6557397,19,32,110,121,0.9166666,-0.375
12,2014-07-04 18:35:00+00:00,2.2522662,2.4774036,2.4774036,32,45,32,45,-0.3622396,-0.034765624
12,2014-07-04 18:35:00+00:00,2.062471,2.330762,2.330762,32,45,45,58,-0.15,-0.050000004
12,2014-07-04 18:35:00+00:00,1.8461959,2.0546246,2.0546246,32,45,71,84,0.27604166,-0.042578127
12,2014-07-04 18:35:00+00:00,1.699772,1.65951,1.65951,32,45,97,110,0.7166667,-0.050000004
12,2014-07-04 18:35:00+00:00,1.6353811,1.6665273,1.6665273,32,45,110,121,0.9166666,-0.050000004
12,2014-07-04 18:35:00+00:00,2.267165,2.655257,2.655257,45,58,19,32,-0.58437496,0.27382815
12,2014-07-04 18:35:00+00:00,2.4360807,2.1518657,2.1518657,45,58,32,45,-0.36666667,0.275
12,2014-07-04 18:35:00+00:00,2.2659588,2.098297,2.098297,45,58,45,58,-0.15677084,0.27304688
12,2014-07-04 18:35:00+00:00,1.8485438,2.0139315,2.0139315,45,58,58,71,0.05885417,0.265625
12,2014-07-04 18:35:00+00:00,1.9555634,1.8149325,1.8149325,45,58,97,110,0.7166667,0.275
12,2014-07-04 18:35:00+00:00,1.8893461,1.8440291,1.8440291,45,58,110,121,0.9166666,0.275
12,2014-07-04 18:35:00+00:00,2.26516,1.999526,1.999526,58,71,32,45,-0.36432293,0.5929687
12,2014-07-04 18:35:00+00:00,2.0500343,1.940741,1.940741,58,71,84,97,0.49166667,0.58515626
12,2014-07-04 18:35:00+00:00,2.0047426,1.8125405,1.8125405,58,71,97,110,0.7356771,0.5871093
12,2014-07-04 18:35:00+00:00,1.8323895,1.8553859,1.8553859,58,71,110,121,0.9166666,0.6
12,2014-07-04 18:35:00+00:00,1.8626575,1.7920376,1.7920376,71,81,110,121,0.9166666,0.8875
15,2014-07-07 19:10:00+00:00,1.7501307,2.3447661,2.3447661,32,45,84,97,0.5033854,-0.041796874
15,2014-07-07 19:10:00+00:00,1.6118611,1.9455793,1.9455793,32,45,97,110,0.7190105,-0.028906247
15,2014-07-07 19:10:00+00:00,2.929037,3.0516498,3.0516498,45,58,32,45,-0.3671875,0.28671876
15,2014-07-07 19:10:00+00:00,2.9857805,2.848512,2.848512,45,58,45,58,-0.14583334,0.27617186
15,2014-07-07 19:10:00+00:00,2.8606668,2.8411021,2.8411021,45,58,58,71,0.072916664,0.275
15,2014-07-07 19:10:00+00:00,2.2080362,1.9687687,1.9687687,45,58,97,110,0.7166667,0.275
15,2014-07-07 19:10:00+00:00,1.845745,1.9526052,1.9526052,45,58,110,121,0.9166666,0.275
15,2014-07-07 19:10:00+00:00,2.9600613,2.6283772,2.6283772,58,71,71,84,0.28802085,0.59335935
15,2014-07-07 19:10:00+00:00,2.338174,2.05297,2.05297,58,71,97,110,0.7218751,0.58984375
15,2014-07-07 19:10:00+00:00,2.2047114,1.984137,1.984137,58,71,110,121,0.9166666,0.6
15,2014-07-07 19:10:00+00:00,1.8842033,1.9017882,1.9017882,71,81,110,121,0.9166666,0.8875
16,2014-07-09 18:55:00+00:00,2.3395042,3.214471,3.214471,45,58,19,32,-0.58515626,0.27929688
16,2014-07-09 18:55:00+00:00,2.204261,2.694678,2.694678,45,58,32,45,-0.3658854,0.2808594
16,2014-07-09 18:55:00+00:00,2.340111,2.4869487,2.4869487,45,58,45,58,-0.15,0.275
16,2014-07-09 18:55:00+00:00,2.1141343,2.4440827,2.4440827,45,58,58,71,0.06328125,0.27812502
16,2014-07-09 18:55:00+00:00,1.7140267,1.6670967,1.6670967,45,58,110,121,0.91875005,0.27968752
16,2014-07-09 18:55:00+00:00,2.9253163,2.330967,2.330967,58,71,32,45,-0.36380208,0.58320314
16,2014-07-09 18:55:00+00:00,2.3477094,2.2624886,2.2624886,58,71,45,58,-0.15130208,0.5875
16,2014-07-09 18:55:00+00:00,2.5391185,2.2125556,2.2125556,58,71,58,71,0.064062506,0.5765625
17,2014-07-11 18:45:00+00:00,1.6112733,1.4899753,1.4899753,19,32,110,121,0.915625,-0.3738281
17,2014-07-11 18:45:00+00:00,1.7023233,1.7436464,1.7436464,32,45,84,97,0.5,-0.050000004
17,2014-07-11 18:45:00+00:00,1.420778,1.5353978,1.5353978,32,45,97,110,0.7166667,-0.04296875
17,2014-07-11 18:45:00+00:00,1.3655324,1.4869194,1.4869194,32,45,110,121,0.9195313,-0.051562503
17,2014-07-11 18:45:00+00:00,2.415806,1.6480271,1.6480271,45,58,110,121,0.9166666,0.275
17,2014-07-11 18:45:00+00:00,1.8887825,1.5619401,1.5619401,71,81,110,121,0.9161458,0.88593745
18,2014-07-14 19:15:00+00:00,1.3552196,1.2919555,1.2919555,19,32,84,97,0.5,-0.375
18,2014-07-14 19:15:00+00:00,1.3740602,1.2936989,1.2936989,19,32,97,110,0.7166667,-0.375
18,2014-07-14 19:15:00+00:00,1.3521619,1.2758209,1.2758209,19,32,110,121,0.9166666,-0.375
18,2014-07-14 19:15:00+00:00,1.5264171,1.7945662,1.7945662,32,45,32,45,-0.36041668,-0.036718752
18,2014-07-14 19:15:00+00:00,1.441046,1.7324214,1.7324214,32,45,45,58,-0.15,-0.050000004
18,2014-07-14 19:15:00+00:00,1.566901,1.4912063,1.4912063,32,45,71,84,0.27968752,-0.04140625
18,2014-07-14 19:15:00+00:00,1.4081566,1.2884713,1.2884713,32,45,84,97,0.5,-0.050000004
18,2014-07-14 19:15:00+00:00,1.2630668,1.276286,1.276286,32,45,97,110,0.7166667,-0.050000004
18,2014-07-14 19:15:00+00:00,1.2599078,1.2620053,1.2620053,32,45,110,121,0.9166666,-0.050000004
18,2014-07-14 19:15:00+00:00,1.7094834,2.0512805,2.0512805,45,58,19,32,-0.5833333,0.275
18,2014-07-14 19:15:00+00:00,1.7959318,1.7241282,1.7241282,45,58,32,45,-0.36666667,0.275
18,2014-07-14 19:15:00+00:00,1.7593434,1.7077398,1.7077398,45,58,45,58,-0.15,0.275
18,2014-07-14 19:15:00+00:00,1.714783,1.6261691,1.6261691,45,58,58,71,0.06666666,0.275
18,2014-07-14 19:15:00+00:00,1.6843638,1.5982707,1.5982707,45,58,71,84,0.26041666,0.2925781
18,2014-07-14 19:15:00+00:00,1.7736217,1.4155227,1.4155227,45,58,84,97,0.5158854,0.28398436
18,2014-07-14 19:15:00+00:00,1.453085,1.4352764,1.4352764,45,58,97,110,0.7166667,0.275
18,2014-07-14 19:15:00+00:00,1.4009811,1.4224042,1.4224042,45,58,110,121,0.9166666,0.275
18,2014-07-14 19:15:00+00:00,1.622746,1.6385713,1.6385713,58,71,32,45,-0.36666667,0.6
18,2014-07-14 19:15:00+00:00,2.090092,1.6597081,1.6597081,58,71,45,58,-0.15651041,0.5914062
18,2014-07-14 19:15:00+00:00,1.9528714,1.5848639,1.5848639,58,71,58,71,0.069270834,0.5824219
18,2014-07-14 19:15:00+00:00,1.8108695,1.5881659,1.5881659,58,71,71,84,0.2833333,0.6
18,2014-07-14 19:15:00+00:00,1.7636223,1.4241668,1.4241668,58,71,84,97,0.49244794,0.58554685
18,2014-07-14 19:15:00+00:00,1.4551153,1.4540795,1.4540795,58,71,97,110,0.7299479,0.59023434
18,2014-07-14 19:15:00+00:00,1.2704881,1.430682,1.430682,58,71,110,121,0.9166666,0.6
18,2014-07-14 19:15:00+00:00,1.1984516,1.3824478,1.3824478,71,81,110,121,0.9166666,0.8875
19,2014-07-17 18:05:00+00:00,1.6915694,1.5719279,1.5719279,19,32,84,97,0.5,-0.375
19,2014-07-17 18:05:00+00:00,1.5219922,1.4580667,1.4580667,19,32,97,110,0.7166667,-0.375
19,2014-07-17 18:05:00+00:00,1.4690487,1.4415607,1.4415607,19,32,110,121,0.9166666,-0.375
19,2014-07-17 18:05:00+00:00,2.2151563,2.3043144,2.3043144,32,45,32,45,-0.365625,-0.039453126
19,2014-07-17 18:05:00+00:00,1.9794114,2.1489308,2.1489308,32,45,45,58,-0.15,-0.050000004
19,2014-07-17 18:05:00+00:00,1.9005781,1.8686801,1.8686801,32,45,71,84,0.27942708,-0.045703128
19,2014-07-17 18:05:00+00:00,1.7050498,1.5581146,1.5581146,32,45,84,97,0.5044271,-0.051953126
19,2014-07-17 18:05:00+00:00,1.635195,1.4394186,1.4394186,32,45,97,110,0.7166667,-0.050000004
19,2014-07-17 18:05:00+00:00,1.6102817,1.42896,1.42896,32,45,110,121,0.9166666,-0.050000004
19,2014-07-17 18:05:00+00:00,1.7257217,2.3604503,2.3604503,45,58,19,32,-0.584375,0.27109376
19,2014-07-17 18:05:00+00:00,1.8575035,1.9113265,1.9113265,45,58,32,45,-0.36666667,0.275
19,2014-07-17 18:05:00+00:00,1.9509691,1.8710848,1.8710848,45,58,45,58,-0.15,0.275
19,2014-07-17 18:05:00+00:00,1.992856,1.8213735,1.8213735,45,58,58,71,0.06666666,0.275
19,2014-07-17 18:05:00+00:00,1.9806659,1.7600996,1.7600996,45,58,71,84,0.265625,0.28945315
19,2014-07-17 18:05:00+00:00,2.0565572,1.5559292,1.5559292,45,58,84,97,0.5119791,0.28203124
19,2014-07-17 18:05:00+00:00,1.725294,1.5010166,1.5010166,45,58,97,110,0.7166667,0.275
19,2014-07-17 18:05:00+00:00,1.5764804,1.4977959,1.4977959,45,58,110,121,0.9166666,0.275
19,2014-07-17 18:05:00+00:00,1.5046049,1.743229,1.743229,58,71,32,45,-0.37187502,0.5816406
19,2014-07-17 18:05:00+00:00,1.7412037,1.7366036,1.7366036,58,71,71,84,0.29609376,0.5992187
19,2014-07-17 18:05:00+00:00,1.9649774,1.5568027,1.5568027,58,71,84,97,0.49375,0.58984375
19,2014-07-17 18:05:00+00:00,1.5226324,1.4621166,1.4621166,58,71,97,110,0.7278646,0.58984375
19,2014-07-17 18:05:00+00:00,1.4926031,1.4727572,1.4727572,58,71,110,121,0.9104167,0.58867186
20,2014-07-31 18:20:00+00:00,0.83307266,0.72472215,0.72472215,19,32,110,121,0.91536456,-0.39023435
21,2014-08-03 18:50:00+00:00,1.4330413,1.4347961,1.4347961,19,32,84,97,0.5,-0.375
21,2014-08-03 18:50:00+00:00,1.4289101,1.3116481,1.3116481,19,32,97,110,0.7166667,-0.375
21,2014-08-03 18:50:00+00:00,1.189059,1.2739537,1.2739537,19,32,110,121,0.9166666,-0.375
21,2014-08-03 18:50:00+00:00,2.045771,2.2784066,2.2784066,32,45,32,45,-0.36015624,-0.036718752
21,2014-08-03 18:50:00+00:00,1.7044238,2.0806632,2.0806632,32,45,45,58,-0.15,-0.050000004
21,2014-08-03 18:50:00+00:00,1.5304615,1.7661873,1.7661873,32,45,71,84,0.27916667,-0.041015625
21,2014-08-03 18:50:00+00:00,1.3753499,1.4408909,1.4408909,32,45,84,97,0.5,-0.050000004
21,2014-08-03 18:50:00+00:00,1.5424125,1.2800609,1.2800609,32,45,97,110,0.7166667,-0.050000004
21,2014-08-03 18:50:00+00:00,1.2875199,1.2477877,1.2477877,32,45,110,121,0.9166666,-0.050000004
21,2014-08-03 18:50:00+00:00,2.8530645,2.2469084,2.2469084,45,58,19,32,-0.578125,0.27265626
21,2014-08-03 18:50:00+00:00,2.1789906,1.8300463,1.8300463,45,58,32,45,-0.36666667,0.275
21,2014-08-03 18:50:00+00:00,1.4338324,1.7612251,1.7612251,45,58,45,58,-0.15,0.275
21,2014-08-03 18:50:00+00:00,1.6011693,1.7079574,1.7079574,45,58,58,71,0.06666666,0.275
21,2014-08-03 18:50:00+00:00,1.643574,1.6312772,1.6312772,45,58,71,84,0.26718754,0.28945312
21,2014-08-03 18:50:00+00:00,1.6501205,1.365471,1.365471,45,58,84,97,0.5119792,0.28476563
21,2014-08-03 18:50:00+00:00,1.429468,1.3081503,1.3081503,45,58,97,110,0.7166667,0.275
21,2014-08-03 18:50:00+00:00,1.2258357,1.278131,1.278131,45,58,110,121,0.9166666,0.275
21,2014-08-03 18:50:00+00:00,1.1284068,1.6206825,1.6206825,58,71,32,45,-0.36666667,0.6
21,2014-08-03 18:50:00+00:00,1.3760762,1.6157045,1.6157045,58,71,45,58,-0.15338542,0.5929687
21,2014-08-03 18:50:00+00:00,1.4144907,1.578711,1.578711,58,71,58,71,0.07213542,0.5832032
21,2014-08-03 18:50:00+00:00,1.4653004,1.5585642,1.5585642,58,71,71,84,0.2833333,0.6
21,2014-08-03 18:50:00+00:00,1.4513769,1.3350309,1.3350309,58,71,84,97,0.49583334,0.5910156
21,2014-08-03 18:50:00+00:00,1.2667735,1.2305528,1.2305528,58,71,97,110,0.7307292,0.5882813
21,2014-08-03 18:50:00+00:00,1.1723866,1.2151368,1.2151368,58,71,110,121,0.9166666,0.6
21,2014-08-03 18:50:00+00:00,1.1139294,1.2110009,1.2110009,71,81,110,121,0.9166666,0.8875
22,2014-08-07 18:25:00+00:00,0.868674,1.0489933,1.0489933,19,32,110,121,0.9166666,-0.375
22,2014-08-07 18:25:00+00:00,2.021272,2.235355,2.235355,32,45,32,45,-0.36380208,-0.037109375
22,2014-08-07 18:25:00+00:00,1.5956626,1.9594226,1.9594226,32,45,45,58,-0.15,-0.050000004
22,2014-08-07 18:25:00+00:00,1.6050767,1.5752925,1.5752925,32,45,71,84,0.27421874,-0.044921875
22,2014-08-07 18:25:00+00:00,0.97840536,1.0258261,1.0258261,32,45,110,121,0.9166666,-0.050000004
22,2014-08-07 18:25:00+00:00,2.289383,1.9498987,1.9498987,45,58,32,45,-0.36380208,0.2691406
22,2014-08-07 18:25:00+00:00,1.4879586,1.8071843,1.8071843,45,58,45,58,-0.15,0.275
22,2014-08-07 18:25:00+00:00,1.5513693,1.6801133,1.6801133,45,58,58,71,0.05859375,0.2578125
22,2014-08-07 18:25:00+00:00,1.1756305,1.1434921,1.1434921,45,58,97,110,0.7174479,0.27421877
22,2014-08-07 18:25:00+00:00,0.99435616,1.1094658,1.1094658,45,58,110,121,0.9166666,0.275
23,2014-08-09 18:15:00+00:00,1.164666,1.246254,1.246254,19,32,84,97,0.5,-0.375
23,2014-08-09 18:15:00+00:00,1.0940973,1.0944247,1.0944247,19,32,97,110,0.7166667,-0.375
23,2014-08-09 18:15:00+00:00,1.1067027,1.0440761,1.0440761,19,32,110,121,0.9166666,-0.375
23,2014-08-09 18:15:00+00:00,1.8036748,2.4651327,2.4651327,32,45,32,45,-0.36015624,-0.036718752
23,2014-08-09 18:15:00+00:00,1.5933839,2.0951793,2.0951793,32,45,45,58,-0.15,-0.050000004
23,2014-08-09 18:15:00+00:00,1.752171,1.6786982,1.6786982,32,45,71,84,0.2794271,-0.044531252
23,2014-08-09 18:15:00+00:00,1.6281022,1.2689109,1.2689109,32,45,84,97,0.5,-0.050000004
23,2014-08-09 18:15:00+00:00,1.503488,1.0653694,1.0653694,32,45,97,110,0.7166667,-0.050000004
23,2014-08-09 18:15:00+00:00,1.5085266,1.019073,1.019073,32,45,110,121,0.9166666,-0.050000004
23,2014-08-09 18:15:00+00:00,2.7936583,2.3499339,2.3499339,45,58,6,19,-0.78020835,0.26210934
23,2014-08-09 18:15:00+00:00,2.667291,2.4775,2.4775,45,58,19,32,-0.5833333,0.275
23,2014-08-09 18:15:00+00:00,2.205727,2.0044513,2.0044513,45,58,32,45,-0.36666667,0.275
23,2014-08-09 18:15:00+00:00,1.9871175,1.8134676,1.8134676,45,58,45,58,-0.15,0.275
23,2014-08-09 18:15:00+00:00,1.7694478,1.7237682,1.7237682,45,58,58,71,0.06328125,0.271875
23,2014-08-09 18:15:00+00:00,0.9631261,0.9619976,0.9619976,71,81,110,121,0.91875005,0.88789064
24,2014-08-10 18:55:00+00:00,1.3436333,1.264787,1.264787,19,32,84,97,0.5,-0.375
24,2014-08-10 18:55:00+00:00,1.1401851,1.1723837,1.1723837,19,32,97,110,0.7166667,-0.375
24,2014-08-10 18:55:00+00:00,1.1574023,1.1377845,1.1377845,19,32,110,121,0.9166666,-0.375
24,2014-08-10 18:55:00+00:00,1.5812247,2.0863347,2.0863347,32,45,32,45,-0.35989583,-0.035937503
24,2014-08-10 18:55:00+00:00,1.4000893,1.9216557,1.9216557,32,45,45,58,-0.15,-0.050000004
24,2014-08-10 18:55:00+00:00,1.64965,1.5996325,1.5996325,32,45,71,84,0.28203124,-0.044140626
24,2014-08-10 18:55:00+00:00,1.4740864,1.2481006,1.2481006,32,45,84,97,0.5,-0.050000004
24,2014-08-10 18:55:00+00:00,1.2012011,1.1241661,1.1241661,32,45,97,110,0.7166667,-0.050000004
24,2014-08-10 18:55:00+00:00,1.2654569,1.0960488,1.0960488,32,45,110,121,0.9166666,-0.050000004
24,2014-08-10 18:55:00+00:00,2.448365,2.1242933,2.1242933,45,58,6,19,-0.7820312,0.26171875
24,2014-08-10 18:55:00+00:00,2.590342,2.1982543,2.1982543,45,58,19,32,-0.5833333,0.275
24,2014-08-10 18:55:00+00:00,1.8362163,1.7520863,1.7520863,45,58,32,45,-0.36666667,0.275
24,2014-08-10 18:55:00+00:00,1.5368389,1.6830238,1.6830238,45,58,45,58,-0.15,0.275
24,2014-08-10 18:55:00+00:00,1.4069824,1.6165582,1.6165582,45,58,58,71,0.06666666,0.275
24,2014-08-10 18:55:00+00:00,1.4530065,1.5294182,1.5294182,45,58,71,84,0.27031252,0.2890625
24,2014-08-10 18:55:00+00:00,1.5407989,1.1973891,1.1973891,45,58,84,97,0.5148437,0.28476563
24,2014-08-10 18:55:00+00:00,1.2842417,1.1661069,1.1661069,45,58,97,110,0.7166667,0.275
24,2014-08-10 18:55:00+00:00,1.2239097,1.134521,1.134521,45,58,110,121,0.9166666,0.275
24,2014-08-10 18:55:00+00:00,1.4657811,1.9041727,1.9041727,58,71,19,32,-0.56848955,0.56757814
24,2014-08-10 18:55:00+00:00,1.0992657,1.5638525,1.5638525,58,71,32,45,-0.36666667,0.6
24,2014-08-10 18:55:00+00:00,1.1852382,1.5559132,1.5559132,58,71,45,58,-0.15338542,0.5929687
24,2014-08-10 18:55:00+00:00,1.1904012,1.4988508,1.4988508,58,71,58,71,0.069270834,0.5824219
24,2014-08-10 18:55:00+00:00,1.3364882,1.4722348,1.4722348,58,71,71,84,0.2833333,0.6
24,2014-08-10 18:55:00+00:00,1.3453346,1.1965636,1.1965636,58,71,84,97,0.49765626,0.5914062
24,2014-08-10 18:55:00+00:00,1.279044,1.0904608,1.0904608,58,71,97,110,0.7294271,0.5894531
24,2014-08-10 18:55:00+00:00,1.1923702,1.08151,1.08151,58,71,110,121,0.9166666,0.6
24,2014-08-10 18:55:00+00:00,1.1008853,1.0775257,1.0775257,71,81,110,121,0.9166666,0.8875
25,2014-08-13 17:50:00+00:00,3.1488376,2.9837205,2.9837205,19,32,84,97,0.5,-0.375
25,2014-08-13 17:50:00+00:00,2.581678,2.4371293,2.4371293,19,32,97,110,0.7166667,-0.375
25,2014-08-13 17:50:00+00:00,2.4387393,2.3399239,2.3399239,19,32,110,121,0.9166666,-0.375
25,2014-08-13 17:50:00+00:00,4.206282,4.61653,4.61653,32,45,32,45,-0.36354166,-0.035546876
25,2014-08-13 17:50:00+00:00,3.5493855,4.171112,4.171112,32,45,45,58,-0.15,-0.050000004
25,2014-08-13 17:50:00+00:00,2.9225202,3.6528316,3.6528316,32,45,71,84,0.2809896,-0.046484374
25,2014-08-13 17:50:00+00:00,2.9502506,3.0950162,3.0950162,32,45,84,97,0.5057292,-0.05234375
25,2014-08-13 17:50:00+00:00,2.3305497,2.5004432,2.5004432,32,45,97,110,0.7166667,-0.050000004
25,2014-08-13 17:50:00+00:00,2.2705739,2.3879027,2.3879027,32,45,110,121,0.9166666,-0.050000004
25,2014-08-13 17:50:00+00:00,4.538493,3.6891556,3.6891556,45,58,6,19,-0.79010415,0.2625
25,2014-08-13 17:50:00+00:00,3.8223588,3.785169,3.785169,45,58,19,32,-0.5833333,0.275
25,2014-08-13 17:50:00+00:00,3.470253,3.2169201,3.2169201,45,58,32,45,-0.36666667,0.275
25,2014-08-13 17:50:00+00:00,3.0227108,2.9477234,2.9477234,45,58,45,58,-0.15,0.275
25,2014-08-13 17:50:00+00:00,2.670455,2.9825292,2.9825292,45,58,58,71,0.06979167,0.27695313
25,2014-08-13 17:50:00+00:00,2.7646482,2.471777,2.471777,45,58,84,97,0.5125,0.2824219
25,2014-08-13 17:50:00+00:00,2.286983,2.1660366,2.1660366,45,58,97,110,0.7166667,0.275
25,2014-08-13 17:50:00+00:00,2.128858,2.142597,2.142597,45,58,110,121,0.9166666,0.275
25,2014-08-13 17:50:00+00:00,2.5374417,3.2374752,3.2374752,58,71,19,32,-0.5658854,0.5796875
25,2014-08-13 17:50:00+00:00,2.4551752,2.705244,2.705244,58,71,32,45,-0.36666667,0.6
25,2014-08-13 17:50:00+00:00,2.5463707,2.5519013,2.5519013,58,71,45,58,-0.15442708,0.5800781
25,2014-08-13 17:50:00+00:00,2.435583,2.5773761,2.5773761,58,71,58,71,0.071875006,0.5851562
25,2014-08-13 17:50:00+00:00,2.4611661,2.5821605,2.5821605,58,71,71,84,0.2833333,0.6
25,2014-08-13 17:50:00+00:00,2.5209415,2.4466913,2.4466913,58,71,84,97,0.48854166,0.58632815
25,2014-08-13 17:50:00+00:00,2.1431289,2.0365756,2.0365756,58,71,97,110,0.73020834,0.5921875
25,2014-08-13 17:50:00+00:00,1.9353529,2.0369658,2.0369658,58,71,110,121,0.9166666,0.6
25,2014-08-13 17:50:00+00:00,1.8789506,2.0818682,2.0818682,71,81,110,121,0.9166666,0.8875
26,2014-08-17 19:00:00+00:00,1.4073787,1.3853968,1.3853968,71,81,110,121,0.9166666,0.8875
27,2014-08-18 18:05:00+00:00,2.9558165,2.5176387,2.5176387,32,45,32,45,-0.36562496,-0.0375
27,2014-08-18 18:05:00+00:00,1.937823,2.2837272,2.2837272,32,45,45,58,-0.15286458,-0.040234376
27,2014-08-18 18:05:00+00:00,3.2858555,2.1361783,2.1361783,45,58,6,19,-0.7856771,0.26289064
27,2014-08-18 18:05:00+00:00,1.5205535,2.283376,2.283376,45,58,19,32,-0.58489585,0.2703125
27,2014-08-18 18:05:00+00:00,1.3033926,1.7582599,1.7582599,45,58,32,45,-0.36328125,0.26640624
27,2014-08-18 18:05:00+00:00,1.4613372,1.6648622,1.6648622,45,58,45,58,-0.15,0.275
27,2014-08-18 18:05:00+00:00,1.6462473,1.597111,1.597111,45,58,58,71,0.06119792,0.28945315
27,2014-08-18 18:05:00+00:00,1.0706987,1.4541992,1.4541992,58,71,32,45,-0.37083334,0.60234374
27,2014-08-18 18:05:00+00:00,1.3494223,1.4478297,1.4478297,58,71,45,58,-0.15156251,0.5917969
27,2014-08-18 18:05:00+00:00,1.3279766,1.4354355,1.4354355,58,71,58,71,0.07057292,0.5832032
27,2014-08-18 18:05:00+00:00,1.4608201,1.3994706,1.3994706,58,71,71,84,0.28020835,0.60195315
27,2014-08-18 18:05:00+00:00,1.5328119,1.1501241,1.1501241,58,71,84,97,0.49583334,0.5910156
27,2014-08-18 18:05:00+00:00,1.298427,1.0153571,1.0153571,58,71,97,110,0.7317709,0.58906245
27,2014-08-18 18:05:00+00:00,1.2417883,0.9878922,0.9878922,58,71,110,121,0.9166666,0.6
27,2014-08-18 18:05:00+00:00,1.3239964,1.0143502,1.0143502,71,81,110,121,0.9166666,0.8875
28,2014-08-25 18:15:00+00:00,3.1652112,3.0349998,3.0349998,32,45,32,45,-0.3643229,-0.03828125
28,2014-08-25 18:15:00+00:00,2.4599109,2.7596903,2.7596903,32,45,45,58,-0.15,-0.050000004
28,2014-08-25 18:15:00+00:00,2.7465096,2.5867898,2.5867898,32,45,71,84,0.278125,-0.041015625
28,2014-08-25 18:15:00+00:00,2.646603,2.271368,2.271368,32,45,84,97,0.4997396,-0.05078125
28,2014-08-25 18:15:00+00:00,2.1070323,1.8951377,1.8951377,32,45,97,110,0.7166667,-0.050000004
28,2014-08-25 18:15:00+00:00,1.688688,1.8595805,1.8595805,32,45,110,121,0.9166666,-0.050000004
28,2014-08-25 18:15:00+00:00,3.2818117,2.5568132,2.5568132,45,58,6,19,-0.78125,0.25859374
28,2014-08-25 18:15:00+00:00,2.5249507,2.6752105,2.6752105,45,58,19,32,-0.5833333,0.275
28,2014-08-25 18:15:00+00:00,1.9663405,2.134735,2.134735,45,58,32,45,-0.36666667,0.275
28,2014-08-25 18:15:00+00:00,1.9183125,2.0085092,2.0085092,45,58,45,58,-0.15,0.275
28,2014-08-25 18:15:00+00:00,2.3071258,2.0802028,2.0802028,45,58,58,71,0.06666666,0.275
28,2014-08-25 18:15:00+00:00,2.213224,2.0239327,2.0239327,45,58,71,84,0.26875,0.2890625
28,2014-08-25 18:15:00+00:00,2.297302,1.8629476,1.8629476,45,58,84,97,0.5132813,0.28671876
28,2014-08-25 18:15:00+00:00,2.0144095,1.7036456,1.7036456,45,58,97,110,0.7166667,0.275
28,2014-08-25 18:15:00+00:00,1.9252557,1.6924101,1.6924101,45,58,110,121,0.9166666,0.275
28,2014-08-25 18:15:00+00:00,1.9319474,2.1970997,2.1970997,58,71,19,32,-0.56927085,0.56718755
28,2014-08-25 18:15:00+00:00,1.7364573,1.7887015,1.7887015,58,71,32,45,-0.36666667,0.6
28,2014-08-25 18:15:00+00:00,1.7693739,1.7455851,1.7455851,58,71,45,58,-0.15572917,0.5914062
28,2014-08-25 18:15:00+00:00,1.8376113,1.7890364,1.7890364,58,71,58,71,0.069270834,0.5824219
28,2014-08-25 18:15:00+00:00,1.9744437,1.8619654,1.8619654,58,71,71,84,0.2833333,0.6
28,2014-08-25 18:15:00+00:00,1.9099258,1.7508119,1.7508119,58,71,84,97,0.49583334,0.5910156
28,2014-08-25 18:15:00+00:00,1.6852632,1.5450275,1.5450275,58,71,97,110,0.7278646,0.58984375
28,2014-08-25 18:15:00+00:00,1.6292338,1.5435531,1.5435531,58,71,110,121,0.9166666,0.6
28,2014-08-25 18:15:00+00:00,1.4933487,1.5712742,1.5712742,71,81,110,121,0.9166666,0.8875
29,2014-08-26 18:55:00+00:00,2.2475195,2.158627,2.158627,19,32,84,97,0.5,-0.375
29,2014-08-26 18:55:00+00:00,1.9395125,1.8612924,1.8612924,19,32,97,110,0.7166667,-0.375
29,2014-08-26 18:55:00+00:00,1.7906429,1.8200651,1.8200651,19,32,110,121,0.9166666,-0.375
29,2014-08-26 18:55:00+00:00,2.840438,3.011921,3.011921,32,45,32,45,-0.36640623,-0.034765624
29,2014-08-26 18:55:00+00:00,2.4258993,2.7666314,2.7666314,32,45,45,58,-0.14583334,-0.05390625
29,2014-08-26 18:55:00+00:00,2.7348433,2.4936514,2.4936514,32,45,71,84,0.278125,-0.041015625
29,2014-08-26 18:55:00+00:00,2.8375404,2.225093,2.225093,32,45,84,97,0.5,-0.050000004
29,2014-08-26 18:55:00+00:00,2.210384,1.8632691,1.8632691,32,45,97,110,0.7166667,-0.050000004
29,2014-08-26 18:55:00+00:00,1.8021414,1.8250638,1.8250638,32,45,110,121,0.9166666,-0.050000004
29,2014-08-26 18:55:00+00:00,2.0010684,2.257635,2.257635,45,58,32,45,-0.37942708,0.28046876
29,2014-08-26 18:55:00+00:00,2.131944,2.139966,2.139966,45,58,58,71,0.07213542,0.27382812
29,2014-08-26 18:55:00+00:00,2.3610914,2.0645783,2.0645783,45,58,71,84,0.27005208,0.28867185
29,2014-08-26 18:55:00+00:00,2.4349148,1.9077471,1.9077471,45,58,84,97,0.5122396,0.2875
29,2014-08-26 18:55:00+00:00,1.8687062,1.7579046,1.7579046,45,58,97,110,0.7166667,0.275
29,2014-08-26 18:55:00+00:00,1.9492755,1.7517687,1.7517687,45,58,110,121,0.9166666,0.275
29,2014-08-26 18:55:00+00:00,1.6853356,1.9047385,1.9047385,58,71,32,45,-0.36666667,0.6
29,2014-08-26 18:55:00+00:00,1.9829631,1.9420534,1.9420534,58,71,71,84,0.2833333,0.6
29,2014-08-26 18:55:00+00:00,2.0848403,1.8115876,1.8115876,58,71,84,97,0.4950521,0.5925781
29,2014-08-26 18:55:00+00:00,1.6694678,1.6594234,1.6594234,58,71,97,110,0.7273438,0.59023434
29,2014-08-26 18:55:00+00:00,1.4786165,1.6473796,1.6473796,58,71,110,121,0.9166666,0.6
29,2014-08-26 18:55:00+00:00,1.4515952,1.647772,1.647772,71,81,110,121,0.9166666,0.8875
30,2014-08-27 18:00:00+00:00,1.7531729,1.952214,1.952214,19,32,84,97,0.5,-0.375
30,2014-08-27 18:00:00+00:00,1.4213266,1.7984482,1.7984482,19,32,97,110,0.7117188,-0.3640625
30,2014-08-27 18:00:00+00:00,2.1259825,1.9095567,1.9095567,32,45,84,97,0.50390625,-0.05625
30,2014-08-27 18:00:00+00:00,1.741674,1.71118,1.71118,32,45,97,110,0.7166667,-0.050000004
30,2014-08-27 18:00:00+00:00,1.4940525,1.7131723,1.7131723,32,45,110,121,0.9166666,-0.050000004
30,2014-08-27 18:00:00+00:00,1.7959346,2.039352,2.039352,45,58,19,32,-0.5802083,0.27695313
30,2014-08-27 18:00:00+00:00,1.3893425,1.6802864,1.6802864,45,58,45,58,-0.15807292,0.2644531
30,2014-08-27 18:00:00+00:00,1.7467092,1.6666732,1.6666732,45,58,58,71,0.071614586,0.259375
30,2014-08-27 18:00:00+00:00,1.8736323,1.6306778,1.6306778,45,58,71,84,0.265625,0.2925781
30,2014-08-27 18:00:00+00:00,1.7683566,1.5691102,1.5691102,45,58,84,97,0.5101563,0.2890625
30,2014-08-27 18:00:00+00:00,1.4423678,1.525122,1.525122,45,58,97,110,0.7166667,0.275
30,2014-08-27 18:00:00+00:00,1.5591611,1.5313005,1.5313005,45,58,110,121,0.9166666,0.275
30,2014-08-27 18:00:00+00:00,1.3830246,1.4628357,1.4628357,58,71,32,45,-0.36796874,0.5992187
31,2014-08-28 18:45:00+00:00,2.5890872,2.2617683,2.2617683,19,32,97,110,0.71250004,-0.38828123
31,2014-08-28 18:45:00+00:00,3.9089782,4.032301,4.032301,32,45,32,45,-0.36015624,-0.036718752
31,2014-08-28 18:45:00+00:00,3.30533,3.5660124,3.5660124,32,45,45,58,-0.15,-0.050000004
31,2014-08-28 18:45:00+00:00,4.36489,3.4214725,3.4214725,45,58,6,19,-0.7859375,0.2625
31,2014-08-28 18:45:00+00:00,3.3840394,3.5172205,3.5172205,45,58,19,32,-0.5833333,0.275
31,2014-08-28 18:45:00+00:00,2.7259371,2.948073,2.948073,45,58,32,45,-0.36666667,0.275
31,2014-08-28 18:45:00+00:00,2.4473188,2.72554,2.72554,45,58,45,58,-0.15598959,0.2722656
31,2014-08-28 18:45:00+00:00,2.215713,2.1204615,2.1204615,45,58,97,110,0.7166667,0.275
31,2014-08-28 18:45:00+00:00,2.5036907,2.0945854,2.0945854,45,58,110,121,0.9166666,0.275
31,2014-08-28 18:45:00+00:00,2.2036004,2.5562766,2.5562766,58,71,32,45,-0.3674479,0.5992187
31,2014-08-28 18:45:00+00:00,2.4917808,2.4730048,2.4730048,58,71,71,84,0.28333336,0.60117185
31,2014-08-28 18:45:00+00:00,2.684044,2.3579924,2.3579924,58,71,84,97,0.49765626,0.5914062
31,2014-08-28 18:45:00+00:00,2.1852565,2.0373633,2.0373633,58,71,97,110,0.7270834,0.5882813
31,2014-08-28 18:45:00+00:00,1.8908843,2.0308242,2.0308242,58,71,110,121,0.9166666,0.6
31,2014-08-28 18:45:00+00:00,1.8820314,2.0133452,2.0133452,71,81,110,121,0.9166666,0.8875
32,2014-09-03 18:05:00+00:00,2.0442219,2.4077463,2.4077463,19,32,84,97,0.5,-0.375
32,2014-09-03 18:05:00+00:00,1.6310744,2.1336555,2.1336555,19,32,97,110,0.7166667,-0.375
32,2014-09-03 18:05:00+00:00,1.41809,2.131779,2.131779,19,32,110,121,0.9166666,-0.375
32,2014-09-03 18:05:00+00:00,3.3487957,3.2396314,3.2396314,32,45,45,58,-0.14531249,-0.047656253
32,2014-09-03 18:05:00+00:00,3.095413,2.8269687,2.8269687,32,45,71,84,0.28177083,-0.040234376
32,2014-09-03 18:05:00+00:00,2.929462,2.5303805,2.5303805,32,45,84,97,0.5,-0.050000004
32,2014-09-03 18:05:00+00:00,2.2615457,2.1880565,2.1880565,32,45,97,110,0.7166667,-0.050000004
32,2014-09-03 18:05:00+00:00,1.5527811,2.191378,2.191378,32,45,110,121,0.9166666,-0.050000004
32,2014-09-03 18:05:00+00:00,3.272423,3.4826703,3.4826703,45,58,19,32,-0.5833333,0.275
32,2014-09-03 18:05:00+00:00,2.5179448,2.8597846,2.8597846,45,58,32,45,-0.36666667,0.275
32,2014-09-03 18:05:00+00:00,2.4803643,2.7344878,2.7344878,45,58,45,58,-0.15,0.275
32,2014-09-03 18:05:00+00:00,2.8618162,2.7165694,2.7165694,45,58,58,71,0.06666666,0.275
32,2014-09-03 18:05:00+00:00,3.3969831,2.5529723,2.5529723,45,58,84,97,0.50911456,0.284375
32,2014-09-03 18:05:00+00:00,3.3354483,2.352067,2.352067,45,58,97,110,0.7166667,0.275
32,2014-09-03 18:05:00+00:00,3.3872252,2.4038904,2.4038904,45,58,110,121,0.9166666,0.275
32,2014-09-03 18:05:00+00:00,4.3066525,3.2334268,3.2334268,58,71,19,32,-0.5643229,0.57109374
32,2014-09-03 18:05:00+00:00,2.8157182,2.647478,2.647478,58,71,32,45,-0.36666667,0.6
32,2014-09-03 18:05:00+00:00,2.3874292,2.6122391,2.6122391,58,71,45,58,-0.15156251,0.5847657
32,2014-09-03 18:05:00+00:00,2.4556828,2.5669026,2.5669026,58,71,58,71,0.07421875,0.58867186
32,2014-09-03 18:05:00+00:00,2.6291618,2.6886697,2.6886697,58,71,71,84,0.2833333,0.6
32,2014-09-03 18:05:00+00:00,2.4790928,2.6054397,2.6054397,58,71,84,97,0.48984376,0.58671874
32,2014-09-03 18:05:00+00:00,2.4828203,2.4393392,2.4393392,58,71,97,110,0.7265625,0.5925781
32,2014-09-03 18:05:00+00:00,3.2384233,2.468591,2.468591,58,71,110,121,0.9166666,0.6
32,2014-09-03 18:05:00+00:00,2.302075,2.349845,2.349845,71,81,110,121,0.9166666,0.8875
33,2014-09-04 18:50:00+00:00,2.5288982,2.997441,2.997441,19,32,84,97,0.5083333,-0.3734375
33,2014-09-04 18:50:00+00:00,1.5653973,2.6084232,2.6084232,19,32,110,121,0.9166666,-0.375
33,2014-09-04 18:50:00+00:00,3.3119025,3.21909,3.21909,32,45,84,97,0.5,-0.050000004
33,2014-09-04 18:50:00+00:00,2.2860572,2.7987137,2.7987137,32,45,97,110,0.7111979,-0.041796874
33,2014-09-04 18:50:00+00:00,1.6011146,2.7410338,2.7410338,32,45,110,121,0.9166666,-0.050000004
33,2014-09-04 18:50:00+00:00,3.473265,2.9162068,2.9162068,45,58,97,110,0.7252604,0.2660156
33,2014-09-04 18:50:00+00:00,3.232723,2.9087107,2.9087107,45,58,110,121,0.9244792,0.26328123
33,2014-09-04 18:50:00+00:00,3.0240183,3.080655,3.080655,58,71,97,110,0.7291667,0.5921875
34,2014-09-07 17:40:00+00:00,2.0924506,2.362155,2.362155,19,32,84,97,0.49843752,-0.37304688
34,2014-09-07 17:40:00+00:00,1.8332992,2.1193163,2.1193163,19,32,97,110,0.71562505,-0.37421876
34,2014-09-07 17:40:00+00:00,1.7550552,2.0920486,2.0920486,19,32,110,121,0.9166666,-0.375
34,2014-09-07 17:40:00+00:00,3.3888667,3.5768344,3.5768344,32,45,32,45,-0.36302084,-0.04296875
34,2014-09-07 17:40:00+00:00,3.2042387,3.29057,3.29057,32,45,45,58,-0.15,-0.050000004
34,2014-09-07 17:40:00+00:00,3.2644732,3.227449,3.227449,32,45,58,71,0.06848958,-0.04921875
34,2014-09-07 17:40:00+00:00,2.8335931,2.856616,2.856616,32,45,71,84,0.28333336,-0.049609378
34,2014-09-07 17:40:00+00:00,2.4528348,2.4817374,2.4817374,32,45,84,97,0.4997396,-0.051953126
34,2014-09-07 17:40:00+00:00,2.084564,2.1758924,2.1758924,32,45,97,110,0.7166667,-0.050000004
34,2014-09-07 17:40:00+00:00,1.8069984,2.1597023,2.1597023,32,45,110,121,0.9166666,-0.050000004
34,2014-09-07 17:40:00+00:00,3.4289944,3.6207523,3.6207523,45,58,19,32,-0.58229166,0.27421877
34,2014-09-07 17:40:00+00:00,2.9106908,3.0251248,3.0251248,45,58,32,45,-0.36666667,0.275
34,2014-09-07 17:40:00+00:00,2.5496361,2.8507059,2.8507059,45,58,45,58,-0.15,0.275
34,2014-09-07 17:40:00+00:00,2.7727892,2.807617,2.807617,45,58,58,71,0.07057292,0.27851564
34,2014-09-07 17:40:00+00:00,3.4384208,2.5341194,2.5341194,45,58,84,97,0.5184896,0.2875
34,2014-09-07 17:40:00+00:00,2.870146,2.3724298,2.3724298,45,58,97,110,0.7166667,0.275
34,2014-09-07 17:40:00+00:00,2.1082299,2.4043784,2.4043784,45,58,110,121,0.9166666,0.275
34,2014-09-07 17:40:00+00:00,2.7393441,2.8305662,2.8305662,58,71,32,45,-0.365625,0.5992187
34,2014-09-07 17:40:00+00:00,2.408971,2.7579317,2.7579317,58,71,45,58,-0.16302085,0.5882813
34,2014-09-07 17:40:00+00:00,2.7539442,2.7146788,2.7146788,58,71,71,84,0.27421874,0.59765625
34,2014-09-07 17:40:00+00:00,2.8365366,2.5079954,2.5079954,58,71,110,121,0.9166666,0.6
34,2014-09-07 17:40:00+00:00,3.138971,2.3426533,2.3426533,71,81,110,121,0.9184896,0.8863281
35,2014-09-08 18:25:00+00:00,2.3404582,2.6735702,2.6735702,19,32,84,97,0.5,-0.375
35,2014-09-08 18:25:00+00:00,1.5390897,2.2682047,2.2682047,19,32,97,110,0.7166667,-0.375
35,2014-09-08 18:25:00+00:00,1.115588,2.216733,2.216733,19,32,110,121,0.9166666,-0.375
35,2014-09-08 18:25:00+00:00,4.281919,4.3536816,4.3536816,32,45,32,45,-0.3640625,-0.034765624
35,2014-09-08 18:25:00+00:00,4.089861,3.8631787,3.8631787,32,45,45,58,-0.15,-0.050000004
35,2014-09-08 18:25:00+00:00,3.4388082,3.3194468,3.3194468,32,45,71,84,0.2828125,-0.04140625
35,2014-09-08 18:25:00+00:00,2.7249594,2.8847218,2.8847218,32,45,84,97,0.5,-0.050000004
35,2014-09-08 18:25:00+00:00,1.7544578,2.3977652,2.3977652,32,45,97,110,0.7166667,-0.050000004
35,2014-09-08 18:25:00+00:00,0.8369413,2.3419611,2.3419611,32,45,110,121,0.9166666,-0.050000004
35,2014-09-08 18:25:00+00:00,4.393651,4.2474947,4.2474947,45,58,19,32,-0.5833333,0.275
35,2014-09-08 18:25:00+00:00,3.6091936,3.618376,3.618376,45,58,32,45,-0.36145833,0.27695313
35,2014-09-08 18:25:00+00:00,3.1848335,3.3400385,3.3400385,45,58,45,58,-0.15,0.275
35,2014-09-08 18:25:00+00:00,3.4096432,3.3568769,3.3568769,45,58,58,71,0.071875,0.275
35,2014-09-08 18:25:00+00:00,3.3252676,2.6191485,2.6191485,45,58,97,110,0.7166667,0.275
35,2014-09-08 18:25:00+00:00,1.5127245,2.6279626,2.6279626,45,58,110,121,0.9166666,0.275
35,2014-09-08 18:25:00+00:00,4.1425753,4.1574054,4.1574054,58,71,19,32,-0.5695312,0.57109374
35,2014-09-08 18:25:00+00:00,3.622524,3.4855258,3.4855258,58,71,32,45,-0.36666667,0.6
35,2014-09-08 18:25:00+00:00,3.1475217,3.246764,3.246764,58,71,45,58,-0.16302083,0.59765625
35,2014-09-08 18:25:00+00:00,3.219804,3.258751,3.258751,58,71,58,71,0.07083333,0.58984375
35,2014-09-08 18:25:00+00:00,3.5420654,3.274841,3.274841,58,71,71,84,0.2833333,0.6
35,2014-09-08 18:25:00+00:00,3.5574832,3.0972905,3.0972905,58,71,84,97,0.49062502,0.590625
35,2014-09-08 18:25:00+00:00,3.403518,2.830635,2.830635,58,71,97,110,0.7296875,0.59062505
35,2014-09-08 18:25:00+00:00,3.0563533,2.816177,2.816177,58,71,110,121,0.9166666,0.6
35,2014-09-08 18:25:00+00:00,3.079385,2.6114497,2.6114497,71,81,84,97,0.44999996,0.80740744
35,2014-09-08 18:25:00+00:00,3.361422,2.611171,2.611171,71,81,110,121,0.9166666,0.8875
36,2014-09-16 17:35:00+00:00,1.5981737,1.7732104,1.7732104,45,58,110,121,0.9158854,0.2765625
36,2014-09-16 17:35:00+00:00,1.3614988,1.7681648,1.7681648,58,71,110,121,0.9125,0.59765625
37,2014-09-16 19:15:00+00:00,2.1096501,2.0624306,2.0624306,19,32,84,97,0.50078124,-0.38242185
37,2014-09-16 19:15:00+00:00,2.7524824,2.9672272,2.9672272,32,45,32,45,-0.35885417,-0.036328126
37,2014-09-16 19:15:00+00:00,2.5992148,2.746279,2.746279,32,45,45,58,-0.15,-0.050000004
37,2014-09-16 19:15:00+00:00,2.7280335,2.413161,2.413161,32,45,71,84,0.28046876,-0.044921875
37,2014-09-16 19:15:00+00:00,2.279551,2.087129,2.087129,32,45,84,97,0.5054687,-0.059375003
37,2014-09-16 19:15:00+00:00,2.6383126,2.7433991,2.7433991,45,58,19,32,-0.5833333,0.275
37,2014-09-16 19:15:00+00:00,2.4681034,2.2425919,2.2425919,45,58,32,45,-0.36666667,0.275
37,2014-09-16 19:15:00+00:00,2.4565477,2.1436522,2.1436522,45,58,45,58,-0.15,0.275
37,2014-09-16 19:15:00+00:00,2.6585703,2.1464357,2.1464357,45,58,58,71,0.0671875,0.27578124
37,2014-09-16 19:15:00+00:00,2.6116292,2.0871403,2.0871403,45,58,71,84,0.26796874,0.28867185
37,2014-09-16 19:15:00+00:00,2.1143343,1.7956568,1.7956568,45,58,97,110,0.7166667,0.275
37,2014-09-16 19:15:00+00:00,1.8274016,1.7990417,1.7990417,45,58,110,121,0.91536456,0.27734375
37,2014-09-16 19:15:00+00:00,1.7075588,1.9627004,1.9627004,58,71,32,45,-0.36666667,0.6
37,2014-09-16 19:15:00+00:00,2.059561,1.8919902,1.8919902,58,71,84,97,0.49270833,0.578125
37,2014-09-16 19:15:00+00:00,1.3680313,1.7480214,1.7480214,58,71,110,121,0.9166666,0.6
38,2014-09-17 18:20:00+00:00,2.1715596,2.0336487,2.0336487,19,32,84,97,0.5,-0.375
38,2014-09-17 18:20:00+00:00,1.6423765,1.8172493,1.8172493,19,32,97,110,0.7166667,-0.375
38,2014-09-17 18:20:00+00:00,1.5365185,1.7845732,1.7845732,19,32,110,121,0.9166666,-0.375
38,2014-09-17 18:20:00+00:00,2.3107789,2.717551,2.717551,32,45,45,58,-0.1471354,-0.037109375
38,2014-09-17 18:20:00+00:00,2.4429023,2.3941991,2.3941991,32,45,71,84,0.27578127,-0.041015625
38,2014-09-17 18:20:00+00:00,2.216168,2.1275358,2.1275358,32,45,84,97,0.5,-0.050000004
38,2014-09-17 18:20:00+00:00,1.9076934,1.8505099,1.8505099,32,45,97,110,0.7166667,-0.050000004
38,2014-09-17 18:20:00+00:00,1.6334151,1.8205434,1.8205434,32,45,110,121,0.9166666,-0.050000004
38,2014-09-17 18:20:00+00:00,4.114791,2.954932,2.954932,45,58,6,19,-0.78697914,0.2621094
38,2014-09-17 18:20:00+00:00,2.878277,3.0707023,3.0707023,45,58,19,32,-0.5833333,0.275
38,2014-09-17 18:20:00+00:00,2.3863735,2.5179932,2.5179932,45,58,32,45,-0.36666667,0.275
38,2014-09-17 18:20:00+00:00,2.4540784,2.3684134,2.3684134,45,58,45,58,-0.15,0.275
38,2014-09-17 18:20:00+00:00,2.5176494,2.3360393,2.3360393,45,58,58,71,0.06666666,0.275
38,2014-09-17 18:20:00+00:00,2.4758554,2.3082607,2.3082607,45,58,71,84,0.26796877,0.28828126
38,2014-09-17 18:20:00+00:00,2.5480433,2.1707284,2.1707284,45,58,84,97,0.5119792,0.28476563
38,2014-09-17 18:20:00+00:00,2.3713171,2.002891,2.002891,45,58,97,110,0.7166667,0.275
38,2014-09-17 18:20:00+00:00,2.0663154,1.998712,1.998712,45,58,110,121,0.9166666,0.275
38,2014-09-17 18:20:00+00:00,3.491698,2.8398352,2.8398352,58,71,19,32,-0.56875,0.5671875
38,2014-09-17 18:20:00+00:00,2.042506,2.323665,2.323665,58,71,32,45,-0.36666667,0.6
38,2014-09-17 18:20:00+00:00,2.2341616,2.251848,2.251848,58,71,45,58,-0.15338542,0.5929687
38,2014-09-17 18:20:00+00:00,2.32012,2.2038243,2.2038243,58,71,58,71,0.07005209,0.58554685
38,2014-09-17 18:20:00+00:00,2.4111311,2.3009417,2.3009417,58,71,71,84,0.2833333,0.6
38,2014-09-17 18:20:00+00:00,2.4202912,2.1968095,2.1968095,58,71,84,97,0.49583334,0.5910156
38,2014-09-17 18:20:00+00:00,2.197209,2.0312169,2.0312169,58,71,97,110,0.7307292,0.5878906
38,2014-09-17 18:20:00+00:00,2.0611699,2.0282156,2.0282156,58,71,110,121,0.9166666,0.6
38,2014-09-17 18:20:00+00:00,2.077846,1.9377872,1.9377872,71,81,110,121,0.9166666,0.8875
39,2014-09-18 19:00:00+00:00,2.2462516,2.0881088,2.0881088,19,32,84,97,0.4986979,-0.3734375
39,2014-09-18 19:00:00+00:00,2.8987331,3.0129197,3.0129197,32,45,32,45,-0.36145833,-0.03828125
39,2014-09-18 19:00:00+00:00,2.3099258,2.7480295,2.7480295,32,45,45,58,-0.14739583,-0.051953126
39,2014-09-18 19:00:00+00:00,1.9485548,2.0677977,2.0677977,32,45,84,97,0.50156254,-0.051171876
39,2014-09-18 19:00:00+00:00,1.6996185,1.6741241,1.6741241,32,45,97,110,0.7166667,-0.050000004
39,2014-09-18 19:00:00+00:00,1.4964525,1.6265384,1.6265384,32,45,110,121,0.915625,-0.047656253
39,2014-09-18 19:00:00+00:00,2.111631,2.5038815,2.5038815,45,58,19,32,-0.5833333,0.275
39,2014-09-18 19:00:00+00:00,1.8937336,1.9936053,1.9936053,45,58,32,45,-0.36666667,0.275
39,2014-09-18 19:00:00+00:00,1.9673741,1.873879,1.873879,45,58,45,58,-0.15,0.275
39,2014-09-18 19:00:00+00:00,1.9024806,1.7974212,1.7974212,45,58,58,71,0.06432292,0.28750002
39,2014-09-18 19:00:00+00:00,1.9469799,1.7939334,1.7939334,45,58,71,84,0.26901042,0.2925781
39,2014-09-18 19:00:00+00:00,1.6747433,1.4094249,1.4094249,45,58,97,110,0.7166667,0.275
39,2014-09-18 19:00:00+00:00,1.3793193,1.3859648,1.3859648,45,58,110,121,0.9166666,0.275
39,2014-09-18 19:00:00+00:00,1.1507777,1.2335876,1.2335876,58,71,110,121,0.9164063,0.5902344
40,2014-09-19 18:05:00+00:00,1.9773427,1.9103689,1.9103689,19,32,84,97,0.49765626,-0.37656248
40,2014-09-19 18:05:00+00:00,1.5876697,1.5819069,1.5819069,19,32,97,110,0.7135416,-0.37695312
40,2014-09-19 18:05:00+00:00,1.4260828,1.521053,1.521053,19,32,110,121,0.9166666,-0.375
40,2014-09-19 18:05:00+00:00,2.8529809,3.0031142,3.0031142,32,45,32,45,-0.36171874,-0.040625
40,2014-09-19 18:05:00+00:00,2.2160258,2.6987813,2.6987813,32,45,45,58,-0.15,-0.050000004
40,2014-09-19 18:05:00+00:00,1.8574474,1.8607556,1.8607556,32,45,84,97,0.49895835,-0.055468753
40,2014-09-19 18:05:00+00:00,2.7939184,2.7944615,2.7944615,45,58,19,32,-0.5833333,0.275
40,2014-09-19 18:05:00+00:00,2.0357533,2.2606246,2.2606246,45,58,32,45,-0.36666667,0.275
40,2014-09-19 18:05:00+00:00,2.091547,2.1074574,2.1074574,45,58,45,58,-0.15,0.275
40,2014-09-19 18:05:00+00:00,2.131316,2.079746,2.079746,45,58,58,71,0.06770833,0.27695313
40,2014-09-19 18:05:00+00:00,1.7612331,1.9338026,1.9338026,58,71,32,45,-0.36484373,0.59843755
40,2014-09-19 18:05:00+00:00,1.7150127,1.8489604,1.8489604,58,71,58,71,0.0671875,0.5804688
40,2014-09-19 18:05:00+00:00,1.7424865,1.8523313,1.8523313,58,71,71,84,0.2890625,0.59765625
41,2014-09-20 18:50:00+00:00,3.4039261,3.1271486,3.1271486,19,32,84,97,0.5,-0.375
41,2014-09-20 18:50:00+00:00,2.5604854,2.5777,2.5777,19,32,97,110,0.7166667,-0.375
41,2014-09-20 18:50:00+00:00,2.1755292,2.4876196,2.4876196,19,32,110,121,0.9166666,-0.375
41,2014-09-20 18:50:00+00:00,4.158234,4.1596437,4.1596437,32,45,45,58,-0.15,-0.050000004
41,2014-09-20 18:50:00+00:00,3.2632291,3.7784166,3.7784166,32,45,71,84,0.28281248,-0.041796878
41,2014-09-20 18:50:00+00:00,3.6210282,3.337025,3.337025,32,45,84,97,0.5,-0.050000004
41,2014-09-20 18:50:00+00:00,2.4809754,2.6943662,2.6943662,32,45,97,110,0.7166667,-0.050000004
41,2014-09-20 18:50:00+00:00,2.3216782,2.5902035,2.5902035,32,45,110,121,0.9166666,-0.050000004
41,2014-09-20 18:50:00+00:00,3.5975852,3.207181,3.207181,45,58,58,71,0.06510417,0.27578124
41,2014-09-20 18:50:00+00:00,3.0842323,2.5333188,2.5333188,45,58,97,110,0.7166667,0.275
41,2014-09-20 18:50:00+00:00,2.6361454,2.5203984,2.5203984,45,58,110,121,0.9166666,0.275
41,2014-09-20 18:50:00+00:00,3.4275947,2.9777722,2.9777722,58,71,71,84,0.2841146,0.5929687
41,2014-09-20 18:50:00+00:00,2.6657047,2.4827006,2.4827006,58,71,97,110,0.7270833,0.590625
41,2014-09-20 18:50:00+00:00,2.4333088,2.4997592,2.4997592,58,71,110,121,0.9190104,0.5914062
42,2014-09-23 17:40:00+00:00,2.628102,2.875102,2.875102,19,32,84,97,0.5002604,-0.37421876
42,2014-09-23 17:40:00+00:00,2.3378248,2.381038,2.381038,19,32,97,110,0.7166667,-0.375
42,2014-09-23 17:40:00+00:00,2.2395017,2.3084524,2.3084524,19,32,110,121,0.9166666,-0.375
42,2014-09-23 17:40:00+00:00,4.1830087,4.258346,4.258346,32,45,32,45,-0.36015627,-0.043359376
42,2014-09-23 17:40:00+00:00,3.728694,3.9323242,3.9323242,32,45,45,58,-0.15,-0.050000004
42,2014-09-23 17:40:00+00:00,3.588858,3.9701195,3.9701195,32,45,58,71,0.07109375,-0.04921875
42,2014-09-23 17:40:00+00:00,3.563246,3.5374956,3.5374956,32,45,71,84,0.2828125,-0.05039063
42,2014-09-23 17:40:00+00:00,3.2069602,3.0915043,3.0915043,32,45,84,97,0.49401045,-0.05078125
42,2014-09-23 17:40:00+00:00,2.4620626,2.4520144,2.4520144,32,45,97,110,0.7166667,-0.050000004
42,2014-09-23 17:40:00+00:00,2.3393312,2.3690166,2.3690166,32,45,110,121,0.9166666,-0.050000004
42,2014-09-23 17:40:00+00:00,3.7082758,3.703396,3.703396,45,58,19,32,-0.5835937,0.27421877
42,2014-09-23 17:40:00+00:00,2.3019764,3.074118,3.074118,45,58,32,45,-0.36666667,0.275
42,2014-09-23 17:40:00+00:00,2.6214092,2.8417423,2.8417423,45,58,45,58,-0.15,0.275
42,2014-09-23 17:40:00+00:00,3.1574101,2.870866,2.870866,45,58,58,71,0.0625,0.28007814
42,2014-09-23 17:40:00+00:00,3.357375,2.563442,2.563442,45,58,84,97,0.50911456,0.28125
42,2014-09-23 17:40:00+00:00,2.546132,2.2033865,2.2033865,45,58,97,110,0.7166667,0.275
42,2014-09-23 17:40:00+00:00,2.422905,2.199603,2.199603,45,58,110,121,0.9166666,0.275
42,2014-09-23 17:40:00+00:00,2.170093,2.6136413,2.6136413,58,71,32,45,-0.36666667,0.6
42,2014-09-23 17:40:00+00:00,2.3973672,2.5135283,2.5135283,58,71,45,58,-0.15494792,0.5847656
42,2014-09-23 17:40:00+00:00,2.5552986,2.6028442,2.6028442,58,71,71,84,0.2833333,0.6
42,2014-09-23 17:40:00+00:00,2.7342668,2.4963791,2.4963791,58,71,84,97,0.48463544,0.578125
42,2014-09-23 17:40:00+00:00,2.284765,2.0704858,2.0704858,58,71,97,110,0.72812504,0.58515626
42,2014-09-23 17:40:00+00:00,2.223341,2.103589,2.103589,58,71,110,121,0.9164062,0.6
42,2014-09-23 17:40:00+00:00,2.1076024,2.1221833,2.1221833,71,81,110,121,0.9117187,0.88984376
43,2014-09-23 19:20:00+00:00,2.6165645,2.8223212,2.8223212,19,32,84,97,0.5,-0.375
43,2014-09-23 19:20:00+00:00,2.1639636,2.342726,2.342726,19,32,97,110,0.7166667,-0.375
43,2014-09-23 19:20:00+00:00,2.0591898,2.2865152,2.2865152,19,32,110,121,0.9166666,-0.375
43,2014-09-23 19:20:00+00:00,4.0785236,4.299914,4.299914,32,45,32,45,-0.36380208,-0.037109375
43,2014-09-23 19:20:00+00:00,3.7381516,3.8697758,3.8697758,32,45,45,58,-0.15,-0.050000004
43,2014-09-23 19:20:00+00:00,3.5901206,3.442106,3.442106,32,45,71,84,0.2828125,-0.041796878
43,2014-09-23 19:20:00+00:00,3.3439825,2.9849074,2.9849074,32,45,84,97,0.5,-0.050000004
43,2014-09-23 19:20:00+00:00,2.353407,2.4127705,2.4127705,32,45,97,110,0.7166667,-0.050000004
43,2014-09-23 19:20:00+00:00,2.1693757,2.3500125,2.3500125,32,45,110,121,0.9166666,-0.050000004
43,2014-09-23 19:20:00+00:00,4.5585985,3.7146895,3.7146895,45,58,6,19,-0.78437495,0.26289064
43,2014-09-23 19:20:00+00:00,3.8168113,3.7910628,3.7910628,45,58,19,32,-0.5833333,0.275
43,2014-09-23 19:20:00+00:00,2.2182286,3.1558177,3.1558177,45,58,32,45,-0.36666667,0.275
43,2014-09-23 19:20:00+00:00,2.6682937,2.9266472,2.9266472,45,58,45,58,-0.15,0.275
43,2014-09-23 19:20:00+00:00,3.3141541,2.9759483,2.9759483,45,58,58,71,0.06666666,0.275
43,2014-09-23 19:20:00+00:00,3.15917,2.5736856,2.5736856,45,58,84,97,0.509375,0.28398436
43,2014-09-23 19:20:00+00:00,2.4672081,2.2858648,2.2858648,45,58,97,110,0.7166667,0.275
43,2014-09-23 19:20:00+00:00,2.3037567,2.295303,2.295303,45,58,110,121,0.9166666,0.275
43,2014-09-23 19:20:00+00:00,3.8257692,3.3726466,3.3726466,58,71,19,32,-0.56666666,0.56757814
43,2014-09-23 19:20:00+00:00,2.1195562,2.7538688,2.7538688,58,71,32,45,-0.36666667,0.6
43,2014-09-23 19:20:00+00:00,2.2993996,2.6432045,2.6432045,58,71,45,58,-0.15260416,0.590625
43,2014-09-23 19:20:00+00:00,2.6566482,2.6336806,2.6336806,58,71,58,71,0.0703125,0.58671874
43,2014-09-23 19:20:00+00:00,2.5276873,2.723112,2.723112,58,71,71,84,0.2833333,0.6
43,2014-09-23 19:20:00+00:00,2.6418197,2.5518794,2.5518794,58,71,84,97,0.49427083,0.5890625
43,2014-09-23 19:20:00+00:00,2.560075,2.239866,2.239866,58,71,97,110,0.73072916,0.58984375
43,2014-09-23 19:20:00+00:00,1.9755048,2.250078,2.250078,58,71,110,121,0.9166666,0.6
43,2014-09-23 19:20:00+00:00,1.9374506,2.229039,2.229039,71,81,110,121,0.9166666,0.8875
44,2014-09-24 18:25:00+00:00,3.0556324,2.9901676,2.9901676,19,32,84,97,0.5,-0.375
44,2014-09-24 18:25:00+00:00,2.42387,2.5259166,2.5259166,19,32,97,110,0.7166667,-0.375
44,2014-09-24 18:25:00+00:00,2.29984,2.4870586,2.4870586,19,32,110,121,0.9166666,-0.375
44,2014-09-24 18:25:00+00:00,3.874398,4.2760344,4.2760344,32,45,32,45,-0.36015624,-0.036718752
44,2014-09-24 18:25:00+00:00,3.4807925,3.910608,3.910608,32,45,45,58,-0.15,-0.050000004
44,2014-09-24 18:25:00+00:00,3.5573616,3.9218688,3.9218688,32,45,58,71,0.06510417,-0.049999997
44,2014-09-24 18:25:00+00:00,3.6821413,3.5622022,3.5622022,32,45,71,84,0.2830729,-0.041796878
44,2014-09-24 18:25:00+00:00,3.548844,3.163117,3.163117,32,45,84,97,0.5,-0.050000004
44,2014-09-24 18:25:00+00:00,2.5484197,2.6121702,2.6121702,32,45,97,110,0.7166667,-0.050000004
44,2014-09-24 18:25:00+00:00,2.554511,2.569001,2.569001,32,45,110,121,0.9166666,-0.050000004
44,2014-09-24 18:25:00+00:00,4.534952,3.7065983,3.7065983,45,58,6,19,-0.78333336,0.26289064
44,2014-09-24 18:25:00+00:00,3.3434246,3.8224242,3.8224242,45,58,19,32,-0.5833333,0.275
44,2014-09-24 18:25:00+00:00,2.4023912,3.177022,3.177022,45,58,32,45,-0.36666667,0.275
44,2014-09-24 18:25:00+00:00,2.744226,2.9794643,2.9794643,45,58,45,58,-0.15,0.275
44,2014-09-24 18:25:00+00:00,3.4656224,3.048695,3.048695,45,58,58,71,0.06666666,0.275
44,2014-09-24 18:25:00+00:00,3.6451104,2.9773808,2.9773808,45,58,71,84,0.26901042,0.28828123
44,2014-09-24 18:25:00+00:00,2.9160044,2.5180993,2.5180993,45,58,97,110,0.7166667,0.275
44,2014-09-24 18:25:00+00:00,2.8240347,2.5531213,2.5531213,45,58,110,121,0.9166666,0.275
44,2014-09-24 18:25:00+00:00,3.8592947,3.392513,3.392513,58,71,19,32,-0.5679687,0.56757814
44,2014-09-24 18:25:00+00:00,2.0898976,2.7960806,2.7960806,58,71,32,45,-0.36666667,0.6
44,2014-09-24 18:25:00+00:00,2.53038,2.7189083,2.7189083,58,71,45,58,-0.15078126,0.5917969
44,2014-09-24 18:25:00+00:00,2.9297223,2.7269697,2.7269697,58,71,58,71,0.069270834,0.5824219
44,2014-09-24 18:25:00+00:00,2.9248714,2.860812,2.860812,58,71,71,84,0.2833333,0.6
44,2014-09-24 18:25:00+00:00,3.0463588,2.7651787,2.7651787,58,71,84,97,0.49765626,0.5914062
44,2014-09-24 18:25:00+00:00,2.623333,2.4627008,2.4627008,58,71,97,110,0.7289063,0.5882813
44,2014-09-24 18:25:00+00:00,2.33088,2.5206497,2.5206497,58,71,110,121,0.9166666,0.6
44,2014-09-24 18:25:00+00:00,2.1712582,2.478604,2.478604,71,81,110,121,0.9166666,0.8875
45,2014-09-25 19:10:00+00:00,2.7040212,2.753846,2.753846,58,71,110,121,0.9197917,0.6
46,2014-09-26 18:15:00+00:00,2.5019016,2.417556,2.417556,19,32,84,97,0.5,-0.375
46,2014-09-26 18:15:00+00:00,2.1608822,2.1405072,2.1405072,19,32,97,110,0.7166667,-0.375
46,2014-09-26 18:15:00+00:00,1.9933927,2.1409569,2.1409569,19,32,110,121,0.9166666,-0.375
46,2014-09-26 18:15:00+00:00,3.331243,3.4718363,3.4718363,32,45,32,45,-0.36197916,-0.041796878
46,2014-09-26 18:15:00+00:00,3.236784,3.2100108,3.2100108,32,45,45,58,-0.15,-0.050000004
46,2014-09-26 18:15:00+00:00,3.130015,3.1866577,3.1866577,32,45,58,71,0.059114583,-0.051562503
46,2014-09-26 18:15:00+00:00,3.2750766,2.8844378,2.8844378,32,45,71,84,0.27760416,-0.042578124
46,2014-09-26 18:15:00+00:00,2.99865,2.49714,2.49714,32,45,84,97,0.50104165,-0.05078125
46,2014-09-26 18:15:00+00:00,2.1971614,2.2127578,2.2127578,32,45,97,110,0.7166667,-0.050000004
46,2014-09-26 18:15:00+00:00,2.1056037,2.2181468,2.2181468,32,45,110,121,0.9166666,-0.050000004
46,2014-09-26 18:15:00+00:00,3.1187847,3.5455503,3.5455503,45,58,19,32,-0.5833333,0.275
46,2014-09-26 18:15:00+00:00,2.1332579,2.9127965,2.9127965,45,58,32,45,-0.36666667,0.275
46,2014-09-26 18:15:00+00:00,2.5457232,2.7826784,2.7826784,45,58,45,58,-0.15,0.275
46,2014-09-26 18:15:00+00:00,3.1305044,2.7804475,2.7804475,45,58,58,71,0.06666666,0.275
46,2014-09-26 18:15:00+00:00,3.3848414,2.7503307,2.7503307,45,58,71,84,0.27005208,0.2890625
46,2014-09-26 18:15:00+00:00,3.4070852,2.6074476,2.6074476,45,58,84,97,0.5114583,0.28476563
46,2014-09-26 18:15:00+00:00,2.754787,2.4016774,2.4016774,45,58,97,110,0.7166667,0.275
46,2014-09-26 18:15:00+00:00,2.4433608,2.4560883,2.4560883,45,58,110,121,0.9166666,0.275
46,2014-09-26 18:15:00+00:00,1.8270955,2.688896,2.688896,58,71,32,45,-0.36380208,0.5992187
46,2014-09-26 18:15:00+00:00,2.4009852,2.6744885,2.6744885,58,71,45,58,-0.15078126,0.5917969
46,2014-09-26 18:15:00+00:00,2.954545,2.630112,2.630112,58,71,58,71,0.06666666,0.58085936
46,2014-09-26 18:15:00+00:00,2.8212042,2.751235,2.751235,58,71,71,84,0.2833333,0.6
46,2014-09-26 18:15:00+00:00,2.8202922,2.6516018,2.6516018,58,71,84,97,0.49765626,0.5914062
46,2014-09-26 18:15:00+00:00,2.6669207,2.4799101,2.4799101,58,71,97,110,0.72786456,0.58906245
46,2014-09-26 18:15:00+00:00,2.6495407,2.5258377,2.5258377,58,71,110,121,0.9166666,0.6
46,2014-09-26 18:15:00+00:00,2.2319849,2.3982718,2.3982718,71,81,110,121,0.9166666,0.8875
47,2014-09-27 18:55:00+00:00,2.7221067,3.011746,3.011746,45,58,32,45,-0.35833332,0.27109373
47,2014-09-27 18:55:00+00:00,2.5861914,2.7685666,2.7685666,45,58,97,110,0.71875,0.29062504
47,2014-09-27 18:55:00+00:00,2.1498315,2.8043745,2.8043745,45,58,110,121,0.9153646,0.28085938
47,2014-09-27 18:55:00+00:00,3.2470605,2.7829566,2.7829566,58,71,97,110,0.7296875,0.59257805
47,2014-09-27 18:55:00+00:00,3.0417995,2.828012,2.828012,58,71,110,121,0.9166666,0.6
47,2014-09-27 18:55:00+00:00,3.2568302,2.7415876,2.7415876,71,81,71,84,0.29397166,0.8095743
47,2014-09-27 18:55:00+00:00,2.687861,2.7464797,2.7464797,71,81,110,121,0.9166666,0.8875
48,2014-09-29 18:45:00+00:00,2.496387,2.6612287,2.6612287,19,32,84,97,0.5,-0.375
48,2014-09-29 18:45:00+00:00,2.1893675,2.2368479,2.2368479,19,32,97,110,0.7166667,-0.375
48,2014-09-29 18:45:00+00:00,2.0024133,2.1846457,2.1846457,19,32,110,121,0.9166666,-0.375
48,2014-09-29 18:45:00+00:00,3.478569,4.2015815,4.2015815,32,45,32,45,-0.3591146,-0.035937503
48,2014-09-29 18:45:00+00:00,3.615979,3.7661266,3.7661266,32,45,45,58,-0.15,-0.050000004
48,2014-09-29 18:45:00+00:00,3.6094255,3.7219808,3.7219808,32,45,58,71,0.06875,-0.051953126
48,2014-09-29 18:45:00+00:00,2.6394627,3.285991,3.285991,32,45,71,84,0.27578124,-0.041796878
48,2014-09-29 18:45:00+00:00,2.5832818,2.829965,2.829965,32,45,84,97,0.5,-0.050000004
48,2014-09-29 18:45:00+00:00,2.056518,2.321782,2.321782,32,45,97,110,0.7166667,-0.050000004
48,2014-09-29 18:45:00+00:00,1.8231021,2.263995,2.263995,32,45,110,121,0.9166666,-0.050000004
48,2014-09-29 18:45:00+00:00,4.510775,3.8394108,3.8394108,45,58,6,19,-0.7838541,0.26328126
48,2014-09-29 18:45:00+00:00,3.905758,3.910797,3.910797,45,58,19,32,-0.5833333,0.275
48,2014-09-29 18:45:00+00:00,3.3568747,3.3195677,3.3195677,45,58,32,45,-0.36666667,0.275
48,2014-09-29 18:45:00+00:00,3.360165,3.0441873,3.0441873,45,58,45,58,-0.15,0.275
48,2014-09-29 18:45:00+00:00,3.9554968,3.0621698,3.0621698,45,58,58,71,0.06666666,0.275
48,2014-09-29 18:45:00+00:00,2.960836,2.8897486,2.8897486,45,58,71,84,0.265625,0.28867185
48,2014-09-29 18:45:00+00:00,3.3093376,2.6810768,2.6810768,45,58,84,97,0.51380205,0.2859375
48,2014-09-29 18:45:00+00:00,2.3984387,2.3610258,2.3610258,45,58,97,110,0.7166667,0.275
48,2014-09-29 18:45:00+00:00,1.8037632,2.368859,2.368859,45,58,110,121,0.9166666,0.275
48,2014-09-29 18:45:00+00:00,2.3944561,3.6481063,3.6481063,58,71,19,32,-0.5679687,0.5679687
48,2014-09-29 18:45:00+00:00,2.0923183,3.0261624,3.0261624,58,71,32,45,-0.36666667,0.6
48,2014-09-29 18:45:00+00:00,2.3201923,2.8827863,2.8827863,58,71,45,58,-0.15052085,0.59453124
48,2014-09-29 18:45:00+00:00,4.0391545,2.8535266,2.8535266,58,71,58,71,0.07213542,0.5832032
48,2014-09-29 18:45:00+00:00,3.7875214,2.8793519,2.8793519,58,71,71,84,0.2833333,0.6
48,2014-09-29 18:45:00+00:00,3.1721585,2.7229056,2.7229056,58,71,84,97,0.49479166,0.59335935
48,2014-09-29 18:45:00+00:00,2.558387,2.4186184,2.4186184,58,71,97,110,0.7278646,0.5878906
48,2014-09-29 18:45:00+00:00,2.147167,2.4386978,2.4386978,58,71,110,121,0.9166666,0.6
48,2014-09-29 18:45:00+00:00,1.8123294,2.3097775,2.3097775,71,81,110,121,0.92213535,0.88359374
49,2014-10-12 18:05:00+00:00,2.739971,2.8509822,2.8509822,19,32,84,97,0.5,-0.375
49,2014-10-12 18:05:00+00:00,2.5189507,2.4305964,2.4305964,19,32,97,110,0.7166667,-0.375
49,2014-10-12 18:05:00+00:00,2.320514,2.3798165,2.3798165,19,32,110,121,0.9166666,-0.375
49,2014-10-12 18:05:00+00:00,4.191729,4.2303586,4.2303586,32,45,32,45,-0.35625,-0.033203125
49,2014-10-12 18:05:00+00:00,3.5788324,3.8094893,3.8094893,32,45,45,58,-0.15,-0.050000004
49,2014-10-12 18:05:00+00:00,2.91848,3.3761926,3.3761926,32,45,71,84,0.2791667,-0.0390625
49,2014-10-12 18:05:00+00:00,2.863397,3.0198367,3.0198367,32,45,84,97,0.5,-0.050000004
49,2014-10-12 18:05:00+00:00,2.6189651,2.5173101,2.5173101,32,45,97,110,0.7166667,-0.050000004
49,2014-10-12 18:05:00+00:00,2.6211083,2.4762733,2.4762733,32,45,110,121,0.9114584,-0.044921875
49,2014-10-12 18:05:00+00:00,4.5033274,3.7344575,3.7344575,45,58,6,19,-0.7890625,0.26328126
49,2014-10-12 18:05:00+00:00,4.017166,3.8739245,3.8739245,45,58,19,32,-0.5833333,0.275
49,2014-10-12 18:05:00+00:00,2.9889796,3.2713094,3.2713094,45,58,32,45,-0.3669271,0.27578124
49,2014-10-12 18:05:00+00:00,2.2549403,3.0079372,3.0079372,45,58,45,58,-0.15,0.275
49,2014-10-12 18:05:00+00:00,2.3945322,3.0365596,3.0365596,45,58,58,71,0.06666666,0.275
49,2014-10-12 18:05:00+00:00,3.3765244,2.8112679,2.8112679,45,58,84,97,0.5135417,0.28125
49,2014-10-12 18:05:00+00:00,3.3173125,2.5147305,2.5147305,45,58,97,110,0.7166667,0.275
49,2014-10-12 18:05:00+00:00,2.5985677,2.5328832,2.5328832,45,58,110,121,0.9166666,0.275
49,2014-10-12 18:05:00+00:00,4.4483047,3.5698056,3.5698056,58,71,19,32,-0.5679687,0.57070315
49,2014-10-12 18:05:00+00:00,3.0461805,2.9388669,2.9388669,58,71,32,45,-0.36666667,0.6
49,2014-10-12 18:05:00+00:00,2.5510445,2.79351,2.79351,58,71,45,58,-0.14921875,0.59414065
49,2014-10-12 18:05:00+00:00,2.1807365,2.7673514,2.7673514,58,71,58,71,0.067968756,0.59375
49,2014-10-12 18:05:00+00:00,2.6906085,2.8764606,2.8764606,58,71,71,84,0.2833333,0.6
49,2014-10-12 18:05:00+00:00,3.0507765,2.7808628,2.7808628,58,71,84,97,0.49036458,0.5875
49,2014-10-12 18:05:00+00:00,3.2732186,2.5484984,2.5484984,58,71,97,110,0.7299479,0.5929687
49,2014-10-12 18:05:00+00:00,2.5833294,2.5522866,2.5522866,58,71,110,121,0.9166666,0.6
49,2014-10-12 18:05:00+00:00,1.9737914,2.46866,2.46866,71,81,110,121,0.9166666,0.8875
50,2014-10-12 18:10:00+00:00,2.58048,2.609027,2.609027,19,32,84,97,0.5,-0.375
50,2014-10-12 18:10:00+00:00,2.475771,2.272932,2.272932,19,32,97,110,0.7166667,-0.375
50,2014-10-12 18:10:00+00:00,2.2783275,2.2738686,2.2738686,19,32,110,121,0.92031246,-0.38085938
51,2014-10-12 18:15:00+00:00,3.9153867,3.9300413,3.9300413,32,45,32,45,-0.3614583,-0.0375
51,2014-10-12 18:15:00+00:00,2.9884982,3.6032765,3.6032765,32,45,45,58,-0.15,-0.050000004
51,2014-10-12 18:15:00+00:00,2.8982494,3.5566292,3.5566292,32,45,58,71,0.059114587,-0.05234375
51,2014-10-12 18:15:00+00:00,2.5779936,3.324512,3.324512,32,45,71,84,0.28072917,-0.039843753
51,2014-10-12 18:15:00+00:00,2.5875294,3.0079732,3.0079732,32,45,84,97,0.49427086,-0.044140626
51,2014-10-12 18:15:00+00:00,4.618626,3.378058,3.378058,45,58,6,19,-0.7885417,0.26171875
51,2014-10-12 18:15:00+00:00,3.9642332,3.4846227,3.4846227,45,58,19,32,-0.5833333,0.275
51,2014-10-12 18:15:00+00:00,2.7065296,2.8461823,2.8461823,45,58,32,45,-0.36666667,0.275
51,2014-10-12 18:15:00+00:00,2.1943126,2.6833832,2.6833832,45,58,45,58,-0.15,0.275
51,2014-10-12 18:15:00+00:00,2.146383,2.7176907,2.7176907,45,58,58,71,0.06666666,0.275
51,2014-10-12 18:15:00+00:00,2.4981575,2.701925,2.701925,45,58,71,84,0.27031252,0.2890625
51,2014-10-12 18:15:00+00:00,2.8537385,2.3821332,2.3821332,45,58,97,110,0.7166667,0.275
51,2014-10-12 18:15:00+00:00,2.4476726,2.4288304,2.4288304,45,58,110,121,0.9166666,0.275
51,2014-10-12 18:15:00+00:00,2.4205751,2.4896917,2.4896917,58,71,32,45,-0.36666667,0.6
51,2014-10-12 18:15:00+00:00,2.2098732,2.4257462,2.4257462,58,71,45,58,-0.15338542,0.5929687
51,2014-10-12 18:15:00+00:00,2.073443,2.408854,2.408854,58,71,58,71,0.06875,0.58203125
51,2014-10-12 18:15:00+00:00,2.3274572,2.588826,2.588826,58,71,71,84,0.2833333,0.6
51,2014-10-12 18:15:00+00:00,2.7612438,2.5438933,2.5438933,58,71,84,97,0.4919271,0.590625
51,2014-10-12 18:15:00+00:00,2.9773645,2.298979,2.298979,58,71,97,110,0.7278646,0.58984375
51,2014-10-12 18:15:00+00:00,2.42016,2.3725965,2.3725965,58,71,110,121,0.9166666,0.6
51,2014-10-12 18:15:00+00:00,2.035672,2.3652332,2.3652332,71,81,110,121,0.9166666,0.8875
52,2014-10-23 17:55:00+00:00,3.492553,3.2463152,3.2463152,19,32,84,97,0.49635416,-0.37304688
52,2014-10-23 17:55:00+00:00,3.3801563,2.7200396,2.7200396,19,32,97,110,0.7166667,-0.375
52,2014-10-23 17:55:00+00:00,3.6039295,2.6878486,2.6878486,19,32,110,121,0.9166666,-0.375
52,2014-10-23 17:55:00+00:00,3.7986507,3.9135964,3.9135964,32,45,45,58,-0.15,-0.050000004
52,2014-10-23 17:55:00+00:00,3.0653436,3.4147677,3.4147677,32,45,84,97,0.4984375,-0.05234375
52,2014-10-23 17:55:00+00:00,3.1294718,2.7857125,2.7857125,32,45,97,110,0.7166667,-0.050000004
52,2014-10-23 17:55:00+00:00,2.8503313,2.7915573,2.7915573,32,45,110,121,0.9059896,-0.052734375
52,2014-10-23 17:55:00+00:00,4.3298535,3.3926067,3.3926067,45,58,6,19,-0.7934896,0.25625
52,2014-10-23 17:55:00+00:00,3.2407875,3.4476829,3.4476829,45,58,19,32,-0.5833333,0.275
52,2014-10-23 17:55:00+00:00,2.4478328,2.8487098,2.8487098,45,58,32,45,-0.36666667,0.275
52,2014-10-23 17:55:00+00:00,2.9541533,2.6625597,2.6625597,45,58,45,58,-0.15,0.275
52,2014-10-23 17:55:00+00:00,2.928253,2.767644,2.767644,45,58,58,71,0.07578125,0.27734375
52,2014-10-23 17:55:00+00:00,2.8692434,2.6884162,2.6884162,45,58,84,97,0.51484376,0.27695313
52,2014-10-23 17:55:00+00:00,2.6077394,2.3807395,2.3807395,45,58,97,110,0.7166667,0.275
52,2014-10-23 17:55:00+00:00,2.3980987,2.8784814,2.8784814,58,71,19,32,-0.5723958,0.5667969
52,2014-10-23 17:55:00+00:00,2.0385392,2.361452,2.361452,58,71,32,45,-0.36666667,0.6
52,2014-10-23 17:55:00+00:00,2.2263665,2.250579,2.250579,58,71,45,58,-0.15468751,0.5949219
52,2014-10-23 17:55:00+00:00,2.4181285,2.3217852,2.3217852,58,71,58,71,0.0671875,0.5847657
52,2014-10-23 17:55:00+00:00,2.505234,2.4707193,2.4707193,58,71,71,84,0.28697917,0.5980469
52,2014-10-23 17:55:00+00:00,2.5840495,2.411515,2.411515,58,71,84,97,0.4947917,0.5824219
52,2014-10-23 17:55:00+00:00,2.52283,2.2275832,2.2275832,58,71,97,110,0.7208333,0.5914062
52,2014-10-23 17:55:00+00:00,2.3001862,2.2753923,2.2753923,58,71,110,121,0.9106771,0.61328125
52,2014-10-23 17:55:00+00:00,2.1739511,2.3112993,2.3112993,71,81,110,121,0.9166666,0.8875
53,2014-10-26 18:25:00+00:00,3.330653,3.1263974,3.1263974,19,32,84,97,0.5,-0.375
53,2014-10-26 18:25:00+00:00,3.5294712,2.7602527,2.7602527,19,32,97,110,0.7166667,-0.375
53,2014-10-26 18:25:00+00:00,3.5637338,2.8189673,2.8189673,19,32,110,121,0.9166666,-0.375
53,2014-10-26 18:25:00+00:00,3.9061623,3.626174,3.626174,32,45,32,45,-0.35598958,-0.0296875
53,2014-10-26 18:25:00+00:00,3.4294143,3.5119164,3.5119164,32,45,45,58,-0.15,-0.050000004
53,2014-10-26 18:25:00+00:00,2.6535122,3.3688285,3.3688285,32,45,71,84,0.28229165,-0.039453126
53,2014-10-26 18:25:00+00:00,2.9812553,3.2300322,3.2300322,32,45,84,97,0.5,-0.050000004
53,2014-10-26 18:25:00+00:00,3.2194853,2.8011537,2.8011537,32,45,97,110,0.7166667,-0.050000004
53,2014-10-26 18:25:00+00:00,2.7204876,2.863841,2.863841,32,45,110,121,0.9166666,-0.050000004
53,2014-10-26 18:25:00+00:00,3.789022,3.0529435,3.0529435,45,58,6,19,-0.79296875,0.26601562
53,2014-10-26 18:25:00+00:00,2.57422,3.1444802,3.1444802,45,58,19,32,-0.5833333,0.275
53,2014-10-26 18:25:00+00:00,2.1360533,2.5295563,2.5295563,45,58,32,45,-0.3669271,0.27578124
53,2014-10-26 18:25:00+00:00,2.473821,2.4527817,2.4527817,45,58,45,58,-0.15,0.275
53,2014-10-26 18:25:00+00:00,2.9016325,2.4669106,2.4669106,45,58,58,71,0.061197914,0.27695313
53,2014-10-26 18:25:00+00:00,2.7268794,2.657184,2.657184,45,58,84,97,0.5132812,0.28320312
53,2014-10-26 18:25:00+00:00,2.689681,2.4823608,2.4823608,45,58,97,110,0.7166667,0.275
53,2014-10-26 18:25:00+00:00,2.465994,2.6066504,2.6066504,45,58,110,121,0.9166666,0.275
53,2014-10-26 18:25:00+00:00,3.2956705,2.7108846,2.7108846,58,71,19,32,-0.57890624,0.57773435
53,2014-10-26 18:25:00+00:00,1.8980167,2.1817515,2.1817515,58,71,32,45,-0.36666667,0.6
53,2014-10-26 18:25:00+00:00,2.0739722,2.1704645,2.1704645,58,71,45,58,-0.15130208,0.5992187
53,2014-10-26 18:25:00+00:00,2.261604,2.1856236,2.1856236,58,71,58,71,0.073697925,0.58867186
53,2014-10-26 18:25:00+00:00,2.4919896,2.4144228,2.4144228,58,71,71,84,0.2833333,0.6
53,2014-10-26 18:25:00+00:00,2.714114,2.4775772,2.4775772,58,71,84,97,0.49166667,0.5902344
53,2014-10-26 18:25:00+00:00,2.751654,2.3633146,2.3633146,58,71,97,110,0.7260417,0.5921875
53,2014-10-26 18:25:00+00:00,2.5080311,2.4821734,2.4821734,58,71,110,121,0.9166666,0.6
53,2014-10-26 18:25:00+00:00,2.1883013,2.4191065,2.4191065,71,81,32,45,-0.38645837,0.85546875
53,2014-10-26 18:25:00+00:00,2.71783,2.2910256,2.2910256,71,81,84,97,0.44599998,0.80700004
53,2014-10-26 18:25:00+00:00,2.6254282,2.2684207,2.2684207,71,81,97,110,0.7502604,0.8714844
53,2014-10-26 18:25:00+00:00,2.4827938,2.524565,2.524565,71,81,110,121,0.9166666,0.8875
54,2014-11-11 18:25:00+00:00,3.0510695,2.3908777,2.3908777,19,32,84,97,0.4955729,-0.36679688
54,2014-11-11 18:25:00+00:00,2.4124222,2.4024522,2.4024522,32,45,84,97,0.5,-0.050000004
54,2014-11-11 18:25:00+00:00,2.3833938,2.1342056,2.1342056,32,45,97,110,0.7166667,-0.050000004
54,2014-11-11 18:25:00+00:00,2.1469238,2.1985655,2.1985655,32,45,110,121,0.9140625,-0.047656253
54,2014-11-11 18:25:00+00:00,1.5099757,1.9431545,1.9431545,45,58,45,58,-0.14166667,0.26484373
54,2014-11-11 18:25:00+00:00,2.0171044,1.9384301,1.9384301,45,58,97,110,0.7166667,0.275
54,2014-11-11 18:25:00+00:00,2.1263123,2.0202394,2.0202394,45,58,110,121,0.9166666,0.275
54,2014-11-11 18:25:00+00:00,1.9954071,1.860275,1.860275,58,71,71,84,0.2833333,0.6
54,2014-11-11 18:25:00+00:00,2.1692312,1.8874238,1.8874238,58,71,84,97,0.48489583,0.5890625
54,2014-11-11 18:25:00+00:00,2.2111278,1.8301607,1.8301607,58,71,97,110,0.72760415,0.5914062
54,2014-11-11 18:25:00+00:00,2.1484299,1.9069843,1.9069843,58,71,110,121,0.9166666,0.6
54,2014-11-11 18:25:00+00:00,2.0575402,1.9355212,1.9355212,71,81,110,121,0.9166666,0.8875
55,2015-05-01 18:01:00+00:00,1.8256803,1.932408,1.932408,19,32,84,97,0.5,-0.375
55,2015-05-01 18:01:00+00:00,1.7926356,1.7223554,1.7223554,19,32,97,110,0.7166667,-0.375
55,2015-05-01 18:01:00+00:00,1.9734336,1.7092569,1.7092569,19,32,110,121,0.9166666,-0.375
55,2015-05-01 18:01:00+00:00,3.322193,2.8575344,2.8575344,32,45,32,45,-0.35729167,-0.036328126
55,2015-05-01 18:01:00+00:00,2.300944,2.6789265,2.6789265,32,45,45,58,-0.15,-0.050000004
55,2015-05-01 18:01:00+00:00,1.8489875,2.3074756,2.3074756,32,45,71,84,0.28177083,-0.046484374
55,2015-05-01 18:01:00+00:00,1.7149464,1.9436277,1.9436277,32,45,84,97,0.50364584,-0.051953126
55,2015-05-01 18:01:00+00:00,1.8032299,1.7126292,1.7126292,32,45,97,110,0.7166667,-0.050000004
55,2015-05-01 18:01:00+00:00,1.8598912,1.7064837,1.7064837,32,45,110,121,0.9166666,-0.050000004
55,2015-05-01 18:01:00+00:00,2.056642,2.2978206,2.2978206,45,58,32,45,-0.3614583,0.27304685
55,2015-05-01 18:01:00+00:00,2.0407112,2.2099094,2.2099094,45,58,45,58,-0.15,0.275
55,2015-05-01 18:01:00+00:00,2.0669477,2.1551094,2.1551094,45,58,58,71,0.06666666,0.275
55,2015-05-01 18:01:00+00:00,1.9062855,1.75027,1.75027,45,58,97,110,0.71380204,0.2613281
55,2015-05-01 18:01:00+00:00,1.9646468,1.7473354,1.7473354,45,58,110,121,0.92291665,0.26523435
55,2015-05-01 18:01:00+00:00,2.3057837,2.0379431,2.0379431,58,71,32,45,-0.36015624,0.5917969
55,2015-05-01 18:01:00+00:00,2.0317492,2.0290189,2.0290189,58,71,45,58,-0.15416667,0.5890625
55,2015-05-01 18:01:00+00:00,2.1845737,1.9784447,1.9784447,58,71,58,71,0.057812504,0.59765625
55,2015-05-01 18:01:00+00:00,2.2566762,2.0321398,2.0321398,58,71,71,84,0.27682292,0.59648436
55,2015-05-01 18:01:00+00:00,2.1229327,1.8569438,1.8569438,58,71,84,97,0.4921875,0.5835937
55,2015-05-01 18:01:00+00:00,1.9824471,1.7461649,1.7461649,58,71,110,121,0.9166666,0.6015625
55,2015-05-01 18:01:00+00:00,1.9873992,1.7163525,1.7163525,71,81,110,121,0.9184896,0.8863281
56,2015-05-01 18:05:00+00:00,1.8256803,1.8985622,1.8985622,19,32,84,97,0.5,-0.375
56,2015-05-01 18:05:00+00:00,1.7926356,1.7247304,1.7247304,19,32,97,110,0.7166667,-0.375
56,2015-05-01 18:05:00+00:00,1.9734336,1.7290646,1.7290646,19,32,110,121,0.9166666,-0.375
56,2015-05-01 18:05:00+00:00,3.322193,2.7001126,2.7001126,32,45,32,45,-0.35729167,-0.036328126
56,2015-05-01 18:05:00+00:00,2.300944,2.5794027,2.5794027,32,45,45,58,-0.15,-0.050000004
56,2015-05-01 18:05:00+00:00,1.8489875,2.2260737,2.2260737,32,45,71,84,0.28177083,-0.046484374
56,2015-05-01 18:05:00+00:00,1.7149464,1.8994688,1.8994688,32,45,84,97,0.50364584,-0.051953126
56,2015-05-01 18:05:00+00:00,1.8032299,1.7109016,1.7109016,32,45,97,110,0.7166667,-0.050000004
56,2015-05-01 18:05:00+00:00,1.8598912,1.7224491,1.7224491,32,45,110,121,0.9166666,-0.050000004
56,2015-05-01 18:05:00+00:00,1.9801726,2.213673,2.213673,45,58,32,45,-0.359375,0.26718748
56,2015-05-01 18:05:00+00:00,2.0203488,2.1579752,2.1579752,45,58,45,58,-0.15,0.275
56,2015-05-01 18:05:00+00:00,2.0637703,2.1034431,2.1034431,45,58,58,71,0.06666666,0.275
56,2015-05-01 18:05:00+00:00,1.9062855,1.7648442,1.7648442,45,58,97,110,0.71380204,0.2613281
56,2015-05-01 18:05:00+00:00,1.9646468,1.7805754,1.7805754,45,58,110,121,0.92291665,0.26523435
56,2015-05-01 18:05:00+00:00,2.1610112,1.9495697,1.9495697,58,71,58,71,0.057812504,0.59765625
56,2015-05-01 18:05:00+00:00,2.1927028,2.0239038,2.0239038,58,71,71,84,0.28437498,0.5925781
56,2015-05-01 18:05:00+00:00,2.0235596,1.8833537,1.8833537,58,71,84,97,0.48828125,0.57851565
56,2015-05-01 18:05:00+00:00,1.9830735,1.7958709,1.7958709,58,71,110,121,0.9166666,0.6015625
56,2015-05-01 18:05:00+00:00,1.960063,1.761342,1.761342,71,81,110,121,0.9184896,0.884375
57,2015-05-01 18:10:00+00:00,2.3535407,2.372154,2.372154,58,71,32,45,-0.36015624,0.5917969
57,2015-05-01 18:10:00+00:00,2.0692613,2.349482,2.349482,58,71,45,58,-0.15416667,0.58554685
57,2015-05-01 18:10:00+00:00,2.0127106,2.0622053,2.0622053,71,81,110,121,0.9184896,0.8863281
58,2015-05-02 18:50:00+00:00,2.0004518,2.129815,2.129815,19,32,84,97,0.5,-0.375
58,2015-05-02 18:50:00+00:00,1.8033556,1.9067485,1.9067485,19,32,97,110,0.7166667,-0.375
58,2015-05-02 18:50:00+00:00,1.9381386,1.8941282,1.8941282,19,32,110,121,0.9166666,-0.375
58,2015-05-02 18:50:00+00:00,3.6174908,3.0386574,3.0386574,32,45,32,45,-0.36458334,-0.040625
58,2015-05-02 18:50:00+00:00,2.6284752,2.7832382,2.7832382,32,45,45,58,-0.15,-0.050000004
58,2015-05-02 18:50:00+00:00,1.8045694,2.204375,2.204375,32,45,84,97,0.5,-0.050000004
58,2015-05-02 18:50:00+00:00,1.8908485,1.9249643,1.9249643,32,45,97,110,0.7166667,-0.050000004
58,2015-05-02 18:50:00+00:00,1.9535898,1.9173855,1.9173855,32,45,110,121,0.9166666,-0.050000004
58,2015-05-02 18:50:00+00:00,2.1064317,2.9386868,2.9386868,45,58,19,32,-0.5833333,0.275
58,2015-05-02 18:50:00+00:00,2.0920787,2.40905,2.40905,45,58,32,45,-0.37187502,0.27734375
58,2015-05-02 18:50:00+00:00,2.0899346,2.2879362,2.2879362,45,58,45,58,-0.15,0.275
58,2015-05-02 18:50:00+00:00,2.152935,2.2703595,2.2703595,45,58,58,71,0.06666666,0.275
58,2015-05-02 18:50:00+00:00,2.1137764,2.2338774,2.2338774,45,58,71,84,0.26822916,0.28984374
58,2015-05-02 18:50:00+00:00,2.0037296,1.9681667,1.9681667,45,58,97,110,0.7166667,0.275
58,2015-05-02 18:50:00+00:00,2.115818,1.99308,1.99308,45,58,110,121,0.9166666,0.275
58,2015-05-02 18:50:00+00:00,2.4159274,2.162557,2.162557,58,71,32,45,-0.36666667,0.6
58,2015-05-02 18:50:00+00:00,2.2167475,2.1382399,2.1382399,58,71,45,58,-0.153125,0.5902344
58,2015-05-02 18:50:00+00:00,2.2372203,2.072575,2.072575,58,71,58,71,0.07083333,0.578125
58,2015-05-02 18:50:00+00:00,2.3835573,2.1601865,2.1601865,58,71,71,84,0.28307295,0.5992187
58,2015-05-02 18:50:00+00:00,2.1240528,2.0865176,2.0865176,58,71,84,97,0.4940104,0.5902344
58,2015-05-02 18:50:00+00:00,1.9556779,1.9707327,1.9707327,58,71,97,110,0.73125005,0.5882813
58,2015-05-02 18:50:00+00:00,2.0201776,1.9825844,1.9825844,58,71,110,121,0.9166666,0.6
58,2015-05-02 18:50:00+00:00,2.077196,1.9452907,1.9452907,71,81,110,121,0.9166666,0.8875
59,2015-05-03 17:55:00+00:00,1.6029693,1.6453907,1.6453907,19,32,97,110,0.7195313,-0.36249998
59,2015-05-03 17:55:00+00:00,1.7051548,1.6529801,1.6529801,19,32,110,121,0.914323,-0.36914062
59,2015-05-03 17:55:00+00:00,1.6081158,1.8949963,1.8949963,32,45,84,97,0.5057292,-0.05234375
59,2015-05-03 17:55:00+00:00,1.6358383,1.621894,1.621894,32,45,97,110,0.7166667,-0.050000004
59,2015-05-03 17:55:00+00:00,1.7173892,1.610707,1.610707,32,45,110,121,0.9166666,-0.050000004
59,2015-05-03 17:55:00+00:00,2.1464133,2.8879693,2.8879693,45,58,19,32,-0.57656246,0.27890626
59,2015-05-03 17:55:00+00:00,2.0808594,2.3284566,2.3284566,45,58,32,45,-0.3643229,0.27734375
59,2015-05-03 17:55:00+00:00,2.0510216,2.2195127,2.2195127,45,58,45,58,-0.15390626,0.28515625
59,2015-05-03 17:55:00+00:00,2.0720778,2.2525096,2.2525096,45,58,58,71,0.0671875,0.275
59,2015-05-03 17:55:00+00:00,1.7374728,1.6033735,1.6033735,45,58,97,110,0.7166667,0.275
59,2015-05-03 17:55:00+00:00,1.8417889,1.6231691,1.6231691,45,58,110,121,0.9166666,0.275
59,2015-05-03 17:55:00+00:00,2.314966,2.10515,2.10515,58,71,32,45,-0.37161458,0.59335935
59,2015-05-03 17:55:00+00:00,2.2759683,2.0396748,2.0396748,58,71,71,84,0.28802085,0.5902344
59,2015-05-03 17:55:00+00:00,1.7852315,1.5822015,1.5822015,58,71,110,121,0.9166666,0.6
59,2015-05-03 17:55:00+00:00,1.8654001,1.5655019,1.5655019,71,81,110,121,0.9184896,0.8863281
60,2015-05-07 19:10:00+00:00,2.299078,2.3591075,2.3591075,19,32,84,97,0.4997396,-0.37578124
60,2015-05-07 19:10:00+00:00,1.932857,1.9878753,1.9878753,19,32,97,110,0.7166667,-0.375
60,2015-05-07 19:10:00+00:00,2.3758714,1.9588444,1.9588444,19,32,110,121,0.9166666,-0.375
60,2015-05-07 19:10:00+00:00,2.8510416,3.5252373,3.5252373,32,45,32,45,-0.36354166,-0.0375
60,2015-05-07 19:10:00+00:00,2.9101408,3.2259307,3.2259307,32,45,45,58,-0.15,-0.050000004
60,2015-05-07 19:10:00+00:00,2.150442,2.8692312,2.8692312,32,45,71,84,0.2825521,-0.04609375
60,2015-05-07 19:10:00+00:00,1.8128194,2.3312888,2.3312888,32,45,84,97,0.50677085,-0.05234375
60,2015-05-07 19:10:00+00:00,1.7745743,1.964868,1.964868,32,45,97,110,0.7166667,-0.050000004
60,2015-05-07 19:10:00+00:00,1.7954227,1.9395088,1.9395088,32,45,110,121,0.9166666,-0.050000004
60,2015-05-07 19:10:00+00:00,2.4058733,3.105656,3.105656,45,58,19,32,-0.5833333,0.275
60,2015-05-07 19:10:00+00:00,2.2868385,2.4942136,2.4942136,45,58,32,45,-0.37187502,0.27734375
60,2015-05-07 19:10:00+00:00,2.168844,2.3733673,2.3733673,45,58,45,58,-0.15,0.275
60,2015-05-07 19:10:00+00:00,2.0602775,2.3970966,2.3970966,45,58,58,71,0.06666666,0.275
60,2015-05-07 19:10:00+00:00,1.8680514,1.819944,1.819944,45,58,97,110,0.7166667,0.275
60,2015-05-07 19:10:00+00:00,1.9090581,1.8469374,1.8469374,45,58,110,121,0.9166666,0.275
60,2015-05-07 19:10:00+00:00,2.1548762,2.1212525,2.1212525,58,71,32,45,-0.36666667,0.6
60,2015-05-07 19:10:00+00:00,2.4753475,2.1332927,2.1332927,58,71,45,58,-0.15807292,0.5878906
60,2015-05-07 19:10:00+00:00,2.443185,2.104116,2.104116,58,71,58,71,0.069791675,0.57773435
60,2015-05-07 19:10:00+00:00,2.4048274,2.1422577,2.1422577,58,71,71,84,0.28307295,0.5992187
60,2015-05-07 19:10:00+00:00,2.3376076,1.8890961,1.8890961,58,71,84,97,0.48958334,0.5828125
60,2015-05-07 19:10:00+00:00,1.8082231,1.7540886,1.7540886,58,71,110,121,0.9166666,0.6
60,2015-05-07 19:10:00+00:00,1.8178039,1.7619435,1.7619435,71,81,110,121,0.9184896,0.8863281
61,2015-05-11 18:45:00+00:00,1.942905,1.8736445,1.8736445,19,32,97,110,0.7169271,-0.375
61,2015-05-11 18:45:00+00:00,2.035278,1.844265,1.844265,19,32,110,121,0.9192708,-0.37578124
61,2015-05-11 18:45:00+00:00,1.9723629,2.1314328,2.1314328,32,45,84,97,0.5057292,-0.05234375
61,2015-05-11 18:45:00+00:00,1.8981153,1.8521427,1.8521427,32,45,97,110,0.7166667,-0.050000004
61,2015-05-11 18:45:00+00:00,1.839012,1.8412154,1.8412154,32,45,110,121,0.9166666,-0.050000004
61,2015-05-11 18:45:00+00:00,2.1909184,2.2490287,2.2490287,45,58,58,71,0.07083334,0.28359377
61,2015-05-11 18:45:00+00:00,2.072168,1.8674449,1.8674449,45,58,97,110,0.7166667,0.275
61,2015-05-11 18:45:00+00:00,1.9146749,1.8828396,1.8828396,45,58,110,121,0.9166666,0.275
61,2015-05-11 18:45:00+00:00,2.335428,2.1364443,2.1364443,58,71,71,84,0.2833333,0.6
61,2015-05-11 18:45:00+00:00,2.2268329,2.0194755,2.0194755,58,71,84,97,0.4919271,0.590625
61,2015-05-11 18:45:00+00:00,2.1166432,1.7869644,1.7869644,58,71,97,110,0.73125,0.5894531
61,2015-05-11 18:45:00+00:00,1.8841166,1.8376273,1.8376273,58,71,110,121,0.9166666,0.6
61,2015-05-11 18:45:00+00:00,1.9228983,1.8127666,1.8127666,71,81,110,121,0.9166666,0.8875
62,2015-05-23 19:10:00+00:00,2.5009995,2.2096255,2.2096255,19,32,84,97,0.5,-0.375
62,2015-05-23 19:10:00+00:00,1.8911369,1.8694718,1.8694718,19,32,97,110,0.7166667,-0.375
62,2015-05-23 19:10:00+00:00,1.9588141,1.8295429,1.8295429,19,32,110,121,0.9166666,-0.375
62,2015-05-23 19:10:00+00:00,2.984697,3.1704762,3.1704762,32,45,32,45,-0.35755205,-0.03515625
62,2015-05-23 19:10:00+00:00,2.3265097,2.8802872,2.8802872,32,45,45,58,-0.15,-0.050000004
62,2015-05-23 19:10:00+00:00,2.1096416,2.27925,2.27925,32,45,84,97,0.5,-0.050000004
62,2015-05-23 19:10:00+00:00,1.9485424,1.8698118,1.8698118,32,45,97,110,0.7166667,-0.050000004
62,2015-05-23 19:10:00+00:00,1.8194618,1.830396,1.830396,32,45,110,121,0.9166666,-0.050000004
62,2015-05-23 19:10:00+00:00,2.266602,2.8668628,2.8668628,45,58,19,32,-0.5833333,0.275
62,2015-05-23 19:10:00+00:00,2.091668,2.31691,2.31691,45,58,32,45,-0.36666667,0.275
62,2015-05-23 19:10:00+00:00,2.1508436,2.1612499,2.1612499,45,58,45,58,-0.15,0.275
62,2015-05-23 19:10:00+00:00,2.139596,2.1789067,2.1789067,45,58,58,71,0.06666666,0.275
62,2015-05-23 19:10:00+00:00,1.972742,1.7484525,1.7484525,45,58,97,110,0.7166667,0.275
62,2015-05-23 19:10:00+00:00,1.7753584,1.738216,1.738216,45,58,110,121,0.9166666,0.275
62,2015-05-23 19:10:00+00:00,1.8845344,1.9843403,1.9843403,58,71,32,45,-0.36666667,0.6
62,2015-05-23 19:10:00+00:00,2.1261528,1.9104482,1.9104482,58,71,45,58,-0.15572917,0.5890625
62,2015-05-23 19:10:00+00:00,2.253743,1.9666779,1.9666779,58,71,71,84,0.28854167,0.59765625
62,2015-05-23 19:10:00+00:00,2.243826,1.8449132,1.8449132,58,71,84,97,0.49140626,0.58554685
62,2015-05-23 19:10:00+00:00,1.7719877,1.5971724,1.5971724,58,71,97,110,0.7369791,0.5890625
62,2015-05-23 19:10:00+00:00,1.667953,1.634854,1.634854,58,71,110,121,0.9166666,0.6
62,2015-05-23 19:10:00+00:00,1.5398251,1.649263,1.649263,71,81,110,121,0.9166666,0.8875
63,2015-06-03 18:50:00+00:00,2.6297207,2.4080527,2.4080527,32,45,110,121,0.9216146,-0.06679688
63,2015-06-03 18:50:00+00:00,2.1641731,2.2502582,2.2502582,45,58,58,71,0.068749994,0.2746094
63,2015-06-03 18:50:00+00:00,2.147626,2.3030303,2.3030303,45,58,71,84,0.26328126,0.290625
63,2015-06-03 18:50:00+00:00,2.5875096,2.2830007,2.2830007,45,58,97,110,0.7104167,0.290625
63,2015-06-03 18:50:00+00:00,2.302183,2.3038883,2.3038883,45,58,110,121,0.9242188,0.27734375
63,2015-06-03 18:50:00+00:00,2.5099435,2.0166528,2.0166528,58,71,32,45,-0.36640623,0.59882814
63,2015-06-03 18:50:00+00:00,2.2841058,2.013722,2.013722,58,71,45,58,-0.15338542,0.5929687
63,2015-06-03 18:50:00+00:00,2.2788305,1.9925196,1.9925196,58,71,58,71,0.06666666,0.5824219
63,2015-06-03 18:50:00+00:00,2.4270768,2.2089849,2.2089849,58,71,71,84,0.2833333,0.6
63,2015-06-03 18:50:00+00:00,2.5642922,2.2657719,2.2657719,58,71,84,97,0.49635416,0.5914062
63,2015-06-03 18:50:00+00:00,2.8173113,2.1386478,2.1386478,58,71,97,110,0.7317709,0.5882813
63,2015-06-03 18:50:00+00:00,2.2712264,2.242032,2.242032,58,71,110,121,0.9166666,0.6
63,2015-06-03 18:50:00+00:00,2.3669286,2.2433655,2.2433655,71,81,110,121,0.9166666,0.8875
64,2015-06-10 18:55:00+00:00,3.0547318,2.3590522,2.3590522,19,32,84,97,0.509375,-0.35898435
64,2015-06-10 18:55:00+00:00,2.1327298,2.0498288,2.0498288,19,32,97,110,0.7166667,-0.375
64,2015-06-10 18:55:00+00:00,2.100977,1.9920894,1.9920894,19,32,110,121,0.9166666,-0.375
64,2015-06-10 18:55:00+00:00,2.04776,2.9290607,2.9290607,32,45,71,84,0.278125,-0.040625002
64,2015-06-10 18:55:00+00:00,2.0724502,2.4716878,2.4716878,32,45,84,97,0.5057292,-0.05234375
64,2015-06-10 18:55:00+00:00,2.0577219,2.0659757,2.0659757,32,45,97,110,0.7166667,-0.050000004
64,2015-06-10 18:55:00+00:00,1.9680381,2.0051496,2.0051496,32,45,110,121,0.9166666,-0.050000004
64,2015-06-10 18:55:00+00:00,3.2965775,3.2787726,3.2787726,45,58,19,32,-0.5833333,0.275
64,2015-06-10 18:55:00+00:00,2.3936079,2.7486672,2.7486672,45,58,32,45,-0.36666667,0.275
64,2015-06-10 18:55:00+00:00,2.2565622,2.5500476,2.5500476,45,58,45,58,-0.15,0.275
64,2015-06-10 18:55:00+00:00,2.2453666,2.470714,2.470714,45,58,58,71,0.06979167,0.27929688
64,2015-06-10 18:55:00+00:00,1.9696628,1.9174625,1.9174625,45,58,97,110,0.7166667,0.275
64,2015-06-10 18:55:00+00:00,1.9876608,1.9121184,1.9121184,45,58,110,121,0.9166666,0.275
64,2015-06-10 18:55:00+00:00,2.7346199,2.365836,2.365836,58,71,32,45,-0.36666667,0.6
64,2015-06-10 18:55:00+00:00,2.3314004,2.2634194,2.2634194,58,71,45,58,-0.15468751,0.5882813
64,2015-06-10 18:55:00+00:00,2.0292633,2.2489626,2.2489626,58,71,71,84,0.2833333,0.6
64,2015-06-10 18:55:00+00:00,2.298115,2.0889816,2.0889816,58,71,84,97,0.4947917,0.5882813
64,2015-06-10 18:55:00+00:00,1.8842621,1.8535852,1.8535852,58,71,110,121,0.9166666,0.6
64,2015-06-10 18:55:00+00:00,1.9387637,1.8417106,1.8417106,71,81,110,121,0.9166666,0.8875
65,2015-07-20 18:05:00+00:00,2.4780288,3.1952913,3.1952913,19,32,84,97,0.5002604,-0.39609376
65,2015-07-20 18:05:00+00:00,4.4149203,4.6123686,4.6123686,32,45,32,45,-0.36640623,-0.038671877
65,2015-07-20 18:05:00+00:00,3.9100795,4.1495514,4.1495514,32,45,45,58,-0.15,-0.050000004
65,2015-07-20 18:05:00+00:00,4.02874,3.7736673,3.7736673,45,58,19,32,-0.5833333,0.275
65,2015-07-20 18:05:00+00:00,3.9878983,3.1507077,3.1507077,45,58,32,45,-0.36640623,0.27578124
65,2015-07-20 18:05:00+00:00,2.0340278,2.8887868,2.8887868,45,58,45,58,-0.15,0.275
65,2015-07-20 18:05:00+00:00,2.474942,3.00048,3.00048,45,58,58,71,0.06666666,0.275
65,2015-07-20 18:05:00+00:00,3.0445657,3.1973705,3.1973705,58,71,19,32,-0.5671874,0.56875
65,2015-07-20 18:05:00+00:00,2.0492966,2.649448,2.649448,58,71,32,45,-0.36666667,0.6
65,2015-07-20 18:05:00+00:00,1.9830865,2.5078344,2.5078344,58,71,45,58,-0.15416667,0.5929687
65,2015-07-20 18:05:00+00:00,1.969413,2.5757098,2.5757098,58,71,58,71,0.075,0.5835937
65,2015-07-20 18:05:00+00:00,2.069771,2.670029,2.670029,58,71,71,84,0.28541666,0.5949218
65,2015-07-20 18:05:00+00:00,2.2557504,2.5177555,2.5177555,58,71,84,97,0.49114585,0.59101564
66,2015-07-21 18:50:00+00:00,3.2085643,3.1403584,3.1403584,19,32,84,97,0.4992188,-0.37578124
66,2015-07-21 18:50:00+00:00,2.141988,2.594632,2.594632,19,32,97,110,0.70703125,-0.37773436
66,2015-07-21 18:50:00+00:00,4.299284,4.7604365,4.7604365,32,45,32,45,-0.36484376,-0.04804688
66,2015-07-21 18:50:00+00:00,4.110862,4.225382,4.225382,32,45,45,58,-0.15,-0.050000004
66,2015-07-21 18:50:00+00:00,4.4858265,4.2463765,4.2463765,32,45,58,71,0.058072917,-0.05078125
66,2015-07-21 18:50:00+00:00,4.287209,3.784077,3.784077,32,45,71,84,0.28020835,-0.0421875
66,2015-07-21 18:50:00+00:00,2.125774,2.5448477,2.5448477,32,45,110,121,0.9166666,-0.050000004
66,2015-07-21 18:50:00+00:00,4.5661364,3.9064224,3.9064224,45,58,6,19,-0.7838541,0.26484376
66,2015-07-21 18:50:00+00:00,4.3184776,4.012938,4.012938,45,58,19,32,-0.5833333,0.275
66,2015-07-21 18:50:00+00:00,3.3636029,3.4050426,3.4050426,45,58,32,45,-0.37109375,0.28710938
66,2015-07-21 18:50:00+00:00,2.8084104,3.1407807,3.1407807,45,58,45,58,-0.1484375,0.27578124
66,2015-07-21 18:50:00+00:00,3.260794,3.2318385,3.2318385,45,58,58,71,0.06666666,0.275
66,2015-07-21 18:50:00+00:00,3.852759,3.05113,3.05113,45,58,71,84,0.2671875,0.28828123
66,2015-07-21 18:50:00+00:00,3.32891,2.429821,2.429821,45,58,97,110,0.7166667,0.275
66,2015-07-21 18:50:00+00:00,2.2261133,2.4112632,2.4112632,45,58,110,121,0.9166666,0.275
66,2015-07-21 18:50:00+00:00,3.7507446,3.565919,3.565919,58,71,19,32,-0.5703125,0.56601566
66,2015-07-21 18:50:00+00:00,2.5568466,2.9587052,2.9587052,58,71,32,45,-0.37057292,0.596875
66,2015-07-21 18:50:00+00:00,2.5551414,2.7987432,2.7987432,58,71,45,58,-0.15078126,0.5917969
66,2015-07-21 18:50:00+00:00,2.5366259,2.8298187,2.8298187,58,71,58,71,0.07057292,0.5792968
66,2015-07-21 18:50:00+00:00,2.4162862,2.9116917,2.9116917,58,71,71,84,0.28307292,0.5953125
66,2015-07-21 18:50:00+00:00,2.4411514,2.7725275,2.7725275,58,71,84,97,0.49088544,0.590625
66,2015-07-21 18:50:00+00:00,2.2619786,2.3555734,2.3555734,58,71,110,121,0.9166666,0.6
66,2015-07-21 18:50:00+00:00,2.3117952,2.3417888,2.3417888,71,81,110,121,0.9166666,0.8875
67,2015-07-23 18:35:00+00:00,3.8166294,3.3593082,3.3593082,19,32,84,97,0.5026042,-0.3785156
67,2015-07-23 18:35:00+00:00,2.4563706,2.7745323,2.7745323,19,32,97,110,0.7166667,-0.375
67,2015-07-23 18:35:00+00:00,2.1831222,2.683787,2.683787,19,32,110,121,0.9166666,-0.375
67,2015-07-23 18:35:00+00:00,4.446117,4.8173137,4.8173137,32,45,32,45,-0.36640623,-0.038671877
67,2015-07-23 18:35:00+00:00,4.07484,4.3344455,4.3344455,32,45,45,58,-0.15,-0.050000004
67,2015-07-23 18:35:00+00:00,4.3466015,3.9716873,3.9716873,32,45,71,84,0.27526042,-0.041796878
67,2015-07-23 18:35:00+00:00,3.6647348,3.4782622,3.4782622,32,45,84,97,0.50703126,-0.051953126
67,2015-07-23 18:35:00+00:00,2.3841007,2.8612602,2.8612602,32,45,97,110,0.7166667,-0.050000004
67,2015-07-23 18:35:00+00:00,2.0193446,2.7555869,2.7555869,32,45,110,121,0.9166666,-0.050000004
67,2015-07-23 18:35:00+00:00,3.717926,3.8773153,3.8773153,45,58,19,32,-0.5825521,0.2734375
67,2015-07-23 18:35:00+00:00,2.8304431,3.2909875,3.2909875,45,58,32,45,-0.3578125,0.26757812
67,2015-07-23 18:35:00+00:00,2.6487916,3.0094512,3.0094512,45,58,45,58,-0.15,0.275
67,2015-07-23 18:35:00+00:00,2.8549078,3.133755,3.133755,45,58,58,71,0.06666666,0.275
67,2015-07-23 18:35:00+00:00,3.596573,2.9692624,2.9692624,45,58,71,84,0.2658854,0.2875
67,2015-07-23 18:35:00+00:00,3.4343054,2.4461067,2.4461067,45,58,97,110,0.7166667,0.275
67,2015-07-23 18:35:00+00:00,2.107269,2.4403539,2.4403539,45,58,110,121,0.9166666,0.275
67,2015-07-23 18:35:00+00:00,2.0429437,2.7473505,2.7473505,58,71,32,45,-0.36093748,0.59765625
67,2015-07-23 18:35:00+00:00,2.3762999,2.6171193,2.6171193,58,71,45,58,-0.15390626,0.5902344
67,2015-07-23 18:35:00+00:00,2.4762962,2.655106,2.655106,58,71,58,71,0.06848958,0.58164066
67,2015-07-23 18:35:00+00:00,2.5555024,2.754955,2.754955,58,71,71,84,0.2833333,0.6
67,2015-07-23 18:35:00+00:00,2.7314892,2.6484652,2.6484652,58,71,84,97,0.49765626,0.5914062
67,2015-07-23 18:35:00+00:00,2.7368267,2.2948327,2.2948327,58,71,97,110,0.7291666,0.59023434
67,2015-07-23 18:35:00+00:00,2.3281329,2.3188508,2.3188508,58,71,110,121,0.9166666,0.6
67,2015-07-23 18:35:00+00:00,2.0979202,2.3795154,2.3795154,71,81,110,121,0.9166666,0.8875
68,2015-07-27 16:26:00+00:00,3.4155912,3.5375898,3.5375898,19,32,84,97,0.5,-0.375
68,2015-07-27 16:26:00+00:00,1.9335877,2.889397,2.889397,19,32,97,110,0.7166667,-0.375
68,2015-07-27 16:26:00+00:00,1.9486804,2.790659,2.790659,19,32,110,121,0.91536456,-0.3738281
68,2015-07-27 16:26:00+00:00,4.245276,4.715069,4.715069,32,45,32,45,-0.3645833,-0.03984375
68,2015-07-27 16:26:00+00:00,3.8315663,4.3362985,4.3362985,32,45,45,58,-0.15,-0.050000004
68,2015-07-27 16:26:00+00:00,4.186181,4.461656,4.461656,32,45,58,71,0.058593754,-0.050000004
68,2015-07-27 16:26:00+00:00,4.3840837,4.154161,4.154161,32,45,71,84,0.27942708,-0.045703128
68,2015-07-27 16:26:00+00:00,4.154961,3.6962898,3.6962898,32,45,84,97,0.5,-0.050000004
68,2015-07-27 16:26:00+00:00,1.9740261,2.9606621,2.9606621,32,45,97,110,0.7166667,-0.050000004
68,2015-07-27 16:26:00+00:00,1.6547902,2.842624,2.842624,32,45,110,121,0.9166666,-0.050000004
68,2015-07-27 16:26:00+00:00,4.3305244,3.5657518,3.5657518,45,58,6,19,-0.7838541,0.2609375
68,2015-07-27 16:26:00+00:00,3.2519906,3.6216745,3.6216745,45,58,19,32,-0.5833333,0.275
68,2015-07-27 16:26:00+00:00,1.8264225,2.9922986,2.9922986,45,58,32,45,-0.36666667,0.275
68,2015-07-27 16:26:00+00:00,1.9551067,2.7448106,2.7448106,45,58,45,58,-0.15,0.275
68,2015-07-27 16:26:00+00:00,2.615903,2.9200785,2.9200785,45,58,58,71,0.06666666,0.275
68,2015-07-27 16:26:00+00:00,3.8978217,2.7700977,2.7700977,45,58,71,84,0.26666665,0.28945312
68,2015-07-27 16:26:00+00:00,3.4409058,2.6996818,2.6996818,45,58,84,97,0.51145834,0.28164065
68,2015-07-27 16:26:00+00:00,2.5243697,2.2696416,2.2696416,45,58,97,110,0.7166667,0.275
68,2015-07-27 16:26:00+00:00,1.7901424,2.2554147,2.2554147,45,58,110,121,0.9166666,0.275
68,2015-07-27 16:26:00+00:00,2.3958592,2.8867433,2.8867433,58,71,19,32,-0.56953126,0.56875
68,2015-07-27 16:26:00+00:00,1.7252223,2.3690913,2.3690913,58,71,32,45,-0.36666667,0.6
68,2015-07-27 16:26:00+00:00,1.7665714,2.2786212,2.2786212,58,71,45,58,-0.15130208,0.5917969
68,2015-07-27 16:26:00+00:00,1.7957556,2.341951,2.341951,58,71,58,71,0.072916664,0.5796875
68,2015-07-27 16:26:00+00:00,1.9734596,2.458002,2.458002,58,71,71,84,0.2833333,0.6
68,2015-07-27 16:26:00+00:00,1.7800115,2.3170106,2.3170106,58,71,84,97,0.49088544,0.58984375
68,2015-07-27 16:26:00+00:00,2.3131938,1.983382,1.983382,58,71,97,110,0.72526044,0.5902344
68,2015-07-27 16:26:00+00:00,2.0518117,1.9898161,1.9898161,58,71,110,121,0.9166666,0.6
68,2015-07-27 16:26:00+00:00,1.9766374,2.123863,2.123863,71,81,110,121,0.9166666,0.8875
70,2015-07-27 18:15:00+00:00,3.3885014,3.3696146,3.3696146,19,32,84,97,0.5,-0.375
70,2015-07-27 18:15:00+00:00,1.8612838,2.767113,2.767113,19,32,97,110,0.7151042,-0.36796874
70,2015-07-27 18:15:00+00:00,4.245276,4.537151,4.537151,32,45,32,45,-0.3645833,-0.03984375
70,2015-07-27 18:15:00+00:00,3.8315663,4.1538014,4.1538014,32,45,45,58,-0.15,-0.050000004
70,2015-07-27 18:15:00+00:00,4.186181,4.3198094,4.3198094,32,45,58,71,0.058593754,-0.050000004
70,2015-07-27 18:15:00+00:00,4.3840837,4.0335903,4.0335903,32,45,71,84,0.27942708,-0.045703128
70,2015-07-27 18:15:00+00:00,4.154961,3.5329258,3.5329258,32,45,84,97,0.5,-0.050000004
70,2015-07-27 18:15:00+00:00,1.9740261,2.8008482,2.8008482,32,45,97,110,0.7166667,-0.050000004
70,2015-07-27 18:15:00+00:00,1.6547902,2.6814508,2.6814508,32,45,110,121,0.9166666,-0.050000004
70,2015-07-27 18:15:00+00:00,4.3305244,3.5698988,3.5698988,45,58,6,19,-0.7838541,0.2609375
70,2015-07-27 18:15:00+00:00,3.2519906,3.6066115,3.6066115,45,58,19,32,-0.5833333,0.275
70,2015-07-27 18:15:00+00:00,1.8264225,2.930326,2.930326,45,58,32,45,-0.36666667,0.275
70,2015-07-27 18:15:00+00:00,1.9551067,2.685531,2.685531,45,58,45,58,-0.15,0.275
70,2015-07-27 18:15:00+00:00,2.615903,2.8894272,2.8894272,45,58,58,71,0.06666666,0.275
70,2015-07-27 18:15:00+00:00,3.8978217,2.76414,2.76414,45,58,71,84,0.26666665,0.28945312
70,2015-07-27 18:15:00+00:00,3.4409058,2.6300223,2.6300223,45,58,84,97,0.51145834,0.28164065
70,2015-07-27 18:15:00+00:00,2.5243697,2.1935105,2.1935105,45,58,97,110,0.7166667,0.275
70,2015-07-27 18:15:00+00:00,1.7901424,2.1716578,2.1716578,45,58,110,121,0.9166666,0.275
70,2015-07-27 18:15:00+00:00,2.3958592,2.8987062,2.8987062,58,71,19,32,-0.56953126,0.56875
70,2015-07-27 18:15:00+00:00,1.7252223,2.3360372,2.3360372,58,71,32,45,-0.36666667,0.6
70,2015-07-27 18:15:00+00:00,1.7665714,2.243194,2.243194,58,71,45,58,-0.15130208,0.5917969
70,2015-07-27 18:15:00+00:00,1.7957556,2.3378003,2.3378003,58,71,58,71,0.072916664,0.5796875
70,2015-07-27 18:15:00+00:00,1.9734596,2.4667041,2.4667041,58,71,71,84,0.2833333,0.6
70,2015-07-27 18:15:00+00:00,1.7800115,2.277507,2.277507,58,71,84,97,0.49088544,0.58984375
70,2015-07-27 18:15:00+00:00,2.3131938,1.9218296,1.9218296,58,71,97,110,0.72526044,0.5902344
70,2015-07-27 18:15:00+00:00,2.0518117,1.9208679,1.9208679,58,71,110,121,0.9166666,0.6
70,2015-07-27 18:15:00+00:00,1.9766374,2.0283728,2.0283728,71,81,110,121,0.9166666,0.8875
71,2015-07-28 18:55:00+00:00,3.491079,2.9980237,2.9980237,19,32,84,97,0.5,-0.375
71,2015-07-28 18:55:00+00:00,2.1329458,2.351064,2.351064,19,32,97,110,0.7166667,-0.375
71,2015-07-28 18:55:00+00:00,1.969684,2.232996,2.232996,19,32,110,121,0.9166666,-0.375
71,2015-07-28 18:55:00+00:00,4.58038,4.732723,4.732723,32,45,32,45,-0.36276042,-0.041015625
71,2015-07-28 18:55:00+00:00,4.386045,4.230741,4.230741,32,45,45,58,-0.15,-0.050000004
71,2015-07-28 18:55:00+00:00,4.519708,3.8046486,3.8046486,32,45,71,84,0.278125,-0.043750003
71,2015-07-28 18:55:00+00:00,4.0871224,3.1839762,3.1839762,32,45,84,97,0.5,-0.050000004
71,2015-07-28 18:55:00+00:00,2.2153094,2.429699,2.429699,32,45,97,110,0.7166667,-0.050000004
71,2015-07-28 18:55:00+00:00,1.7252315,2.2922378,2.2922378,32,45,110,121,0.9166666,-0.050000004
71,2015-07-28 18:55:00+00:00,4.579729,3.888658,3.888658,45,58,6,19,-0.78125,0.2609375
71,2015-07-28 18:55:00+00:00,4.182384,3.9564166,3.9564166,45,58,19,32,-0.5833333,0.275
71,2015-07-28 18:55:00+00:00,2.889816,3.34879,3.34879,45,58,32,45,-0.36666667,0.275
71,2015-07-28 18:55:00+00:00,2.4915612,3.0275788,3.0275788,45,58,45,58,-0.15,0.275
71,2015-07-28 18:55:00+00:00,3.9986877,3.182007,3.182007,45,58,58,71,0.06666666,0.275
71,2015-07-28 18:55:00+00:00,4.264694,2.9096735,2.9096735,45,58,71,84,0.2684896,0.28945312
71,2015-07-28 18:55:00+00:00,3.0000207,2.113988,2.113988,45,58,97,110,0.7166667,0.275
71,2015-07-28 18:55:00+00:00,2.0637221,2.0616517,2.0616517,45,58,110,121,0.9166666,0.275
71,2015-07-28 18:55:00+00:00,2.1949348,2.8234956,2.8234956,58,71,32,45,-0.36666667,0.6
71,2015-07-28 18:55:00+00:00,2.0250435,2.660634,2.660634,58,71,45,58,-0.15078126,0.5917969
71,2015-07-28 18:55:00+00:00,2.3353336,2.7402835,2.7402835,58,71,58,71,0.07239584,0.5835937
71,2015-07-28 18:55:00+00:00,3.4215424,2.7040312,2.7040312,58,71,71,84,0.2833333,0.6
71,2015-07-28 18:55:00+00:00,2.6084797,2.411095,2.411095,58,71,84,97,0.49583334,0.5910156
71,2015-07-28 18:55:00+00:00,2.944987,1.9502934,1.9502934,58,71,97,110,0.7291667,0.58984375
71,2015-07-28 18:55:00+00:00,2.4152439,1.9192154,1.9192154,58,71,110,121,0.9166666,0.6
71,2015-07-28 18:55:00+00:00,2.4592931,1.9535848,1.9535848,71,81,110,121,0.9166666,0.8875
72,2015-08-02 19:15:00+00:00,3.5664496,3.7384603,3.7384603,19,32,84,97,0.5,-0.375
72,2015-08-02 19:15:00+00:00,2.9083583,3.1658285,3.1658285,19,32,97,110,0.7166667,-0.375
72,2015-08-02 19:15:00+00:00,2.2918248,3.1183379,3.1183379,19,32,110,121,0.9166666,-0.375
72,2015-08-02 19:15:00+00:00,4.558005,4.890624,4.890624,32,45,32,45,-0.3625,-0.03828125
72,2015-08-02 19:15:00+00:00,4.200286,4.4976077,4.4976077,32,45,45,58,-0.15,-0.050000004
72,2015-08-02 19:15:00+00:00,4.507318,4.306894,4.306894,32,45,71,84,0.2765625,-0.0453125
72,2015-08-02 19:15:00+00:00,4.1736927,3.990683,3.990683,32,45,84,97,0.5,-0.050000004
72,2015-08-02 19:15:00+00:00,3.8889992,3.336365,3.336365,32,45,97,110,0.7166667,-0.050000004
72,2015-08-02 19:15:00+00:00,2.656642,3.2754111,3.2754111,32,45,110,121,0.9166666,-0.050000004
72,2015-08-02 19:15:00+00:00,4.6016955,4.062315,4.062315,45,58,6,19,-0.7828125,0.26015624
72,2015-08-02 19:15:00+00:00,4.4672728,4.1464224,4.1464224,45,58,19,32,-0.5833333,0.275
72,2015-08-02 19:15:00+00:00,3.5892103,3.4634187,3.4634187,45,58,32,45,-0.36666667,0.275
72,2015-08-02 19:15:00+00:00,2.5971682,3.2182984,3.2182984,45,58,45,58,-0.15,0.275
72,2015-08-02 19:15:00+00:00,2.8179383,3.3771582,3.3771582,45,58,58,71,0.06666666,0.275
72,2015-08-02 19:15:00+00:00,4.343163,3.3715103,3.3715103,45,58,84,97,0.5158854,0.28515625
72,2015-08-02 19:15:00+00:00,3.918158,2.9945784,2.9945784,45,58,97,110,0.7166667,0.275
72,2015-08-02 19:15:00+00:00,2.8799057,3.0482726,3.0482726,45,58,110,121,0.9166666,0.275
72,2015-08-02 19:15:00+00:00,2.4295099,2.9606285,2.9606285,58,71,32,45,-0.36666667,0.6
72,2015-08-02 19:15:00+00:00,2.404554,2.8178272,2.8178272,58,71,45,58,-0.15572917,0.5894531
72,2015-08-02 19:15:00+00:00,2.3708076,2.8987575,2.8987575,58,71,58,71,0.067447916,0.58515626
72,2015-08-02 19:15:00+00:00,2.8766794,3.16091,3.16091,58,71,71,84,0.2833333,0.6
72,2015-08-02 19:15:00+00:00,3.4645057,3.1905441,3.1905441,58,71,84,97,0.49062502,0.58554685
72,2015-08-02 19:15:00+00:00,2.7312157,2.872098,2.872098,58,71,97,110,0.7260417,0.5921875
72,2015-08-02 19:15:00+00:00,2.263775,2.9355829,2.9355829,58,71,110,121,0.9166666,0.6
72,2015-08-02 19:15:00+00:00,2.361307,2.9444847,2.9444847,71,81,110,121,0.9166666,0.8875
73,2015-08-13 18:55:00+00:00,3.68508,3.402171,3.402171,19,32,84,97,0.5,-0.375
73,2015-08-13 18:55:00+00:00,3.0695376,2.873592,2.873592,19,32,97,110,0.7166667,-0.375
73,2015-08-13 18:55:00+00:00,2.3366208,2.8262458,2.8262458,19,32,110,121,0.9166666,-0.375
73,2015-08-13 18:55:00+00:00,4.5967793,4.434449,4.434449,32,45,32,45,-0.3622396,-0.041015625
73,2015-08-13 18:55:00+00:00,4.24542,4.0626016,4.0626016,32,45,45,58,-0.15,-0.050000004
73,2015-08-13 18:55:00+00:00,3.8223815,4.136043,4.136043,32,45,58,71,0.06458333,-0.05
73,2015-08-13 18:55:00+00:00,3.4675305,3.8341262,3.8341262,32,45,71,84,0.27994794,-0.046484377
73,2015-08-13 18:55:00+00:00,3.6262774,3.5694332,3.5694332,32,45,84,97,0.5,-0.050000004
73,2015-08-13 18:55:00+00:00,3.339519,2.9606812,2.9606812,32,45,97,110,0.7166667,-0.050000004
73,2015-08-13 18:55:00+00:00,2.9858146,2.9019885,2.9019885,32,45,110,121,0.9166666,-0.050000004
73,2015-08-13 18:55:00+00:00,4.491406,3.4829838,3.4829838,45,58,6,19,-0.7848958,0.26328123
73,2015-08-13 18:55:00+00:00,3.7213619,3.5730119,3.5730119,45,58,19,32,-0.5833333,0.275
73,2015-08-13 18:55:00+00:00,3.3921027,2.9635253,2.9635253,45,58,32,45,-0.36666667,0.275
73,2015-08-13 18:55:00+00:00,2.8925405,2.747444,2.747444,45,58,45,58,-0.15,0.275
73,2015-08-13 18:55:00+00:00,2.4804184,2.8740478,2.8740478,45,58,58,71,0.06666666,0.275
73,2015-08-13 18:55:00+00:00,2.7356436,2.7811048,2.7811048,45,58,71,84,0.26406252,0.28945312
73,2015-08-13 18:55:00+00:00,3.5270054,2.8045795,2.8045795,45,58,84,97,0.5143229,0.284375
73,2015-08-13 18:55:00+00:00,2.9275808,2.5081484,2.5081484,45,58,97,110,0.7166667,0.275
73,2015-08-13 18:55:00+00:00,2.6899314,2.542126,2.542126,45,58,110,121,0.9166666,0.275
73,2015-08-13 18:55:00+00:00,2.8572075,2.9889817,2.9889817,58,71,19,32,-0.5695312,0.5703125
73,2015-08-13 18:55:00+00:00,2.5363834,2.4636927,2.4636927,58,71,32,45,-0.36666667,0.6
73,2015-08-13 18:55:00+00:00,2.3685167,2.3663085,2.3663085,58,71,45,58,-0.15338542,0.5929687
73,2015-08-13 18:55:00+00:00,2.3945076,2.4293356,2.4293356,58,71,58,71,0.071614586,0.5871094
73,2015-08-13 18:55:00+00:00,2.5283315,2.5977874,2.5977874,58,71,71,84,0.2833333,0.6
73,2015-08-13 18:55:00+00:00,2.632732,2.592461,2.592461,58,71,84,97,0.49583334,0.5910156
73,2015-08-13 18:55:00+00:00,2.9681404,2.3437154,2.3437154,58,71,97,110,0.7260417,0.5910156
73,2015-08-13 18:55:00+00:00,2.2135994,2.3866956,2.3866956,58,71,110,121,0.9166666,0.6
73,2015-08-13 18:55:00+00:00,2.1833878,2.4582596,2.4582596,71,81,110,121,0.9166666,0.8875
74,2015-08-22 18:50:00+00:00,3.324859,3.790789,3.790789,19,32,84,97,0.5,-0.375
74,2015-08-22 18:50:00+00:00,3.115093,3.2607179,3.2607179,19,32,97,110,0.7174479,-0.37070313
74,2015-08-22 18:50:00+00:00,2.39362,3.1955256,3.1955256,19,32,110,121,0.9166666,-0.375
74,2015-08-22 18:50:00+00:00,4.480339,4.677255,4.677255,32,45,45,58,-0.15,-0.050000004
74,2015-08-22 18:50:00+00:00,4.378863,4.340632,4.340632,32,45,71,84,0.2809896,-0.04414063
74,2015-08-22 18:50:00+00:00,4.089533,4.0233426,4.0233426,32,45,84,97,0.5,-0.050000004
74,2015-08-22 18:50:00+00:00,4.044279,3.4016545,3.4016545,32,45,97,110,0.7166667,-0.050000004
74,2015-08-22 18:50:00+00:00,3.0881584,3.3392904,3.3392904,32,45,110,121,0.9166666,-0.050000004
74,2015-08-22 18:50:00+00:00,4.3606043,4.1546917,4.1546917,45,58,6,19,-0.7846354,0.26289064
74,2015-08-22 18:50:00+00:00,3.8784842,4.221111,4.221111,45,58,19,32,-0.5828124,0.27421877
74,2015-08-22 18:50:00+00:00,3.54375,3.6187851,3.6187851,45,58,32,45,-0.36614582,0.27421877
74,2015-08-22 18:50:00+00:00,3.3706212,3.3278885,3.3278885,45,58,45,58,-0.15,0.275
74,2015-08-22 18:50:00+00:00,3.8448937,3.4557376,3.4557376,45,58,58,71,0.06666666,0.275
74,2015-08-22 18:50:00+00:00,4.18623,3.3912332,3.3912332,45,58,71,84,0.2682292,0.2890625
74,2015-08-22 18:50:00+00:00,4.141533,3.3478556,3.3478556,45,58,84,97,0.5122396,0.28710938
74,2015-08-22 18:50:00+00:00,3.950794,3.0302832,3.0302832,45,58,97,110,0.7166667,0.275
74,2015-08-22 18:50:00+00:00,4.0855794,3.0867784,3.0867784,45,58,110,121,0.9166666,0.275
74,2015-08-22 18:50:00+00:00,3.3664298,3.0646749,3.0646749,58,71,32,45,-0.36666667,0.6
74,2015-08-22 18:50:00+00:00,2.9226477,2.9236364,2.9236364,58,71,45,58,-0.15442708,0.59414065
74,2015-08-22 18:50:00+00:00,2.8713636,2.9865215,2.9865215,58,71,58,71,0.07239584,0.5835937
74,2015-08-22 18:50:00+00:00,2.738501,3.1934597,3.1934597,58,71,71,84,0.2833333,0.6
74,2015-08-22 18:50:00+00:00,2.8603923,3.2066472,3.2066472,58,71,84,97,0.49583334,0.5910156
74,2015-08-22 18:50:00+00:00,2.6327133,2.9147208,2.9147208,58,71,97,110,0.72838545,0.58984375
74,2015-08-22 18:50:00+00:00,3.3876822,3.008368,3.008368,58,71,110,121,0.9166666,0.6
74,2015-08-22 18:50:00+00:00,3.0861373,3.0341709,3.0341709,71,81,110,121,0.9166666,0.8875
75,2015-09-06 18:05:00+00:00,1.5275851,1.8347096,1.8347096,19,32,84,97,0.5,-0.375
75,2015-09-06 18:05:00+00:00,1.4606245,1.6320473,1.6320473,19,32,97,110,0.7166667,-0.375
75,2015-09-06 18:05:00+00:00,1.44451,1.5922971,1.5922971,19,32,110,121,0.9166666,-0.375
75,2015-09-06 18:05:00+00:00,2.9709892,2.9938276,2.9938276,32,45,32,45,-0.3640625,-0.03984375
75,2015-09-06 18:05:00+00:00,2.5420232,2.644115,2.644115,32,45,45,58,-0.15,-0.050000004
75,2015-09-06 18:05:00+00:00,2.5090744,2.5786102,2.5786102,32,45,58,71,0.06432292,-0.049999997
75,2015-09-06 18:05:00+00:00,1.921963,2.238966,2.238966,32,45,71,84,0.28020835,-0.043750003
75,2015-09-06 18:05:00+00:00,1.652531,1.9169191,1.9169191,32,45,84,97,0.5,-0.050000004
75,2015-09-06 18:05:00+00:00,1.5627773,1.6572495,1.6572495,32,45,97,110,0.7166667,-0.050000004
75,2015-09-06 18:05:00+00:00,1.5066327,1.6193377,1.6193377,32,45,110,121,0.9166666,-0.050000004
75,2015-09-06 18:05:00+00:00,3.4422755,3.0734942,3.0734942,45,58,6,19,-0.7841146,0.26367188
75,2015-09-06 18:05:00+00:00,3.204129,3.1756713,3.1756713,45,58,19,32,-0.5833333,0.275
75,2015-09-06 18:05:00+00:00,2.3950162,2.6613503,2.6613503,45,58,32,45,-0.36666667,0.275
75,2015-09-06 18:05:00+00:00,2.143741,2.4444952,2.4444952,45,58,45,58,-0.15,0.275
75,2015-09-06 18:05:00+00:00,3.0556102,2.4060442,2.4060442,45,58,58,71,0.06666666,0.275
75,2015-09-06 18:05:00+00:00,3.0101254,2.293749,2.293749,45,58,71,84,0.26875,0.2890625
75,2015-09-06 18:05:00+00:00,2.9434545,2.043127,2.043127,45,58,84,97,0.5130209,0.2828125
75,2015-09-06 18:05:00+00:00,2.6534328,1.8823429,1.8823429,45,58,97,110,0.7166667,0.275
75,2015-09-06 18:05:00+00:00,2.207398,1.865324,1.865324,45,58,110,121,0.9166666,0.275
75,2015-09-06 18:05:00+00:00,2.053112,3.0904515,3.0904515,58,71,19,32,-0.5695312,0.5683594
75,2015-09-06 18:05:00+00:00,1.1925945,2.533061,2.533061,58,71,32,45,-0.36666667,0.6
75,2015-09-06 18:05:00+00:00,1.3929068,2.3937316,2.3937316,58,71,45,58,-0.15442708,0.5882813
75,2015-09-06 18:05:00+00:00,2.3091705,2.3694606,2.3694606,58,71,58,71,0.07291667,0.584375
75,2015-09-06 18:05:00+00:00,3.0022466,2.3575556,2.3575556,58,71,71,84,0.2833333,0.6
75,2015-09-06 18:05:00+00:00,2.9464326,2.1990826,2.1990826,58,71,84,97,0.49088544,0.590625
75,2015-09-06 18:05:00+00:00,1.7813879,1.9935236,1.9935236,58,71,97,110,0.7268229,0.58984375
75,2015-09-06 18:05:00+00:00,2.0806055,1.9576592,1.9576592,58,71,110,121,0.9166666,0.6
75,2015-09-06 18:05:00+00:00,1.728907,1.8128984,1.8128984,71,81,110,121,0.9166666,0.8875
76,2015-09-14 18:55:00+00:00,3.6244802,3.8202198,3.8202198,19,32,84,97,0.5,-0.375
76,2015-09-14 18:55:00+00:00,3.0792797,3.3157635,3.3157635,19,32,97,110,0.7166667,-0.375
76,2015-09-14 18:55:00+00:00,3.0210297,3.3000472,3.3000472,19,32,110,121,0.9166666,-0.375
76,2015-09-14 18:55:00+00:00,4.6111984,4.897857,4.897857,32,45,32,45,-0.36640623,-0.038671877
76,2015-09-14 18:55:00+00:00,4.554123,4.565135,4.565135,32,45,45,58,-0.15,-0.050000004
76,2015-09-14 18:55:00+00:00,4.3509707,4.369237,4.369237,32,45,71,84,0.2796875,-0.044531252
76,2015-09-14 18:55:00+00:00,4.2081895,4.0628295,4.0628295,32,45,84,97,0.5,-0.050000004
76,2015-09-14 18:55:00+00:00,3.8217638,3.4795847,3.4795847,32,45,97,110,0.7166667,-0.050000004
76,2015-09-14 18:55:00+00:00,4.603133,4.2110147,4.2110147,45,58,6,19,-0.7885417,0.26171875
76,2015-09-14 18:55:00+00:00,4.2305226,4.2809925,4.2809925,45,58,19,32,-0.5833333,0.275
76,2015-09-14 18:55:00+00:00,3.7295036,3.5570538,3.5570538,45,58,32,45,-0.36666667,0.275
76,2015-09-14 18:55:00+00:00,3.2611365,3.3681903,3.3681903,45,58,45,58,-0.15,0.275
76,2015-09-14 18:55:00+00:00,3.7236297,3.5169194,3.5169194,45,58,58,71,0.06666666,0.275
76,2015-09-14 18:55:00+00:00,4.2557716,3.5327623,3.5327623,45,58,71,84,0.2640625,0.2902344
76,2015-09-14 18:55:00+00:00,3.6580274,3.2473512,3.2473512,45,58,97,110,0.7166667,0.275
76,2015-09-14 18:55:00+00:00,2.833075,3.3761513,3.3761513,45,58,110,121,0.91015625,0.28671876
76,2015-09-14 18:55:00+00:00,3.4732938,3.821181,3.821181,58,71,19,32,-0.57057285,0.56875
76,2015-09-14 18:55:00+00:00,2.3561714,3.1306202,3.1306202,58,71,32,45,-0.36666667,0.6
76,2015-09-14 18:55:00+00:00,2.8201215,3.0528402,3.0528402,58,71,45,58,-0.15078126,0.5917969
76,2015-09-14 18:55:00+00:00,3.2107978,3.1173728,3.1173728,58,71,58,71,0.07239584,0.5835937
76,2015-09-14 18:55:00+00:00,4.063633,3.4129584,3.4129584,58,71,71,84,0.2833333,0.6
76,2015-09-14 18:55:00+00:00,4.0662217,3.4365299,3.4365299,58,71,84,97,0.49322915,0.5929687
76,2015-09-14 18:55:00+00:00,3.8614743,3.1796913,3.1796913,58,71,97,110,0.7320313,0.58984375
76,2015-09-14 18:55:00+00:00,2.752853,3.2895513,3.2895513,58,71,110,121,0.9166666,0.6
76,2015-09-14 18:55:00+00:00,2.8422086,3.2607818,3.2607818,71,81,110,121,0.9166666,0.8875
77,2015-09-17 17:50:00+00:00,1.4836842,1.7721924,1.7721924,19,32,84,97,0.5,-0.375
77,2015-09-17 17:50:00+00:00,1.4803032,1.7075454,1.7075454,19,32,97,110,0.7166667,-0.375
77,2015-09-17 17:50:00+00:00,1.5266771,1.734902,1.734902,19,32,110,121,0.9166666,-0.375
77,2015-09-17 17:50:00+00:00,1.9164957,1.9963984,1.9963984,32,45,32,45,-0.36276042,-0.032031253
77,2015-09-17 17:50:00+00:00,1.8255662,1.9800122,1.9800122,32,45,45,58,-0.15,-0.050000004
77,2015-09-17 17:50:00+00:00,1.9055085,1.9020073,1.9020073,32,45,58,71,0.058072917,-0.051171876
77,2015-09-17 17:50:00+00:00,1.935024,1.8922404,1.8922404,32,45,71,84,0.28671876,-0.040625
77,2015-09-17 17:50:00+00:00,1.9203027,1.7964523,1.7964523,32,45,84,97,0.49739584,-0.051171876
77,2015-09-17 17:50:00+00:00,1.9582928,1.6934663,1.6934663,32,45,97,110,0.7166667,-0.050000004
77,2015-09-17 17:50:00+00:00,1.6404815,1.7268775,1.7268775,32,45,110,121,0.9166666,-0.050000004
77,2015-09-17 17:50:00+00:00,1.8867712,2.0751839,2.0751839,45,58,6,19,-0.7841146,0.26757812
77,2015-09-17 17:50:00+00:00,1.6703994,2.147139,2.147139,45,58,19,32,-0.5833333,0.275
77,2015-09-17 17:50:00+00:00,1.4398504,1.7500397,1.7500397,45,58,32,45,-0.36666667,0.275
77,2015-09-17 17:50:00+00:00,1.4417347,1.7668914,1.7668914,45,58,45,58,-0.15,0.275
77,2015-09-17 17:50:00+00:00,1.6669785,1.7395986,1.7395986,45,58,58,71,0.06614584,0.27578124
77,2015-09-17 17:50:00+00:00,2.7635534,1.7799423,1.7799423,45,58,84,97,0.50911456,0.2796875
77,2015-09-17 17:50:00+00:00,2.4193637,1.7668302,1.7668302,45,58,97,110,0.7166667,0.275
77,2015-09-17 17:50:00+00:00,1.8084563,1.8144784,1.8144784,45,58,110,121,0.9166666,0.275
77,2015-09-17 17:50:00+00:00,1.1038251,1.6321677,1.6321677,58,71,32,45,-0.36666667,0.6
77,2015-09-17 17:50:00+00:00,1.24288,1.6831229,1.6831229,58,71,45,58,-0.15104167,0.5792969
77,2015-09-17 17:50:00+00:00,1.440003,1.63477,1.63477,58,71,58,71,0.069791675,0.5871094
77,2015-09-17 17:50:00+00:00,1.9040458,1.7644967,1.7644967,58,71,71,84,0.2833333,0.6
77,2015-09-17 17:50:00+00:00,2.4705682,1.7755188,1.7755188,58,71,84,97,0.48671877,0.578125
77,2015-09-17 17:50:00+00:00,2.1077576,1.741119,1.741119,58,71,97,110,0.7291666,0.59335935
77,2015-09-17 17:50:00+00:00,1.8335176,1.7887272,1.7887272,58,71,110,121,0.9166666,0.6
77,2015-09-17 17:50:00+00:00,1.8691761,1.762491,1.762491,71,81,110,121,0.9166666,0.8875
78,2015-09-17 19:25:00+00:00,2.3785217,2.9063356,2.9063356,19,32,84,97,0.49765626,-0.37421876
78,2015-09-17 19:25:00+00:00,2.3055174,2.5832982,2.5832982,19,32,97,110,0.7166667,-0.375
78,2015-09-17 19:25:00+00:00,2.2834244,2.6020374,2.6020374,19,32,110,121,0.9166666,-0.375
78,2015-09-17 19:25:00+00:00,3.6486058,3.6841333,3.6841333,32,45,32,45,-0.36666664,-0.0390625
78,2015-09-17 19:25:00+00:00,3.0718591,3.4275794,3.4275794,32,45,45,58,-0.14166667,-0.048828125
78,2015-09-17 19:25:00+00:00,2.934014,3.2256324,3.2256324,32,45,71,84,0.27994794,-0.046875
78,2015-09-17 19:25:00+00:00,2.8877695,3.0548308,3.0548308,32,45,84,97,0.4984375,-0.05234375
78,2015-09-17 19:25:00+00:00,3.0066276,2.655063,2.655063,32,45,97,110,0.7166667,-0.050000004
78,2015-09-17 19:25:00+00:00,2.4366083,2.6785479,2.6785479,32,45,110,121,0.9166666,-0.050000004
78,2015-09-17 19:25:00+00:00,4.444483,3.3410528,3.3410528,45,58,6,19,-0.7877604,0.2644531
78,2015-09-17 19:25:00+00:00,3.3990293,3.4536223,3.4536223,45,58,19,32,-0.5833333,0.275
78,2015-09-17 19:25:00+00:00,2.4617696,2.810774,2.810774,45,58,32,45,-0.36666667,0.275
78,2015-09-17 19:25:00+00:00,2.2898386,2.6699886,2.6699886,45,58,45,58,-0.15,0.275
78,2015-09-17 19:25:00+00:00,2.405658,2.6871176,2.6871176,45,58,58,71,0.06979167,0.27695313
78,2015-09-17 19:25:00+00:00,3.7479835,2.818587,2.818587,45,58,84,97,0.5158855,0.28398436
78,2015-09-17 19:25:00+00:00,3.442336,2.6168559,2.6168559,45,58,97,110,0.7166667,0.275
78,2015-09-17 19:25:00+00:00,2.4956026,2.7022161,2.7022161,45,58,110,121,0.9166666,0.275
78,2015-09-17 19:25:00+00:00,1.9159932,2.5202243,2.5202243,58,71,32,45,-0.36927086,0.59414065
78,2015-09-17 19:25:00+00:00,1.7930908,2.4662385,2.4662385,58,71,45,58,-0.15416667,0.58125
78,2015-09-17 19:25:00+00:00,1.896075,2.4325778,2.4325778,58,71,58,71,0.069791675,0.58632815
78,2015-09-17 19:25:00+00:00,2.4638612,2.6951118,2.6951118,58,71,71,84,0.2828125,0.5957031
78,2015-09-17 19:25:00+00:00,3.275246,2.7209015,2.7209015,58,71,84,97,0.48020834,0.59101564
78,2015-09-17 19:25:00+00:00,3.0009391,2.6206987,2.6206987,58,71,97,110,0.7244792,0.5917969
78,2015-09-17 19:25:00+00:00,2.4111009,2.6778767,2.6778767,58,71,110,121,0.9166666,0.6
78,2015-09-17 19:25:00+00:00,2.613446,2.6012697,2.6012697,71,81,110,121,0.91796875,0.884375
79,2015-09-21 19:00:00+00:00,3.7533665,3.7695794,3.7695794,19,32,84,97,0.5,-0.375
79,2015-09-21 19:00:00+00:00,3.1459787,3.3425784,3.3425784,19,32,97,110,0.7166667,-0.375
79,2015-09-21 19:00:00+00:00,3.071605,3.3540528,3.3540528,19,32,110,121,0.9166666,-0.375
79,2015-09-21 19:00:00+00:00,4.612908,4.8454795,4.8454795,32,45,32,45,-0.36302084,-0.042578124
79,2015-09-21 19:00:00+00:00,4.5967216,4.5222936,4.5222936,32,45,45,58,-0.15,-0.050000004
79,2015-09-21 19:00:00+00:00,4.418895,4.232094,4.232094,32,45,71,84,0.28307292,-0.04609375
79,2015-09-21 19:00:00+00:00,3.9620943,4.0356984,4.0356984,32,45,84,97,0.5,-0.050000004
79,2015-09-21 19:00:00+00:00,3.5905893,3.533771,3.533771,32,45,97,110,0.7166667,-0.050000004
79,2015-09-21 19:00:00+00:00,3.3391745,3.5443673,3.5443673,32,45,110,121,0.9166666,-0.050000004
79,2015-09-21 19:00:00+00:00,4.614498,4.305188,4.305188,45,58,6,19,-0.7861979,0.26328123
79,2015-09-21 19:00:00+00:00,4.531714,4.4250693,4.4250693,45,58,19,32,-0.5833333,0.275
79,2015-09-21 19:00:00+00:00,3.646137,3.7172,3.7172,45,58,32,45,-0.36666667,0.275
79,2015-09-21 19:00:00+00:00,3.4029953,3.5250432,3.5250432,45,58,45,58,-0.15,0.275
79,2015-09-21 19:00:00+00:00,3.8132563,3.6042886,3.6042886,45,58,58,71,0.06666666,0.275
79,2015-09-21 19:00:00+00:00,4.1216097,3.6608078,3.6608078,45,58,71,84,0.26666665,0.2902344
79,2015-09-21 19:00:00+00:00,4.43272,3.4731014,3.4731014,45,58,97,110,0.7166667,0.275
79,2015-09-21 19:00:00+00:00,3.696945,3.5893261,3.5893261,45,58,110,121,0.9166666,0.275
79,2015-09-21 19:00:00+00:00,2.5599103,3.3617165,3.3617165,58,71,32,45,-0.36666667,0.6
79,2015-09-21 19:00:00+00:00,2.5461838,3.260076,3.260076,58,71,45,58,-0.15286459,0.5902344
79,2015-09-21 19:00:00+00:00,2.6732323,3.292504,3.292504,58,71,58,71,0.07213542,0.5871094
79,2015-09-21 19:00:00+00:00,3.044523,3.5920942,3.5920942,58,71,71,84,0.2833333,0.6
79,2015-09-21 19:00:00+00:00,4.0001383,3.7239509,3.7239509,58,71,84,97,0.49296874,0.590625
79,2015-09-21 19:00:00+00:00,4.344158,3.4966316,3.4966316,58,71,97,110,0.7309896,0.58906245
79,2015-09-21 19:00:00+00:00,3.4513717,3.637105,3.637105,58,71,110,121,0.9166666,0.6
79,2015-09-21 19:00:00+00:00,3.514959,3.5455227,3.5455227,71,81,110,121,0.9166666,0.8875
80,2015-09-22 18:05:00+00:00,2.7572234,2.9924283,2.9924283,19,32,84,97,0.5,-0.375
80,2015-09-22 18:05:00+00:00,2.2064526,2.500441,2.500441,19,32,97,110,0.7166667,-0.375
80,2015-09-22 18:05:00+00:00,2.181033,2.4326134,2.4326134,19,32,110,121,0.9166666,-0.375
80,2015-09-22 18:05:00+00:00,4.026158,4.3959827,4.3959827,32,45,32,45,-0.3611979,-0.036718752
80,2015-09-22 18:05:00+00:00,3.964379,3.9463134,3.9463134,32,45,45,58,-0.15,-0.050000004
80,2015-09-22 18:05:00+00:00,3.5158756,3.566135,3.566135,32,45,71,84,0.2825521,-0.046875
80,2015-09-22 18:05:00+00:00,3.1511974,3.1845167,3.1845167,32,45,84,97,0.5013021,-0.04921875
80,2015-09-22 18:05:00+00:00,2.4855244,2.5979676,2.5979676,32,45,97,110,0.72057295,-0.055078126
80,2015-09-22 18:05:00+00:00,2.1731193,2.5168116,2.5168116,32,45,110,121,0.9166666,-0.050000004
80,2015-09-22 18:05:00+00:00,4.582671,3.6923466,3.6923466,45,58,6,19,-0.7867187,0.26171875
80,2015-09-22 18:05:00+00:00,4.1169124,3.8101122,3.8101122,45,58,19,32,-0.5833333,0.275
80,2015-09-22 18:05:00+00:00,2.9854162,3.2035403,3.2035403,45,58,32,45,-0.36666667,0.275
80,2015-09-22 18:05:00+00:00,2.7062442,2.9434576,2.9434576,45,58,45,58,-0.15,0.275
80,2015-09-22 18:05:00+00:00,2.7558365,2.9665112,2.9665112,45,58,58,71,0.06822917,0.27890626
80,2015-09-22 18:05:00+00:00,2.5674694,2.432401,2.432401,45,58,110,121,0.9166666,0.275
80,2015-09-22 18:05:00+00:00,3.6183445,3.3948395,3.3948395,58,71,19,32,-0.5697917,0.56953126
80,2015-09-22 18:05:00+00:00,1.9620206,2.7929661,2.7929661,58,71,32,45,-0.36666667,0.6
80,2015-09-22 18:05:00+00:00,1.9605355,2.6433022,2.6433022,58,71,45,58,-0.15416667,0.5882813
80,2015-09-22 18:05:00+00:00,1.9232306,2.6749792,2.6749792,58,71,58,71,0.07239584,0.5835937
80,2015-09-22 18:05:00+00:00,2.0601628,2.7854164,2.7854164,58,71,71,84,0.2833333,0.6
80,2015-09-22 18:05:00+00:00,2.846105,2.6956813,2.6956813,58,71,84,97,0.49322918,0.5910156
80,2015-09-22 18:05:00+00:00,3.601876,2.3887668,2.3887668,58,71,97,110,0.7309896,0.58984375
80,2015-09-22 18:05:00+00:00,2.5328548,2.4049246,2.4049246,58,71,110,121,0.9166666,0.6
80,2015-09-22 18:05:00+00:00,2.93694,2.385168,2.385168,71,81,110,121,0.9166666,0.8875
81,2015-09-23 18:50:00+00:00,3.496366,3.3990793,3.3990793,19,32,84,97,0.5,-0.375
81,2015-09-23 18:50:00+00:00,2.890902,2.931602,2.931602,19,32,97,110,0.7166667,-0.375
81,2015-09-23 18:50:00+00:00,2.7351305,2.9208095,2.9208095,19,32,110,121,0.9166666,-0.375
81,2015-09-23 18:50:00+00:00,4.269944,4.561217,4.561217,32,45,32,45,-0.36067706,-0.0375
81,2015-09-23 18:50:00+00:00,4.0707374,4.155353,4.155353,32,45,45,58,-0.14895834,-0.050000004
81,2015-09-23 18:50:00+00:00,4.084952,3.8688364,3.8688364,32,45,71,84,0.27708334,-0.041796874
81,2015-09-23 18:50:00+00:00,3.7128098,3.5403214,3.5403214,32,45,84,97,0.5080729,-0.053906254
81,2015-09-23 18:50:00+00:00,3.192159,3.0565066,3.0565066,32,45,97,110,0.7166667,-0.050000004
81,2015-09-23 18:50:00+00:00,2.5620065,3.0411139,3.0411139,32,45,110,121,0.9166666,-0.050000004
81,2015-09-23 18:50:00+00:00,4.610083,3.9632611,3.9632611,45,58,6,19,-0.7841146,0.26210937
81,2015-09-23 18:50:00+00:00,4.4110975,4.093788,4.093788,45,58,19,32,-0.5833333,0.275
81,2015-09-23 18:50:00+00:00,3.651278,3.433978,3.433978,45,58,32,45,-0.36666667,0.275
81,2015-09-23 18:50:00+00:00,3.2850027,3.2015173,3.2015173,45,58,45,58,-0.15,0.275
81,2015-09-23 18:50:00+00:00,3.4285774,3.2748294,3.2748294,45,58,58,71,0.06666666,0.275
81,2015-09-23 18:50:00+00:00,3.700455,3.2858903,3.2858903,45,58,71,84,0.26822916,0.28945315
81,2015-09-23 18:50:00+00:00,4.0252266,3.2565622,3.2565622,45,58,84,97,0.5122396,0.28710938
81,2015-09-23 18:50:00+00:00,4.0967617,2.953166,2.953166,45,58,97,110,0.7166667,0.275
81,2015-09-23 18:50:00+00:00,3.5094333,3.0321093,3.0321093,45,58,110,121,0.9166666,0.275
81,2015-09-23 18:50:00+00:00,2.433839,3.041769,3.041769,58,71,32,45,-0.36666667,0.6
81,2015-09-23 18:50:00+00:00,2.462243,2.9193745,2.9193745,58,71,45,58,-0.15338542,0.5929687
81,2015-09-23 18:50:00+00:00,2.4349818,2.9493597,2.9493597,58,71,58,71,0.07291667,0.584375
81,2015-09-23 18:50:00+00:00,2.6648195,3.1504207,3.1504207,58,71,71,84,0.2833333,0.6
81,2015-09-23 18:50:00+00:00,3.5873141,3.204592,3.204592,58,71,84,97,0.49765626,0.5914062
81,2015-09-23 18:50:00+00:00,4.306498,2.9283013,2.9283013,58,71,97,110,0.7307292,0.58984375
81,2015-09-23 18:50:00+00:00,3.6876843,3.0384722,3.0384722,58,71,110,121,0.9166666,0.6
81,2015-09-23 18:50:00+00:00,3.939238,2.9679432,2.9679432,71,81,110,121,0.9166666,0.8875
82,2015-09-24 17:55:00+00:00,2.6988378,3.0625691,3.0625691,19,32,84,97,0.5,-0.375
82,2015-09-24 17:55:00+00:00,2.453975,2.6418996,2.6418996,19,32,97,110,0.7166667,-0.375
82,2015-09-24 17:55:00+00:00,2.4225998,2.6259513,2.6259513,19,32,110,121,0.9166666,-0.375
82,2015-09-24 17:55:00+00:00,4.015699,4.0819583,4.0819583,32,45,32,45,-0.35833335,-0.047265626
82,2015-09-24 17:55:00+00:00,3.648234,3.836938,3.836938,32,45,45,58,-0.15,-0.050000004
82,2015-09-24 17:55:00+00:00,3.8143878,3.8176064,3.8176064,32,45,58,71,0.06276042,-0.049609378
82,2015-09-24 17:55:00+00:00,3.811983,3.534284,3.534284,32,45,71,84,0.2828125,-0.05234375
82,2015-09-24 17:55:00+00:00,3.2482271,3.188254,3.188254,32,45,84,97,0.4973958,-0.053515628
82,2015-09-24 17:55:00+00:00,2.508671,2.7088153,2.7088153,32,45,97,110,0.7166667,-0.050000004
82,2015-09-24 17:55:00+00:00,2.243264,2.6921287,2.6921287,32,45,110,121,0.9166666,-0.050000004
82,2015-09-24 17:55:00+00:00,3.7919507,3.6915457,3.6915457,45,58,19,32,-0.5861979,0.27148438
82,2015-09-24 17:55:00+00:00,2.8495219,3.0193877,3.0193877,45,58,32,45,-0.36666667,0.275
82,2015-09-24 17:55:00+00:00,2.631768,2.8581314,2.8581314,45,58,45,58,-0.15,0.275
82,2015-09-24 17:55:00+00:00,2.7612257,2.9147031,2.9147031,45,58,58,71,0.06666666,0.275
82,2015-09-24 17:55:00+00:00,3.1666033,2.921056,2.921056,45,58,71,84,0.27395833,0.2875
82,2015-09-24 17:55:00+00:00,3.6615088,2.7778027,2.7778027,45,58,84,97,0.5127604,0.28320312
82,2015-09-24 17:55:00+00:00,3.4956293,2.5588672,2.5588672,45,58,97,110,0.7166667,0.275
82,2015-09-24 17:55:00+00:00,2.7033489,2.622058,2.622058,45,58,110,121,0.9166666,0.275
82,2015-09-24 17:55:00+00:00,2.0662,2.568794,2.568794,58,71,45,58,-0.1546875,0.5910156
82,2015-09-24 17:55:00+00:00,2.117007,2.5753994,2.5753994,58,71,58,71,0.06666667,0.5828125
82,2015-09-24 17:55:00+00:00,2.2077215,2.765081,2.765081,58,71,71,84,0.2828125,0.59335935
82,2015-09-24 17:55:00+00:00,2.8970184,2.7400117,2.7400117,58,71,84,97,0.48932293,0.5875
82,2015-09-24 17:55:00+00:00,3.765631,2.5040598,2.5040598,58,71,97,110,0.7270833,0.5917969
82,2015-09-24 17:55:00+00:00,3.2623794,2.5744677,2.5744677,58,71,110,121,0.9166666,0.6
82,2015-09-24 17:55:00+00:00,2.6923087,2.5569189,2.5569189,71,81,110,121,0.9166666,0.8875
83,2016-04-16 19:00:00+00:00,3.425004,2.55867,2.55867,19,32,97,110,0.7166667,-0.375
83,2016-04-16 19:00:00+00:00,3.175427,2.4804873,2.4804873,19,32,110,121,0.9166666,-0.375
83,2016-04-16 19:00:00+00:00,3.6605625,4.1920314,4.1920314,32,45,45,58,-0.14453125,-0.043750003
83,2016-04-16 19:00:00+00:00,2.3516066,3.7429352,3.7429352,32,45,71,84,0.28333333,-0.04140625
83,2016-04-16 19:00:00+00:00,2.6829884,3.2833438,3.2833438,32,45,84,97,0.5,-0.050000004
83,2016-04-16 19:00:00+00:00,2.6725733,2.6648393,2.6648393,32,45,97,110,0.7166667,-0.050000004
83,2016-04-16 19:00:00+00:00,1.9597923,2.5755045,2.5755045,32,45,110,121,0.9166666,-0.050000004
83,2016-04-16 19:00:00+00:00,4.080556,4.088698,4.088698,45,58,19,32,-0.56874996,0.27695313
83,2016-04-16 19:00:00+00:00,3.4099104,3.5199199,3.5199199,45,58,32,45,-0.37057292,0.27695313
83,2016-04-16 19:00:00+00:00,3.264701,3.1908479,3.1908479,45,58,45,58,-0.15,0.275
83,2016-04-16 19:00:00+00:00,2.2391887,3.281028,3.281028,45,58,58,71,0.067447916,0.27578124
83,2016-04-16 19:00:00+00:00,1.8364254,2.9297926,2.9297926,45,58,84,97,0.5151042,0.2828125
83,2016-04-16 19:00:00+00:00,2.368433,2.5527878,2.5527878,45,58,97,110,0.7166667,0.275
83,2016-04-16 19:00:00+00:00,2.132765,2.5484958,2.5484958,45,58,110,121,0.9166666,0.275
83,2016-04-16 19:00:00+00:00,4.026854,3.71036,3.71036,58,71,19,32,-0.5734375,0.57773435
83,2016-04-16 19:00:00+00:00,3.8130088,3.0361605,3.0361605,58,71,32,45,-0.3619792,0.58632815
83,2016-04-16 19:00:00+00:00,3.5593,2.910228,2.910228,58,71,45,58,-0.15598959,0.5894531
83,2016-04-16 19:00:00+00:00,2.760201,3.0441341,3.0441341,58,71,71,84,0.2833333,0.6
83,2016-04-16 19:00:00+00:00,1.8713886,2.867572,2.867572,58,71,84,97,0.49296874,0.5847656
83,2016-04-16 19:00:00+00:00,2.266477,2.548197,2.548197,58,71,97,110,0.72473955,0.59335935
83,2016-04-16 19:00:00+00:00,1.997647,2.5432272,2.5432272,58,71,110,121,0.9166666,0.6
83,2016-04-16 19:00:00+00:00,2.289721,2.2978485,2.2978485,71,81,97,110,0.7502605,0.8714844
83,2016-04-16 19:00:00+00:00,1.5581663,2.503093,2.503093,71,81,110,121,0.9166666,0.8875
84,2016-04-23 19:10:00+00:00,3.4870548,2.5362139,2.5362139,19,32,84,97,0.5,-0.375
84,2016-04-23 19:10:00+00:00,3.4625611,1.9081309,1.9081309,19,32,97,110,0.7166667,-0.375
84,2016-04-23 19:10:00+00:00,3.2467122,1.7544291,1.7544291,19,32,110,121,0.9166666,-0.375
84,2016-04-23 19:10:00+00:00,4.33462,4.2284427,4.2284427,32,45,45,58,-0.15,-0.050000004
84,2016-04-23 19:10:00+00:00,1.1793139,3.5554564,3.5554564,32,45,71,84,0.27682292,-0.043359376
84,2016-04-23 19:10:00+00:00,1.1686426,2.6610246,2.6610246,32,45,84,97,0.50390625,-0.051953126
84,2016-04-23 19:10:00+00:00,1.3173466,1.9918215,1.9918215,32,45,97,110,0.7166667,-0.050000004
84,2016-04-23 19:10:00+00:00,1.2968698,1.8114455,1.8114455,32,45,110,121,0.9166666,-0.050000004
84,2016-04-23 19:10:00+00:00,3.7371671,4.111223,4.111223,45,58,19,32,-0.5875,0.27734375
84,2016-04-23 19:10:00+00:00,4.027998,3.6560926,3.6560926,45,58,32,45,-0.36666667,0.275
84,2016-04-23 19:10:00+00:00,3.1937292,3.1965578,3.1965578,45,58,45,58,-0.15,0.275
84,2016-04-23 19:10:00+00:00,2.6375885,3.182375,3.182375,45,58,58,71,0.060156252,0.28085938
84,2016-04-23 19:10:00+00:00,1.9891629,2.2637274,2.2637274,45,58,84,97,0.5127604,0.28593752
84,2016-04-23 19:10:00+00:00,1.674743,1.7684278,1.7684278,45,58,97,110,0.7166667,0.275
84,2016-04-23 19:10:00+00:00,1.8126674,1.6651999,1.6651999,45,58,110,121,0.9166666,0.275
84,2016-04-23 19:10:00+00:00,2.2575076,3.7832124,3.7832124,58,71,19,32,-0.56927085,0.5722656
84,2016-04-23 19:10:00+00:00,4.003249,3.227926,3.227926,58,71,32,45,-0.36666667,0.6
84,2016-04-23 19:10:00+00:00,3.5101438,2.9281483,2.9281483,58,71,45,58,-0.1575521,0.5867188
84,2016-04-23 19:10:00+00:00,2.8215187,2.979252,2.979252,58,71,58,71,0.07291667,0.584375
84,2016-04-23 19:10:00+00:00,2.8053102,2.7318325,2.7318325,58,71,71,84,0.2833333,0.6
84,2016-04-23 19:10:00+00:00,2.634713,2.2484992,2.2484992,58,71,84,97,0.49088544,0.5835937
84,2016-04-23 19:10:00+00:00,1.344956,1.7314628,1.7314628,58,71,97,110,0.72291666,0.59335935
84,2016-04-23 19:10:00+00:00,1.6240797,1.6114568,1.6114568,58,71,110,121,0.9166666,0.6
84,2016-04-23 19:10:00+00:00,3.0180802,2.439747,2.439747,71,81,71,84,0.29716313,0.81223387
84,2016-04-23 19:10:00+00:00,1.2564754,1.5974473,1.5974473,71,81,110,121,0.9166666,0.8875
85,2016-05-06 18:00:00+00:00,2.6634245,2.5867548,2.5867548,19,32,84,97,0.5,-0.375
85,2016-05-06 18:00:00+00:00,2.2743454,2.252437,2.252437,19,32,97,110,0.7166667,-0.375
85,2016-05-06 18:00:00+00:00,2.2540252,2.2471244,2.2471244,19,32,110,121,0.9166666,-0.375
85,2016-05-06 18:00:00+00:00,3.5951738,3.214328,3.214328,32,45,45,58,-0.14010417,-0.053125
85,2016-05-06 18:00:00+00:00,2.4028292,2.9115157,2.9115157,32,45,71,84,0.2760417,-0.03671875
85,2016-05-06 18:00:00+00:00,2.2853556,2.6512492,2.6512492,32,45,84,97,0.5,-0.050000004
85,2016-05-06 18:00:00+00:00,2.0657208,2.2558727,2.2558727,32,45,97,110,0.7166667,-0.050000004
85,2016-05-06 18:00:00+00:00,1.9747266,2.2523031,2.2523031,32,45,110,121,0.9166666,-0.050000004
85,2016-05-06 18:00:00+00:00,3.6436825,3.0360582,3.0360582,45,58,19,32,-0.5833333,0.275
85,2016-05-06 18:00:00+00:00,2.8768933,2.4065018,2.4065018,45,58,58,71,0.068749994,0.2746094
85,2016-05-06 18:00:00+00:00,2.3669665,2.3751051,2.3751051,45,58,71,84,0.2690104,0.28671876
85,2016-05-06 18:00:00+00:00,2.3076878,2.2812302,2.2812302,45,58,84,97,0.5104167,0.2746094
85,2016-05-06 18:00:00+00:00,2.2159538,2.1040714,2.1040714,45,58,97,110,0.7166667,0.275
85,2016-05-06 18:00:00+00:00,2.2308257,2.1498497,2.1498497,45,58,110,121,0.9166666,0.275
85,2016-05-06 18:00:00+00:00,2.522108,2.1614501,2.1614501,58,71,32,45,-0.37083334,0.60234374
85,2016-05-06 18:00:00+00:00,2.5118263,2.2284656,2.2284656,58,71,71,84,0.2833333,0.6
85,2016-05-06 18:00:00+00:00,2.5092387,2.1605332,2.1605332,58,71,84,97,0.4953125,0.590625
85,2016-05-06 18:00:00+00:00,2.1294131,2.0517166,2.0517166,58,71,97,110,0.7242187,0.5957031
85,2016-05-06 18:00:00+00:00,2.1227427,2.0779438,2.0779438,58,71,110,121,0.9166666,0.6
85,2016-05-06 18:00:00+00:00,2.1241415,2.0883622,2.0883622,71,81,110,121,0.9166666,0.8875
86,2016-05-18 19:00:00+00:00,3.0984159,2.6538901,2.6538901,19,32,84,97,0.5,-0.375
86,2016-05-18 19:00:00+00:00,2.2297044,2.1585443,2.1585443,19,32,97,110,0.7166667,-0.375
86,2016-05-18 19:00:00+00:00,2.155627,2.0875702,2.0875702,19,32,110,121,0.9166666,-0.375
86,2016-05-18 19:00:00+00:00,3.3548925,4.167978,4.167978,32,45,32,45,-0.36302084,-0.033203125
86,2016-05-18 19:00:00+00:00,3.844936,3.7230883,3.7230883,32,45,45,58,-0.15,-0.050000004
86,2016-05-18 19:00:00+00:00,3.5604486,3.2980292,3.2980292,32,45,71,84,0.28177083,-0.034374997
86,2016-05-18 19:00:00+00:00,2.6539526,2.7943113,2.7943113,32,45,84,97,0.5,-0.050000004
86,2016-05-18 19:00:00+00:00,2.205114,2.208434,2.208434,32,45,97,110,0.7166667,-0.050000004
86,2016-05-18 19:00:00+00:00,2.0851514,2.1285574,2.1285574,32,45,110,121,0.9166666,-0.050000004
86,2016-05-18 19:00:00+00:00,3.788006,3.2505548,3.2505548,45,58,6,19,-0.7848958,0.27812502
86,2016-05-18 19:00:00+00:00,2.567918,3.4548256,3.4548256,45,58,19,32,-0.5833333,0.275
86,2016-05-18 19:00:00+00:00,2.507922,2.8412836,2.8412836,45,58,32,45,-0.35442707,0.27695313
86,2016-05-18 19:00:00+00:00,2.669579,2.679904,2.679904,45,58,45,58,-0.15,0.275
86,2016-05-18 19:00:00+00:00,3.5306509,2.742791,2.742791,45,58,58,71,0.06666666,0.275
86,2016-05-18 19:00:00+00:00,2.2340927,1.964244,1.964244,45,58,97,110,0.7166667,0.275
86,2016-05-18 19:00:00+00:00,1.9552898,1.9493072,1.9493072,45,58,110,121,0.9166666,0.275
86,2016-05-18 19:00:00+00:00,0.9901974,2.9677298,2.9677298,58,71,19,32,-0.5731771,0.5722656
86,2016-05-18 19:00:00+00:00,2.1683962,2.4359672,2.4359672,58,71,32,45,-0.36666667,0.6
86,2016-05-18 19:00:00+00:00,2.6633804,2.3463023,2.3463023,58,71,45,58,-0.1497396,0.5914062
86,2016-05-18 19:00:00+00:00,2.655092,2.3492796,2.3492796,58,71,58,71,0.071875006,0.58281255
86,2016-05-18 19:00:00+00:00,2.9413605,2.3408558,2.3408558,58,71,71,84,0.28307295,0.5992187
86,2016-05-18 19:00:00+00:00,2.7792103,2.2102664,2.2102664,58,71,84,97,0.48515624,0.58984375
86,2016-05-18 19:00:00+00:00,1.7137729,1.8507957,1.8507957,58,71,97,110,0.7257812,0.59101564
86,2016-05-18 19:00:00+00:00,1.5541389,1.8486639,1.8486639,58,71,110,121,0.9166666,0.6
86,2016-05-18 19:00:00+00:00,0.17264608,1.8698024,1.8698024,71,81,110,121,0.9166666,0.8875
87,2016-05-23 17:40:00+00:00,2.2859497,1.97148,1.97148,19,32,84,97,0.50156254,-0.37421876
87,2016-05-23 17:40:00+00:00,2.0587757,1.8095026,1.8095026,19,32,97,110,0.7166667,-0.375
87,2016-05-23 17:40:00+00:00,1.9404666,1.8170934,1.8170934,19,32,110,121,0.9166666,-0.375
87,2016-05-23 17:40:00+00:00,2.3682437,2.5533276,2.5533276,32,45,45,58,-0.15,-0.050000004
87,2016-05-23 17:40:00+00:00,1.9922148,1.9857761,1.9857761,32,45,84,97,0.50703126,-0.05625
87,2016-05-23 17:40:00+00:00,1.8797723,1.7981846,1.7981846,32,45,97,110,0.7166667,-0.050000004
87,2016-05-23 17:40:00+00:00,1.7615037,1.8125966,1.8125966,32,45,110,121,0.9166666,-0.050000004
87,2016-05-23 17:40:00+00:00,2.878722,2.5750484,2.5750484,45,58,6,19,-0.78515625,0.27851564
87,2016-05-23 17:40:00+00:00,2.3389993,2.6696463,2.6696463,45,58,19,32,-0.5833333,0.275
87,2016-05-23 17:40:00+00:00,2.0537083,2.1361754,2.1361754,45,58,32,45,-0.36666667,0.275
87,2016-05-23 17:40:00+00:00,2.0521278,2.0933712,2.0933712,45,58,45,58,-0.15,0.275
87,2016-05-23 17:40:00+00:00,2.1048799,2.0722847,2.0722847,45,58,58,71,0.06666666,0.275
87,2016-05-23 17:40:00+00:00,2.0280058,1.9311981,1.9311981,45,58,84,97,0.51250005,0.27421874
87,2016-05-23 17:40:00+00:00,1.7992454,1.824415,1.824415,45,58,97,110,0.7166667,0.275
87,2016-05-23 17:40:00+00:00,1.697508,1.8654974,1.8654974,45,58,110,121,0.9166666,0.275
87,2016-05-23 17:40:00+00:00,2.1764927,1.9182969,1.9182969,58,71,32,45,-0.3645833,0.5980469
87,2016-05-23 17:40:00+00:00,2.26038,1.9385566,1.9385566,58,71,45,58,-0.14921875,0.5800781
87,2016-05-23 17:40:00+00:00,2.2138875,1.8881271,1.8881271,58,71,58,71,0.06901042,0.5960938
87,2016-05-23 17:40:00+00:00,2.0815675,1.9615623,1.9615623,58,71,71,84,0.2783854,0.59882814
87,2016-05-23 17:40:00+00:00,1.6918819,1.7878985,1.7878985,58,71,97,110,0.72760415,0.5953125
87,2016-05-23 17:40:00+00:00,1.6072925,1.8260722,1.8260722,58,71,110,121,0.9166666,0.6
87,2016-05-23 17:40:00+00:00,1.5853341,1.7958505,1.7958505,71,81,110,121,0.9197917,0.8863281
88,2016-06-12 18:55:00+00:00,2.5192268,2.3822906,2.3822906,19,32,84,97,0.49010417,-0.371875
88,2016-06-12 18:55:00+00:00,2.0164354,2.0651991,2.0651991,19,32,97,110,0.7166667,-0.375
88,2016-06-12 18:55:00+00:00,2.1396437,2.0481029,2.0481029,19,32,110,121,0.9166666,-0.375
88,2016-06-12 18:55:00+00:00,3.078914,3.2432148,3.2432148,32,45,32,45,-0.3669271,-0.038671877
88,2016-06-12 18:55:00+00:00,2.3500648,2.981194,2.981194,32,45,45,58,-0.15,-0.050000004
88,2016-06-12 18:55:00+00:00,2.6242368,2.955473,2.955473,32,45,58,71,0.061718747,-0.050390624
88,2016-06-12 18:55:00+00:00,2.610377,2.7328293,2.7328293,32,45,71,84,0.28125,-0.04414063
88,2016-06-12 18:55:00+00:00,2.2070775,2.4407675,2.4407675,32,45,84,97,0.5,-0.050000004
88,2016-06-12 18:55:00+00:00,1.9713486,2.062546,2.062546,32,45,97,110,0.7166667,-0.050000004
88,2016-06-12 18:55:00+00:00,1.8874388,2.048528,2.048528,32,45,110,121,0.9166666,-0.050000004
88,2016-06-12 18:55:00+00:00,3.5000682,2.818625,2.818625,45,58,6,19,-0.7856771,0.26054686
88,2016-06-12 18:55:00+00:00,2.5432925,2.922684,2.922684,45,58,19,32,-0.5833333,0.275
88,2016-06-12 18:55:00+00:00,2.2893252,2.3562803,2.3562803,45,58,32,45,-0.36666667,0.275
88,2016-06-12 18:55:00+00:00,2.1110072,2.2466555,2.2466555,45,58,45,58,-0.15,0.275
88,2016-06-12 18:55:00+00:00,2.105005,2.269177,2.269177,45,58,58,71,0.06666666,0.275
88,2016-06-12 18:55:00+00:00,2.2226174,2.2661252,2.2661252,45,58,71,84,0.2708333,0.28984374
88,2016-06-12 18:55:00+00:00,2.2052333,2.1380823,2.1380823,45,58,84,97,0.5153646,0.2859375
88,2016-06-12 18:55:00+00:00,1.9729897,1.9489706,1.9489706,45,58,97,110,0.7166667,0.275
88,2016-06-12 18:55:00+00:00,1.8311837,1.974329,1.974329,45,58,110,121,0.9166666,0.275
88,2016-06-12 18:55:00+00:00,2.2066429,2.0409572,2.0409572,58,71,32,45,-0.36666667,0.6
88,2016-06-12 18:55:00+00:00,2.0892348,2.0251343,2.0251343,58,71,45,58,-0.15078126,0.5917969
88,2016-06-12 18:55:00+00:00,2.1308427,2.0279517,2.0279517,58,71,58,71,0.07291667,0.584375
88,2016-06-12 18:55:00+00:00,2.1579156,2.1171582,2.1171582,58,71,71,84,0.2833333,0.6
88,2016-06-12 18:55:00+00:00,2.2874742,2.0171168,2.0171168,58,71,84,97,0.49375,0.5902344
88,2016-06-12 18:55:00+00:00,2.0480416,1.8486931,1.8486931,58,71,97,110,0.72786456,0.5890625
88,2016-06-12 18:55:00+00:00,1.7806199,1.8824115,1.8824115,58,71,110,121,0.9166666,0.6
88,2016-06-12 18:55:00+00:00,1.8386335,1.8831078,1.8831078,71,81,110,121,0.9166666,0.8875
89,2016-06-17 19:15:00+00:00,2.293863,2.340187,2.340187,19,32,84,97,0.5,-0.375
89,2016-06-17 19:15:00+00:00,2.0227947,1.9509922,1.9509922,19,32,97,110,0.7166667,-0.375
89,2016-06-17 19:15:00+00:00,1.979968,1.896624,1.896624,19,32,110,121,0.9166666,-0.375
89,2016-06-17 19:15:00+00:00,3.3353853,3.576522,3.576522,32,45,32,45,-0.36302084,-0.03828125
89,2016-06-17 19:15:00+00:00,2.4300733,3.1983638,3.1983638,32,45,45,58,-0.15,-0.050000004
89,2016-06-17 19:15:00+00:00,2.482583,3.1188881,3.1188881,32,45,58,71,0.06666666,-0.05
89,2016-06-17 19:15:00+00:00,2.2579052,2.7732837,2.7732837,32,45,71,84,0.27760416,-0.044921875
89,2016-06-17 19:15:00+00:00,1.9229842,2.3743877,2.3743877,32,45,84,97,0.50104165,-0.051171876
89,2016-06-17 19:15:00+00:00,1.7865977,1.9203069,1.9203069,32,45,97,110,0.7166667,-0.050000004
89,2016-06-17 19:15:00+00:00,1.759941,1.8655514,1.8655514,32,45,110,121,0.9166666,-0.050000004
89,2016-06-17 19:15:00+00:00,3.6185434,2.8676236,2.8676236,45,58,6,19,-0.7914063,0.265625
89,2016-06-17 19:15:00+00:00,2.295614,3.015924,3.015924,45,58,19,32,-0.5833333,0.275
89,2016-06-17 19:15:00+00:00,2.099928,2.4429924,2.4429924,45,58,32,45,-0.36666667,0.275
89,2016-06-17 19:15:00+00:00,2.024133,2.2619069,2.2619069,45,58,45,58,-0.15,0.275
89,2016-06-17 19:15:00+00:00,2.0306892,2.2671502,2.2671502,45,58,58,71,0.06666666,0.275
89,2016-06-17 19:15:00+00:00,1.9986144,2.1779118,2.1779118,45,58,71,84,0.27109376,0.2902344
89,2016-06-17 19:15:00+00:00,1.9252931,1.9146543,1.9146543,45,58,84,97,0.5101563,0.284375
89,2016-06-17 19:15:00+00:00,1.7519647,1.6942426,1.6942426,45,58,97,110,0.7166667,0.275
89,2016-06-17 19:15:00+00:00,1.6367986,1.6857221,1.6857221,45,58,110,121,0.9166666,0.275
89,2016-06-17 19:15:00+00:00,1.9401428,2.034578,2.034578,58,71,32,45,-0.36666667,0.6
89,2016-06-17 19:15:00+00:00,1.814031,1.9705997,1.9705997,58,71,45,58,-0.1575521,0.5816406
89,2016-06-17 19:15:00+00:00,1.8971819,1.9375803,1.9375803,58,71,58,71,0.069531254,0.58671874
89,2016-06-17 19:15:00+00:00,1.8376205,1.9745805,1.9745805,58,71,71,84,0.2833333,0.6
89,2016-06-17 19:15:00+00:00,1.9139104,1.798361,1.798361,58,71,84,97,0.49166667,0.5878906
89,2016-06-17 19:15:00+00:00,1.938626,1.5463526,1.5463526,58,71,97,110,0.7294271,0.5902344
89,2016-06-17 19:15:00+00:00,1.5882642,1.5595897,1.5595897,58,71,110,121,0.9166666,0.6
89,2016-06-17 19:15:00+00:00,1.5925335,1.6051283,1.6051283,71,81,110,121,0.9190104,0.8859375
90,2016-06-19 19:00:00+00:00,1.6076298,1.4752086,1.4752086,19,32,97,110,0.7166667,-0.375
90,2016-06-19 19:00:00+00:00,1.5698924,1.4576838,1.4576838,19,32,110,121,0.9117187,-0.36796874
90,2016-06-19 19:00:00+00:00,1.9191508,2.0090482,2.0090482,32,45,58,71,0.0625,-0.051171873
90,2016-06-19 19:00:00+00:00,1.540076,1.5882401,1.5882401,32,45,84,97,0.50078124,-0.04921875
90,2016-06-19 19:00:00+00:00,1.4642948,1.4348651,1.4348651,32,45,97,110,0.7166667,-0.050000004
90,2016-06-19 19:00:00+00:00,1.4435539,1.4175665,1.4175665,32,45,110,121,0.9166666,-0.050000004
90,2016-06-19 19:00:00+00:00,1.9344237,2.1904058,2.1904058,45,58,19,32,-0.5794271,0.27734375
90,2016-06-19 19:00:00+00:00,1.7042645,1.7984688,1.7984688,45,58,32,45,-0.36041665,0.2777344
90,2016-06-19 19:00:00+00:00,1.6515567,1.7709475,1.7709475,45,58,45,58,-0.13828126,0.27695313
90,2016-06-19 19:00:00+00:00,1.6685042,1.7102652,1.7102652,45,58,58,71,0.06875,0.27421877
90,2016-06-19 19:00:00+00:00,1.786904,1.6674187,1.6674187,45,58,71,84,0.27265626,0.28945312
90,2016-06-19 19:00:00+00:00,1.4904275,1.4282215,1.4282215,45,58,97,110,0.7166667,0.275
90,2016-06-19 19:00:00+00:00,1.3970801,1.4185901,1.4185901,45,58,110,121,0.9166666,0.275
90,2016-06-19 19:00:00+00:00,1.7805697,1.6077588,1.6077588,58,71,32,45,-0.36666667,0.6
90,2016-06-19 19:00:00+00:00,1.7562764,1.6192603,1.6192603,58,71,45,58,-0.15546876,0.590625
90,2016-06-19 19:00:00+00:00,1.7190398,1.5734622,1.5734622,58,71,58,71,0.07005209,0.58554685
90,2016-06-19 19:00:00+00:00,1.6393027,1.5904629,1.5904629,58,71,71,84,0.2833333,0.6
90,2016-06-19 19:00:00+00:00,1.5937352,1.4502136,1.4502136,58,71,84,97,0.4953125,0.5910156
90,2016-06-19 19:00:00+00:00,1.4906776,1.3728572,1.3728572,58,71,97,110,0.726823,0.58984375
90,2016-06-19 19:00:00+00:00,1.3612759,1.362271,1.362271,58,71,110,121,0.9166666,0.6
90,2016-06-19 19:00:00+00:00,1.3774154,1.3556648,1.3556648,71,81,110,121,0.9166666,0.8875
91,2016-06-21 18:50:00+00:00,2.1454036,2.1531694,2.1531694,19,32,84,97,0.5,-0.375
91,2016-06-21 18:50:00+00:00,2.0400562,1.9485337,1.9485337,19,32,97,110,0.7166667,-0.375
91,2016-06-21 18:50:00+00:00,2.1013806,1.9679964,1.9679964,19,32,110,121,0.9166666,-0.375
91,2016-06-21 18:50:00+00:00,2.4190652,2.6864579,2.6864579,32,45,32,45,-0.36640623,-0.038671877
91,2016-06-21 18:50:00+00:00,2.2169387,2.5393457,2.5393457,32,45,45,58,-0.15,-0.050000004
91,2016-06-21 18:50:00+00:00,2.2626336,2.351115,2.351115,32,45,71,84,0.2765625,-0.042578124
91,2016-06-21 18:50:00+00:00,2.007429,2.1769674,2.1769674,32,45,84,97,0.5,-0.050000004
91,2016-06-21 18:50:00+00:00,1.8735741,1.9282494,1.9282494,32,45,97,110,0.7166667,-0.050000004
91,2016-06-21 18:50:00+00:00,1.897818,1.953607,1.953607,32,45,110,121,0.9166666,-0.050000004
91,2016-06-21 18:50:00+00:00,1.7579559,2.0185795,2.0185795,45,58,32,45,-0.36718747,0.27421877
91,2016-06-21 18:50:00+00:00,1.8690965,1.967296,1.967296,45,58,45,58,-0.15,0.275
91,2016-06-21 18:50:00+00:00,1.9478865,1.9489106,1.9489106,45,58,58,71,0.06666666,0.275
91,2016-06-21 18:50:00+00:00,2.0683386,1.9676758,1.9676758,45,58,71,84,0.26744792,0.2890625
91,2016-06-21 18:50:00+00:00,2.3419945,1.9247154,1.9247154,45,58,84,97,0.5122396,0.28710938
91,2016-06-21 18:50:00+00:00,1.9470036,1.8447514,1.8447514,45,58,97,110,0.7166667,0.275
91,2016-06-21 18:50:00+00:00,1.8251766,1.896234,1.896234,45,58,110,121,0.9166666,0.275
91,2016-06-21 18:50:00+00:00,1.8789917,1.7665083,1.7665083,58,71,32,45,-0.3619792,0.58984375
91,2016-06-21 18:50:00+00:00,1.7804985,1.7959194,1.7959194,58,71,45,58,-0.15104166,0.59218746
91,2016-06-21 18:50:00+00:00,1.8614036,1.7606056,1.7606056,58,71,58,71,0.07239584,0.5835937
91,2016-06-21 18:50:00+00:00,1.9508733,1.8713503,1.8713503,58,71,71,84,0.2833333,0.6
91,2016-06-21 18:50:00+00:00,1.9560016,1.8366281,1.8366281,58,71,84,97,0.49583334,0.5910156
91,2016-06-21 18:50:00+00:00,1.9460491,1.7584106,1.7584106,58,71,97,110,0.728125,0.58984375
91,2016-06-21 18:50:00+00:00,1.7356641,1.8148886,1.8148886,58,71,110,121,0.9166666,0.6
91,2016-06-21 18:50:00+00:00,1.792355,1.8162555,1.8162555,71,81,110,121,0.9166666,0.8875
92,2016-06-24 17:40:00+00:00,1.8324193,1.887078,1.887078,19,32,84,97,0.49895835,-0.37421876
92,2016-06-24 17:40:00+00:00,1.7135724,1.7133216,1.7133216,19,32,97,110,0.7166667,-0.375
92,2016-06-24 17:40:00+00:00,1.7490782,1.6944911,1.6944911,19,32,110,121,0.9166666,-0.375
92,2016-06-24 17:40:00+00:00,2.3363938,2.470917,2.470917,32,45,32,45,-0.3622396,-0.04375
92,2016-06-24 17:40:00+00:00,1.9675677,2.3584952,2.3584952,32,45,45,58,-0.15,-0.050000004
92,2016-06-24 17:40:00+00:00,2.0820317,2.2534475,2.2534475,32,45,58,71,0.06067709,-0.051171876
92,2016-06-24 17:40:00+00:00,1.913409,2.1432512,2.1432512,32,45,71,84,0.28203124,-0.05
92,2016-06-24 17:40:00+00:00,1.7103679,1.8750646,1.8750646,32,45,84,97,0.5057292,-0.05234375
92,2016-06-24 17:40:00+00:00,1.6082621,1.6855742,1.6855742,32,45,97,110,0.7166667,-0.050000004
92,2016-06-24 17:40:00+00:00,1.5858212,1.6710092,1.6710092,32,45,110,121,0.9166666,-0.050000004
92,2016-06-24 17:40:00+00:00,1.8098214,2.3136659,2.3136659,45,58,19,32,-0.5809896,0.27421877
92,2016-06-24 17:40:00+00:00,1.6850574,1.8722547,1.8722547,45,58,32,45,-0.36666667,0.275
92,2016-06-24 17:40:00+00:00,1.615506,1.8279943,1.8279943,45,58,45,58,-0.15,0.275
92,2016-06-24 17:40:00+00:00,1.723224,1.7780491,1.7780491,45,58,58,71,0.061458334,0.27734375
92,2016-06-24 17:40:00+00:00,1.9870945,1.6543183,1.6543183,45,58,84,97,0.51250005,0.28710938
92,2016-06-24 17:40:00+00:00,1.6682727,1.6010448,1.6010448,45,58,97,110,0.7166667,0.275
92,2016-06-24 17:40:00+00:00,1.5180372,1.6001116,1.6001116,45,58,110,121,0.9166666,0.275
92,2016-06-24 17:40:00+00:00,1.9253228,1.9532564,1.9532564,58,71,19,32,-0.5716146,0.5679687
92,2016-06-24 17:40:00+00:00,1.7166795,1.6421963,1.6421963,58,71,32,45,-0.36536458,0.59843755
92,2016-06-24 17:40:00+00:00,1.7029965,1.6500413,1.6500413,58,71,45,58,-0.15677083,0.5882813
92,2016-06-24 17:40:00+00:00,1.6859747,1.7023666,1.7023666,58,71,71,84,0.28177083,0.5960938
92,2016-06-24 17:40:00+00:00,1.8127561,1.6022422,1.6022422,58,71,84,97,0.49062502,0.5847657
92,2016-06-24 17:40:00+00:00,1.6574045,1.5506252,1.5506252,58,71,97,110,0.73072916,0.5894531
92,2016-06-24 17:40:00+00:00,1.4689196,1.5154959,1.5154959,58,71,110,121,0.9166666,0.6
92,2016-06-24 17:40:00+00:00,1.4726931,1.51924,1.51924,71,81,110,121,0.9184896,0.8863281
93,2016-06-30 18:45:00+00:00,1.8862883,1.8050267,1.8050267,19,32,84,97,0.5,-0.375
93,2016-06-30 18:45:00+00:00,1.7822047,1.6779826,1.6779826,19,32,97,110,0.7166667,-0.375
93,2016-06-30 18:45:00+00:00,1.7898992,1.6779846,1.6779846,19,32,110,121,0.9166666,-0.375
93,2016-06-30 18:45:00+00:00,2.1332972,2.356826,2.356826,32,45,32,45,-0.36640623,-0.038671877
93,2016-06-30 18:45:00+00:00,1.9708393,2.2329235,2.2329235,32,45,45,58,-0.15,-0.050000004
93,2016-06-30 18:45:00+00:00,1.9990827,2.03166,2.03166,32,45,71,84,0.27786458,-0.0453125
93,2016-06-30 18:45:00+00:00,1.7519234,1.8254169,1.8254169,32,45,84,97,0.5,-0.050000004
93,2016-06-30 18:45:00+00:00,1.6593683,1.6620802,1.6620802,32,45,97,110,0.7166667,-0.050000004
93,2016-06-30 18:45:00+00:00,1.6320419,1.6679277,1.6679277,32,45,110,121,0.9166666,-0.050000004
93,2016-06-30 18:45:00+00:00,2.7657268,2.3514473,2.3514473,45,58,6,19,-0.78203124,0.26289064
93,2016-06-30 18:45:00+00:00,2.0442429,2.4307432,2.4307432,45,58,19,32,-0.5833333,0.275
93,2016-06-30 18:45:00+00:00,1.834913,1.9503583,1.9503583,45,58,32,45,-0.36666667,0.275
93,2016-06-30 18:45:00+00:00,1.7704016,1.9157598,1.9157598,45,58,45,58,-0.15,0.275
93,2016-06-30 18:45:00+00:00,1.8326545,1.8847955,1.8847955,45,58,58,71,0.068749994,0.2746094
93,2016-06-30 18:45:00+00:00,1.8548244,1.8918005,1.8918005,45,58,71,84,0.26718754,0.28945312
93,2016-06-30 18:45:00+00:00,1.9038045,1.7716789,1.7716789,45,58,84,97,0.5122396,0.28710938
93,2016-06-30 18:45:00+00:00,1.8038366,1.7205478,1.7205478,45,58,97,110,0.7166667,0.275
93,2016-06-30 18:45:00+00:00,1.6916708,1.7398877,1.7398877,45,58,110,121,0.9166666,0.275
93,2016-06-30 18:45:00+00:00,1.9984651,1.7754737,1.7754737,58,71,32,45,-0.36666667,0.6
93,2016-06-30 18:45:00+00:00,1.8386136,1.79872,1.79872,58,71,45,58,-0.15078126,0.5917969
93,2016-06-30 18:45:00+00:00,1.8408545,1.7594696,1.7594696,58,71,58,71,0.07239584,0.5835937
93,2016-06-30 18:45:00+00:00,1.7511528,1.8365855,1.8365855,58,71,71,84,0.2833333,0.6
93,2016-06-30 18:45:00+00:00,1.8947785,1.7429838,1.7429838,58,71,84,97,0.49479166,0.5921875
93,2016-06-30 18:45:00+00:00,1.9548321,1.696486,1.696486,58,71,97,110,0.7299479,0.59023434
93,2016-06-30 18:45:00+00:00,1.803084,1.6996502,1.6996502,58,71,110,121,0.9166666,0.6
93,2016-06-30 18:45:00+00:00,1.8003682,1.6895274,1.6895274,71,81,110,121,0.9166666,0.8875
94,2016-07-05 19:00:00+00:00,1.2840722,1.3059639,1.3059639,19,32,84,97,0.5,-0.375
94,2016-07-05 19:00:00+00:00,1.2140453,1.2983924,1.2983924,19,32,97,110,0.7166667,-0.375
94,2016-07-05 19:00:00+00:00,1.1137186,1.2778438,1.2778438,19,32,110,121,0.9195312,-0.3660156
94,2016-07-05 19:00:00+00:00,1.4580071,1.5505421,1.5505421,32,45,71,84,0.27890626,-0.045703128
94,2016-07-05 19:00:00+00:00,1.3287019,1.2836013,1.2836013,32,45,84,97,0.5,-0.050000004
94,2016-07-05 19:00:00+00:00,1.3212817,1.2595243,1.2595243,32,45,97,110,0.7166667,-0.050000004
94,2016-07-05 19:00:00+00:00,1.4273999,1.2608511,1.2608511,32,45,110,121,0.9166666,-0.050000004
94,2016-07-05 19:00:00+00:00,1.5363429,1.9819818,1.9819818,45,58,19,32,-0.5802083,0.2703125
94,2016-07-05 19:00:00+00:00,1.5634241,1.622965,1.622965,45,58,32,45,-0.36666667,0.275
94,2016-07-05 19:00:00+00:00,1.5070331,1.6487837,1.6487837,45,58,45,58,-0.15,0.275
94,2016-07-05 19:00:00+00:00,1.5328033,1.5652977,1.5652977,45,58,58,71,0.06666666,0.275
94,2016-07-05 19:00:00+00:00,1.5657712,1.5516812,1.5516812,45,58,71,84,0.26796877,0.28984374
94,2016-07-05 19:00:00+00:00,1.4550558,1.3530266,1.3530266,45,58,97,110,0.7166667,0.275
94,2016-07-05 19:00:00+00:00,1.4694281,1.3559539,1.3559539,45,58,110,121,0.9166666,0.275
94,2016-07-05 19:00:00+00:00,1.4026576,1.5794132,1.5794132,58,71,45,58,-0.14739583,0.5835937
94,2016-07-05 19:00:00+00:00,1.5622627,1.5121529,1.5121529,58,71,58,71,0.07291667,0.584375
94,2016-07-05 19:00:00+00:00,1.5311654,1.5118935,1.5118935,58,71,71,84,0.2833333,0.6
94,2016-07-05 19:00:00+00:00,1.5941945,1.3418331,1.3418331,58,71,84,97,0.49088544,0.590625
94,2016-07-05 19:00:00+00:00,1.7140402,1.3301854,1.3301854,58,71,97,110,0.73307294,0.5882813
94,2016-07-05 19:00:00+00:00,1.5555171,1.3314924,1.3314924,58,71,110,121,0.9166666,0.6
94,2016-07-05 19:00:00+00:00,1.6396554,1.3242378,1.3242378,71,81,110,121,0.9166666,0.8875
95,2016-07-12 19:05:00+00:00,1.246264,1.5704969,1.5704969,19,32,97,110,0.7213541,-0.3683594
95,2016-07-12 19:05:00+00:00,1.5450796,1.5843866,1.5843866,19,32,110,121,0.9096354,-0.36328125
95,2016-07-12 19:05:00+00:00,1.8099183,1.9437826,1.9437826,32,45,58,71,0.058333337,-0.04609375
95,2016-07-12 19:05:00+00:00,1.5063261,1.6643418,1.6643418,32,45,84,97,0.49166667,-0.036328126
95,2016-07-12 19:05:00+00:00,1.4041934,1.5223294,1.5223294,32,45,97,110,0.7190104,-0.041406244
95,2016-07-12 19:05:00+00:00,1.5789026,1.511403,1.511403,32,45,110,121,0.9166666,-0.050000004
95,2016-07-12 19:05:00+00:00,1.4788932,1.727041,1.727041,45,58,32,45,-0.3640625,0.2691406
95,2016-07-12 19:05:00+00:00,1.4971299,1.7014384,1.7014384,45,58,45,58,-0.15,0.275
95,2016-07-12 19:05:00+00:00,1.5852083,1.6708658,1.6708658,45,58,58,71,0.06666666,0.275
95,2016-07-12 19:05:00+00:00,1.7048752,1.6766118,1.6766118,45,58,71,84,0.26875,0.2890625
95,2016-07-12 19:05:00+00:00,1.8326597,1.5659449,1.5659449,45,58,84,97,0.5148437,0.28476563
95,2016-07-12 19:05:00+00:00,1.6063527,1.516264,1.516264,45,58,97,110,0.7166667,0.275
95,2016-07-12 19:05:00+00:00,1.6198298,1.5069137,1.5069137,45,58,110,121,0.9166666,0.275
95,2016-07-12 19:05:00+00:00,2.3180814,1.8284999,1.8284999,58,71,19,32,-0.56874996,0.5648438
95,2016-07-12 19:05:00+00:00,1.7981519,1.5852295,1.5852295,58,71,32,45,-0.37942708,0.6128906
95,2016-07-12 19:05:00+00:00,1.6376307,1.553451,1.553451,58,71,58,71,0.07239584,0.5835937
95,2016-07-12 19:05:00+00:00,1.5787855,1.6121321,1.6121321,58,71,71,84,0.2833333,0.6
95,2016-07-12 19:05:00+00:00,1.6199865,1.5216101,1.5216101,58,71,84,97,0.49427083,0.590625
95,2016-07-12 19:05:00+00:00,1.7456346,1.4765024,1.4765024,58,71,97,110,0.72473955,0.59101564
95,2016-07-12 19:05:00+00:00,1.6358032,1.4486262,1.4486262,58,71,110,121,0.9166666,0.6
95,2016-07-12 19:05:00+00:00,1.6961653,1.4462489,1.4462489,71,81,110,121,0.9166666,0.8875
96,2016-08-01 18:45:00+00:00,2.0126615,2.063842,2.063842,19,32,84,97,0.5,-0.375
96,2016-08-01 18:45:00+00:00,1.7463329,1.7437061,1.7437061,19,32,97,110,0.7166667,-0.375
96,2016-08-01 18:45:00+00:00,1.7934301,1.6899626,1.6899626,19,32,110,121,0.9166666,-0.375
96,2016-08-01 18:45:00+00:00,3.0550401,3.2700095,3.2700095,32,45,32,45,-0.3619792,-0.03828125
96,2016-08-01 18:45:00+00:00,2.5910497,2.9169514,2.9169514,32,45,45,58,-0.15,-0.050000004
96,2016-08-01 18:45:00+00:00,2.1875453,2.547383,2.547383,32,45,71,84,0.28020832,-0.043750003
96,2016-08-01 18:45:00+00:00,2.0001452,2.0764785,2.0764785,32,45,84,97,0.50078124,-0.05078125
96,2016-08-01 18:45:00+00:00,1.761027,1.7443467,1.7443467,32,45,97,110,0.7166667,-0.050000004
96,2016-08-01 18:45:00+00:00,1.725854,1.690492,1.690492,32,45,110,121,0.9166666,-0.050000004
96,2016-08-01 18:45:00+00:00,3.6358933,2.8073142,2.8073142,45,58,6,19,-0.78020835,0.26171875
96,2016-08-01 18:45:00+00:00,2.5982423,2.925111,2.925111,45,58,19,32,-0.5833333,0.275
96,2016-08-01 18:45:00+00:00,2.4207387,2.392817,2.392817,45,58,32,45,-0.36666667,0.275
96,2016-08-01 18:45:00+00:00,2.3377697,2.2254307,2.2254307,45,58,45,58,-0.15,0.275
96,2016-08-01 18:45:00+00:00,2.217137,2.2244785,2.2244785,45,58,58,71,0.06666666,0.275
96,2016-08-01 18:45:00+00:00,2.101824,2.0998135,2.0998135,45,58,71,84,0.26796877,0.2890625
96,2016-08-01 18:45:00+00:00,2.1597342,1.8324705,1.8324705,45,58,84,97,0.5148437,0.28671873
96,2016-08-01 18:45:00+00:00,1.9208513,1.6605995,1.6605995,45,58,97,110,0.7166667,0.275
96,2016-08-01 18:45:00+00:00,1.8126378,1.6391805,1.6391805,45,58,110,121,0.9166666,0.275
96,2016-08-01 18:45:00+00:00,2.0626998,2.4884417,2.4884417,58,71,19,32,-0.5671875,0.5667969
96,2016-08-01 18:45:00+00:00,1.782315,2.0550578,2.0550578,58,71,32,45,-0.36666667,0.6
96,2016-08-01 18:45:00+00:00,1.8327975,1.9921645,1.9921645,58,71,45,58,-0.15338542,0.5929687
96,2016-08-01 18:45:00+00:00,1.8347685,1.9792536,1.9792536,58,71,58,71,0.07239584,0.5835937
96,2016-08-01 18:45:00+00:00,1.7620339,1.9818674,1.9818674,58,71,71,84,0.2833333,0.6
96,2016-08-01 18:45:00+00:00,1.722204,1.7807248,1.7807248,58,71,84,97,0.49765626,0.5914062
96,2016-08-01 18:45:00+00:00,1.7622157,1.6091049,1.6091049,58,71,97,110,0.7239583,0.5902344
96,2016-08-01 18:45:00+00:00,1.6752671,1.5644331,1.5644331,58,71,110,121,0.9166666,0.6
96,2016-08-01 18:45:00+00:00,1.356636,1.5478868,1.5478868,71,81,110,121,0.91770834,0.8851563
97,2016-08-07 18:05:00+00:00,1.9231745,2.1257482,2.1257482,19,32,84,97,0.5,-0.375
97,2016-08-07 18:05:00+00:00,1.6409314,1.859137,1.859137,19,32,97,110,0.7130208,-0.37656248
97,2016-08-07 18:05:00+00:00,1.7170199,1.8372756,1.8372756,19,32,110,121,0.91718745,-0.38437498
97,2016-08-07 18:05:00+00:00,2.7129428,3.1841826,3.1841826,32,45,32,45,-0.35546875,-0.043359376
97,2016-08-07 18:05:00+00:00,2.3052213,2.8973951,2.8973951,32,45,45,58,-0.1484375,-0.05078125
97,2016-08-07 18:05:00+00:00,1.7378893,1.800248,1.800248,32,45,110,121,0.9190104,-0.04179687
97,2016-08-07 18:05:00+00:00,2.3795903,2.880254,2.880254,45,58,19,32,-0.5833333,0.275
97,2016-08-07 18:05:00+00:00,2.1643417,2.3460417,2.3460417,45,58,32,45,-0.36666667,0.275
97,2016-08-07 18:05:00+00:00,2.1395788,2.215379,2.215379,45,58,45,58,-0.15,0.275
97,2016-08-07 18:05:00+00:00,2.0295181,2.199179,2.199179,45,58,58,71,0.06666666,0.275
97,2016-08-07 18:05:00+00:00,2.0236576,2.1011395,2.1011395,45,58,71,84,0.26458335,0.290625
97,2016-08-07 18:05:00+00:00,1.996869,1.8759606,1.8759606,45,58,84,97,0.509375,0.28281254
97,2016-08-07 18:05:00+00:00,1.7903311,1.7424293,1.7424293,45,58,97,110,0.7143229,0.27695313
97,2016-08-07 18:05:00+00:00,1.7026045,1.7561041,1.7561041,45,58,110,121,0.9166666,0.275
97,2016-08-07 18:05:00+00:00,1.7207927,2.0227194,2.0227194,58,71,32,45,-0.3658854,0.5839844
97,2016-08-07 18:05:00+00:00,1.7586178,1.9956684,1.9956684,58,71,45,58,-0.15390626,0.57734376
97,2016-08-07 18:05:00+00:00,1.9702803,1.8240323,1.8240323,58,71,84,97,0.4950521,0.59335935
97,2016-08-07 18:05:00+00:00,1.8761138,1.6806155,1.6806155,58,71,97,110,0.7315104,0.59101564
97,2016-08-07 18:05:00+00:00,1.6244948,1.6826723,1.6826723,58,71,110,121,0.9166666,0.6
97,2016-08-07 18:05:00+00:00,1.8589832,1.6877187,1.6877187,71,81,110,121,0.9166666,0.8875
98,2016-08-10 18:35:00+00:00,1.6415913,1.7037724,1.7037724,19,32,84,97,0.5005208,-0.375
98,2016-08-10 18:35:00+00:00,1.3296763,1.5398389,1.5398389,19,32,97,110,0.7166667,-0.375
98,2016-08-10 18:35:00+00:00,1.2915897,1.5380402,1.5380402,19,32,110,121,0.9140625,-0.37265623
98,2016-08-10 18:35:00+00:00,2.3340373,2.7320526,2.7320526,32,45,32,45,-0.36536458,-0.03828125
98,2016-08-10 18:35:00+00:00,1.8915784,2.1235344,2.1235344,32,45,71,84,0.28333333,-0.046484374
98,2016-08-10 18:35:00+00:00,1.7667444,1.7359782,1.7359782,32,45,84,97,0.5,-0.050000004
98,2016-08-10 18:35:00+00:00,1.5560868,1.5447348,1.5447348,32,45,97,110,0.7166667,-0.050000004
98,2016-08-10 18:35:00+00:00,1.485331,1.5360087,1.5360087,32,45,110,121,0.9166666,-0.050000004
98,2016-08-10 18:35:00+00:00,2.0923736,2.2865345,2.2865345,45,58,32,45,-0.3716146,0.27265626
98,2016-08-10 18:35:00+00:00,2.1443505,2.200005,2.200005,45,58,45,58,-0.15,0.275
98,2016-08-10 18:35:00+00:00,1.9816942,2.1072528,2.1072528,45,58,58,71,0.06666666,0.275
98,2016-08-10 18:35:00+00:00,1.9367844,2.028574,2.028574,45,58,71,84,0.2640625,0.28867185
98,2016-08-10 18:35:00+00:00,2.0071838,1.7172786,1.7172786,45,58,84,97,0.5153646,0.28476563
98,2016-08-10 18:35:00+00:00,1.7955805,1.6732693,1.6732693,45,58,97,110,0.7166667,0.275
98,2016-08-10 18:35:00+00:00,1.71329,1.6922549,1.6922549,45,58,110,121,0.9166666,0.275
98,2016-08-10 18:35:00+00:00,1.9115494,2.0774639,2.0774639,58,71,32,45,-0.36848956,0.60195315
98,2016-08-10 18:35:00+00:00,2.1269064,2.1054204,2.1054204,58,71,45,58,-0.15078126,0.5917969
98,2016-08-10 18:35:00+00:00,2.0452,1.973358,1.973358,58,71,58,71,0.06640625,0.5847657
98,2016-08-10 18:35:00+00:00,2.078696,2.0284483,2.0284483,58,71,71,84,0.28359377,0.6058594
98,2016-08-10 18:35:00+00:00,2.0151756,1.7869388,1.7869388,58,71,84,97,0.49479166,0.5921875
98,2016-08-10 18:35:00+00:00,1.856395,1.6963918,1.6963918,58,71,97,110,0.726823,0.58984375
98,2016-08-10 18:35:00+00:00,1.6356165,1.7103362,1.7103362,58,71,110,121,0.9166666,0.6
98,2016-08-10 18:35:00+00:00,1.7045987,1.6521192,1.6521192,71,81,110,121,0.9166666,0.8875
99,2016-08-19 18:30:00+00:00,1.6222587,1.9231591,1.9231591,19,32,97,110,0.7184896,-0.375
99,2016-08-19 18:30:00+00:00,1.4324125,1.9087892,1.9087892,19,32,110,121,0.9166666,-0.375
99,2016-08-19 18:30:00+00:00,1.8479842,1.953227,1.953227,32,45,97,110,0.7166667,-0.050000004
99,2016-08-19 18:30:00+00:00,1.7169476,1.9457246,1.9457246,32,45,110,121,0.9166666,-0.050000004
99,2016-08-19 18:30:00+00:00,3.0578718,3.3781037,3.3781037,45,58,19,32,-0.5736979,0.27695313
99,2016-08-19 18:30:00+00:00,2.598272,2.5963452,2.5963452,45,58,58,71,0.06666666,0.275
99,2016-08-19 18:30:00+00:00,2.431131,2.1769898,2.1769898,45,58,97,110,0.7166667,0.275
99,2016-08-19 18:30:00+00:00,2.5634892,2.2036028,2.2036028,45,58,110,121,0.9166666,0.275
99,2016-08-19 18:30:00+00:00,2.23344,2.552238,2.552238,58,71,45,58,-0.15703125,0.5921875
99,2016-08-19 18:30:00+00:00,2.3892932,2.5092063,2.5092063,58,71,58,71,0.07239584,0.5835937
99,2016-08-19 18:30:00+00:00,2.573723,2.5692484,2.5692484,58,71,71,84,0.2833333,0.6
99,2016-08-19 18:30:00+00:00,2.5296917,2.418291,2.418291,58,71,84,97,0.4947917,0.59726566
99,2016-08-19 18:30:00+00:00,2.1158888,2.2689216,2.2689216,58,71,97,110,0.72473955,0.5925781
99,2016-08-19 18:30:00+00:00,2.4297435,2.2909405,2.2909405,58,71,110,121,0.9166666,0.6
99,2016-08-19 18:30:00+00:00,2.2567284,2.15262,2.15262,71,81,110,121,0.9166666,0.8875
100,2016-09-27 18:35:00+00:00,4.1183405,3.7804322,3.7804322,19,32,84,97,0.5,-0.375
100,2016-09-27 18:35:00+00:00,3.70089,3.3089502,3.3089502,19,32,97,110,0.7166667,-0.375
100,2016-09-27 18:35:00+00:00,3.4880404,3.2876947,3.2876947,19,32,110,121,0.9166666,-0.375
100,2016-09-27 18:35:00+00:00,4.60263,5.0241046,5.0241046,32,45,32,45,-0.36510417,-0.041796874
100,2016-09-27 18:35:00+00:00,4.5381575,4.612964,4.612964,32,45,45,58,-0.15,-0.050000004
100,2016-09-27 18:35:00+00:00,4.3715034,4.632593,4.632593,32,45,58,71,0.05729167,-0.048046872
100,2016-09-27 18:35:00+00:00,3.9398448,4.3182144,4.3182144,32,45,71,84,0.27942708,-0.0453125
100,2016-09-27 18:35:00+00:00,4.104548,4.0008416,4.0008416,32,45,84,97,0.4997396,-0.05078125
100,2016-09-27 18:35:00+00:00,4.192057,3.517797,3.517797,32,45,97,110,0.7166667,-0.050000004
100,2016-09-27 18:35:00+00:00,3.4473727,3.4931188,3.4931188,32,45,110,121,0.9166666,-0.050000004
100,2016-09-27 18:35:00+00:00,4.618986,4.819957,4.819957,45,58,19,32,-0.5833333,0.275
100,2016-09-27 18:35:00+00:00,4.6194477,4.091562,4.091562,45,58,32,45,-0.36666667,0.275
100,2016-09-27 18:35:00+00:00,4.476512,3.821936,3.821936,45,58,45,58,-0.15,0.275
100,2016-09-27 18:35:00+00:00,4.423967,3.9388103,3.9388103,45,58,58,71,0.06666666,0.275
100,2016-09-27 18:35:00+00:00,4.345976,4.003087,4.003087,45,58,71,84,0.2705729,0.28632814
100,2016-09-27 18:35:00+00:00,3.9118316,3.6348603,3.6348603,45,58,97,110,0.7166667,0.275
100,2016-09-27 18:35:00+00:00,3.6839721,3.705002,3.705002,45,58,110,121,0.9166666,0.275
100,2016-09-27 18:35:00+00:00,4.582293,3.814943,3.814943,58,71,32,45,-0.36666667,0.6
100,2016-09-27 18:35:00+00:00,4.591013,3.652533,3.652533,58,71,45,58,-0.15156251,0.5917969
100,2016-09-27 18:35:00+00:00,4.5842137,3.704658,3.704658,58,71,58,71,0.069791675,0.58164066
100,2016-09-27 18:35:00+00:00,4.6135554,3.977719,3.977719,58,71,71,84,0.2833333,0.6
100,2016-09-27 18:35:00+00:00,4.532765,4.0608068,4.0608068,58,71,84,97,0.49479166,0.5921875
100,2016-09-27 18:35:00+00:00,4.218127,3.7534692,3.7534692,58,71,97,110,0.7278646,0.58984375
100,2016-09-27 18:35:00+00:00,3.2593033,3.8354805,3.8354805,58,71,110,121,0.9166666,0.6
100,2016-09-27 18:35:00+00:00,3.4891808,3.6646578,3.6646578,71,81,110,121,0.9166666,0.8875
101,2016-10-17 18:10:00+00:00,2.692352,2.6162355,2.6162355,19,32,84,97,0.5,-0.375
101,2016-10-17 18:10:00+00:00,2.449932,2.3667228,2.3667228,19,32,97,110,0.7166667,-0.375
101,2016-10-17 18:10:00+00:00,2.4670503,2.4211528,2.4211528,19,32,110,121,0.9166666,-0.375
101,2016-10-17 18:10:00+00:00,2.7656996,3.0010455,3.0010455,32,45,32,45,-0.36249998,-0.037109375
101,2016-10-17 18:10:00+00:00,2.4891906,2.842238,2.842238,32,45,45,58,-0.15,-0.050000004
101,2016-10-17 18:10:00+00:00,2.5032408,2.7877493,2.7877493,32,45,71,84,0.2864583,-0.04140625
101,2016-10-17 18:10:00+00:00,2.633862,2.690543,2.690543,32,45,84,97,0.5,-0.050000004
101,2016-10-17 18:10:00+00:00,2.3874614,2.3878245,2.3878245,32,45,97,110,0.7166667,-0.050000004
101,2016-10-17 18:10:00+00:00,2.2460072,2.4485464,2.4485464,32,45,110,121,0.9166666,-0.050000004
101,2016-10-17 18:10:00+00:00,3.8141885,2.6474564,2.6474564,45,58,6,19,-0.7890625,0.2621094
101,2016-10-17 18:10:00+00:00,2.6325274,2.7515287,2.7515287,45,58,19,32,-0.5833333,0.275
101,2016-10-17 18:10:00+00:00,2.0188916,2.1848814,2.1848814,45,58,32,45,-0.3658854,0.27578124
101,2016-10-17 18:10:00+00:00,1.844046,2.1374009,2.1374009,45,58,45,58,-0.15,0.275
101,2016-10-17 18:10:00+00:00,1.9089789,2.1449366,2.1449366,45,58,58,71,0.06666666,0.275
101,2016-10-17 18:10:00+00:00,2.5175893,2.2323353,2.2323353,45,58,97,110,0.7166667,0.275
101,2016-10-17 18:10:00+00:00,2.3153136,2.3322494,2.3322494,45,58,110,121,0.9166666,0.275
101,2016-10-17 18:10:00+00:00,2.6588035,2.3665154,2.3665154,58,71,19,32,-0.57343745,0.56757814
101,2016-10-17 18:10:00+00:00,1.7567153,1.934881,1.934881,58,71,32,45,-0.36666667,0.6
101,2016-10-17 18:10:00+00:00,1.8407996,1.9428778,1.9428778,58,71,45,58,-0.15052083,0.5917969
101,2016-10-17 18:10:00+00:00,1.8572768,1.9108483,1.9108483,58,71,58,71,0.07005209,0.59375
101,2016-10-17 18:10:00+00:00,1.9345598,2.1275735,2.1275735,58,71,71,84,0.2833333,0.6
101,2016-10-17 18:10:00+00:00,2.377341,2.1807973,2.1807973,58,71,84,97,0.49088544,0.5871093
101,2016-10-17 18:10:00+00:00,2.620784,2.1342595,2.1342595,58,71,97,110,0.7252604,0.59296876
101,2016-10-17 18:10:00+00:00,2.4579601,2.2312639,2.2312639,58,71,110,121,0.9166666,0.6
101,2016-10-17 18:10:00+00:00,2.0842843,2.2345822,2.2345822,71,81,110,121,0.9166666,0.8875
