t,date,target,pred,post,y0,y1,x0,x1,cx,cy
0,2014-05-24 18:45:00+00:00,2.5931726,2.5028234,2.5028234,19,32,84,97,0.5,-0.375
0,2014-05-24 18:45:00+00:00,3.1672716,3.3528805,3.3528805,32,45,32,45,-0.3645833,-0.03984375
0,2014-05-24 18:45:00+00:00,2.4746385,2.8929124,2.8929124,32,45,45,58,-0.15,-0.050000004
0,2014-05-24 18:45:00+00:00,2.5509362,2.3837442,2.3837442,32,45,71,84,0.28046876,-0.03984375
0,2014-05-24 18:45:00+00:00,2.1373417,2.060337,2.060337,32,45,84,97,0.5,-0.050000004
0,2014-05-24 18:45:00+00:00,1.7445829,1.6574967,1.6574967,32,45,97,110,0.7166667,-0.050000004
0,2014-05-24 18:45:00+00:00,1.7499595,1.7666256,1.7666256,32,45,110,121,0.9166666,-0.050000004
0,2014-05-24 18:45:00+00:00,3.2643802,3.0857666,3.0857666,45,58,6,19,-0.78776044,0.2671875
0,2014-05-24 18:45:00+00:00,2.4658046,3.0584037,3.0584037,45,58,19,32,-0.5833333,0.275
0,2014-05-24 18:45:00+00:00,2.358268,2.498971,2.498971,45,58,32,45,-0.37187502,0.27734375
0,2014-05-24 18:45:00+00:00,2.1362355,2.3383043,2.3383043,45,58,45,58,-0.15,0.275
0,2014-05-24 18:45:00+00:00,2.232104,2.3795156,2.3795156,45,58,58,71,0.07630208,0.27421877
0,2014-05-24 18:45:00+00:00,2.0569317,2.102967,2.102967,45,58,84,97,0.5101563,0.28671876
0,2014-05-24 18:45:00+00:00,1.8907422,1.9216732,1.9216732,45,58,97,110,0.7166667,0.275
0,2014-05-24 18:45:00+00:00,2.61508,2.641548,2.641548,58,71,19,32,-0.5697917,0.57421875
0,2014-05-24 18:45:00+00:00,2.4780805,2.1414027,2.1414027,58,71,32,45,-0.36666667,0.6
0,2014-05-24 18:45:00+00:00,2.3475149,2.037949,2.037949,58,71,45,58,-0.15572916,0.5835937
0,2014-05-24 18:45:00+00:00,2.2883074,2.0324385,2.0324385,58,71,71,84,0.284375,0.5972656
1,2014-05-25 17:50:00+00:00,1.5077957,1.5082313,1.5082313,19,32,84,97,0.5,-0.375
1,2014-05-25 17:50:00+00:00,1.3769561,1.5221326,1.5221326,19,32,97,110,0.7166667,-0.375
1,2014-05-25 17:50:00+00:00,1.3854364,1.5802995,1.5802995,19,32,110,121,0.9166666,-0.375
1,2014-05-25 17:50:00+00:00,1.6404147,1.6840882,1.6840882,32,45,32,45,-0.36302084,-0.03359375
1,2014-05-25 17:50:00+00:00,1.5515301,1.5172579,1.5172579,32,45,45,58,-0.15,-0.050000004
1,2014-05-25 17:50:00+00:00,1.8802419,1.2736411,1.2736411,32,45,58,71,0.05729167,-0.05078125
1,2014-05-25 17:50:00+00:00,1.6888909,1.104287,1.104287,32,45,71,84,0.27916667,-0.04414063
1,2014-05-25 17:50:00+00:00,1.3750097,1.0369841,1.0369841,32,45,84,97,0.49114585,-0.051562503
1,2014-05-25 17:50:00+00:00,1.2938359,1.0209702,1.0209702,32,45,97,110,0.7166667,-0.050000004
1,2014-05-25 17:50:00+00:00,1.3703035,1.1306372,1.1306372,32,45,110,121,0.9166666,-0.050000004
1,2014-05-25 17:50:00+00:00,1.5883125,2.0126407,2.0126407,45,58,19,32,-0.5833333,0.275
1,2014-05-25 17:50:00+00:00,1.4883579,1.6709191,1.6709191,45,58,32,45,-0.36666667,0.275
1,2014-05-25 17:50:00+00:00,1.3874615,1.653164,1.653164,45,58,45,58,-0.15,0.275
1,2014-05-25 17:50:00+00:00,1.4943277,1.6589357,1.6589357,45,58,58,71,0.06666666,0.275
1,2014-05-25 17:50:00+00:00,1.5589353,1.5290742,1.5290742,45,58,84,97,0.509375,0.278125
1,2014-05-25 17:50:00+00:00,1.3507843,1.519862,1.519862,45,58,97,110,0.7166667,0.275
1,2014-05-25 17:50:00+00:00,1.3562243,1.5973746,1.5973746,45,58,110,121,0.9166666,0.275
1,2014-05-25 17:50:00+00:00,1.6551791,1.518666,1.518666,58,71,32,45,-0.36666667,0.6
1,2014-05-25 17:50:00+00:00,1.5784546,1.5048441,1.5048441,58,71,45,58,-0.15598959,0.58320314
1,2014-05-25 17:50:00+00:00,1.5892786,1.5269647,1.5269647,58,71,58,71,0.07057291,0.584375
1,2014-05-25 17:50:00+00:00,1.5763836,1.5029048,1.5029048,58,71,71,84,0.28619793,0.5929687
1,2014-05-25 17:50:00+00:00,1.6171257,1.5014482,1.5014482,58,71,84,97,0.48854166,0.5800781
1,2014-05-25 17:50:00+00:00,1.4269342,1.4529634,1.4529634,58,71,97,110,0.73046875,0.58906245
1,2014-05-25 17:50:00+00:00,1.3542476,1.5508178,1.5508178,58,71,110,121,0.9166666,0.6
1,2014-05-25 17:50:00+00:00,1.253662,1.1864659,1.1864659,71,81,110,121,0.9166666,0.8875
2,2014-05-30 18:05:00+00:00,1.8474857,1.8441066,1.8441066,19,32,84,97,0.5,-0.375
2,2014-05-30 18:05:00+00:00,1.8603139,1.7440208,1.7440208,19,32,97,110,0.7166667,-0.375
2,2014-05-30 18:05:00+00:00,1.9036222,1.8086513,1.8086513,19,32,110,121,0.9166666,-0.375
2,2014-05-30 18:05:00+00:00,1.9795693,2.1699235,2.1699235,32,45,32,45,-0.35989583,-0.035937503
2,2014-05-30 18:05:00+00:00,1.8313289,1.9011053,1.9011053,32,45,45,58,-0.15,-0.050000004
2,2014-05-30 18:05:00+00:00,2.1226,1.5990034,1.5990034,32,45,58,71,0.055729166,-0.051171873
2,2014-05-30 18:05:00+00:00,1.9358379,1.4907598,1.4907598,32,45,71,84,0.27526042,-0.043750003
2,2014-05-30 18:05:00+00:00,1.6488578,1.3919739,1.3919739,32,45,84,97,0.5,-0.050000004
2,2014-05-30 18:05:00+00:00,1.5283374,1.2305295,1.2305295,32,45,97,110,0.7166667,-0.050000004
2,2014-05-30 18:05:00+00:00,1.5838499,1.3566867,1.3566867,32,45,110,121,0.9166666,-0.050000004
2,2014-05-30 18:05:00+00:00,3.6746523,2.4089806,2.4089806,45,58,6,19,-0.7856771,0.26210937
2,2014-05-30 18:05:00+00:00,2.0096924,2.391011,2.391011,45,58,19,32,-0.5833333,0.275
2,2014-05-30 18:05:00+00:00,1.6563807,1.9249558,1.9249558,45,58,32,45,-0.36666667,0.275
2,2014-05-30 18:05:00+00:00,1.4894643,1.8599659,1.8599659,45,58,45,58,-0.15,0.275
2,2014-05-30 18:05:00+00:00,1.6308112,1.8762408,1.8762408,45,58,58,71,0.06666666,0.275
2,2014-05-30 18:05:00+00:00,1.7038473,1.7850457,1.7850457,45,58,71,84,0.2671875,0.2925781
2,2014-05-30 18:05:00+00:00,1.8086975,1.7080866,1.7080866,45,58,84,97,0.5132812,0.28671876
2,2014-05-30 18:05:00+00:00,1.5117108,1.6622711,1.6622711,45,58,97,110,0.7166667,0.275
2,2014-05-30 18:05:00+00:00,1.4135512,1.7703271,1.7703271,45,58,110,121,0.9166666,0.275
2,2014-05-30 18:05:00+00:00,1.7718899,1.7054151,1.7054151,58,71,32,45,-0.36666667,0.6
2,2014-05-30 18:05:00+00:00,1.6900753,1.6835814,1.6835814,58,71,45,58,-0.15416667,0.5890625
2,2014-05-30 18:05:00+00:00,1.6744857,1.7045203,1.7045203,58,71,58,71,0.069270834,0.5824219
2,2014-05-30 18:05:00+00:00,1.7051746,1.6796931,1.6796931,58,71,71,84,0.2833333,0.6
2,2014-05-30 18:05:00+00:00,1.6631075,1.6901442,1.6901442,58,71,84,97,0.4924479,0.5867188
2,2014-05-30 18:05:00+00:00,1.4909339,1.5737375,1.5737375,58,71,97,110,0.7348958,0.5878906
2,2014-05-30 18:05:00+00:00,1.3455092,1.7025304,1.7025304,58,71,110,121,0.9166666,0.6
2,2014-05-30 18:05:00+00:00,1.3404161,1.3439715,1.3439715,71,81,110,121,0.9166666,0.8875
3,2014-05-31 18:50:00+00:00,2.2378886,2.2357306,2.2357306,19,32,84,97,0.5,-0.375
3,2014-05-31 18:50:00+00:00,2.3088512,2.017198,2.017198,19,32,97,110,0.7166667,-0.375
3,2014-05-31 18:50:00+00:00,2.2089725,2.0774028,2.0774028,19,32,110,121,0.9166666,-0.375
3,2014-05-31 18:50:00+00:00,2.4765897,2.850381,2.850381,32,45,32,45,-0.36041668,-0.036718752
3,2014-05-31 18:50:00+00:00,2.3765302,2.4968889,2.4968889,32,45,45,58,-0.15,-0.050000004
3,2014-05-31 18:50:00+00:00,2.3630807,2.1528482,2.1528482,32,45,71,84,0.28177083,-0.043750003
3,2014-05-31 18:50:00+00:00,2.0138338,1.9721934,1.9721934,32,45,84,97,0.5,-0.050000004
3,2014-05-31 18:50:00+00:00,1.8190742,1.6287388,1.6287388,32,45,97,110,0.7166667,-0.050000004
3,2014-05-31 18:50:00+00:00,1.7955627,1.7402748,1.7402748,32,45,110,121,0.9166666,-0.050000004
3,2014-05-31 18:50:00+00:00,3.9862552,2.8233857,2.8233857,45,58,6,19,-0.78307295,0.26171875
3,2014-05-31 18:50:00+00:00,2.5977259,2.8210208,2.8210208,45,58,19,32,-0.5833333,0.275
3,2014-05-31 18:50:00+00:00,2.0529826,2.195925,2.195925,45,58,32,45,-0.36666667,0.275
3,2014-05-31 18:50:00+00:00,1.8358514,2.0848851,2.0848851,45,58,45,58,-0.15,0.275
3,2014-05-31 18:50:00+00:00,2.0338664,2.1352096,2.1352096,45,58,58,71,0.06666666,0.275
3,2014-05-31 18:50:00+00:00,2.228806,2.110505,2.110505,45,58,71,84,0.26901042,0.28945312
3,2014-05-31 18:50:00+00:00,2.4504616,2.0847156,2.0847156,45,58,84,97,0.5158854,0.28671876
3,2014-05-31 18:50:00+00:00,1.8344002,1.9451634,1.9451634,45,58,97,110,0.7166667,0.275
3,2014-05-31 18:50:00+00:00,1.6842126,2.0750022,2.0750022,45,58,110,121,0.9166666,0.275
3,2014-05-31 18:50:00+00:00,2.5715935,2.4174519,2.4174519,58,71,19,32,-0.5679687,0.56640625
3,2014-05-31 18:50:00+00:00,2.1779854,1.8967357,1.8967357,58,71,32,45,-0.36666667,0.6
3,2014-05-31 18:50:00+00:00,2.048231,1.8522588,1.8522588,58,71,45,58,-0.15546876,0.590625
3,2014-05-31 18:50:00+00:00,2.0400121,1.866023,1.866023,58,71,58,71,0.07239584,0.578125
3,2014-05-31 18:50:00+00:00,2.1191463,1.95888,1.95888,58,71,71,84,0.2833333,0.6
3,2014-05-31 18:50:00+00:00,2.009936,2.004903,2.004903,58,71,84,97,0.49583334,0.5910156
3,2014-05-31 18:50:00+00:00,1.8209743,1.8265756,1.8265756,58,71,97,110,0.72968745,0.59023434
3,2014-05-31 18:50:00+00:00,1.6887293,1.9823034,1.9823034,58,71,110,121,0.9166666,0.6
3,2014-05-31 18:50:00+00:00,1.7074684,1.690592,1.690592,71,81,110,121,0.9166666,0.8875
4,2014-06-03 19:20:00+00:00,2.489339,2.8097093,2.8097093,19,32,84,97,0.49791667,-0.37226564
4,2014-06-03 19:20:00+00:00,1.9357593,2.3363738,2.3363738,19,32,97,110,0.71875,-0.3722656
4,2014-06-03 19:20:00+00:00,1.8775581,2.4014301,2.4014301,19,32,110,121,0.9166666,-0.375
4,2014-06-03 19:20:00+00:00,3.8052104,4.0154166,4.0154166,32,45,32,45,-0.36562502,-0.04140625
4,2014-06-03 19:20:00+00:00,3.278504,3.5060477,3.5060477,32,45,45,58,-0.15,-0.050000004
4,2014-06-03 19:20:00+00:00,2.8729746,3.0124424,3.0124424,32,45,71,84,0.27291667,-0.047656253
4,2014-06-03 19:20:00+00:00,2.5109053,2.5428367,2.5428367,32,45,84,97,0.5057292,-0.05234375
4,2014-06-03 19:20:00+00:00,1.9287193,1.951675,1.951675,32,45,97,110,0.7166667,-0.050000004
4,2014-06-03 19:20:00+00:00,1.7837917,2.044399,2.044399,32,45,110,121,0.9166666,-0.050000004
4,2014-06-03 19:20:00+00:00,4.2162,3.724153,3.724153,45,58,19,32,-0.5833333,0.275
4,2014-06-03 19:20:00+00:00,2.5961773,3.0978937,3.0978937,45,58,32,45,-0.36666667,0.275
4,2014-06-03 19:20:00+00:00,2.3211281,2.839545,2.839545,45,58,45,58,-0.15,0.275
4,2014-06-03 19:20:00+00:00,2.2211182,2.8746743,2.8746743,45,58,58,71,0.06302083,0.27890626
4,2014-06-03 19:20:00+00:00,2.5391657,2.6106005,2.6106005,45,58,84,97,0.5153646,0.2878906
4,2014-06-03 19:20:00+00:00,2.1396542,2.2649665,2.2649665,45,58,97,110,0.7166667,0.275
4,2014-06-03 19:20:00+00:00,1.9310008,2.383236,2.383236,45,58,110,121,0.9166666,0.275
4,2014-06-03 19:20:00+00:00,3.887687,2.652991,2.652991,58,71,32,45,-0.36249998,0.59765625
4,2014-06-03 19:20:00+00:00,2.9955494,2.4975934,2.4975934,58,71,45,58,-0.15338542,0.58554685
4,2014-06-03 19:20:00+00:00,2.3397737,2.5148757,2.5148757,58,71,58,71,0.06979167,0.57851565
4,2014-06-03 19:20:00+00:00,2.249989,2.5215821,2.5215821,58,71,71,84,0.28255206,0.590625
4,2014-06-03 19:20:00+00:00,2.255054,2.496214,2.496214,58,71,84,97,0.49114585,0.5835937
4,2014-06-03 19:20:00+00:00,2.2554412,2.1244466,2.1244466,58,71,97,110,0.734375,0.5894531
4,2014-06-03 19:20:00+00:00,1.8497621,2.2613869,2.2613869,58,71,110,121,0.9166666,0.6
4,2014-06-03 19:20:00+00:00,1.9629823,1.9523691,1.9523691,71,81,110,121,0.9195313,0.8851563
5,2014-06-05 19:10:00+00:00,2.2928843,2.529982,2.529982,19,32,84,97,0.49609375,-0.37265623
5,2014-06-05 19:10:00+00:00,1.9913427,2.1703732,2.1703732,19,32,97,110,0.7166667,-0.375
5,2014-06-05 19:10:00+00:00,1.9343584,2.2295938,2.2295938,19,32,110,121,0.9166666,-0.375
5,2014-06-05 19:10:00+00:00,2.7656388,3.5446224,3.5446224,32,45,32,45,-0.36770833,-0.034765624
5,2014-06-05 19:10:00+00:00,2.5020275,3.022068,3.022068,32,45,45,58,-0.15,-0.050000004
5,2014-06-05 19:10:00+00:00,2.3255754,2.5495222,2.5495222,32,45,71,84,0.278125,-0.04257813
5,2014-06-05 19:10:00+00:00,2.2222428,2.2250748,2.2250748,32,45,84,97,0.49635416,-0.051953126
5,2014-06-05 19:10:00+00:00,1.8378971,1.683728,1.683728,32,45,97,110,0.7166667,-0.050000004
5,2014-06-05 19:10:00+00:00,1.7394079,1.8041209,1.8041209,32,45,110,121,0.9166666,-0.050000004
5,2014-06-05 19:10:00+00:00,4.2808456,3.386926,3.386926,45,58,6,19,-0.78723955,0.25820312
5,2014-06-05 19:10:00+00:00,2.7870684,3.3613853,3.3613853,45,58,19,32,-0.5833333,0.275
5,2014-06-05 19:10:00+00:00,2.318343,2.7212985,2.7212985,45,58,32,45,-0.36666667,0.275
5,2014-06-05 19:10:00+00:00,2.0944,2.50556,2.50556,45,58,45,58,-0.15,0.275
5,2014-06-05 19:10:00+00:00,2.0209973,2.5446985,2.5446985,45,58,58,71,0.06666666,0.275
5,2014-06-05 19:10:00+00:00,2.2824914,2.406616,2.406616,45,58,71,84,0.27161458,0.28984377
5,2014-06-05 19:10:00+00:00,1.9204314,2.01217,2.01217,45,58,97,110,0.7166667,0.275
5,2014-06-05 19:10:00+00:00,1.7510315,2.1426952,2.1426952,45,58,110,121,0.9166666,0.275
5,2014-06-05 19:10:00+00:00,2.4230921,2.3353086,2.3353086,58,71,32,45,-0.36666667,0.6
5,2014-06-05 19:10:00+00:00,2.5572138,2.2119968,2.2119968,58,71,45,58,-0.15572917,0.58750004
5,2014-06-05 19:10:00+00:00,2.1662588,2.2117815,2.2117815,58,71,58,71,0.07109375,0.57890624
5,2014-06-05 19:10:00+00:00,2.0032463,2.1662982,2.1662982,58,71,71,84,0.27473956,0.59765625
5,2014-06-05 19:10:00+00:00,2.1060495,2.1632142,2.1632142,58,71,84,97,0.49218753,0.5835937
5,2014-06-05 19:10:00+00:00,1.8610089,1.87193,1.87193,58,71,97,110,0.72968745,0.5875
5,2014-06-05 19:10:00+00:00,1.6139379,2.0216758,2.0216758,58,71,110,121,0.9166666,0.6
5,2014-06-05 19:10:00+00:00,1.6778843,1.6806402,1.6806402,71,81,110,121,0.9166666,0.8875
6,2014-06-07 18:55:00+00:00,1.9533806,1.9209279,1.9209279,19,32,84,97,0.5,-0.375
6,2014-06-07 18:55:00+00:00,1.7809042,1.8644869,1.8644869,19,32,97,110,0.7166667,-0.375
6,2014-06-07 18:55:00+00:00,1.7422769,1.9103565,1.9103565,19,32,110,121,0.9166666,-0.375
6,2014-06-07 18:55:00+00:00,2.0141656,2.2066903,2.2066903,32,45,32,45,-0.36015624,-0.036718752
6,2014-06-07 18:55:00+00:00,1.9264095,2.032145,2.032145,32,45,45,58,-0.15,-0.050000004
6,2014-06-07 18:55:00+00:00,1.9422853,1.651913,1.651913,32,45,84,97,0.5,-0.050000004
6,2014-06-07 18:55:00+00:00,1.8380175,1.5561868,1.5561868,32,45,97,110,0.7166667,-0.050000004
6,2014-06-07 18:55:00+00:00,1.6480135,1.6295213,1.6295213,32,45,110,121,0.9166666,-0.050000004
6,2014-06-07 18:55:00+00:00,2.0006354,2.31224,2.31224,45,58,19,32,-0.58020836,0.265625
6,2014-06-07 18:55:00+00:00,1.7122592,1.8113354,1.8113354,45,58,58,71,0.07057292,0.28398436
6,2014-06-07 18:55:00+00:00,1.9334158,1.8614764,1.8614764,45,58,71,84,0.27031252,0.2890625
6,2014-06-07 18:55:00+00:00,2.0099993,1.8995745,1.8995745,45,58,97,110,0.7166667,0.275
6,2014-06-07 18:55:00+00:00,1.8335596,2.0092568,2.0092568,45,58,110,121,0.9166666,0.275
6,2014-06-07 18:55:00+00:00,1.8629054,1.6048672,1.6048672,58,71,32,45,-0.3627604,0.60234374
6,2014-06-07 18:55:00+00:00,2.1171236,1.6153134,1.6153134,58,71,45,58,-0.1513021,0.58906245
6,2014-06-07 18:55:00+00:00,2.1427596,1.6485475,1.6485475,58,71,58,71,0.069270834,0.5824219
6,2014-06-07 18:55:00+00:00,2.0236466,1.7614087,1.7614087,58,71,71,84,0.2833333,0.6
6,2014-06-07 18:55:00+00:00,2.052623,1.8684635,1.8684635,58,71,84,97,0.49765626,0.5914062
6,2014-06-07 18:55:00+00:00,1.865542,1.8171184,1.8171184,58,71,97,110,0.7309896,0.5886719
6,2014-06-07 18:55:00+00:00,1.799222,1.9412016,1.9412016,58,71,110,121,0.9166666,0.6
6,2014-06-07 18:55:00+00:00,1.5750288,1.6872243,1.6872243,71,81,110,121,0.9166666,0.8875
7,2014-06-14 19:00:00+00:00,2.364213,2.240948,2.240948,19,32,84,97,0.5,-0.375
7,2014-06-14 19:00:00+00:00,1.8592469,1.9321758,1.9321758,19,32,97,110,0.7166667,-0.375
7,2014-06-14 19:00:00+00:00,1.8302565,1.9919248,1.9919248,19,32,110,121,0.9166666,-0.375
7,2014-06-14 19:00:00+00:00,2.6801333,3.0897934,3.0897934,32,45,32,45,-0.36197916,-0.0375
7,2014-06-14 19:00:00+00:00,2.4131842,2.614035,2.614035,32,45,45,58,-0.15,-0.050000004
7,2014-06-14 19:00:00+00:00,2.2520049,2.168171,2.168171,32,45,71,84,0.28125,-0.043359376
7,2014-06-14 19:00:00+00:00,2.1052828,1.902555,1.902555,32,45,84,97,0.5,-0.050000004
7,2014-06-14 19:00:00+00:00,1.7797103,1.456491,1.456491,32,45,97,110,0.7166667,-0.050000004
7,2014-06-14 19:00:00+00:00,1.6180053,1.5699564,1.5699564,32,45,110,121,0.9166666,-0.050000004
7,2014-06-14 19:00:00+00:00,3.675173,3.0978189,3.0978189,45,58,6,19,-0.78151035,0.26171875
7,2014-06-14 19:00:00+00:00,2.5232282,3.127104,3.127104,45,58,19,32,-0.5833333,0.275
7,2014-06-14 19:00:00+00:00,2.4070764,2.5337462,2.5337462,45,58,32,45,-0.36666667,0.275
7,2014-06-14 19:00:00+00:00,2.2510755,2.355123,2.355123,45,58,45,58,-0.15,0.275
7,2014-06-14 19:00:00+00:00,2.2484508,2.4000206,2.4000206,45,58,58,71,0.06666666,0.275
7,2014-06-14 19:00:00+00:00,2.2667246,2.2673461,2.2673461,45,58,71,84,0.2653646,0.29140624
7,2014-06-14 19:00:00+00:00,2.1458123,2.141603,2.141603,45,58,84,97,0.5122396,0.2875
7,2014-06-14 19:00:00+00:00,1.8099726,1.8825603,1.8825603,45,58,97,110,0.7166667,0.275
7,2014-06-14 19:00:00+00:00,1.5968282,1.9966136,1.9966136,45,58,110,121,0.9166666,0.275
7,2014-06-14 19:00:00+00:00,2.3819017,2.198087,2.198087,58,71,32,45,-0.36666667,0.6
7,2014-06-14 19:00:00+00:00,2.3584185,2.1068094,2.1068094,58,71,45,58,-0.15078126,0.5917969
7,2014-06-14 19:00:00+00:00,2.3181581,2.1354065,2.1354065,58,71,58,71,0.07291667,0.584375
7,2014-06-14 19:00:00+00:00,2.1770003,2.0640361,2.0640361,58,71,71,84,0.2833333,0.6
7,2014-06-14 19:00:00+00:00,2.1839721,2.0377758,2.0377758,58,71,84,97,0.4950521,0.5910156
7,2014-06-14 19:00:00+00:00,1.7455274,1.7739809,1.7739809,58,71,97,110,0.726823,0.59023434
7,2014-06-14 19:00:00+00:00,1.5179192,1.8908987,1.8908987,58,71,110,121,0.9166666,0.6
7,2014-06-14 19:00:00+00:00,1.6128894,1.5092082,1.5092082,71,81,110,121,0.9166666,0.8875
8,2014-06-16 18:50:00+00:00,1.5669091,1.8056557,1.8056557,19,32,84,97,0.49791664,-0.35742188
8,2014-06-16 18:50:00+00:00,1.6865349,1.9312955,1.9312955,32,45,45,58,-0.14401042,-0.03828125
8,2014-06-16 18:50:00+00:00,1.7933706,1.6347933,1.6347933,32,45,71,84,0.28020835,-0.042968754
8,2014-06-16 18:50:00+00:00,1.6967812,1.4755692,1.4755692,32,45,84,97,0.5057292,-0.05234375
8,2014-06-16 18:50:00+00:00,1.4625274,1.1997193,1.1997193,32,45,97,110,0.7166667,-0.050000004
8,2014-06-16 18:50:00+00:00,1.4173154,1.3174146,1.3174146,32,45,110,121,0.9166666,-0.050000004
8,2014-06-16 18:50:00+00:00,2.1665165,2.5895317,2.5895317,45,58,19,32,-0.5809896,0.26640624
8,2014-06-16 18:50:00+00:00,2.0307813,2.0253022,2.0253022,45,58,32,45,-0.36666667,0.275
8,2014-06-16 18:50:00+00:00,1.8204277,1.9441617,1.9441617,45,58,45,58,-0.15,0.275
8,2014-06-16 18:50:00+00:00,1.9226738,1.9989469,1.9989469,45,58,58,71,0.06666666,0.275
8,2014-06-16 18:50:00+00:00,1.9969093,1.96472,1.96472,45,58,71,84,0.26770836,0.28945312
8,2014-06-16 18:50:00+00:00,1.93564,1.9364538,1.9364538,45,58,84,97,0.5177083,0.28398436
8,2014-06-16 18:50:00+00:00,1.7255895,1.7725682,1.7725682,45,58,97,110,0.7166667,0.275
8,2014-06-16 18:50:00+00:00,1.5911896,1.8744409,1.8744409,45,58,110,121,0.9166666,0.275
8,2014-06-16 18:50:00+00:00,2.182338,1.7714388,1.7714388,58,71,32,45,-0.35833335,0.5894531
8,2014-06-16 18:50:00+00:00,2.0004275,1.7616816,1.7616816,58,71,45,58,-0.1484375,0.5894531
8,2014-06-16 18:50:00+00:00,2.0494986,1.7829814,1.7829814,58,71,58,71,0.06796875,0.58125
8,2014-06-16 18:50:00+00:00,2.034253,1.8547107,1.8547107,58,71,71,84,0.2833333,0.6
8,2014-06-16 18:50:00+00:00,2.046587,1.884026,1.884026,58,71,84,97,0.49765626,0.5914062
8,2014-06-16 18:50:00+00:00,1.8694555,1.6871308,1.6871308,58,71,97,110,0.73072916,0.59023434
8,2014-06-16 18:50:00+00:00,1.6424208,1.8166529,1.8166529,58,71,110,121,0.9166666,0.6
8,2014-06-16 18:50:00+00:00,1.5198015,1.3961114,1.3961114,71,81,110,121,0.9166666,0.8875
9,2014-06-21 19:10:00+00:00,2.1767561,1.8941296,1.8941296,32,45,84,97,0.5052084,-0.050000004
9,2014-06-21 19:10:00+00:00,1.4771063,1.3513106,1.3513106,32,45,97,110,0.71796876,-0.04921875
9,2014-06-21 19:10:00+00:00,1.6190454,1.4795525,1.4795525,32,45,110,121,0.9166666,-0.050000004
9,2014-06-21 19:10:00+00:00,2.5486002,2.643235,2.643235,45,58,32,45,-0.36354166,0.2808594
9,2014-06-21 19:10:00+00:00,2.277262,2.506253,2.506253,45,58,45,58,-0.15,0.275
9,2014-06-21 19:10:00+00:00,2.3968756,2.5937967,2.5937967,45,58,58,71,0.071354166,0.27109373
9,2014-06-21 19:10:00+00:00,2.2315152,2.2274294,2.2274294,45,58,84,97,0.5148437,0.27539062
9,2014-06-21 19:10:00+00:00,1.796021,1.8627051,1.8627051,45,58,97,110,0.7166667,0.275
9,2014-06-21 19:10:00+00:00,1.3245343,1.9779938,1.9779938,45,58,110,121,0.9166666,0.275
9,2014-06-21 19:10:00+00:00,2.290725,2.3130352,2.3130352,58,71,32,45,-0.36015624,0.590625
9,2014-06-21 19:10:00+00:00,2.2255943,2.219252,2.219252,58,71,45,58,-0.1575521,0.590625
9,2014-06-21 19:10:00+00:00,2.3762517,2.3061512,2.3061512,58,71,58,71,0.071614586,0.5902344
9,2014-06-21 19:10:00+00:00,2.3726082,2.2243347,2.2243347,58,71,71,84,0.2833333,0.6
9,2014-06-21 19:10:00+00:00,1.8008162,1.776865,1.776865,58,71,97,110,0.72760415,0.5882812
9,2014-06-21 19:10:00+00:00,1.265287,1.8879224,1.8879224,58,71,110,121,0.9166666,0.6
10,2014-06-28 19:15:00+00:00,1.4809259,1.8689388,1.8689388,19,32,97,110,0.7268229,-0.365625
10,2014-06-28 19:15:00+00:00,1.7597475,1.9640579,1.9640579,19,32,110,121,0.9161458,-0.36562496
10,2014-06-28 19:15:00+00:00,1.9299989,2.0060918,2.0060918,32,45,84,97,0.5,-0.050000004
10,2014-06-28 19:15:00+00:00,1.6267723,1.4423898,1.4423898,32,45,97,110,0.7166667,-0.050000004
10,2014-06-28 19:15:00+00:00,1.5618169,1.5595411,1.5595411,32,45,110,121,0.9166666,-0.050000004
10,2014-06-28 19:15:00+00:00,2.0424855,2.459715,2.459715,45,58,45,58,-0.15,0.275
10,2014-06-28 19:15:00+00:00,2.034514,2.4494298,2.4494298,45,58,58,71,0.061979167,0.28398436
10,2014-06-28 19:15:00+00:00,1.9247459,1.8806472,1.8806472,45,58,97,110,0.7166667,0.275
10,2014-06-28 19:15:00+00:00,1.5966417,1.9915695,1.9915695,45,58,110,121,0.9166666,0.275
10,2014-06-28 19:15:00+00:00,2.2221694,2.165909,2.165909,58,71,45,58,-0.15859374,0.58984375
10,2014-06-28 19:15:00+00:00,2.177288,2.2424877,2.2424877,58,71,58,71,0.07265625,0.5875
10,2014-06-28 19:15:00+00:00,2.2686882,2.1645215,2.1645215,58,71,71,84,0.2833333,0.6
10,2014-06-28 19:15:00+00:00,1.8333769,1.7446942,1.7446942,58,71,97,110,0.7322917,0.5914062
10,2014-06-28 19:15:00+00:00,1.4016793,1.886103,1.886103,58,71,110,121,0.9166666,0.6
10,2014-06-28 19:15:00+00:00,1.0554264,1.499056,1.499056,71,81,110,121,0.921875,0.8851563
11,2014-07-02 18:50:00+00:00,1.6734809,1.430542,1.430542,32,45,97,110,0.7085937,-0.04140625
11,2014-07-02 18:50:00+00:00,1.7970262,2.01966,2.01966,45,58,110,121,0.9166666,0.275
11,2014-07-02 18:50:00+00:00,2.2632377,2.0340726,2.0340726,58,71,84,97,0.4872396,0.5914062
11,2014-07-02 18:50:00+00:00,1.8599885,1.5417529,1.5417529,71,81,110,121,0.91770834,0.8871094
12,2014-07-04 18:35:00+00:00,1.9861186,1.9621398,1.9621398,19,32,84,97,0.5,-0.375
12,2014-07-04 18:35:00+00:00,1.7490393,1.8101547,1.8101547,19,32,97,110,0.7166667,-0.375
12,2014-07-04 18:35:00+00:00,1.7350055,1.8863065,1.8863065,19,32,110,121,0.9166666,-0.375
12,2014-07-04 18:35:00+00:00,2.2522662,2.401747,2.401747,32,45,32,45,-0.3622396,-0.034765624
12,2014-07-04 18:35:00+00:00,2.062471,2.1425593,2.1425593,32,45,45,58,-0.15,-0.050000004
12,2014-07-04 18:35:00+00:00,1.8461959,1.8596658,1.8596658,32,45,71,84,0.27604166,-0.042578127
12,2014-07-04 18:35:00+00:00,1.699772,1.5146865,1.5146865,32,45,97,110,0.7166667,-0.050000004
12,2014-07-04 18:35:00+00:00,1.6353811,1.636806,1.636806,32,45,110,121,0.9166666,-0.050000004
12,2014-07-04 18:35:00+00:00,2.267165,2.695339,2.695339,45,58,19,32,-0.58437496,0.27382815
12,2014-07-04 18:35:00+00:00,2.4360807,2.0757477,2.0757477,45,58,32,45,-0.36666667,0.275
12,2014-07-04 18:35:00+00:00,2.2659588,1.9917532,1.9917532,45,58,45,58,-0.15677084,0.27304688
12,2014-07-04 18:35:00+00:00,1.8485438,2.0171478,2.0171478,45,58,58,71,0.05885417,0.265625
12,2014-07-04 18:35:00+00:00,1.9555634,1.9880414,1.9880414,45,58,97,110,0.7166667,0.275
12,2014-07-04 18:35:00+00:00,1.8893461,2.1235898,2.1235898,45,58,110,121,0.9166666,0.275
12,2014-07-04 18:35:00+00:00,2.26516,1.8245678,1.8245678,58,71,32,45,-0.36432293,0.5929687
12,2014-07-04 18:35:00+00:00,2.0500343,2.1028023,2.1028023,58,71,84,97,0.49166667,0.58515626
12,2014-07-04 18:35:00+00:00,2.0047426,1.8904991,1.8904991,58,71,97,110,0.7356771,0.5871093
12,2014-07-04 18:35:00+00:00,1.8323895,2.073929,2.073929,58,71,110,121,0.9166666,0.6
12,2014-07-04 18:35:00+00:00,1.8626575,1.7139412,1.7139412,71,81,110,121,0.9166666,0.8875
15,2014-07-07 19:10:00+00:00,1.7501307,2.8775923,2.8775923,32,45,84,97,0.5033854,-0.041796874
15,2014-07-07 19:10:00+00:00,1.6118611,2.079578,2.079578,32,45,97,110,0.7190105,-0.028906247
15,2014-07-07 19:10:00+00:00,2.929037,3.776335,3.776335,45,58,32,45,-0.3671875,0.28671876
15,2014-07-07 19:10:00+00:00,2.9857805,3.5369427,3.5369427,45,58,45,58,-0.14583334,0.27617186
15,2014-07-07 19:10:00+00:00,2.8606668,3.6217122,3.6217122,45,58,58,71,0.072916664,0.275
15,2014-07-07 19:10:00+00:00,2.2080362,2.3164444,2.3164444,45,58,97,110,0.7166667,0.275
15,2014-07-07 19:10:00+00:00,1.845745,2.4258673,2.4258673,45,58,110,121,0.9166666,0.275
15,2014-07-07 19:10:00+00:00,2.9600613,2.9452112,2.9452112,58,71,71,84,0.28802085,0.59335935
15,2014-07-07 19:10:00+00:00,2.338174,2.179346,2.179346,58,71,97,110,0.7218751,0.58984375
15,2014-07-07 19:10:00+00:00,2.2047114,2.2750754,2.2750754,58,71,110,121,0.9166666,0.6
15,2014-07-07 19:10:00+00:00,1.8842033,1.9651363,1.9651363,71,81,110,121,0.9166666,0.8875
16,2014-07-09 18:55:00+00:00,2.3395042,3.4459963,3.4459963,45,58,19,32,-0.58515626,0.27929688
16,2014-07-09 18:55:00+00:00,2.204261,2.8242018,2.8242018,45,58,32,45,-0.3658854,0.2808594
16,2014-07-09 18:55:00+00:00,2.340111,2.5833514,2.5833514,45,58,45,58,-0.15,0.275
16,2014-07-09 18:55:00+00:00,2.1141343,2.6075573,2.6075573,45,58,58,71,0.06328125,0.27812502
16,2014-07-09 18:55:00+00:00,1.7140267,1.9393,1.9393,45,58,110,121,0.91875005,0.27968752
16,2014-07-09 18:55:00+00:00,2.9253163,2.3912663,2.3912663,58,71,32,45,-0.36380208,0.58320314
16,2014-07-09 18:55:00+00:00,2.3477094,2.2687006,2.2687006,58,71,45,58,-0.15130208,0.5875
16,2014-07-09 18:55:00+00:00,2.5391185,2.287617,2.287617,58,71,58,71,0.064062506,0.5765625
17,2014-07-11 18:45:00+00:00,1.6112733,1.7221419,1.7221419,19,32,110,121,0.915625,-0.3738281
17,2014-07-11 18:45:00+00:00,1.7023233,1.461968,1.461968,32,45,84,97,0.5,-0.050000004
17,2014-07-11 18:45:00+00:00,1.420778,1.2138144,1.2138144,32,45,97,110,0.7166667,-0.04296875
17,2014-07-11 18:45:00+00:00,1.3655324,1.2940786,1.2940786,32,45,110,121,0.9195313,-0.051562503
17,2014-07-11 18:45:00+00:00,2.415806,1.8261812,1.8261812,45,58,110,121,0.9166666,0.275
17,2014-07-11 18:45:00+00:00,1.8887825,1.3252971,1.3252971,71,81,110,121,0.9161458,0.88593745
18,2014-07-14 19:15:00+00:00,1.3552196,1.3920983,1.3920983,19,32,84,97,0.5,-0.375
18,2014-07-14 19:15:00+00:00,1.3740602,1.357676,1.357676,19,32,97,110,0.7166667,-0.375
18,2014-07-14 19:15:00+00:00,1.3521619,1.4180288,1.4180288,19,32,110,121,0.9166666,-0.375
18,2014-07-14 19:15:00+00:00,1.5264171,1.6024233,1.6024233,32,45,32,45,-0.36041668,-0.036718752
18,2014-07-14 19:15:00+00:00,1.441046,1.3982677,1.3982677,32,45,45,58,-0.15,-0.050000004
18,2014-07-14 19:15:00+00:00,1.566901,1.1141999,1.1141999,32,45,71,84,0.27968752,-0.04140625
18,2014-07-14 19:15:00+00:00,1.4081566,1.0238358,1.0238358,32,45,84,97,0.5,-0.050000004
18,2014-07-14 19:15:00+00:00,1.2630668,0.89983594,0.89983594,32,45,97,110,0.7166667,-0.050000004
18,2014-07-14 19:15:00+00:00,1.2599078,1.0047761,1.0047761,32,45,110,121,0.9166666,-0.050000004
18,2014-07-14 19:15:00+00:00,1.7094834,2.087009,2.087009,45,58,19,32,-0.5833333,0.275
18,2014-07-14 19:15:00+00:00,1.7959318,1.6676682,1.6676682,45,58,32,45,-0.36666667,0.275
18,2014-07-14 19:15:00+00:00,1.7593434,1.651388,1.651388,45,58,45,58,-0.15,0.275
18,2014-07-14 19:15:00+00:00,1.714783,1.6892394,1.6892394,45,58,58,71,0.06666666,0.275
18,2014-07-14 19:15:00+00:00,1.6843638,1.6594988,1.6594988,45,58,71,84,0.26041666,0.2925781
18,2014-07-14 19:15:00+00:00,1.7736217,1.6303807,1.6303807,45,58,84,97,0.5158854,0.28398436
18,2014-07-14 19:15:00+00:00,1.453085,1.5676435,1.5676435,45,58,97,110,0.7166667,0.275
18,2014-07-14 19:15:00+00:00,1.4009811,1.6379688,1.6379688,45,58,110,121,0.9166666,0.275
18,2014-07-14 19:15:00+00:00,1.622746,1.504792,1.504792,58,71,32,45,-0.36666667,0.6
18,2014-07-14 19:15:00+00:00,2.090092,1.511436,1.511436,58,71,45,58,-0.15651041,0.5914062
18,2014-07-14 19:15:00+00:00,1.9528714,1.5444832,1.5444832,58,71,58,71,0.069270834,0.5824219
18,2014-07-14 19:15:00+00:00,1.8108695,1.591447,1.591447,58,71,71,84,0.2833333,0.6
18,2014-07-14 19:15:00+00:00,1.7636223,1.6094965,1.6094965,58,71,84,97,0.49244794,0.58554685
18,2014-07-14 19:15:00+00:00,1.4551153,1.536732,1.536732,58,71,97,110,0.7299479,0.59023434
18,2014-07-14 19:15:00+00:00,1.2704881,1.6098565,1.6098565,58,71,110,121,0.9166666,0.6
18,2014-07-14 19:15:00+00:00,1.1984516,1.1802351,1.1802351,71,81,110,121,0.9166666,0.8875
19,2014-07-17 18:05:00+00:00,1.6915694,1.7646179,1.7646179,19,32,84,97,0.5,-0.375
19,2014-07-17 18:05:00+00:00,1.5219922,1.6442279,1.6442279,19,32,97,110,0.7166667,-0.375
19,2014-07-17 18:05:00+00:00,1.4690487,1.7120438,1.7120438,19,32,110,121,0.9166666,-0.375
19,2014-07-17 18:05:00+00:00,2.2151563,2.1418302,2.1418302,32,45,32,45,-0.365625,-0.039453126
19,2014-07-17 18:05:00+00:00,1.9794114,1.8463874,1.8463874,32,45,45,58,-0.15,-0.050000004
19,2014-07-17 18:05:00+00:00,1.9005781,1.5179679,1.5179679,32,45,71,84,0.27942708,-0.045703128
19,2014-07-17 18:05:00+00:00,1.7050498,1.4332973,1.4332973,32,45,84,97,0.5044271,-0.051953126
19,2014-07-17 18:05:00+00:00,1.635195,1.21496,1.21496,32,45,97,110,0.7166667,-0.050000004
19,2014-07-17 18:05:00+00:00,1.6102817,1.3345258,1.3345258,32,45,110,121,0.9166666,-0.050000004
19,2014-07-17 18:05:00+00:00,1.7257217,2.5541253,2.5541253,45,58,19,32,-0.584375,0.27109376
19,2014-07-17 18:05:00+00:00,1.8575035,1.9929919,1.9929919,45,58,32,45,-0.36666667,0.275
19,2014-07-17 18:05:00+00:00,1.9509691,1.9162303,1.9162303,45,58,45,58,-0.15,0.275
19,2014-07-17 18:05:00+00:00,1.992856,1.9504522,1.9504522,45,58,58,71,0.06666666,0.275
19,2014-07-17 18:05:00+00:00,1.9806659,1.8953573,1.8953573,45,58,71,84,0.265625,0.28945315
19,2014-07-17 18:05:00+00:00,2.0565572,1.8828545,1.8828545,45,58,84,97,0.5119791,0.28203124
19,2014-07-17 18:05:00+00:00,1.725294,1.7527051,1.7527051,45,58,97,110,0.7166667,0.275
19,2014-07-17 18:05:00+00:00,1.5764804,1.8605275,1.8605275,45,58,110,121,0.9166666,0.275
19,2014-07-17 18:05:00+00:00,1.5046049,1.7736038,1.7736038,58,71,32,45,-0.37187502,0.5816406
19,2014-07-17 18:05:00+00:00,1.7412037,1.8304886,1.8304886,58,71,71,84,0.29609376,0.5992187
19,2014-07-17 18:05:00+00:00,1.9649774,1.8465923,1.8465923,58,71,84,97,0.49375,0.58984375
19,2014-07-17 18:05:00+00:00,1.5226324,1.6793686,1.6793686,58,71,97,110,0.7278646,0.58984375
19,2014-07-17 18:05:00+00:00,1.4926031,1.789133,1.789133,58,71,110,121,0.9104167,0.58867186
20,2014-07-31 18:20:00+00:00,0.83307266,1.1060972,1.1060972,19,32,110,121,0.91536456,-0.39023435
21,2014-08-03 18:50:00+00:00,1.4330413,1.5194424,1.5194424,19,32,84,97,0.5,-0.375
21,2014-08-03 18:50:00+00:00,1.4289101,1.3548987,1.3548987,19,32,97,110,0.7166667,-0.375
21,2014-08-03 18:50:00+00:00,1.189059,1.440387,1.440387,19,32,110,121,0.9166666,-0.375
21,2014-08-03 18:50:00+00:00,2.045771,2.0353448,2.0353448,32,45,32,45,-0.36015624,-0.036718752
21,2014-08-03 18:50:00+00:00,1.7044238,1.555242,1.555242,32,45,45,58,-0.15,-0.050000004
21,2014-08-03 18:50:00+00:00,1.5304615,1.2477342,1.2477342,32,45,71,84,0.27916667,-0.041015625
21,2014-08-03 18:50:00+00:00,1.3753499,1.1937014,1.1937014,32,45,84,97,0.5,-0.050000004
21,2014-08-03 18:50:00+00:00,1.5424125,0.88115484,0.88115484,32,45,97,110,0.7166667,-0.050000004
21,2014-08-03 18:50:00+00:00,1.2875199,1.0155396,1.0155396,32,45,110,121,0.9166666,-0.050000004
21,2014-08-03 18:50:00+00:00,2.8530645,2.6178005,2.6178005,45,58,19,32,-0.578125,0.27265626
21,2014-08-03 18:50:00+00:00,2.1789906,2.0799878,2.0799878,45,58,32,45,-0.36666667,0.275
21,2014-08-03 18:50:00+00:00,1.4338324,1.9115564,1.9115564,45,58,45,58,-0.15,0.275
21,2014-08-03 18:50:00+00:00,1.6011693,1.9347509,1.9347509,45,58,58,71,0.06666666,0.275
21,2014-08-03 18:50:00+00:00,1.643574,1.7673112,1.7673112,45,58,71,84,0.26718754,0.28945312
21,2014-08-03 18:50:00+00:00,1.6501205,1.6744912,1.6744912,45,58,84,97,0.5119792,0.28476563
21,2014-08-03 18:50:00+00:00,1.429468,1.486619,1.486619,45,58,97,110,0.7166667,0.275
21,2014-08-03 18:50:00+00:00,1.2258357,1.5915552,1.5915552,45,58,110,121,0.9166666,0.275
21,2014-08-03 18:50:00+00:00,1.1284068,1.822845,1.822845,58,71,32,45,-0.36666667,0.6
21,2014-08-03 18:50:00+00:00,1.3760762,1.7337631,1.7337631,58,71,45,58,-0.15338542,0.5929687
21,2014-08-03 18:50:00+00:00,1.4144907,1.7460163,1.7460163,58,71,58,71,0.07213542,0.5832032
21,2014-08-03 18:50:00+00:00,1.4653004,1.6564149,1.6564149,58,71,71,84,0.2833333,0.6
21,2014-08-03 18:50:00+00:00,1.4513769,1.6108464,1.6108464,58,71,84,97,0.49583334,0.5910156
21,2014-08-03 18:50:00+00:00,1.2667735,1.3613911,1.3613911,58,71,97,110,0.7307292,0.5882813
21,2014-08-03 18:50:00+00:00,1.1723866,1.500124,1.500124,58,71,110,121,0.9166666,0.6
21,2014-08-03 18:50:00+00:00,1.1139294,0.9869664,0.9869664,71,81,110,121,0.9166666,0.8875
22,2014-08-07 18:25:00+00:00,0.868674,1.4287903,1.4287903,19,32,110,121,0.9166666,-0.375
22,2014-08-07 18:25:00+00:00,2.021272,2.00751,2.00751,32,45,32,45,-0.36380208,-0.037109375
22,2014-08-07 18:25:00+00:00,1.5956626,1.54956,1.54956,32,45,45,58,-0.15,-0.050000004
22,2014-08-07 18:25:00+00:00,1.6050767,1.2426578,1.2426578,32,45,71,84,0.27421874,-0.044921875
22,2014-08-07 18:25:00+00:00,0.97840536,0.99806637,0.99806637,32,45,110,121,0.9166666,-0.050000004
22,2014-08-07 18:25:00+00:00,2.289383,2.0872488,2.0872488,45,58,32,45,-0.36380208,0.2691406
22,2014-08-07 18:25:00+00:00,1.4879586,1.9361712,1.9361712,45,58,45,58,-0.15,0.275
22,2014-08-07 18:25:00+00:00,1.5513693,1.9519717,1.9519717,45,58,58,71,0.05859375,0.2578125
22,2014-08-07 18:25:00+00:00,1.1756305,1.4932622,1.4932622,45,58,97,110,0.7174479,0.27421877
22,2014-08-07 18:25:00+00:00,0.99435616,1.5969836,1.5969836,45,58,110,121,0.9166666,0.275
23,2014-08-09 18:15:00+00:00,1.164666,1.4644632,1.4644632,19,32,84,97,0.5,-0.375
23,2014-08-09 18:15:00+00:00,1.0940973,1.2340162,1.2340162,19,32,97,110,0.7166667,-0.375
23,2014-08-09 18:15:00+00:00,1.1067027,1.3441755,1.3441755,19,32,110,121,0.9166666,-0.375
23,2014-08-09 18:15:00+00:00,1.8036748,2.0854285,2.0854285,32,45,32,45,-0.36015624,-0.036718752
23,2014-08-09 18:15:00+00:00,1.5933839,1.5540228,1.5540228,32,45,45,58,-0.15,-0.050000004
23,2014-08-09 18:15:00+00:00,1.752171,1.2439448,1.2439448,32,45,71,84,0.2794271,-0.044531252
23,2014-08-09 18:15:00+00:00,1.6281022,1.1710777,1.1710777,32,45,84,97,0.5,-0.050000004
23,2014-08-09 18:15:00+00:00,1.503488,0.76526237,0.76526237,32,45,97,110,0.7166667,-0.050000004
23,2014-08-09 18:15:00+00:00,1.5085266,0.9148283,0.9148283,32,45,110,121,0.9166666,-0.050000004
23,2014-08-09 18:15:00+00:00,2.7936583,2.6997287,2.6997287,45,58,6,19,-0.78020835,0.26210934
23,2014-08-09 18:15:00+00:00,2.667291,2.7340972,2.7340972,45,58,19,32,-0.5833333,0.275
23,2014-08-09 18:15:00+00:00,2.205727,2.1547916,2.1547916,45,58,32,45,-0.36666667,0.275
23,2014-08-09 18:15:00+00:00,1.9871175,1.990989,1.990989,45,58,45,58,-0.15,0.275
23,2014-08-09 18:15:00+00:00,1.7694478,2.027736,2.027736,45,58,58,71,0.06328125,0.271875
23,2014-08-09 18:15:00+00:00,0.9631261,0.9275513,0.9275513,71,81,110,121,0.91875005,0.88789064
24,2014-08-10 18:55:00+00:00,1.3436333,1.3103863,1.3103863,19,32,84,97,0.5,-0.375
24,2014-08-10 18:55:00+00:00,1.1401851,1.2097083,1.2097083,19,32,97,110,0.7166667,-0.375
24,2014-08-10 18:55:00+00:00,1.1574023,1.3022332,1.3022332,19,32,110,121,0.9166666,-0.375
24,2014-08-10 18:55:00+00:00,1.5812247,1.5746742,1.5746742,32,45,32,45,-0.35989583,-0.035937503
24,2014-08-10 18:55:00+00:00,1.4000893,1.2438122,1.2438122,32,45,45,58,-0.15,-0.050000004
24,2014-08-10 18:55:00+00:00,1.64965,0.9694965,0.9694965,32,45,71,84,0.28203124,-0.044140626
24,2014-08-10 18:55:00+00:00,1.4740864,0.95423615,0.95423615,32,45,84,97,0.5,-0.050000004
24,2014-08-10 18:55:00+00:00,1.2012011,0.7238518,0.7238518,32,45,97,110,0.7166667,-0.050000004
24,2014-08-10 18:55:00+00:00,1.2654569,0.86338025,0.86338025,32,45,110,121,0.9166666,-0.050000004
24,2014-08-10 18:55:00+00:00,2.448365,2.331764,2.331764,45,58,6,19,-0.7820312,0.26171875
24,2014-08-10 18:55:00+00:00,2.590342,2.3442106,2.3442106,45,58,19,32,-0.5833333,0.275
24,2014-08-10 18:55:00+00:00,1.8362163,1.8635468,1.8635468,45,58,32,45,-0.36666667,0.275
24,2014-08-10 18:55:00+00:00,1.5368389,1.7457609,1.7457609,45,58,45,58,-0.15,0.275
24,2014-08-10 18:55:00+00:00,1.4069824,1.7490689,1.7490689,45,58,58,71,0.06666666,0.275
24,2014-08-10 18:55:00+00:00,1.4530065,1.5582772,1.5582772,45,58,71,84,0.27031252,0.2890625
24,2014-08-10 18:55:00+00:00,1.5407989,1.4238418,1.4238418,45,58,84,97,0.5148437,0.28476563
24,2014-08-10 18:55:00+00:00,1.2842417,1.3131894,1.3131894,45,58,97,110,0.7166667,0.275
24,2014-08-10 18:55:00+00:00,1.2239097,1.421917,1.421917,45,58,110,121,0.9166666,0.275
24,2014-08-10 18:55:00+00:00,1.4657811,2.0109391,2.0109391,58,71,19,32,-0.56848955,0.56757814
24,2014-08-10 18:55:00+00:00,1.0992657,1.670703,1.670703,58,71,32,45,-0.36666667,0.6
24,2014-08-10 18:55:00+00:00,1.1852382,1.6105444,1.6105444,58,71,45,58,-0.15338542,0.5929687
24,2014-08-10 18:55:00+00:00,1.1904012,1.6255146,1.6255146,58,71,58,71,0.069270834,0.5824219
24,2014-08-10 18:55:00+00:00,1.3364882,1.4964824,1.4964824,58,71,71,84,0.2833333,0.6
24,2014-08-10 18:55:00+00:00,1.3453346,1.4166855,1.4166855,58,71,84,97,0.49765626,0.5914062
24,2014-08-10 18:55:00+00:00,1.279044,1.2054713,1.2054713,58,71,97,110,0.7294271,0.5894531
24,2014-08-10 18:55:00+00:00,1.1923702,1.3550739,1.3550739,58,71,110,121,0.9166666,0.6
24,2014-08-10 18:55:00+00:00,1.1008853,0.84176314,0.84176314,71,81,110,121,0.9166666,0.8875
25,2014-08-13 17:50:00+00:00,3.1488376,3.467306,3.467306,19,32,84,97,0.5,-0.375
25,2014-08-13 17:50:00+00:00,2.581678,2.881486,2.881486,19,32,97,110,0.7166667,-0.375
25,2014-08-13 17:50:00+00:00,2.4387393,2.8937113,2.8937113,19,32,110,121,0.9166666,-0.375
25,2014-08-13 17:50:00+00:00,4.206282,4.8963943,4.8963943,32,45,32,45,-0.36354166,-0.035546876
25,2014-08-13 17:50:00+00:00,3.5493855,4.3700366,4.3700366,32,45,45,58,-0.15,-0.050000004
25,2014-08-13 17:50:00+00:00,2.9225202,3.9215546,3.9215546,32,45,71,84,0.2809896,-0.046484374
25,2014-08-13 17:50:00+00:00,2.9502506,3.2653372,3.2653372,32,45,84,97,0.5057292,-0.05234375
25,2014-08-13 17:50:00+00:00,2.3305497,2.5077388,2.5077388,32,45,97,110,0.7166667,-0.050000004
25,2014-08-13 17:50:00+00:00,2.2705739,2.5420735,2.5420735,32,45,110,121,0.9166666,-0.050000004
25,2014-08-13 17:50:00+00:00,4.538493,4.1671004,4.1671004,45,58,6,19,-0.79010415,0.2625
25,2014-08-13 17:50:00+00:00,3.8223588,4.029353,4.029353,45,58,19,32,-0.5833333,0.275
25,2014-08-13 17:50:00+00:00,3.470253,3.3942647,3.3942647,45,58,32,45,-0.36666667,0.275
25,2014-08-13 17:50:00+00:00,3.0227108,3.1770103,3.1770103,45,58,45,58,-0.15,0.275
25,2014-08-13 17:50:00+00:00,2.670455,3.266093,3.266093,45,58,58,71,0.06979167,0.27695313
25,2014-08-13 17:50:00+00:00,2.7646482,2.8956912,2.8956912,45,58,84,97,0.5125,0.2824219
25,2014-08-13 17:50:00+00:00,2.286983,2.4933147,2.4933147,45,58,97,110,0.7166667,0.275
25,2014-08-13 17:50:00+00:00,2.128858,2.5839674,2.5839674,45,58,110,121,0.9166666,0.275
25,2014-08-13 17:50:00+00:00,2.5374417,3.3988535,3.3988535,58,71,19,32,-0.5658854,0.5796875
25,2014-08-13 17:50:00+00:00,2.4551752,2.7646031,2.7646031,58,71,32,45,-0.36666667,0.6
25,2014-08-13 17:50:00+00:00,2.5463707,2.6286392,2.6286392,58,71,45,58,-0.15442708,0.5800781
25,2014-08-13 17:50:00+00:00,2.435583,2.7816594,2.7816594,58,71,58,71,0.071875006,0.5851562
25,2014-08-13 17:50:00+00:00,2.4611661,2.7401762,2.7401762,58,71,71,84,0.2833333,0.6
25,2014-08-13 17:50:00+00:00,2.5209415,2.658301,2.658301,58,71,84,97,0.48854166,0.58632815
25,2014-08-13 17:50:00+00:00,2.1431289,2.2726476,2.2726476,58,71,97,110,0.73020834,0.5921875
25,2014-08-13 17:50:00+00:00,1.9353529,2.3786952,2.3786952,58,71,110,121,0.9166666,0.6
25,2014-08-13 17:50:00+00:00,1.8789506,2.24516,2.24516,71,81,110,121,0.9166666,0.8875
26,2014-08-17 19:00:00+00:00,1.4073787,1.2554705,1.2554705,71,81,110,121,0.9166666,0.8875
27,2014-08-18 18:05:00+00:00,2.9558165,1.7636875,1.7636875,32,45,32,45,-0.36562496,-0.0375
27,2014-08-18 18:05:00+00:00,1.937823,1.3979089,1.3979089,32,45,45,58,-0.15286458,-0.040234376
27,2014-08-18 18:05:00+00:00,3.2858555,2.260632,2.260632,45,58,6,19,-0.7856771,0.26289064
27,2014-08-18 18:05:00+00:00,1.5205535,2.3133113,2.3133113,45,58,19,32,-0.58489585,0.2703125
27,2014-08-18 18:05:00+00:00,1.3033926,1.8387783,1.8387783,45,58,32,45,-0.36328125,0.26640624
27,2014-08-18 18:05:00+00:00,1.4613372,1.7442074,1.7442074,45,58,45,58,-0.15,0.275
27,2014-08-18 18:05:00+00:00,1.6462473,1.6791421,1.6791421,45,58,58,71,0.06119792,0.28945315
27,2014-08-18 18:05:00+00:00,1.0706987,1.629477,1.629477,58,71,32,45,-0.37083334,0.60234374
27,2014-08-18 18:05:00+00:00,1.3494223,1.5894343,1.5894343,58,71,45,58,-0.15156251,0.5917969
27,2014-08-18 18:05:00+00:00,1.3279766,1.5687017,1.5687017,58,71,58,71,0.07057292,0.5832032
27,2014-08-18 18:05:00+00:00,1.4608201,1.436279,1.436279,58,71,71,84,0.28020835,0.60195315
27,2014-08-18 18:05:00+00:00,1.5328119,1.3354279,1.3354279,58,71,84,97,0.49583334,0.5910156
27,2014-08-18 18:05:00+00:00,1.298427,1.2007493,1.2007493,58,71,97,110,0.7317709,0.58906245
27,2014-08-18 18:05:00+00:00,1.2417883,1.2929953,1.2929953,58,71,110,121,0.9166666,0.6
27,2014-08-18 18:05:00+00:00,1.3239964,0.8225399,0.8225399,71,81,110,121,0.9166666,0.8875
28,2014-08-25 18:15:00+00:00,3.1652112,2.984927,2.984927,32,45,32,45,-0.3643229,-0.03828125
28,2014-08-25 18:15:00+00:00,2.4599109,2.6341643,2.6341643,32,45,45,58,-0.15,-0.050000004
28,2014-08-25 18:15:00+00:00,2.7465096,2.3916655,2.3916655,32,45,71,84,0.278125,-0.041015625
28,2014-08-25 18:15:00+00:00,2.646603,2.1469882,2.1469882,32,45,84,97,0.4997396,-0.05078125
28,2014-08-25 18:15:00+00:00,2.1070323,1.72955,1.72955,32,45,97,110,0.7166667,-0.050000004
28,2014-08-25 18:15:00+00:00,1.688688,1.8036871,1.8036871,32,45,110,121,0.9166666,-0.050000004
28,2014-08-25 18:15:00+00:00,3.2818117,2.8045917,2.8045917,45,58,6,19,-0.78125,0.25859374
28,2014-08-25 18:15:00+00:00,2.5249507,2.7958252,2.7958252,45,58,19,32,-0.5833333,0.275
28,2014-08-25 18:15:00+00:00,1.9663405,2.1238003,2.1238003,45,58,32,45,-0.36666667,0.275
28,2014-08-25 18:15:00+00:00,1.9183125,2.0502708,2.0502708,45,58,45,58,-0.15,0.275
28,2014-08-25 18:15:00+00:00,2.3071258,2.1370893,2.1370893,45,58,58,71,0.06666666,0.275
28,2014-08-25 18:15:00+00:00,2.213224,2.145564,2.145564,45,58,71,84,0.26875,0.2890625
28,2014-08-25 18:15:00+00:00,2.297302,2.173599,2.173599,45,58,84,97,0.5132813,0.28671876
28,2014-08-25 18:15:00+00:00,2.0144095,2.0054095,2.0054095,45,58,97,110,0.7166667,0.275
28,2014-08-25 18:15:00+00:00,1.9252557,2.1111047,2.1111047,45,58,110,121,0.9166666,0.275
28,2014-08-25 18:15:00+00:00,1.9319474,2.305027,2.305027,58,71,19,32,-0.56927085,0.56718755
28,2014-08-25 18:15:00+00:00,1.7364573,1.7709132,1.7709132,58,71,32,45,-0.36666667,0.6
28,2014-08-25 18:15:00+00:00,1.7693739,1.7587264,1.7587264,58,71,45,58,-0.15572917,0.5914062
28,2014-08-25 18:15:00+00:00,1.8376113,1.8202118,1.8202118,58,71,58,71,0.069270834,0.5824219
28,2014-08-25 18:15:00+00:00,1.9744437,1.9479207,1.9479207,58,71,71,84,0.2833333,0.6
28,2014-08-25 18:15:00+00:00,1.9099258,2.0130944,2.0130944,58,71,84,97,0.49583334,0.5910156
28,2014-08-25 18:15:00+00:00,1.6852632,1.8337934,1.8337934,58,71,97,110,0.7278646,0.58984375
28,2014-08-25 18:15:00+00:00,1.6292338,1.9604443,1.9604443,58,71,110,121,0.9166666,0.6
28,2014-08-25 18:15:00+00:00,1.4933487,1.7138388,1.7138388,71,81,110,121,0.9166666,0.8875
29,2014-08-26 18:55:00+00:00,2.2475195,2.2354174,2.2354174,19,32,84,97,0.5,-0.375
29,2014-08-26 18:55:00+00:00,1.9395125,1.9935355,1.9935355,19,32,97,110,0.7166667,-0.375
29,2014-08-26 18:55:00+00:00,1.7906429,2.0180922,2.0180922,19,32,110,121,0.9166666,-0.375
29,2014-08-26 18:55:00+00:00,2.840438,2.8497696,2.8497696,32,45,32,45,-0.36640623,-0.034765624
29,2014-08-26 18:55:00+00:00,2.4258993,2.580548,2.580548,32,45,45,58,-0.14583334,-0.05390625
29,2014-08-26 18:55:00+00:00,2.7348433,2.3018525,2.3018525,32,45,71,84,0.278125,-0.041015625
29,2014-08-26 18:55:00+00:00,2.8375404,2.110728,2.110728,32,45,84,97,0.5,-0.050000004
29,2014-08-26 18:55:00+00:00,2.210384,1.7354001,1.7354001,32,45,97,110,0.7166667,-0.050000004
29,2014-08-26 18:55:00+00:00,1.8021414,1.7755822,1.7755822,32,45,110,121,0.9166666,-0.050000004
29,2014-08-26 18:55:00+00:00,2.0010684,2.111273,2.111273,45,58,32,45,-0.37942708,0.28046876
29,2014-08-26 18:55:00+00:00,2.131944,2.1094017,2.1094017,45,58,58,71,0.07213542,0.27382812
29,2014-08-26 18:55:00+00:00,2.3610914,2.1388364,2.1388364,45,58,71,84,0.27005208,0.28867185
29,2014-08-26 18:55:00+00:00,2.4349148,2.2125235,2.2125235,45,58,84,97,0.5122396,0.2875
29,2014-08-26 18:55:00+00:00,1.8687062,2.0408404,2.0408404,45,58,97,110,0.7166667,0.275
29,2014-08-26 18:55:00+00:00,1.9492755,2.133353,2.133353,45,58,110,121,0.9166666,0.275
29,2014-08-26 18:55:00+00:00,1.6853356,1.7750112,1.7750112,58,71,32,45,-0.36666667,0.6
29,2014-08-26 18:55:00+00:00,1.9829631,1.9552118,1.9552118,58,71,71,84,0.2833333,0.6
29,2014-08-26 18:55:00+00:00,2.0848403,2.058428,2.058428,58,71,84,97,0.4950521,0.5925781
29,2014-08-26 18:55:00+00:00,1.6694678,1.9046822,1.9046822,58,71,97,110,0.7273438,0.59023434
29,2014-08-26 18:55:00+00:00,1.4786165,2.0039682,2.0039682,58,71,110,121,0.9166666,0.6
29,2014-08-26 18:55:00+00:00,1.4515952,1.7380533,1.7380533,71,81,110,121,0.9166666,0.8875
30,2014-08-27 18:00:00+00:00,1.7531729,1.7667274,1.7667274,19,32,84,97,0.5,-0.375
30,2014-08-27 18:00:00+00:00,1.4213266,1.7011485,1.7011485,19,32,97,110,0.7117188,-0.3640625
30,2014-08-27 18:00:00+00:00,2.1259825,1.4335055,1.4335055,32,45,84,97,0.50390625,-0.05625
30,2014-08-27 18:00:00+00:00,1.741674,1.3196857,1.3196857,32,45,97,110,0.7166667,-0.050000004
30,2014-08-27 18:00:00+00:00,1.4940525,1.3896438,1.3896438,32,45,110,121,0.9166666,-0.050000004
30,2014-08-27 18:00:00+00:00,1.7959346,2.1470993,2.1470993,45,58,19,32,-0.5802083,0.27695313
30,2014-08-27 18:00:00+00:00,1.3893425,1.6970848,1.6970848,45,58,45,58,-0.15807292,0.2644531
30,2014-08-27 18:00:00+00:00,1.7467092,1.7149397,1.7149397,45,58,58,71,0.071614586,0.259375
30,2014-08-27 18:00:00+00:00,1.8736323,1.7068634,1.7068634,45,58,71,84,0.265625,0.2925781
30,2014-08-27 18:00:00+00:00,1.7683566,1.7490907,1.7490907,45,58,84,97,0.5101563,0.2890625
30,2014-08-27 18:00:00+00:00,1.4423678,1.7086728,1.7086728,45,58,97,110,0.7166667,0.275
30,2014-08-27 18:00:00+00:00,1.5591611,1.7936316,1.7936316,45,58,110,121,0.9166666,0.275
30,2014-08-27 18:00:00+00:00,1.3830246,1.4999181,1.4999181,58,71,32,45,-0.36796874,0.5992187
31,2014-08-28 18:45:00+00:00,2.5890872,2.3525355,2.3525355,19,32,97,110,0.71250004,-0.38828123
31,2014-08-28 18:45:00+00:00,3.9089782,3.907969,3.907969,32,45,32,45,-0.36015624,-0.036718752
31,2014-08-28 18:45:00+00:00,3.30533,3.4123957,3.4123957,32,45,45,58,-0.15,-0.050000004
31,2014-08-28 18:45:00+00:00,4.36489,3.5552192,3.5552192,45,58,6,19,-0.7859375,0.2625
31,2014-08-28 18:45:00+00:00,3.3840394,3.5275073,3.5275073,45,58,19,32,-0.5833333,0.275
31,2014-08-28 18:45:00+00:00,2.7259371,2.7850664,2.7850664,45,58,32,45,-0.36666667,0.275
31,2014-08-28 18:45:00+00:00,2.4473188,2.6562302,2.6562302,45,58,45,58,-0.15598959,0.2722656
31,2014-08-28 18:45:00+00:00,2.215713,2.3650067,2.3650067,45,58,97,110,0.7166667,0.275
31,2014-08-28 18:45:00+00:00,2.5036907,2.47204,2.47204,45,58,110,121,0.9166666,0.275
31,2014-08-28 18:45:00+00:00,2.2036004,2.3069818,2.3069818,58,71,32,45,-0.3674479,0.5992187
31,2014-08-28 18:45:00+00:00,2.4917808,2.418575,2.418575,58,71,71,84,0.28333336,0.60117185
31,2014-08-28 18:45:00+00:00,2.684044,2.5031564,2.5031564,58,71,84,97,0.49765626,0.5914062
31,2014-08-28 18:45:00+00:00,2.1852565,2.1926162,2.1926162,58,71,97,110,0.7270834,0.5882813
31,2014-08-28 18:45:00+00:00,1.8908843,2.3301015,2.3301015,58,71,110,121,0.9166666,0.6
31,2014-08-28 18:45:00+00:00,1.8820314,2.0744905,2.0744905,71,81,110,121,0.9166666,0.8875
32,2014-09-03 18:05:00+00:00,2.0442219,2.7810295,2.7810295,19,32,84,97,0.5,-0.375
32,2014-09-03 18:05:00+00:00,1.6310744,2.400296,2.400296,19,32,97,110,0.7166667,-0.375
32,2014-09-03 18:05:00+00:00,1.41809,2.438722,2.438722,19,32,110,121,0.9166666,-0.375
32,2014-09-03 18:05:00+00:00,3.3487957,3.3075688,3.3075688,32,45,45,58,-0.14531249,-0.047656253
32,2014-09-03 18:05:00+00:00,3.095413,3.2334263,3.2334263,32,45,71,84,0.28177083,-0.040234376
32,2014-09-03 18:05:00+00:00,2.929462,3.0153883,3.0153883,32,45,84,97,0.5,-0.050000004
32,2014-09-03 18:05:00+00:00,2.2615457,2.4755757,2.4755757,32,45,97,110,0.7166667,-0.050000004
32,2014-09-03 18:05:00+00:00,1.5527811,2.514302,2.514302,32,45,110,121,0.9166666,-0.050000004
32,2014-09-03 18:05:00+00:00,3.272423,3.8471215,3.8471215,45,58,19,32,-0.5833333,0.275
32,2014-09-03 18:05:00+00:00,2.5179448,3.0305402,3.0305402,45,58,32,45,-0.36666667,0.275
32,2014-09-03 18:05:00+00:00,2.4803643,2.8077962,2.8077962,45,58,45,58,-0.15,0.275
32,2014-09-03 18:05:00+00:00,2.8618162,2.9506028,2.9506028,45,58,58,71,0.06666666,0.275
32,2014-09-03 18:05:00+00:00,3.3969831,3.212625,3.212625,45,58,84,97,0.50911456,0.284375
32,2014-09-03 18:05:00+00:00,3.3354483,2.8908095,2.8908095,45,58,97,110,0.7166667,0.275
32,2014-09-03 18:05:00+00:00,3.3872252,3.002545,3.002545,45,58,110,121,0.9166666,0.275
32,2014-09-03 18:05:00+00:00,4.3066525,3.4811313,3.4811313,58,71,19,32,-0.5643229,0.57109374
32,2014-09-03 18:05:00+00:00,2.8157182,2.6276743,2.6276743,58,71,32,45,-0.36666667,0.6
32,2014-09-03 18:05:00+00:00,2.3874292,2.478431,2.478431,58,71,45,58,-0.15156251,0.5847657
32,2014-09-03 18:05:00+00:00,2.4556828,2.5894873,2.5894873,58,71,58,71,0.07421875,0.58867186
32,2014-09-03 18:05:00+00:00,2.6291618,2.9415426,2.9415426,58,71,71,84,0.2833333,0.6
32,2014-09-03 18:05:00+00:00,2.4790928,3.1409545,3.1409545,58,71,84,97,0.48984376,0.58671874
32,2014-09-03 18:05:00+00:00,2.4828203,2.8167074,2.8167074,58,71,97,110,0.7265625,0.5925781
32,2014-09-03 18:05:00+00:00,3.2384233,2.9536252,2.9536252,58,71,110,121,0.9166666,0.6
32,2014-09-03 18:05:00+00:00,2.302075,2.602684,2.602684,71,81,110,121,0.9166666,0.8875
33,2014-09-04 18:50:00+00:00,2.5288982,2.920132,2.920132,19,32,84,97,0.5083333,-0.3734375
33,2014-09-04 18:50:00+00:00,1.5653973,2.4899802,2.4899802,19,32,110,121,0.9166666,-0.375
33,2014-09-04 18:50:00+00:00,3.3119025,3.2227814,3.2227814,32,45,84,97,0.5,-0.050000004
33,2014-09-04 18:50:00+00:00,2.2860572,2.6444058,2.6444058,32,45,97,110,0.7111979,-0.041796874
33,2014-09-04 18:50:00+00:00,1.6011146,2.6067202,2.6067202,32,45,110,121,0.9166666,-0.050000004
33,2014-09-04 18:50:00+00:00,3.473265,3.0111809,3.0111809,45,58,97,110,0.7252604,0.2660156
33,2014-09-04 18:50:00+00:00,3.232723,3.0842133,3.0842133,45,58,110,121,0.9244792,0.26328123
33,2014-09-04 18:50:00+00:00,3.0240183,2.9681578,2.9681578,58,71,97,110,0.7291667,0.5921875
34,2014-09-07 17:40:00+00:00,2.0924506,2.4803581,2.4803581,19,32,84,97,0.49843752,-0.37304688
34,2014-09-07 17:40:00+00:00,1.8332992,2.1109269,2.1109269,19,32,97,110,0.71562505,-0.37421876
34,2014-09-07 17:40:00+00:00,1.7550552,2.1493826,2.1493826,19,32,110,121,0.9166666,-0.375
34,2014-09-07 17:40:00+00:00,3.3888667,3.4098918,3.4098918,32,45,32,45,-0.36302084,-0.04296875
34,2014-09-07 17:40:00+00:00,3.2042387,3.0030715,3.0030715,32,45,45,58,-0.15,-0.050000004
34,2014-09-07 17:40:00+00:00,3.2644732,3.0733895,3.0733895,32,45,58,71,0.06848958,-0.04921875
34,2014-09-07 17:40:00+00:00,2.8335931,2.8489015,2.8489015,32,45,71,84,0.28333336,-0.049609378
34,2014-09-07 17:40:00+00:00,2.4528348,2.5954134,2.5954134,32,45,84,97,0.4997396,-0.051953126
34,2014-09-07 17:40:00+00:00,2.084564,2.0507095,2.0507095,32,45,97,110,0.7166667,-0.050000004
34,2014-09-07 17:40:00+00:00,1.8069984,2.1045198,2.1045198,32,45,110,121,0.9166666,-0.050000004
34,2014-09-07 17:40:00+00:00,3.4289944,3.8462934,3.8462934,45,58,19,32,-0.58229166,0.27421877
34,2014-09-07 17:40:00+00:00,2.9106908,3.115882,3.115882,45,58,32,45,-0.36666667,0.275
34,2014-09-07 17:40:00+00:00,2.5496361,2.8301806,2.8301806,45,58,45,58,-0.15,0.275
34,2014-09-07 17:40:00+00:00,2.7727892,2.9364352,2.9364352,45,58,58,71,0.07057292,0.27851564
34,2014-09-07 17:40:00+00:00,3.4384208,2.9898996,2.9898996,45,58,84,97,0.5184896,0.2875
34,2014-09-07 17:40:00+00:00,2.870146,2.645215,2.645215,45,58,97,110,0.7166667,0.275
34,2014-09-07 17:40:00+00:00,2.1082299,2.7421384,2.7421384,45,58,110,121,0.9166666,0.275
34,2014-09-07 17:40:00+00:00,2.7393441,2.789787,2.789787,58,71,32,45,-0.365625,0.5992187
34,2014-09-07 17:40:00+00:00,2.408971,2.5675344,2.5675344,58,71,45,58,-0.16302085,0.5882813
34,2014-09-07 17:40:00+00:00,2.7539442,2.8155773,2.8155773,58,71,71,84,0.27421874,0.59765625
34,2014-09-07 17:40:00+00:00,2.8365366,2.721614,2.721614,58,71,110,121,0.9166666,0.6
34,2014-09-07 17:40:00+00:00,3.138971,2.2324755,2.2324755,71,81,110,121,0.9184896,0.8863281
35,2014-09-08 18:25:00+00:00,2.3404582,2.8767555,2.8767555,19,32,84,97,0.5,-0.375
35,2014-09-08 18:25:00+00:00,1.5390897,2.300869,2.300869,19,32,97,110,0.7166667,-0.375
35,2014-09-08 18:25:00+00:00,1.115588,2.333341,2.333341,19,32,110,121,0.9166666,-0.375
35,2014-09-08 18:25:00+00:00,4.281919,4.2535877,4.2535877,32,45,32,45,-0.3640625,-0.034765624
35,2014-09-08 18:25:00+00:00,4.089861,3.7933939,3.7933939,32,45,45,58,-0.15,-0.050000004
35,2014-09-08 18:25:00+00:00,3.4388082,3.6012309,3.6012309,32,45,71,84,0.2828125,-0.04140625
35,2014-09-08 18:25:00+00:00,2.7249594,3.1616435,3.1616435,32,45,84,97,0.5,-0.050000004
35,2014-09-08 18:25:00+00:00,1.7544578,2.4007561,2.4007561,32,45,97,110,0.7166667,-0.050000004
35,2014-09-08 18:25:00+00:00,0.8369413,2.431544,2.431544,32,45,110,121,0.9166666,-0.050000004
35,2014-09-08 18:25:00+00:00,4.393651,4.5033,4.5033,45,58,19,32,-0.5833333,0.275
35,2014-09-08 18:25:00+00:00,3.6091936,3.7683647,3.7683647,45,58,32,45,-0.36145833,0.27695313
35,2014-09-08 18:25:00+00:00,3.1848335,3.4674702,3.4674702,45,58,45,58,-0.15,0.275
35,2014-09-08 18:25:00+00:00,3.4096432,3.6438768,3.6438768,45,58,58,71,0.071875,0.275
35,2014-09-08 18:25:00+00:00,3.3252676,3.025188,3.025188,45,58,97,110,0.7166667,0.275
35,2014-09-08 18:25:00+00:00,1.5127245,3.1039233,3.1039233,45,58,110,121,0.9166666,0.275
35,2014-09-08 18:25:00+00:00,4.1425753,4.277607,4.277607,58,71,19,32,-0.5695312,0.57109374
35,2014-09-08 18:25:00+00:00,3.622524,3.4753542,3.4753542,58,71,32,45,-0.36666667,0.6
35,2014-09-08 18:25:00+00:00,3.1475217,3.1529179,3.1529179,58,71,45,58,-0.16302083,0.59765625
35,2014-09-08 18:25:00+00:00,3.219804,3.3421826,3.3421826,58,71,58,71,0.07083333,0.58984375
35,2014-09-08 18:25:00+00:00,3.5420654,3.5217552,3.5217552,58,71,71,84,0.2833333,0.6
35,2014-09-08 18:25:00+00:00,3.5574832,3.5398548,3.5398548,58,71,84,97,0.49062502,0.590625
35,2014-09-08 18:25:00+00:00,3.403518,3.0132906,3.0132906,58,71,97,110,0.7296875,0.59062505
35,2014-09-08 18:25:00+00:00,3.0563533,3.1072528,3.1072528,58,71,110,121,0.9166666,0.6
35,2014-09-08 18:25:00+00:00,3.079385,2.9940987,2.9940987,71,81,84,97,0.44999996,0.80740744
35,2014-09-08 18:25:00+00:00,3.361422,2.6055694,2.6055694,71,81,110,121,0.9166666,0.8875
36,2014-09-16 17:35:00+00:00,1.5981737,2.088423,2.088423,45,58,110,121,0.9158854,0.2765625
36,2014-09-16 17:35:00+00:00,1.3614988,2.0249422,2.0249422,58,71,110,121,0.9125,0.59765625
37,2014-09-16 19:15:00+00:00,2.1096501,2.137838,2.137838,19,32,84,97,0.50078124,-0.38242185
37,2014-09-16 19:15:00+00:00,2.7524824,2.7831168,2.7831168,32,45,32,45,-0.35885417,-0.036328126
37,2014-09-16 19:15:00+00:00,2.5992148,2.4493334,2.4493334,32,45,45,58,-0.15,-0.050000004
37,2014-09-16 19:15:00+00:00,2.7280335,2.1305983,2.1305983,32,45,71,84,0.28046876,-0.044921875
37,2014-09-16 19:15:00+00:00,2.279551,1.9206989,1.9206989,32,45,84,97,0.5054687,-0.059375003
37,2014-09-16 19:15:00+00:00,2.6383126,2.9197745,2.9197745,45,58,19,32,-0.5833333,0.275
37,2014-09-16 19:15:00+00:00,2.4681034,2.2808766,2.2808766,45,58,32,45,-0.36666667,0.275
37,2014-09-16 19:15:00+00:00,2.4565477,2.1688614,2.1688614,45,58,45,58,-0.15,0.275
37,2014-09-16 19:15:00+00:00,2.6585703,2.231589,2.231589,45,58,58,71,0.0671875,0.27578124
37,2014-09-16 19:15:00+00:00,2.6116292,2.2109358,2.2109358,45,58,71,84,0.26796874,0.28867185
37,2014-09-16 19:15:00+00:00,2.1143343,2.0022094,2.0022094,45,58,97,110,0.7166667,0.275
37,2014-09-16 19:15:00+00:00,1.8274016,2.120432,2.120432,45,58,110,121,0.91536456,0.27734375
37,2014-09-16 19:15:00+00:00,1.7075588,1.9756478,1.9756478,58,71,32,45,-0.36666667,0.6
37,2014-09-16 19:15:00+00:00,2.059561,2.1258137,2.1258137,58,71,84,97,0.49270833,0.578125
37,2014-09-16 19:15:00+00:00,1.3680313,2.0513425,2.0513425,58,71,110,121,0.9166666,0.6
38,2014-09-17 18:20:00+00:00,2.1715596,2.0883493,2.0883493,19,32,84,97,0.5,-0.375
38,2014-09-17 18:20:00+00:00,1.6423765,1.8643959,1.8643959,19,32,97,110,0.7166667,-0.375
38,2014-09-17 18:20:00+00:00,1.5365185,1.9226724,1.9226724,19,32,110,121,0.9166666,-0.375
38,2014-09-17 18:20:00+00:00,2.3107789,2.4399889,2.4399889,32,45,45,58,-0.1471354,-0.037109375
38,2014-09-17 18:20:00+00:00,2.4429023,2.241063,2.241063,32,45,71,84,0.27578127,-0.041015625
38,2014-09-17 18:20:00+00:00,2.216168,2.0778584,2.0778584,32,45,84,97,0.5,-0.050000004
38,2014-09-17 18:20:00+00:00,1.9076934,1.6803087,1.6803087,32,45,97,110,0.7166667,-0.050000004
38,2014-09-17 18:20:00+00:00,1.6334151,1.7690091,1.7690091,32,45,110,121,0.9166666,-0.050000004
38,2014-09-17 18:20:00+00:00,4.114791,3.1513486,3.1513486,45,58,6,19,-0.78697914,0.2621094
38,2014-09-17 18:20:00+00:00,2.878277,3.162601,3.162601,45,58,19,32,-0.5833333,0.275
38,2014-09-17 18:20:00+00:00,2.3863735,2.442183,2.442183,45,58,32,45,-0.36666667,0.275
38,2014-09-17 18:20:00+00:00,2.4540784,2.3017056,2.3017056,45,58,45,58,-0.15,0.275
38,2014-09-17 18:20:00+00:00,2.5176494,2.383509,2.383509,45,58,58,71,0.06666666,0.275
38,2014-09-17 18:20:00+00:00,2.4758554,2.4374971,2.4374971,45,58,71,84,0.26796877,0.28828126
38,2014-09-17 18:20:00+00:00,2.5480433,2.4968576,2.4968576,45,58,84,97,0.5119792,0.28476563
38,2014-09-17 18:20:00+00:00,2.3713171,2.2712746,2.2712746,45,58,97,110,0.7166667,0.275
38,2014-09-17 18:20:00+00:00,2.0663154,2.3846326,2.3846326,45,58,110,121,0.9166666,0.275
38,2014-09-17 18:20:00+00:00,3.491698,2.862948,2.862948,58,71,19,32,-0.56875,0.5671875
38,2014-09-17 18:20:00+00:00,2.042506,2.153734,2.153734,58,71,32,45,-0.36666667,0.6
38,2014-09-17 18:20:00+00:00,2.2341616,2.0878787,2.0878787,58,71,45,58,-0.15338542,0.5929687
38,2014-09-17 18:20:00+00:00,2.32012,2.1262927,2.1262927,58,71,58,71,0.07005209,0.58554685
38,2014-09-17 18:20:00+00:00,2.4111311,2.34406,2.34406,58,71,71,84,0.2833333,0.6
38,2014-09-17 18:20:00+00:00,2.4202912,2.4650064,2.4650064,58,71,84,97,0.49583334,0.5910156
38,2014-09-17 18:20:00+00:00,2.197209,2.2218318,2.2218318,58,71,97,110,0.7307292,0.5878906
38,2014-09-17 18:20:00+00:00,2.0611699,2.3617098,2.3617098,58,71,110,121,0.9166666,0.6
38,2014-09-17 18:20:00+00:00,2.077846,1.9406865,1.9406865,71,81,110,121,0.9166666,0.8875
39,2014-09-18 19:00:00+00:00,2.2462516,2.0678532,2.0678532,19,32,84,97,0.4986979,-0.3734375
39,2014-09-18 19:00:00+00:00,2.8987331,2.6120632,2.6120632,32,45,32,45,-0.36145833,-0.03828125
39,2014-09-18 19:00:00+00:00,2.3099258,2.2132194,2.2132194,32,45,45,58,-0.14739583,-0.051953126
39,2014-09-18 19:00:00+00:00,1.9485548,1.582469,1.582469,32,45,84,97,0.50156254,-0.051171876
39,2014-09-18 19:00:00+00:00,1.6996185,1.2942066,1.2942066,32,45,97,110,0.7166667,-0.050000004
39,2014-09-18 19:00:00+00:00,1.4964525,1.4083749,1.4083749,32,45,110,121,0.915625,-0.047656253
39,2014-09-18 19:00:00+00:00,2.111631,2.5674837,2.5674837,45,58,19,32,-0.5833333,0.275
39,2014-09-18 19:00:00+00:00,1.8937336,2.0803416,2.0803416,45,58,32,45,-0.36666667,0.275
39,2014-09-18 19:00:00+00:00,1.9673741,1.9734553,1.9734553,45,58,45,58,-0.15,0.275
39,2014-09-18 19:00:00+00:00,1.9024806,1.9367415,1.9367415,45,58,58,71,0.06432292,0.28750002
39,2014-09-18 19:00:00+00:00,1.9469799,1.8285061,1.8285061,45,58,71,84,0.26901042,0.2925781
39,2014-09-18 19:00:00+00:00,1.6747433,1.6244987,1.6244987,45,58,97,110,0.7166667,0.275
39,2014-09-18 19:00:00+00:00,1.3793193,1.7068659,1.7068659,45,58,110,121,0.9166666,0.275
39,2014-09-18 19:00:00+00:00,1.1507777,1.5994819,1.5994819,58,71,110,121,0.9164063,0.5902344
40,2014-09-19 18:05:00+00:00,1.9773427,1.9768875,1.9768875,19,32,84,97,0.49765626,-0.37656248
40,2014-09-19 18:05:00+00:00,1.5876697,1.6706483,1.6706483,19,32,97,110,0.7135416,-0.37695312
40,2014-09-19 18:05:00+00:00,1.4260828,1.718877,1.718877,19,32,110,121,0.9166666,-0.375
40,2014-09-19 18:05:00+00:00,2.8529809,2.6348472,2.6348472,32,45,32,45,-0.36171874,-0.040625
40,2014-09-19 18:05:00+00:00,2.2160258,2.2293537,2.2293537,32,45,45,58,-0.15,-0.050000004
40,2014-09-19 18:05:00+00:00,1.8574474,1.8182373,1.8182373,32,45,84,97,0.49895835,-0.055468753
40,2014-09-19 18:05:00+00:00,2.7939184,3.031021,3.031021,45,58,19,32,-0.5833333,0.275
40,2014-09-19 18:05:00+00:00,2.0357533,2.311411,2.311411,45,58,32,45,-0.36666667,0.275
40,2014-09-19 18:05:00+00:00,2.091547,2.164675,2.164675,45,58,45,58,-0.15,0.275
40,2014-09-19 18:05:00+00:00,2.131316,2.2292192,2.2292192,45,58,58,71,0.06770833,0.27695313
40,2014-09-19 18:05:00+00:00,1.7612331,1.9985887,1.9985887,58,71,32,45,-0.36484373,0.59843755
40,2014-09-19 18:05:00+00:00,1.7150127,1.9664942,1.9664942,58,71,58,71,0.0671875,0.5804688
40,2014-09-19 18:05:00+00:00,1.7424865,2.1050377,2.1050377,58,71,71,84,0.2890625,0.59765625
41,2014-09-20 18:50:00+00:00,3.4039261,3.230392,3.230392,19,32,84,97,0.5,-0.375
41,2014-09-20 18:50:00+00:00,2.5604854,2.6768742,2.6768742,19,32,97,110,0.7166667,-0.375
41,2014-09-20 18:50:00+00:00,2.1755292,2.6859534,2.6859534,19,32,110,121,0.9166666,-0.375
41,2014-09-20 18:50:00+00:00,4.158234,4.0018835,4.0018835,32,45,45,58,-0.15,-0.050000004
41,2014-09-20 18:50:00+00:00,3.2632291,3.8827734,3.8827734,32,45,71,84,0.28281248,-0.041796878
41,2014-09-20 18:50:00+00:00,3.6210282,3.4211795,3.4211795,32,45,84,97,0.5,-0.050000004
41,2014-09-20 18:50:00+00:00,2.4809754,2.718078,2.718078,32,45,97,110,0.7166667,-0.050000004
41,2014-09-20 18:50:00+00:00,2.3216782,2.7221076,2.7221076,32,45,110,121,0.9166666,-0.050000004
41,2014-09-20 18:50:00+00:00,3.5975852,3.1275034,3.1275034,45,58,58,71,0.06510417,0.27578124
41,2014-09-20 18:50:00+00:00,3.0842323,2.9699001,2.9699001,45,58,97,110,0.7166667,0.275
41,2014-09-20 18:50:00+00:00,2.6361454,3.0776427,3.0776427,45,58,110,121,0.9166666,0.275
41,2014-09-20 18:50:00+00:00,3.4275947,3.0674865,3.0674865,58,71,71,84,0.2841146,0.5929687
41,2014-09-20 18:50:00+00:00,2.6657047,2.816011,2.816011,58,71,97,110,0.7270833,0.590625
41,2014-09-20 18:50:00+00:00,2.4333088,2.9819872,2.9819872,58,71,110,121,0.9190104,0.5914062
42,2014-09-23 17:40:00+00:00,2.628102,3.0353696,3.0353696,19,32,84,97,0.5002604,-0.37421876
42,2014-09-23 17:40:00+00:00,2.3378248,2.4919493,2.4919493,19,32,97,110,0.7166667,-0.375
42,2014-09-23 17:40:00+00:00,2.2395017,2.5195048,2.5195048,19,32,110,121,0.9166666,-0.375
42,2014-09-23 17:40:00+00:00,4.1830087,4.2042475,4.2042475,32,45,32,45,-0.36015627,-0.043359376
42,2014-09-23 17:40:00+00:00,3.728694,3.8242185,3.8242185,32,45,45,58,-0.15,-0.050000004
42,2014-09-23 17:40:00+00:00,3.588858,3.8578024,3.8578024,32,45,58,71,0.07109375,-0.04921875
42,2014-09-23 17:40:00+00:00,3.563246,3.5647986,3.5647986,32,45,71,84,0.2828125,-0.05039063
42,2014-09-23 17:40:00+00:00,3.2069602,3.0912995,3.0912995,32,45,84,97,0.49401045,-0.05078125
42,2014-09-23 17:40:00+00:00,2.4620626,2.3444383,2.3444383,32,45,97,110,0.7166667,-0.050000004
42,2014-09-23 17:40:00+00:00,2.3393312,2.3908384,2.3908384,32,45,110,121,0.9166666,-0.050000004
42,2014-09-23 17:40:00+00:00,3.7082758,3.8656027,3.8656027,45,58,19,32,-0.5835937,0.27421877
42,2014-09-23 17:40:00+00:00,2.3019764,3.081149,3.081149,45,58,32,45,-0.36666667,0.275
42,2014-09-23 17:40:00+00:00,2.6214092,2.8708901,2.8708901,45,58,45,58,-0.15,0.275
42,2014-09-23 17:40:00+00:00,3.1574101,2.9943652,2.9943652,45,58,58,71,0.0625,0.28007814
42,2014-09-23 17:40:00+00:00,3.357375,3.0028682,3.0028682,45,58,84,97,0.50911456,0.28125
42,2014-09-23 17:40:00+00:00,2.546132,2.573673,2.573673,45,58,97,110,0.7166667,0.275
42,2014-09-23 17:40:00+00:00,2.422905,2.690569,2.690569,45,58,110,121,0.9166666,0.275
42,2014-09-23 17:40:00+00:00,2.170093,2.5730052,2.5730052,58,71,32,45,-0.36666667,0.6
42,2014-09-23 17:40:00+00:00,2.3973672,2.475902,2.475902,58,71,45,58,-0.15494792,0.5847656
42,2014-09-23 17:40:00+00:00,2.5552986,2.764457,2.764457,58,71,71,84,0.2833333,0.6
42,2014-09-23 17:40:00+00:00,2.7342668,2.8729599,2.8729599,58,71,84,97,0.48463544,0.578125
42,2014-09-23 17:40:00+00:00,2.284765,2.3971033,2.3971033,58,71,97,110,0.72812504,0.58515626
42,2014-09-23 17:40:00+00:00,2.223341,2.5700574,2.5700574,58,71,110,121,0.9164062,0.6
42,2014-09-23 17:40:00+00:00,2.1076024,2.34216,2.34216,71,81,110,121,0.9117187,0.88984376
43,2014-09-23 19:20:00+00:00,2.6165645,3.0260646,3.0260646,19,32,84,97,0.5,-0.375
43,2014-09-23 19:20:00+00:00,2.1639636,2.5169678,2.5169678,19,32,97,110,0.7166667,-0.375
43,2014-09-23 19:20:00+00:00,2.0591898,2.5269642,2.5269642,19,32,110,121,0.9166666,-0.375
43,2014-09-23 19:20:00+00:00,4.0785236,4.3703585,4.3703585,32,45,32,45,-0.36380208,-0.037109375
43,2014-09-23 19:20:00+00:00,3.7381516,3.8943603,3.8943603,32,45,45,58,-0.15,-0.050000004
43,2014-09-23 19:20:00+00:00,3.5901206,3.599512,3.599512,32,45,71,84,0.2828125,-0.041796878
43,2014-09-23 19:20:00+00:00,3.3439825,3.0108845,3.0108845,32,45,84,97,0.5,-0.050000004
43,2014-09-23 19:20:00+00:00,2.353407,2.3334105,2.3334105,32,45,97,110,0.7166667,-0.050000004
43,2014-09-23 19:20:00+00:00,2.1693757,2.361816,2.361816,32,45,110,121,0.9166666,-0.050000004
43,2014-09-23 19:20:00+00:00,4.5585985,3.9749691,3.9749691,45,58,6,19,-0.78437495,0.26289064
43,2014-09-23 19:20:00+00:00,3.8168113,3.924562,3.924562,45,58,19,32,-0.5833333,0.275
43,2014-09-23 19:20:00+00:00,2.2182286,3.190265,3.190265,45,58,32,45,-0.36666667,0.275
43,2014-09-23 19:20:00+00:00,2.6682937,2.9546223,2.9546223,45,58,45,58,-0.15,0.275
43,2014-09-23 19:20:00+00:00,3.3141541,3.0927544,3.0927544,45,58,58,71,0.06666666,0.275
43,2014-09-23 19:20:00+00:00,3.15917,2.9630334,2.9630334,45,58,84,97,0.509375,0.28398436
43,2014-09-23 19:20:00+00:00,2.4672081,2.5800743,2.5800743,45,58,97,110,0.7166667,0.275
43,2014-09-23 19:20:00+00:00,2.3037567,2.6777217,2.6777217,45,58,110,121,0.9166666,0.275
43,2014-09-23 19:20:00+00:00,3.8257692,3.4360847,3.4360847,58,71,19,32,-0.56666666,0.56757814
43,2014-09-23 19:20:00+00:00,2.1195562,2.6745427,2.6745427,58,71,32,45,-0.36666667,0.6
43,2014-09-23 19:20:00+00:00,2.2993996,2.5385735,2.5385735,58,71,45,58,-0.15260416,0.590625
43,2014-09-23 19:20:00+00:00,2.6566482,2.6152668,2.6152668,58,71,58,71,0.0703125,0.58671874
43,2014-09-23 19:20:00+00:00,2.5276873,2.7849524,2.7849524,58,71,71,84,0.2833333,0.6
43,2014-09-23 19:20:00+00:00,2.6418197,2.808974,2.808974,58,71,84,97,0.49427083,0.5890625
43,2014-09-23 19:20:00+00:00,2.560075,2.4313774,2.4313774,58,71,97,110,0.73072916,0.58984375
43,2014-09-23 19:20:00+00:00,1.9755048,2.5535247,2.5535247,58,71,110,121,0.9166666,0.6
43,2014-09-23 19:20:00+00:00,1.9374506,2.3017979,2.3017979,71,81,110,121,0.9166666,0.8875
44,2014-09-24 18:25:00+00:00,3.0556324,2.91165,2.91165,19,32,84,97,0.5,-0.375
44,2014-09-24 18:25:00+00:00,2.42387,2.53622,2.53622,19,32,97,110,0.7166667,-0.375
44,2014-09-24 18:25:00+00:00,2.29984,2.5460005,2.5460005,19,32,110,121,0.9166666,-0.375
44,2014-09-24 18:25:00+00:00,3.874398,3.8470843,3.8470843,32,45,32,45,-0.36015624,-0.036718752
44,2014-09-24 18:25:00+00:00,3.4807925,3.4722152,3.4722152,32,45,45,58,-0.15,-0.050000004
44,2014-09-24 18:25:00+00:00,3.5573616,3.574444,3.574444,32,45,58,71,0.06510417,-0.049999997
44,2014-09-24 18:25:00+00:00,3.6821413,3.3556364,3.3556364,32,45,71,84,0.2830729,-0.041796878
44,2014-09-24 18:25:00+00:00,3.548844,3.0625885,3.0625885,32,45,84,97,0.5,-0.050000004
44,2014-09-24 18:25:00+00:00,2.5484197,2.5485902,2.5485902,32,45,97,110,0.7166667,-0.050000004
44,2014-09-24 18:25:00+00:00,2.554511,2.55838,2.55838,32,45,110,121,0.9166666,-0.050000004
44,2014-09-24 18:25:00+00:00,4.534952,3.748481,3.748481,45,58,6,19,-0.78333336,0.26289064
44,2014-09-24 18:25:00+00:00,3.3434246,3.771002,3.771002,45,58,19,32,-0.5833333,0.275
44,2014-09-24 18:25:00+00:00,2.4023912,2.9585361,2.9585361,45,58,32,45,-0.36666667,0.275
44,2014-09-24 18:25:00+00:00,2.744226,2.745849,2.745849,45,58,45,58,-0.15,0.275
44,2014-09-24 18:25:00+00:00,3.4656224,2.8769069,2.8769069,45,58,58,71,0.06666666,0.275
44,2014-09-24 18:25:00+00:00,3.6451104,3.0233586,3.0233586,45,58,71,84,0.26901042,0.28828123
44,2014-09-24 18:25:00+00:00,2.9160044,2.8411136,2.8411136,45,58,97,110,0.7166667,0.275
44,2014-09-24 18:25:00+00:00,2.8240347,2.9426534,2.9426534,45,58,110,121,0.9166666,0.275
44,2014-09-24 18:25:00+00:00,3.8592947,3.375121,3.375121,58,71,19,32,-0.5679687,0.56757814
44,2014-09-24 18:25:00+00:00,2.0898976,2.5261827,2.5261827,58,71,32,45,-0.36666667,0.6
44,2014-09-24 18:25:00+00:00,2.53038,2.4076047,2.4076047,58,71,45,58,-0.15078126,0.5917969
44,2014-09-24 18:25:00+00:00,2.9297223,2.4949963,2.4949963,58,71,58,71,0.069270834,0.5824219
44,2014-09-24 18:25:00+00:00,2.9248714,2.8302174,2.8302174,58,71,71,84,0.2833333,0.6
44,2014-09-24 18:25:00+00:00,3.0463588,3.0166216,3.0166216,58,71,84,97,0.49765626,0.5914062
44,2014-09-24 18:25:00+00:00,2.623333,2.7298431,2.7298431,58,71,97,110,0.7289063,0.5882813
44,2014-09-24 18:25:00+00:00,2.33088,2.8693736,2.8693736,58,71,110,121,0.9166666,0.6
44,2014-09-24 18:25:00+00:00,2.1712582,2.5901916,2.5901916,71,81,110,121,0.9166666,0.8875
45,2014-09-25 19:10:00+00:00,2.7040212,3.011954,3.011954,58,71,110,121,0.9197917,0.6
46,2014-09-26 18:15:00+00:00,2.5019016,2.5938659,2.5938659,19,32,84,97,0.5,-0.375
46,2014-09-26 18:15:00+00:00,2.1608822,2.232886,2.232886,19,32,97,110,0.7166667,-0.375
46,2014-09-26 18:15:00+00:00,1.9933927,2.2686157,2.2686157,19,32,110,121,0.9166666,-0.375
46,2014-09-26 18:15:00+00:00,3.331243,3.344285,3.344285,32,45,32,45,-0.36197916,-0.041796878
46,2014-09-26 18:15:00+00:00,3.236784,2.9925952,2.9925952,32,45,45,58,-0.15,-0.050000004
46,2014-09-26 18:15:00+00:00,3.130015,3.1246538,3.1246538,32,45,58,71,0.059114583,-0.051562503
46,2014-09-26 18:15:00+00:00,3.2750766,2.9882424,2.9882424,32,45,71,84,0.27760416,-0.042578124
46,2014-09-26 18:15:00+00:00,2.99865,2.7666874,2.7666874,32,45,84,97,0.50104165,-0.05078125
46,2014-09-26 18:15:00+00:00,2.1971614,2.2698102,2.2698102,32,45,97,110,0.7166667,-0.050000004
46,2014-09-26 18:15:00+00:00,2.1056037,2.3071256,2.3071256,32,45,110,121,0.9166666,-0.050000004
46,2014-09-26 18:15:00+00:00,3.1187847,3.6235352,3.6235352,45,58,19,32,-0.5833333,0.275
46,2014-09-26 18:15:00+00:00,2.1332579,2.7862256,2.7862256,45,58,32,45,-0.36666667,0.275
46,2014-09-26 18:15:00+00:00,2.5457232,2.5860069,2.5860069,45,58,45,58,-0.15,0.275
46,2014-09-26 18:15:00+00:00,3.1305044,2.7291582,2.7291582,45,58,58,71,0.06666666,0.275
46,2014-09-26 18:15:00+00:00,3.3848414,2.8987093,2.8987093,45,58,71,84,0.27005208,0.2890625
46,2014-09-26 18:15:00+00:00,3.4070852,3.0495064,3.0495064,45,58,84,97,0.5114583,0.28476563
46,2014-09-26 18:15:00+00:00,2.754787,2.719214,2.719214,45,58,97,110,0.7166667,0.275
46,2014-09-26 18:15:00+00:00,2.4433608,2.8274586,2.8274586,45,58,110,121,0.9166666,0.275
46,2014-09-26 18:15:00+00:00,1.8270955,2.3989348,2.3989348,58,71,32,45,-0.36380208,0.5992187
46,2014-09-26 18:15:00+00:00,2.4009852,2.2974043,2.2974043,58,71,45,58,-0.15078126,0.5917969
46,2014-09-26 18:15:00+00:00,2.954545,2.3757594,2.3757594,58,71,58,71,0.06666666,0.58085936
46,2014-09-26 18:15:00+00:00,2.8212042,2.7465236,2.7465236,58,71,71,84,0.2833333,0.6
46,2014-09-26 18:15:00+00:00,2.8202922,2.9490669,2.9490669,58,71,84,97,0.49765626,0.5914062
46,2014-09-26 18:15:00+00:00,2.6669207,2.6380365,2.6380365,58,71,97,110,0.72786456,0.58906245
46,2014-09-26 18:15:00+00:00,2.6495407,2.7786884,2.7786884,58,71,110,121,0.9166666,0.6
46,2014-09-26 18:15:00+00:00,2.2319849,2.4079168,2.4079168,71,81,110,121,0.9166666,0.8875
47,2014-09-27 18:55:00+00:00,2.7221067,2.6792505,2.6792505,45,58,32,45,-0.35833332,0.27109373
47,2014-09-27 18:55:00+00:00,2.5861914,3.0420592,3.0420592,45,58,97,110,0.71875,0.29062504
47,2014-09-27 18:55:00+00:00,2.1498315,3.1804976,3.1804976,45,58,110,121,0.9153646,0.28085938
47,2014-09-27 18:55:00+00:00,3.2470605,2.9116344,2.9116344,58,71,97,110,0.7296875,0.59257805
47,2014-09-27 18:55:00+00:00,3.0417995,3.0903144,3.0903144,58,71,110,121,0.9166666,0.6
47,2014-09-27 18:55:00+00:00,3.2568302,2.6869662,2.6869662,71,81,71,84,0.29397166,0.8095743
47,2014-09-27 18:55:00+00:00,2.687861,2.9179084,2.9179084,71,81,110,121,0.9166666,0.8875
48,2014-09-29 18:45:00+00:00,2.496387,2.636204,2.636204,19,32,84,97,0.5,-0.375
48,2014-09-29 18:45:00+00:00,2.1893675,2.114229,2.114229,19,32,97,110,0.7166667,-0.375
48,2014-09-29 18:45:00+00:00,2.0024133,2.1667228,2.1667228,19,32,110,121,0.9166666,-0.375
48,2014-09-29 18:45:00+00:00,3.478569,3.8254466,3.8254466,32,45,32,45,-0.3591146,-0.035937503
48,2014-09-29 18:45:00+00:00,3.615979,3.333858,3.333858,32,45,45,58,-0.15,-0.050000004
48,2014-09-29 18:45:00+00:00,3.6094255,3.3662806,3.3662806,32,45,58,71,0.06875,-0.051953126
48,2014-09-29 18:45:00+00:00,2.6394627,3.1335466,3.1335466,32,45,71,84,0.27578124,-0.041796878
48,2014-09-29 18:45:00+00:00,2.5832818,2.8043296,2.8043296,32,45,84,97,0.5,-0.050000004
48,2014-09-29 18:45:00+00:00,2.056518,2.070926,2.070926,32,45,97,110,0.7166667,-0.050000004
48,2014-09-29 18:45:00+00:00,1.8231021,2.1338255,2.1338255,32,45,110,121,0.9166666,-0.050000004
48,2014-09-29 18:45:00+00:00,4.510775,3.997254,3.997254,45,58,6,19,-0.7838541,0.26328126
48,2014-09-29 18:45:00+00:00,3.905758,4.0595503,4.0595503,45,58,19,32,-0.5833333,0.275
48,2014-09-29 18:45:00+00:00,3.3568747,3.3123448,3.3123448,45,58,32,45,-0.36666667,0.275
48,2014-09-29 18:45:00+00:00,3.360165,3.0064273,3.0064273,45,58,45,58,-0.15,0.275
48,2014-09-29 18:45:00+00:00,3.9554968,3.159728,3.159728,45,58,58,71,0.06666666,0.275
48,2014-09-29 18:45:00+00:00,2.960836,3.1412082,3.1412082,45,58,71,84,0.265625,0.28867185
48,2014-09-29 18:45:00+00:00,3.3093376,3.1503973,3.1503973,45,58,84,97,0.51380205,0.2859375
48,2014-09-29 18:45:00+00:00,2.3984387,2.6446786,2.6446786,45,58,97,110,0.7166667,0.275
48,2014-09-29 18:45:00+00:00,1.8037632,2.7520201,2.7520201,45,58,110,121,0.9166666,0.275
48,2014-09-29 18:45:00+00:00,2.3944561,3.7623103,3.7623103,58,71,19,32,-0.5679687,0.5679687
48,2014-09-29 18:45:00+00:00,2.0923183,2.939355,2.939355,58,71,32,45,-0.36666667,0.6
48,2014-09-29 18:45:00+00:00,2.3201923,2.7186108,2.7186108,58,71,45,58,-0.15052085,0.59453124
48,2014-09-29 18:45:00+00:00,4.0391545,2.8304138,2.8304138,58,71,58,71,0.07213542,0.5832032
48,2014-09-29 18:45:00+00:00,3.7875214,3.0048764,3.0048764,58,71,71,84,0.2833333,0.6
48,2014-09-29 18:45:00+00:00,3.1721585,3.095932,3.095932,58,71,84,97,0.49479166,0.59335935
48,2014-09-29 18:45:00+00:00,2.558387,2.586983,2.586983,58,71,97,110,0.7278646,0.5878906
48,2014-09-29 18:45:00+00:00,2.147167,2.7247567,2.7247567,58,71,110,121,0.9166666,0.6
48,2014-09-29 18:45:00+00:00,1.8123294,2.2051878,2.2051878,71,81,110,121,0.92213535,0.88359374
49,2014-10-12 18:05:00+00:00,2.739971,2.8511753,2.8511753,19,32,84,97,0.5,-0.375
49,2014-10-12 18:05:00+00:00,2.5189507,2.451033,2.451033,19,32,97,110,0.7166667,-0.375
49,2014-10-12 18:05:00+00:00,2.320514,2.4556787,2.4556787,19,32,110,121,0.9166666,-0.375
49,2014-10-12 18:05:00+00:00,4.191729,3.9053774,3.9053774,32,45,32,45,-0.35625,-0.033203125
49,2014-10-12 18:05:00+00:00,3.5788324,3.4968278,3.4968278,32,45,45,58,-0.15,-0.050000004
49,2014-10-12 18:05:00+00:00,2.91848,3.2477143,3.2477143,32,45,71,84,0.2791667,-0.0390625
49,2014-10-12 18:05:00+00:00,2.863397,2.849498,2.849498,32,45,84,97,0.5,-0.050000004
49,2014-10-12 18:05:00+00:00,2.6189651,2.298516,2.298516,32,45,97,110,0.7166667,-0.050000004
49,2014-10-12 18:05:00+00:00,2.6211083,2.324153,2.324153,32,45,110,121,0.9114584,-0.044921875
49,2014-10-12 18:05:00+00:00,4.5033274,3.6603904,3.6603904,45,58,6,19,-0.7890625,0.26328126
49,2014-10-12 18:05:00+00:00,4.017166,3.6874423,3.6874423,45,58,19,32,-0.5833333,0.275
49,2014-10-12 18:05:00+00:00,2.9889796,2.9375181,2.9375181,45,58,32,45,-0.3669271,0.27578124
49,2014-10-12 18:05:00+00:00,2.2549403,2.7187204,2.7187204,45,58,45,58,-0.15,0.275
49,2014-10-12 18:05:00+00:00,2.3945322,2.8297708,2.8297708,45,58,58,71,0.06666666,0.275
49,2014-10-12 18:05:00+00:00,3.3765244,2.896221,2.896221,45,58,84,97,0.5135417,0.28125
49,2014-10-12 18:05:00+00:00,3.3173125,2.5848336,2.5848336,45,58,97,110,0.7166667,0.275
49,2014-10-12 18:05:00+00:00,2.5985677,2.6823947,2.6823947,45,58,110,121,0.9166666,0.275
49,2014-10-12 18:05:00+00:00,4.4483047,3.3194864,3.3194864,58,71,19,32,-0.5679687,0.57070315
49,2014-10-12 18:05:00+00:00,3.0461805,2.5267348,2.5267348,58,71,32,45,-0.36666667,0.6
49,2014-10-12 18:05:00+00:00,2.5510445,2.401435,2.401435,58,71,45,58,-0.14921875,0.59414065
49,2014-10-12 18:05:00+00:00,2.1807365,2.4603531,2.4603531,58,71,58,71,0.067968756,0.59375
49,2014-10-12 18:05:00+00:00,2.6906085,2.6774542,2.6774542,58,71,71,84,0.2833333,0.6
49,2014-10-12 18:05:00+00:00,3.0507765,2.792584,2.792584,58,71,84,97,0.49036458,0.5875
49,2014-10-12 18:05:00+00:00,3.2732186,2.495768,2.495768,58,71,97,110,0.7299479,0.5929687
49,2014-10-12 18:05:00+00:00,2.5833294,2.6062188,2.6062188,58,71,110,121,0.9166666,0.6
49,2014-10-12 18:05:00+00:00,1.9737914,2.3115644,2.3115644,71,81,110,121,0.9166666,0.8875
50,2014-10-12 18:10:00+00:00,2.58048,2.7743466,2.7743466,19,32,84,97,0.5,-0.375
50,2014-10-12 18:10:00+00:00,2.475771,2.4702842,2.4702842,19,32,97,110,0.7166667,-0.375
50,2014-10-12 18:10:00+00:00,2.2783275,2.5052218,2.5052218,19,32,110,121,0.92031246,-0.38085938
51,2014-10-12 18:15:00+00:00,3.9153867,3.527753,3.527753,32,45,32,45,-0.3614583,-0.0375
51,2014-10-12 18:15:00+00:00,2.9884982,3.1261244,3.1261244,32,45,45,58,-0.15,-0.050000004
51,2014-10-12 18:15:00+00:00,2.8982494,3.1207442,3.1207442,32,45,58,71,0.059114587,-0.05234375
51,2014-10-12 18:15:00+00:00,2.5779936,2.983025,2.983025,32,45,71,84,0.28072917,-0.039843753
51,2014-10-12 18:15:00+00:00,2.5875294,2.7534401,2.7534401,32,45,84,97,0.49427086,-0.044140626
51,2014-10-12 18:15:00+00:00,4.618626,3.4777677,3.4777677,45,58,6,19,-0.7885417,0.26171875
51,2014-10-12 18:15:00+00:00,3.9642332,3.479091,3.479091,45,58,19,32,-0.5833333,0.275
51,2014-10-12 18:15:00+00:00,2.7065296,2.6718714,2.6718714,45,58,32,45,-0.36666667,0.275
51,2014-10-12 18:15:00+00:00,2.1943126,2.474206,2.474206,45,58,45,58,-0.15,0.275
51,2014-10-12 18:15:00+00:00,2.146383,2.5771625,2.5771625,45,58,58,71,0.06666666,0.275
51,2014-10-12 18:15:00+00:00,2.4981575,2.7062712,2.7062712,45,58,71,84,0.27031252,0.2890625
51,2014-10-12 18:15:00+00:00,2.8537385,2.5819612,2.5819612,45,58,97,110,0.7166667,0.275
51,2014-10-12 18:15:00+00:00,2.4476726,2.681709,2.681709,45,58,110,121,0.9166666,0.275
51,2014-10-12 18:15:00+00:00,2.4205751,2.2666612,2.2666612,58,71,32,45,-0.36666667,0.6
51,2014-10-12 18:15:00+00:00,2.2098732,2.166762,2.166762,58,71,45,58,-0.15338542,0.5929687
51,2014-10-12 18:15:00+00:00,2.073443,2.221344,2.221344,58,71,58,71,0.06875,0.58203125
51,2014-10-12 18:15:00+00:00,2.3274572,2.5104992,2.5104992,58,71,71,84,0.2833333,0.6
51,2014-10-12 18:15:00+00:00,2.7612438,2.7111843,2.7111843,58,71,84,97,0.4919271,0.590625
51,2014-10-12 18:15:00+00:00,2.9773645,2.4449708,2.4449708,58,71,97,110,0.7278646,0.58984375
51,2014-10-12 18:15:00+00:00,2.42016,2.582316,2.582316,58,71,110,121,0.9166666,0.6
51,2014-10-12 18:15:00+00:00,2.035672,2.3017213,2.3017213,71,81,110,121,0.9166666,0.8875
52,2014-10-23 17:55:00+00:00,3.492553,3.5677278,3.5677278,19,32,84,97,0.49635416,-0.37304688
52,2014-10-23 17:55:00+00:00,3.3801563,3.130525,3.130525,19,32,97,110,0.7166667,-0.375
52,2014-10-23 17:55:00+00:00,3.6039295,3.1221519,3.1221519,19,32,110,121,0.9166666,-0.375
52,2014-10-23 17:55:00+00:00,3.7986507,4.3230104,4.3230104,32,45,45,58,-0.15,-0.050000004
52,2014-10-23 17:55:00+00:00,3.0653436,3.4685879,3.4685879,32,45,84,97,0.4984375,-0.05234375
52,2014-10-23 17:55:00+00:00,3.1294718,2.9042003,2.9042003,32,45,97,110,0.7166667,-0.050000004
52,2014-10-23 17:55:00+00:00,2.8503313,2.9033322,2.9033322,32,45,110,121,0.9059896,-0.052734375
52,2014-10-23 17:55:00+00:00,4.3298535,3.7264304,3.7264304,45,58,6,19,-0.7934896,0.25625
52,2014-10-23 17:55:00+00:00,3.2407875,3.614274,3.614274,45,58,19,32,-0.5833333,0.275
52,2014-10-23 17:55:00+00:00,2.4478328,2.8953896,2.8953896,45,58,32,45,-0.36666667,0.275
52,2014-10-23 17:55:00+00:00,2.9541533,2.7530558,2.7530558,45,58,45,58,-0.15,0.275
52,2014-10-23 17:55:00+00:00,2.928253,2.8772402,2.8772402,45,58,58,71,0.07578125,0.27734375
52,2014-10-23 17:55:00+00:00,2.8692434,2.8897238,2.8897238,45,58,84,97,0.51484376,0.27695313
52,2014-10-23 17:55:00+00:00,2.6077394,2.6421142,2.6421142,45,58,97,110,0.7166667,0.275
52,2014-10-23 17:55:00+00:00,2.3980987,3.0374677,3.0374677,58,71,19,32,-0.5723958,0.5667969
52,2014-10-23 17:55:00+00:00,2.0385392,2.350791,2.350791,58,71,32,45,-0.36666667,0.6
52,2014-10-23 17:55:00+00:00,2.2263665,2.3054998,2.3054998,58,71,45,58,-0.15468751,0.5949219
52,2014-10-23 17:55:00+00:00,2.4181285,2.369117,2.369117,58,71,58,71,0.0671875,0.5847657
52,2014-10-23 17:55:00+00:00,2.505234,2.5169435,2.5169435,58,71,71,84,0.28697917,0.5980469
52,2014-10-23 17:55:00+00:00,2.5840495,2.6139376,2.6139376,58,71,84,97,0.4947917,0.5824219
52,2014-10-23 17:55:00+00:00,2.52283,2.4476047,2.4476047,58,71,97,110,0.7208333,0.5914062
52,2014-10-23 17:55:00+00:00,2.3001862,2.5320582,2.5320582,58,71,110,121,0.9106771,0.61328125
52,2014-10-23 17:55:00+00:00,2.1739511,2.6127472,2.6127472,71,81,110,121,0.9166666,0.8875
53,2014-10-26 18:25:00+00:00,3.330653,3.1239593,3.1239593,19,32,84,97,0.5,-0.375
53,2014-10-26 18:25:00+00:00,3.5294712,2.838862,2.838862,19,32,97,110,0.7166667,-0.375
53,2014-10-26 18:25:00+00:00,3.5637338,2.8661199,2.8661199,19,32,110,121,0.9166666,-0.375
53,2014-10-26 18:25:00+00:00,3.9061623,3.8240259,3.8240259,32,45,32,45,-0.35598958,-0.0296875
53,2014-10-26 18:25:00+00:00,3.4294143,3.6657858,3.6657858,32,45,45,58,-0.15,-0.050000004
53,2014-10-26 18:25:00+00:00,2.6535122,3.4132411,3.4132411,32,45,71,84,0.28229165,-0.039453126
53,2014-10-26 18:25:00+00:00,2.9812553,3.114347,3.114347,32,45,84,97,0.5,-0.050000004
53,2014-10-26 18:25:00+00:00,3.2194853,2.7449152,2.7449152,32,45,97,110,0.7166667,-0.050000004
53,2014-10-26 18:25:00+00:00,2.7204876,2.767546,2.767546,32,45,110,121,0.9166666,-0.050000004
53,2014-10-26 18:25:00+00:00,3.789022,3.2115932,3.2115932,45,58,6,19,-0.79296875,0.26601562
53,2014-10-26 18:25:00+00:00,2.57422,3.1661305,3.1661305,45,58,19,32,-0.5833333,0.275
53,2014-10-26 18:25:00+00:00,2.1360533,2.3956273,2.3956273,45,58,32,45,-0.3669271,0.27578124
53,2014-10-26 18:25:00+00:00,2.473821,2.3203664,2.3203664,45,58,45,58,-0.15,0.275
53,2014-10-26 18:25:00+00:00,2.9016325,2.3752947,2.3752947,45,58,58,71,0.061197914,0.27695313
53,2014-10-26 18:25:00+00:00,2.7268794,2.719896,2.719896,45,58,84,97,0.5132812,0.28320312
53,2014-10-26 18:25:00+00:00,2.689681,2.561847,2.561847,45,58,97,110,0.7166667,0.275
53,2014-10-26 18:25:00+00:00,2.465994,2.7202828,2.7202828,45,58,110,121,0.9166666,0.275
53,2014-10-26 18:25:00+00:00,3.2956705,2.7430532,2.7430532,58,71,19,32,-0.57890624,0.57773435
53,2014-10-26 18:25:00+00:00,1.8980167,1.9943367,1.9943367,58,71,32,45,-0.36666667,0.6
53,2014-10-26 18:25:00+00:00,2.0739722,1.9786159,1.9786159,58,71,45,58,-0.15130208,0.5992187
53,2014-10-26 18:25:00+00:00,2.261604,2.0318716,2.0318716,58,71,58,71,0.073697925,0.58867186
53,2014-10-26 18:25:00+00:00,2.4919896,2.325652,2.325652,58,71,71,84,0.2833333,0.6
53,2014-10-26 18:25:00+00:00,2.714114,2.5153854,2.5153854,58,71,84,97,0.49166667,0.5902344
53,2014-10-26 18:25:00+00:00,2.751654,2.3976302,2.3976302,58,71,97,110,0.7260417,0.5921875
53,2014-10-26 18:25:00+00:00,2.5080311,2.5757084,2.5757084,58,71,110,121,0.9166666,0.6
53,2014-10-26 18:25:00+00:00,2.1883013,2.57463,2.57463,71,81,32,45,-0.38645837,0.85546875
53,2014-10-26 18:25:00+00:00,2.71783,2.4560463,2.4560463,71,81,84,97,0.44599998,0.80700004
53,2014-10-26 18:25:00+00:00,2.6254282,2.3744164,2.3744164,71,81,97,110,0.7502604,0.8714844
53,2014-10-26 18:25:00+00:00,2.4827938,2.612442,2.612442,71,81,110,121,0.9166666,0.8875
54,2014-11-11 18:25:00+00:00,3.0510695,2.6153622,2.6153622,19,32,84,97,0.4955729,-0.36679688
54,2014-11-11 18:25:00+00:00,2.4124222,2.3765454,2.3765454,32,45,84,97,0.5,-0.050000004
54,2014-11-11 18:25:00+00:00,2.3833938,2.0547905,2.0547905,32,45,97,110,0.7166667,-0.050000004
54,2014-11-11 18:25:00+00:00,2.1469238,2.1305666,2.1305666,32,45,110,121,0.9140625,-0.047656253
54,2014-11-11 18:25:00+00:00,1.5099757,2.1058993,2.1058993,45,58,45,58,-0.14166667,0.26484373
54,2014-11-11 18:25:00+00:00,2.0171044,2.0879793,2.0879793,45,58,97,110,0.7166667,0.275
54,2014-11-11 18:25:00+00:00,2.1263123,2.2174835,2.2174835,45,58,110,121,0.9166666,0.275
54,2014-11-11 18:25:00+00:00,1.9954071,1.9569895,1.9569895,58,71,71,84,0.2833333,0.6
54,2014-11-11 18:25:00+00:00,2.1692312,2.0488913,2.0488913,58,71,84,97,0.48489583,0.5890625
54,2014-11-11 18:25:00+00:00,2.2111278,1.9339004,1.9339004,58,71,97,110,0.72760415,0.5914062
54,2014-11-11 18:25:00+00:00,2.1484299,2.081251,2.081251,58,71,110,121,0.9166666,0.6
54,2014-11-11 18:25:00+00:00,2.0575402,2.0040936,2.0040936,71,81,110,121,0.9166666,0.8875
55,2015-05-01 18:01:00+00:00,1.8256803,2.1834896,2.1834896,19,32,84,97,0.5,-0.375
55,2015-05-01 18:01:00+00:00,1.7926356,1.9447503,1.9447503,19,32,97,110,0.7166667,-0.375
55,2015-05-01 18:01:00+00:00,1.9734336,2.01615,2.01615,19,32,110,121,0.9166666,-0.375
55,2015-05-01 18:01:00+00:00,3.322193,2.9054189,2.9054189,32,45,32,45,-0.35729167,-0.036328126
55,2015-05-01 18:01:00+00:00,2.300944,2.5140164,2.5140164,32,45,45,58,-0.15,-0.050000004
55,2015-05-01 18:01:00+00:00,1.8489875,2.1263402,2.1263402,32,45,71,84,0.28177083,-0.046484374
55,2015-05-01 18:01:00+00:00,1.7149464,1.9344009,1.9344009,32,45,84,97,0.50364584,-0.051953126
55,2015-05-01 18:01:00+00:00,1.8032299,1.566919,1.566919,32,45,97,110,0.7166667,-0.050000004
55,2015-05-01 18:01:00+00:00,1.8598912,1.6975043,1.6975043,32,45,110,121,0.9166666,-0.050000004
55,2015-05-01 18:01:00+00:00,2.056642,2.4654238,2.4654238,45,58,32,45,-0.3614583,0.27304685
55,2015-05-01 18:01:00+00:00,2.0407112,2.2972646,2.2972646,45,58,45,58,-0.15,0.275
55,2015-05-01 18:01:00+00:00,2.0669477,2.3342602,2.3342602,45,58,58,71,0.06666666,0.275
55,2015-05-01 18:01:00+00:00,1.9062855,2.0219142,2.0219142,45,58,97,110,0.71380204,0.2613281
55,2015-05-01 18:01:00+00:00,1.9646468,2.116745,2.116745,45,58,110,121,0.92291665,0.26523435
55,2015-05-01 18:01:00+00:00,2.3057837,2.1236904,2.1236904,58,71,32,45,-0.36015624,0.5917969
55,2015-05-01 18:01:00+00:00,2.0317492,2.0418704,2.0418704,58,71,45,58,-0.15416667,0.5890625
55,2015-05-01 18:01:00+00:00,2.1845737,2.0884461,2.0884461,58,71,58,71,0.057812504,0.59765625
55,2015-05-01 18:01:00+00:00,2.2566762,2.1077664,2.1077664,58,71,71,84,0.27682292,0.59648436
55,2015-05-01 18:01:00+00:00,2.1229327,2.1339881,2.1339881,58,71,84,97,0.4921875,0.5835937
55,2015-05-01 18:01:00+00:00,1.9824471,2.0649354,2.0649354,58,71,110,121,0.9166666,0.6015625
55,2015-05-01 18:01:00+00:00,1.9873992,1.7005113,1.7005113,71,81,110,121,0.9184896,0.8863281
56,2015-05-01 18:05:00+00:00,1.8256803,2.0218759,2.0218759,19,32,84,97,0.5,-0.375
56,2015-05-01 18:05:00+00:00,1.7926356,1.834177,1.834177,19,32,97,110,0.7166667,-0.375
56,2015-05-01 18:05:00+00:00,1.9734336,1.9186952,1.9186952,19,32,110,121,0.9166666,-0.375
56,2015-05-01 18:05:00+00:00,3.322193,2.6328754,2.6328754,32,45,32,45,-0.35729167,-0.036328126
56,2015-05-01 18:05:00+00:00,2.300944,2.2872248,2.2872248,32,45,45,58,-0.15,-0.050000004
56,2015-05-01 18:05:00+00:00,1.8489875,1.8765496,1.8765496,32,45,71,84,0.28177083,-0.046484374
56,2015-05-01 18:05:00+00:00,1.7149464,1.7133138,1.7133138,32,45,84,97,0.50364584,-0.051953126
56,2015-05-01 18:05:00+00:00,1.8032299,1.402942,1.402942,32,45,97,110,0.7166667,-0.050000004
56,2015-05-01 18:05:00+00:00,1.8598912,1.5505502,1.5505502,32,45,110,121,0.9166666,-0.050000004
56,2015-05-01 18:05:00+00:00,1.9801726,2.3162785,2.3162785,45,58,32,45,-0.359375,0.26718748
56,2015-05-01 18:05:00+00:00,2.0203488,2.1835034,2.1835034,45,58,45,58,-0.15,0.275
56,2015-05-01 18:05:00+00:00,2.0637703,2.213278,2.213278,45,58,58,71,0.06666666,0.275
56,2015-05-01 18:05:00+00:00,1.9062855,1.8940703,1.8940703,45,58,97,110,0.71380204,0.2613281
56,2015-05-01 18:05:00+00:00,1.9646468,1.9923105,1.9923105,45,58,110,121,0.92291665,0.26523435
56,2015-05-01 18:05:00+00:00,2.1610112,1.9951844,1.9951844,58,71,58,71,0.057812504,0.59765625
56,2015-05-01 18:05:00+00:00,2.1927028,1.9793001,1.9793001,58,71,71,84,0.28437498,0.5925781
56,2015-05-01 18:05:00+00:00,2.0235596,2.0016932,2.0016932,58,71,84,97,0.48828125,0.57851565
56,2015-05-01 18:05:00+00:00,1.9830735,1.9491335,1.9491335,58,71,110,121,0.9166666,0.6015625
56,2015-05-01 18:05:00+00:00,1.960063,1.5763457,1.5763457,71,81,110,121,0.9184896,0.884375
57,2015-05-01 18:10:00+00:00,2.3535407,2.4049199,2.4049199,58,71,32,45,-0.36015624,0.5917969
57,2015-05-01 18:10:00+00:00,2.0692613,2.331372,2.331372,58,71,45,58,-0.15416667,0.58554685
57,2015-05-01 18:10:00+00:00,2.0127106,2.4854684,2.4854684,71,81,110,121,0.9184896,0.8863281
58,2015-05-02 18:50:00+00:00,2.0004518,2.2542574,2.2542574,19,32,84,97,0.5,-0.375
58,2015-05-02 18:50:00+00:00,1.8033556,2.0346076,2.0346076,19,32,97,110,0.7166667,-0.375
58,2015-05-02 18:50:00+00:00,1.9381386,2.0825992,2.0825992,19,32,110,121,0.9166666,-0.375
58,2015-05-02 18:50:00+00:00,3.6174908,2.982341,2.982341,32,45,32,45,-0.36458334,-0.040625
58,2015-05-02 18:50:00+00:00,2.6284752,2.6537604,2.6537604,32,45,45,58,-0.15,-0.050000004
58,2015-05-02 18:50:00+00:00,1.8045694,2.0240607,2.0240607,32,45,84,97,0.5,-0.050000004
58,2015-05-02 18:50:00+00:00,1.8908485,1.6926464,1.6926464,32,45,97,110,0.7166667,-0.050000004
58,2015-05-02 18:50:00+00:00,1.9535898,1.7852166,1.7852166,32,45,110,121,0.9166666,-0.050000004
58,2015-05-02 18:50:00+00:00,2.1064317,3.0250733,3.0250733,45,58,19,32,-0.5833333,0.275
58,2015-05-02 18:50:00+00:00,2.0920787,2.4023,2.4023,45,58,32,45,-0.37187502,0.27734375
58,2015-05-02 18:50:00+00:00,2.0899346,2.2749934,2.2749934,45,58,45,58,-0.15,0.275
58,2015-05-02 18:50:00+00:00,2.152935,2.3268945,2.3268945,45,58,58,71,0.06666666,0.275
58,2015-05-02 18:50:00+00:00,2.1137764,2.3045,2.3045,45,58,71,84,0.26822916,0.28984374
58,2015-05-02 18:50:00+00:00,2.0037296,2.078174,2.078174,45,58,97,110,0.7166667,0.275
58,2015-05-02 18:50:00+00:00,2.115818,2.2002203,2.2002203,45,58,110,121,0.9166666,0.275
58,2015-05-02 18:50:00+00:00,2.4159274,2.0924864,2.0924864,58,71,32,45,-0.36666667,0.6
58,2015-05-02 18:50:00+00:00,2.2167475,2.0407703,2.0407703,58,71,45,58,-0.153125,0.5902344
58,2015-05-02 18:50:00+00:00,2.2372203,2.0494,2.0494,58,71,58,71,0.07083333,0.578125
58,2015-05-02 18:50:00+00:00,2.3835573,2.1363685,2.1363685,58,71,71,84,0.28307295,0.5992187
58,2015-05-02 18:50:00+00:00,2.1240528,2.1914616,2.1914616,58,71,84,97,0.4940104,0.5902344
58,2015-05-02 18:50:00+00:00,1.9556779,2.0013912,2.0013912,58,71,97,110,0.73125005,0.5882813
58,2015-05-02 18:50:00+00:00,2.0201776,2.1334603,2.1334603,58,71,110,121,0.9166666,0.6
58,2015-05-02 18:50:00+00:00,2.077196,1.8138795,1.8138795,71,81,110,121,0.9166666,0.8875
59,2015-05-03 17:55:00+00:00,1.6029693,1.945797,1.945797,19,32,97,110,0.7195313,-0.36249998
59,2015-05-03 17:55:00+00:00,1.7051548,2.0579379,2.0579379,19,32,110,121,0.914323,-0.36914062
59,2015-05-03 17:55:00+00:00,1.6081158,1.9278175,1.9278175,32,45,84,97,0.5057292,-0.05234375
59,2015-05-03 17:55:00+00:00,1.6358383,1.4945725,1.4945725,32,45,97,110,0.7166667,-0.050000004
59,2015-05-03 17:55:00+00:00,1.7173892,1.6339146,1.6339146,32,45,110,121,0.9166666,-0.050000004
59,2015-05-03 17:55:00+00:00,2.1464133,3.1063094,3.1063094,45,58,19,32,-0.57656246,0.27890626
59,2015-05-03 17:55:00+00:00,2.0808594,2.4759073,2.4759073,45,58,32,45,-0.3643229,0.27734375
59,2015-05-03 17:55:00+00:00,2.0510216,2.3359437,2.3359437,45,58,45,58,-0.15390626,0.28515625
59,2015-05-03 17:55:00+00:00,2.0720778,2.4394553,2.4394553,45,58,58,71,0.0671875,0.275
59,2015-05-03 17:55:00+00:00,1.7374728,1.9308981,1.9308981,45,58,97,110,0.7166667,0.275
59,2015-05-03 17:55:00+00:00,1.8417889,2.0561955,2.0561955,45,58,110,121,0.9166666,0.275
59,2015-05-03 17:55:00+00:00,2.314966,2.1636128,2.1636128,58,71,32,45,-0.37161458,0.59335935
59,2015-05-03 17:55:00+00:00,2.2759683,2.148987,2.148987,58,71,71,84,0.28802085,0.5902344
59,2015-05-03 17:55:00+00:00,1.7852315,1.9734393,1.9734393,58,71,110,121,0.9166666,0.6
59,2015-05-03 17:55:00+00:00,1.8654001,1.6409197,1.6409197,71,81,110,121,0.9184896,0.8863281
60,2015-05-07 19:10:00+00:00,2.299078,2.5157871,2.5157871,19,32,84,97,0.4997396,-0.37578124
60,2015-05-07 19:10:00+00:00,1.932857,2.1740563,2.1740563,19,32,97,110,0.7166667,-0.375
60,2015-05-07 19:10:00+00:00,2.3758714,2.226713,2.226713,19,32,110,121,0.9166666,-0.375
60,2015-05-07 19:10:00+00:00,2.8510416,3.4684865,3.4684865,32,45,32,45,-0.36354166,-0.0375
60,2015-05-07 19:10:00+00:00,2.9101408,2.9832702,2.9832702,32,45,45,58,-0.15,-0.050000004
60,2015-05-07 19:10:00+00:00,2.150442,2.4980376,2.4980376,32,45,71,84,0.2825521,-0.04609375
60,2015-05-07 19:10:00+00:00,1.8128194,2.1292648,2.1292648,32,45,84,97,0.50677085,-0.05234375
60,2015-05-07 19:10:00+00:00,1.7745743,1.683508,1.683508,32,45,97,110,0.7166667,-0.050000004
60,2015-05-07 19:10:00+00:00,1.7954227,1.7911487,1.7911487,32,45,110,121,0.9166666,-0.050000004
60,2015-05-07 19:10:00+00:00,2.4058733,3.151155,3.151155,45,58,19,32,-0.5833333,0.275
60,2015-05-07 19:10:00+00:00,2.2868385,2.5545707,2.5545707,45,58,32,45,-0.37187502,0.27734375
60,2015-05-07 19:10:00+00:00,2.168844,2.4031324,2.4031324,45,58,45,58,-0.15,0.275
60,2015-05-07 19:10:00+00:00,2.0602775,2.4586716,2.4586716,45,58,58,71,0.06666666,0.275
60,2015-05-07 19:10:00+00:00,1.8680514,1.9553378,1.9553378,45,58,97,110,0.7166667,0.275
60,2015-05-07 19:10:00+00:00,1.9090581,2.0651863,2.0651863,45,58,110,121,0.9166666,0.275
60,2015-05-07 19:10:00+00:00,2.1548762,2.1574183,2.1574183,58,71,32,45,-0.36666667,0.6
60,2015-05-07 19:10:00+00:00,2.4753475,2.107116,2.107116,58,71,45,58,-0.15807292,0.5878906
60,2015-05-07 19:10:00+00:00,2.443185,2.1181147,2.1181147,58,71,58,71,0.069791675,0.57773435
60,2015-05-07 19:10:00+00:00,2.4048274,2.0815601,2.0815601,58,71,71,84,0.28307295,0.5992187
60,2015-05-07 19:10:00+00:00,2.3376076,2.0561283,2.0561283,58,71,84,97,0.48958334,0.5828125
60,2015-05-07 19:10:00+00:00,1.8082231,1.9424545,1.9424545,58,71,110,121,0.9166666,0.6
60,2015-05-07 19:10:00+00:00,1.8178039,1.679026,1.679026,71,81,110,121,0.9184896,0.8863281
61,2015-05-11 18:45:00+00:00,1.942905,1.9322224,1.9322224,19,32,97,110,0.7169271,-0.375
61,2015-05-11 18:45:00+00:00,2.035278,1.9980772,1.9980772,19,32,110,121,0.9192708,-0.37578124
61,2015-05-11 18:45:00+00:00,1.9723629,1.9046265,1.9046265,32,45,84,97,0.5057292,-0.05234375
61,2015-05-11 18:45:00+00:00,1.8981153,1.5520834,1.5520834,32,45,97,110,0.7166667,-0.050000004
61,2015-05-11 18:45:00+00:00,1.839012,1.6611226,1.6611226,32,45,110,121,0.9166666,-0.050000004
61,2015-05-11 18:45:00+00:00,2.1909184,2.268493,2.268493,45,58,58,71,0.07083334,0.28359377
61,2015-05-11 18:45:00+00:00,2.072168,1.9882195,1.9882195,45,58,97,110,0.7166667,0.275
61,2015-05-11 18:45:00+00:00,1.9146749,2.1110544,2.1110544,45,58,110,121,0.9166666,0.275
61,2015-05-11 18:45:00+00:00,2.335428,2.0758038,2.0758038,58,71,71,84,0.2833333,0.6
61,2015-05-11 18:45:00+00:00,2.2268329,2.1143224,2.1143224,58,71,84,97,0.4919271,0.590625
61,2015-05-11 18:45:00+00:00,2.1166432,1.8608488,1.8608488,58,71,97,110,0.73125,0.5894531
61,2015-05-11 18:45:00+00:00,1.8841166,2.0313554,2.0313554,58,71,110,121,0.9166666,0.6
61,2015-05-11 18:45:00+00:00,1.9228983,1.6540447,1.6540447,71,81,110,121,0.9166666,0.8875
62,2015-05-23 19:10:00+00:00,2.5009995,2.3231156,2.3231156,19,32,84,97,0.5,-0.375
62,2015-05-23 19:10:00+00:00,1.8911369,2.0260613,2.0260613,19,32,97,110,0.7166667,-0.375
62,2015-05-23 19:10:00+00:00,1.9588141,2.0693235,2.0693235,19,32,110,121,0.9166666,-0.375
62,2015-05-23 19:10:00+00:00,2.984697,3.077445,3.077445,32,45,32,45,-0.35755205,-0.03515625
62,2015-05-23 19:10:00+00:00,2.3265097,2.6986833,2.6986833,32,45,45,58,-0.15,-0.050000004
62,2015-05-23 19:10:00+00:00,2.1096416,2.0630693,2.0630693,32,45,84,97,0.5,-0.050000004
62,2015-05-23 19:10:00+00:00,1.9485424,1.6245313,1.6245313,32,45,97,110,0.7166667,-0.050000004
62,2015-05-23 19:10:00+00:00,1.8194618,1.7124046,1.7124046,32,45,110,121,0.9166666,-0.050000004
62,2015-05-23 19:10:00+00:00,2.266602,3.0070074,3.0070074,45,58,19,32,-0.5833333,0.275
62,2015-05-23 19:10:00+00:00,2.091668,2.3670945,2.3670945,45,58,32,45,-0.36666667,0.275
62,2015-05-23 19:10:00+00:00,2.1508436,2.2416286,2.2416286,45,58,45,58,-0.15,0.275
62,2015-05-23 19:10:00+00:00,2.139596,2.3076346,2.3076346,45,58,58,71,0.06666666,0.275
62,2015-05-23 19:10:00+00:00,1.972742,2.0046346,2.0046346,45,58,97,110,0.7166667,0.275
62,2015-05-23 19:10:00+00:00,1.7753584,2.10962,2.10962,45,58,110,121,0.9166666,0.275
62,2015-05-23 19:10:00+00:00,1.8845344,2.029691,2.029691,58,71,32,45,-0.36666667,0.6
62,2015-05-23 19:10:00+00:00,2.1261528,1.9581318,1.9581318,58,71,45,58,-0.15572917,0.5890625
62,2015-05-23 19:10:00+00:00,2.253743,2.0749106,2.0749106,58,71,71,84,0.28854167,0.59765625
62,2015-05-23 19:10:00+00:00,2.243826,2.125078,2.125078,58,71,84,97,0.49140626,0.58554685
62,2015-05-23 19:10:00+00:00,1.7719877,1.8713999,1.8713999,58,71,97,110,0.7369791,0.5890625
62,2015-05-23 19:10:00+00:00,1.667953,2.0144725,2.0144725,58,71,110,121,0.9166666,0.6
62,2015-05-23 19:10:00+00:00,1.5398251,1.6922796,1.6922796,71,81,110,121,0.9166666,0.8875
63,2015-06-03 18:50:00+00:00,2.6297207,2.1468759,2.1468759,32,45,110,121,0.9216146,-0.06679688
63,2015-06-03 18:50:00+00:00,2.1641731,2.2865882,2.2865882,45,58,58,71,0.068749994,0.2746094
63,2015-06-03 18:50:00+00:00,2.147626,2.4227483,2.4227483,45,58,71,84,0.26328126,0.290625
63,2015-06-03 18:50:00+00:00,2.5875096,2.5243566,2.5243566,45,58,97,110,0.7104167,0.290625
63,2015-06-03 18:50:00+00:00,2.302183,2.6003392,2.6003392,45,58,110,121,0.9242188,0.27734375
63,2015-06-03 18:50:00+00:00,2.5099435,2.041331,2.041331,58,71,32,45,-0.36640623,0.59882814
63,2015-06-03 18:50:00+00:00,2.2841058,1.9847192,1.9847192,58,71,45,58,-0.15338542,0.5929687
63,2015-06-03 18:50:00+00:00,2.2788305,2.0128348,2.0128348,58,71,58,71,0.06666666,0.5824219
63,2015-06-03 18:50:00+00:00,2.4270768,2.328712,2.328712,58,71,71,84,0.2833333,0.6
63,2015-06-03 18:50:00+00:00,2.5642922,2.546041,2.546041,58,71,84,97,0.49635416,0.5914062
63,2015-06-03 18:50:00+00:00,2.8173113,2.3842366,2.3842366,58,71,97,110,0.7317709,0.5882813
63,2015-06-03 18:50:00+00:00,2.2712264,2.5697196,2.5697196,58,71,110,121,0.9166666,0.6
63,2015-06-03 18:50:00+00:00,2.3669286,2.3107944,2.3107944,71,81,110,121,0.9166666,0.8875
64,2015-06-10 18:55:00+00:00,3.0547318,2.8108234,2.8108234,19,32,84,97,0.509375,-0.35898435
64,2015-06-10 18:55:00+00:00,2.1327298,2.465504,2.465504,19,32,97,110,0.7166667,-0.375
64,2015-06-10 18:55:00+00:00,2.100977,2.5037544,2.5037544,19,32,110,121,0.9166666,-0.375
64,2015-06-10 18:55:00+00:00,2.04776,2.9632788,2.9632788,32,45,71,84,0.278125,-0.040625002
64,2015-06-10 18:55:00+00:00,2.0724502,2.518329,2.518329,32,45,84,97,0.5057292,-0.05234375
64,2015-06-10 18:55:00+00:00,2.0577219,1.9424282,1.9424282,32,45,97,110,0.7166667,-0.050000004
64,2015-06-10 18:55:00+00:00,1.9680381,2.0334651,2.0334651,32,45,110,121,0.9166666,-0.050000004
64,2015-06-10 18:55:00+00:00,3.2965775,3.4094257,3.4094257,45,58,19,32,-0.5833333,0.275
64,2015-06-10 18:55:00+00:00,2.3936079,2.7912621,2.7912621,45,58,32,45,-0.36666667,0.275
64,2015-06-10 18:55:00+00:00,2.2565622,2.6263888,2.6263888,45,58,45,58,-0.15,0.275
64,2015-06-10 18:55:00+00:00,2.2453666,2.6424627,2.6424627,45,58,58,71,0.06979167,0.27929688
64,2015-06-10 18:55:00+00:00,1.9696628,2.0940719,2.0940719,45,58,97,110,0.7166667,0.275
64,2015-06-10 18:55:00+00:00,1.9876608,2.192862,2.192862,45,58,110,121,0.9166666,0.275
64,2015-06-10 18:55:00+00:00,2.7346199,2.3159187,2.3159187,58,71,32,45,-0.36666667,0.6
64,2015-06-10 18:55:00+00:00,2.3314004,2.2274745,2.2274745,58,71,45,58,-0.15468751,0.5882813
64,2015-06-10 18:55:00+00:00,2.0292633,2.270561,2.270561,58,71,71,84,0.2833333,0.6
64,2015-06-10 18:55:00+00:00,2.298115,2.196565,2.196565,58,71,84,97,0.4947917,0.5882813
64,2015-06-10 18:55:00+00:00,1.8842621,2.0366435,2.0366435,58,71,110,121,0.9166666,0.6
64,2015-06-10 18:55:00+00:00,1.9387637,1.8291873,1.8291873,71,81,110,121,0.9166666,0.8875
65,2015-07-20 18:05:00+00:00,2.4780288,3.227845,3.227845,19,32,84,97,0.5002604,-0.39609376
65,2015-07-20 18:05:00+00:00,4.4149203,4.3833046,4.3833046,32,45,32,45,-0.36640623,-0.038671877
65,2015-07-20 18:05:00+00:00,3.9100795,3.9952304,3.9952304,32,45,45,58,-0.15,-0.050000004
65,2015-07-20 18:05:00+00:00,4.02874,3.8350224,3.8350224,45,58,19,32,-0.5833333,0.275
65,2015-07-20 18:05:00+00:00,3.9878983,2.9893348,2.9893348,45,58,32,45,-0.36640623,0.27578124
65,2015-07-20 18:05:00+00:00,2.0340278,2.8068097,2.8068097,45,58,45,58,-0.15,0.275
65,2015-07-20 18:05:00+00:00,2.474942,2.957441,2.957441,45,58,58,71,0.06666666,0.275
65,2015-07-20 18:05:00+00:00,3.0445657,3.3149633,3.3149633,58,71,19,32,-0.5671874,0.56875
65,2015-07-20 18:05:00+00:00,2.0492966,2.4716654,2.4716654,58,71,32,45,-0.36666667,0.6
65,2015-07-20 18:05:00+00:00,1.9830865,2.3894622,2.3894622,58,71,45,58,-0.15416667,0.5929687
65,2015-07-20 18:05:00+00:00,1.969413,2.4795678,2.4795678,58,71,58,71,0.075,0.5835937
65,2015-07-20 18:05:00+00:00,2.069771,2.8047361,2.8047361,58,71,71,84,0.28541666,0.5949218
65,2015-07-20 18:05:00+00:00,2.2557504,2.933359,2.933359,58,71,84,97,0.49114585,0.59101564
66,2015-07-21 18:50:00+00:00,3.2085643,3.146849,3.146849,19,32,84,97,0.4992188,-0.37578124
66,2015-07-21 18:50:00+00:00,2.141988,2.6027586,2.6027586,19,32,97,110,0.70703125,-0.37773436
66,2015-07-21 18:50:00+00:00,4.299284,4.643434,4.643434,32,45,32,45,-0.36484376,-0.04804688
66,2015-07-21 18:50:00+00:00,4.110862,4.146112,4.146112,32,45,45,58,-0.15,-0.050000004
66,2015-07-21 18:50:00+00:00,4.4858265,4.1340084,4.1340084,32,45,58,71,0.058072917,-0.05078125
66,2015-07-21 18:50:00+00:00,4.287209,3.747745,3.747745,32,45,71,84,0.28020835,-0.0421875
66,2015-07-21 18:50:00+00:00,2.125774,2.4819422,2.4819422,32,45,110,121,0.9166666,-0.050000004
66,2015-07-21 18:50:00+00:00,4.5661364,4.2444415,4.2444415,45,58,6,19,-0.7838541,0.26484376
66,2015-07-21 18:50:00+00:00,4.3184776,4.2690673,4.2690673,45,58,19,32,-0.5833333,0.275
66,2015-07-21 18:50:00+00:00,3.3636029,3.5468752,3.5468752,45,58,32,45,-0.37109375,0.28710938
66,2015-07-21 18:50:00+00:00,2.8084104,3.346134,3.346134,45,58,45,58,-0.1484375,0.27578124
66,2015-07-21 18:50:00+00:00,3.260794,3.4589453,3.4589453,45,58,58,71,0.06666666,0.275
66,2015-07-21 18:50:00+00:00,3.852759,3.3665693,3.3665693,45,58,71,84,0.2671875,0.28828123
66,2015-07-21 18:50:00+00:00,3.32891,2.7446985,2.7446985,45,58,97,110,0.7166667,0.275
66,2015-07-21 18:50:00+00:00,2.2261133,2.8582635,2.8582635,45,58,110,121,0.9166666,0.275
66,2015-07-21 18:50:00+00:00,3.7507446,3.891729,3.891729,58,71,19,32,-0.5703125,0.56601566
66,2015-07-21 18:50:00+00:00,2.5568466,3.1290326,3.1290326,58,71,32,45,-0.37057292,0.596875
66,2015-07-21 18:50:00+00:00,2.5551414,2.9405744,2.9405744,58,71,45,58,-0.15078126,0.5917969
66,2015-07-21 18:50:00+00:00,2.5366259,3.014673,3.014673,58,71,58,71,0.07057292,0.5792968
66,2015-07-21 18:50:00+00:00,2.4162862,3.1287365,3.1287365,58,71,71,84,0.28307292,0.5953125
66,2015-07-21 18:50:00+00:00,2.4411514,3.1099765,3.1099765,58,71,84,97,0.49088544,0.590625
66,2015-07-21 18:50:00+00:00,2.2619786,2.7639167,2.7639167,58,71,110,121,0.9166666,0.6
66,2015-07-21 18:50:00+00:00,2.3117952,2.443704,2.443704,71,81,110,121,0.9166666,0.8875
67,2015-07-23 18:35:00+00:00,3.8166294,3.2820477,3.2820477,19,32,84,97,0.5026042,-0.3785156
67,2015-07-23 18:35:00+00:00,2.4563706,2.739934,2.739934,19,32,97,110,0.7166667,-0.375
67,2015-07-23 18:35:00+00:00,2.1831222,2.7238252,2.7238252,19,32,110,121,0.9166666,-0.375
67,2015-07-23 18:35:00+00:00,4.446117,4.555003,4.555003,32,45,32,45,-0.36640623,-0.038671877
67,2015-07-23 18:35:00+00:00,4.07484,4.0919876,4.0919876,32,45,45,58,-0.15,-0.050000004
67,2015-07-23 18:35:00+00:00,4.3466015,3.8335702,3.8335702,32,45,71,84,0.27526042,-0.041796878
67,2015-07-23 18:35:00+00:00,3.6647348,3.282808,3.282808,32,45,84,97,0.50703126,-0.051953126
67,2015-07-23 18:35:00+00:00,2.3841007,2.6212637,2.6212637,32,45,97,110,0.7166667,-0.050000004
67,2015-07-23 18:35:00+00:00,2.0193446,2.6052437,2.6052437,32,45,110,121,0.9166666,-0.050000004
67,2015-07-23 18:35:00+00:00,3.717926,3.9585712,3.9585712,45,58,19,32,-0.5825521,0.2734375
67,2015-07-23 18:35:00+00:00,2.8304431,3.1990209,3.1990209,45,58,32,45,-0.3578125,0.26757812
67,2015-07-23 18:35:00+00:00,2.6487916,2.963556,2.963556,45,58,45,58,-0.15,0.275
67,2015-07-23 18:35:00+00:00,2.8549078,3.1203012,3.1203012,45,58,58,71,0.06666666,0.275
67,2015-07-23 18:35:00+00:00,3.596573,3.1251974,3.1251974,45,58,71,84,0.2658854,0.2875
67,2015-07-23 18:35:00+00:00,3.4343054,2.7367823,2.7367823,45,58,97,110,0.7166667,0.275
67,2015-07-23 18:35:00+00:00,2.107269,2.820144,2.820144,45,58,110,121,0.9166666,0.275
67,2015-07-23 18:35:00+00:00,2.0429437,2.6587152,2.6587152,58,71,32,45,-0.36093748,0.59765625
67,2015-07-23 18:35:00+00:00,2.3762999,2.5331979,2.5331979,58,71,45,58,-0.15390626,0.5902344
67,2015-07-23 18:35:00+00:00,2.4762962,2.6139185,2.6139185,58,71,58,71,0.06848958,0.58164066
67,2015-07-23 18:35:00+00:00,2.5555024,2.8348303,2.8348303,58,71,71,84,0.2833333,0.6
67,2015-07-23 18:35:00+00:00,2.7314892,2.9360993,2.9360993,58,71,84,97,0.49765626,0.5914062
67,2015-07-23 18:35:00+00:00,2.7368267,2.5565217,2.5565217,58,71,97,110,0.7291666,0.59023434
67,2015-07-23 18:35:00+00:00,2.3281329,2.6716678,2.6716678,58,71,110,121,0.9166666,0.6
67,2015-07-23 18:35:00+00:00,2.0979202,2.4818342,2.4818342,71,81,110,121,0.9166666,0.8875
68,2015-07-27 16:26:00+00:00,3.4155912,3.1174037,3.1174037,19,32,84,97,0.5,-0.375
68,2015-07-27 16:26:00+00:00,1.9335877,2.619503,2.619503,19,32,97,110,0.7166667,-0.375
68,2015-07-27 16:26:00+00:00,1.9486804,2.6269808,2.6269808,19,32,110,121,0.91536456,-0.3738281
68,2015-07-27 16:26:00+00:00,4.245276,4.233365,4.233365,32,45,32,45,-0.3645833,-0.03984375
68,2015-07-27 16:26:00+00:00,3.8315663,3.8425314,3.8425314,32,45,45,58,-0.15,-0.050000004
68,2015-07-27 16:26:00+00:00,4.186181,3.90831,3.90831,32,45,58,71,0.058593754,-0.050000004
68,2015-07-27 16:26:00+00:00,4.3840837,3.6371007,3.6371007,32,45,71,84,0.27942708,-0.045703128
68,2015-07-27 16:26:00+00:00,4.154961,3.1202946,3.1202946,32,45,84,97,0.5,-0.050000004
68,2015-07-27 16:26:00+00:00,1.9740261,2.4642882,2.4642882,32,45,97,110,0.7166667,-0.050000004
68,2015-07-27 16:26:00+00:00,1.6547902,2.4768577,2.4768577,32,45,110,121,0.9166666,-0.050000004
68,2015-07-27 16:26:00+00:00,4.3305244,3.6086347,3.6086347,45,58,6,19,-0.7838541,0.2609375
68,2015-07-27 16:26:00+00:00,3.2519906,3.5633805,3.5633805,45,58,19,32,-0.5833333,0.275
68,2015-07-27 16:26:00+00:00,1.8264225,2.7634535,2.7634535,45,58,32,45,-0.36666667,0.275
68,2015-07-27 16:26:00+00:00,1.9551067,2.6076765,2.6076765,45,58,45,58,-0.15,0.275
68,2015-07-27 16:26:00+00:00,2.615903,2.753484,2.753484,45,58,58,71,0.06666666,0.275
68,2015-07-27 16:26:00+00:00,3.8978217,2.7791033,2.7791033,45,58,71,84,0.26666665,0.28945312
68,2015-07-27 16:26:00+00:00,3.4409058,2.8267605,2.8267605,45,58,84,97,0.51145834,0.28164065
68,2015-07-27 16:26:00+00:00,2.5243697,2.481139,2.481139,45,58,97,110,0.7166667,0.275
68,2015-07-27 16:26:00+00:00,1.7901424,2.5924325,2.5924325,45,58,110,121,0.9166666,0.275
68,2015-07-27 16:26:00+00:00,2.3958592,2.979786,2.979786,58,71,19,32,-0.56953126,0.56875
68,2015-07-27 16:26:00+00:00,1.7252223,2.2274816,2.2274816,58,71,32,45,-0.36666667,0.6
68,2015-07-27 16:26:00+00:00,1.7665714,2.188599,2.188599,58,71,45,58,-0.15130208,0.5917969
68,2015-07-27 16:26:00+00:00,1.7957556,2.252224,2.252224,58,71,58,71,0.072916664,0.5796875
68,2015-07-27 16:26:00+00:00,1.9734596,2.4767182,2.4767182,58,71,71,84,0.2833333,0.6
68,2015-07-27 16:26:00+00:00,1.7800115,2.5574095,2.5574095,58,71,84,97,0.49088544,0.58984375
68,2015-07-27 16:26:00+00:00,2.3131938,2.2853854,2.2853854,58,71,97,110,0.72526044,0.5902344
68,2015-07-27 16:26:00+00:00,2.0518117,2.411178,2.411178,58,71,110,121,0.9166666,0.6
68,2015-07-27 16:26:00+00:00,1.9766374,2.2968307,2.2968307,71,81,110,121,0.9166666,0.8875
70,2015-07-27 18:15:00+00:00,3.3885014,3.235701,3.235701,19,32,84,97,0.5,-0.375
70,2015-07-27 18:15:00+00:00,1.8612838,2.6876547,2.6876547,19,32,97,110,0.7151042,-0.36796874
70,2015-07-27 18:15:00+00:00,4.245276,4.485801,4.485801,32,45,32,45,-0.3645833,-0.03984375
70,2015-07-27 18:15:00+00:00,3.8315663,4.119525,4.119525,32,45,45,58,-0.15,-0.050000004
70,2015-07-27 18:15:00+00:00,4.186181,4.210166,4.210166,32,45,58,71,0.058593754,-0.050000004
70,2015-07-27 18:15:00+00:00,4.3840837,3.901604,3.901604,32,45,71,84,0.27942708,-0.045703128
70,2015-07-27 18:15:00+00:00,4.154961,3.2267873,3.2267873,32,45,84,97,0.5,-0.050000004
70,2015-07-27 18:15:00+00:00,1.9740261,2.5055645,2.5055645,32,45,97,110,0.7166667,-0.050000004
70,2015-07-27 18:15:00+00:00,1.6547902,2.5200007,2.5200007,32,45,110,121,0.9166666,-0.050000004
70,2015-07-27 18:15:00+00:00,4.3305244,3.8382337,3.8382337,45,58,6,19,-0.7838541,0.2609375
70,2015-07-27 18:15:00+00:00,3.2519906,3.7415142,3.7415142,45,58,19,32,-0.5833333,0.275
70,2015-07-27 18:15:00+00:00,1.8264225,2.9625306,2.9625306,45,58,32,45,-0.36666667,0.275
70,2015-07-27 18:15:00+00:00,1.9551067,2.8273733,2.8273733,45,58,45,58,-0.15,0.275
70,2015-07-27 18:15:00+00:00,2.615903,3.0042381,3.0042381,45,58,58,71,0.06666666,0.275
70,2015-07-27 18:15:00+00:00,3.8978217,2.965237,2.965237,45,58,71,84,0.26666665,0.28945312
70,2015-07-27 18:15:00+00:00,3.4409058,2.8933904,2.8933904,45,58,84,97,0.51145834,0.28164065
70,2015-07-27 18:15:00+00:00,2.5243697,2.5225616,2.5225616,45,58,97,110,0.7166667,0.275
70,2015-07-27 18:15:00+00:00,1.7901424,2.6292973,2.6292973,45,58,110,121,0.9166666,0.275
70,2015-07-27 18:15:00+00:00,2.3958592,3.1199682,3.1199682,58,71,19,32,-0.56953126,0.56875
70,2015-07-27 18:15:00+00:00,1.7252223,2.3831234,2.3831234,58,71,32,45,-0.36666667,0.6
70,2015-07-27 18:15:00+00:00,1.7665714,2.3715227,2.3715227,58,71,45,58,-0.15130208,0.5917969
70,2015-07-27 18:15:00+00:00,1.7957556,2.4504223,2.4504223,58,71,58,71,0.072916664,0.5796875
70,2015-07-27 18:15:00+00:00,1.9734596,2.6308792,2.6308792,58,71,71,84,0.2833333,0.6
70,2015-07-27 18:15:00+00:00,1.7800115,2.6284862,2.6284862,58,71,84,97,0.49088544,0.58984375
70,2015-07-27 18:15:00+00:00,2.3131938,2.3249002,2.3249002,58,71,97,110,0.72526044,0.5902344
70,2015-07-27 18:15:00+00:00,2.0518117,2.4479573,2.4479573,58,71,110,121,0.9166666,0.6
70,2015-07-27 18:15:00+00:00,1.9766374,2.3441913,2.3441913,71,81,110,121,0.9166666,0.8875
71,2015-07-28 18:55:00+00:00,3.491079,3.4286351,3.4286351,19,32,84,97,0.5,-0.375
71,2015-07-28 18:55:00+00:00,2.1329458,2.7592816,2.7592816,19,32,97,110,0.7166667,-0.375
71,2015-07-28 18:55:00+00:00,1.969684,2.7466893,2.7466893,19,32,110,121,0.9166666,-0.375
71,2015-07-28 18:55:00+00:00,4.58038,4.9449406,4.9449406,32,45,32,45,-0.36276042,-0.041015625
71,2015-07-28 18:55:00+00:00,4.386045,4.486298,4.486298,32,45,45,58,-0.15,-0.050000004
71,2015-07-28 18:55:00+00:00,4.519708,4.210674,4.210674,32,45,71,84,0.278125,-0.043750003
71,2015-07-28 18:55:00+00:00,4.0871224,3.492845,3.492845,32,45,84,97,0.5,-0.050000004
71,2015-07-28 18:55:00+00:00,2.2153094,2.6598046,2.6598046,32,45,97,110,0.7166667,-0.050000004
71,2015-07-28 18:55:00+00:00,1.7252315,2.6465652,2.6465652,32,45,110,121,0.9166666,-0.050000004
71,2015-07-28 18:55:00+00:00,4.579729,4.398989,4.398989,45,58,6,19,-0.78125,0.2609375
71,2015-07-28 18:55:00+00:00,4.182384,4.359485,4.359485,45,58,19,32,-0.5833333,0.275
71,2015-07-28 18:55:00+00:00,2.889816,3.6325178,3.6325178,45,58,32,45,-0.36666667,0.275
71,2015-07-28 18:55:00+00:00,2.4915612,3.36917,3.36917,45,58,45,58,-0.15,0.275
71,2015-07-28 18:55:00+00:00,3.9986877,3.576057,3.576057,45,58,58,71,0.06666666,0.275
71,2015-07-28 18:55:00+00:00,4.264694,3.5044081,3.5044081,45,58,71,84,0.2684896,0.28945312
71,2015-07-28 18:55:00+00:00,3.0000207,2.8692594,2.8692594,45,58,97,110,0.7166667,0.275
71,2015-07-28 18:55:00+00:00,2.0637221,2.946548,2.946548,45,58,110,121,0.9166666,0.275
71,2015-07-28 18:55:00+00:00,2.1949348,3.050472,3.050472,58,71,32,45,-0.36666667,0.6
71,2015-07-28 18:55:00+00:00,2.0250435,2.908347,2.908347,58,71,45,58,-0.15078126,0.5917969
71,2015-07-28 18:55:00+00:00,2.3353336,3.0289092,3.0289092,58,71,58,71,0.07239584,0.5835937
71,2015-07-28 18:55:00+00:00,3.4215424,3.1918652,3.1918652,58,71,71,84,0.2833333,0.6
71,2015-07-28 18:55:00+00:00,2.6084797,3.183493,3.183493,58,71,84,97,0.49583334,0.5910156
71,2015-07-28 18:55:00+00:00,2.944987,2.723356,2.723356,58,71,97,110,0.7291667,0.58984375
71,2015-07-28 18:55:00+00:00,2.4152439,2.824178,2.824178,58,71,110,121,0.9166666,0.6
71,2015-07-28 18:55:00+00:00,2.4592931,2.5921087,2.5921087,71,81,110,121,0.9166666,0.8875
72,2015-08-02 19:15:00+00:00,3.5664496,3.6393955,3.6393955,19,32,84,97,0.5,-0.375
72,2015-08-02 19:15:00+00:00,2.9083583,3.1187136,3.1187136,19,32,97,110,0.7166667,-0.375
72,2015-08-02 19:15:00+00:00,2.2918248,3.1094787,3.1094787,19,32,110,121,0.9166666,-0.375
72,2015-08-02 19:15:00+00:00,4.558005,4.6355553,4.6355553,32,45,32,45,-0.3625,-0.03828125
72,2015-08-02 19:15:00+00:00,4.200286,4.3570213,4.3570213,32,45,45,58,-0.15,-0.050000004
72,2015-08-02 19:15:00+00:00,4.507318,4.3800907,4.3800907,32,45,71,84,0.2765625,-0.0453125
72,2015-08-02 19:15:00+00:00,4.1736927,3.977528,3.977528,32,45,84,97,0.5,-0.050000004
72,2015-08-02 19:15:00+00:00,3.8889992,3.3528268,3.3528268,32,45,97,110,0.7166667,-0.050000004
72,2015-08-02 19:15:00+00:00,2.656642,3.3170297,3.3170297,32,45,110,121,0.9166666,-0.050000004
72,2015-08-02 19:15:00+00:00,4.6016955,4.2316947,4.2316947,45,58,6,19,-0.7828125,0.26015624
72,2015-08-02 19:15:00+00:00,4.4672728,4.2563753,4.2563753,45,58,19,32,-0.5833333,0.275
72,2015-08-02 19:15:00+00:00,3.5892103,3.239478,3.239478,45,58,32,45,-0.36666667,0.275
72,2015-08-02 19:15:00+00:00,2.5971682,3.0098164,3.0098164,45,58,45,58,-0.15,0.275
72,2015-08-02 19:15:00+00:00,2.8179383,3.1912413,3.1912413,45,58,58,71,0.06666666,0.275
72,2015-08-02 19:15:00+00:00,4.343163,3.7050266,3.7050266,45,58,84,97,0.5158854,0.28515625
72,2015-08-02 19:15:00+00:00,3.918158,3.3506787,3.3506787,45,58,97,110,0.7166667,0.275
72,2015-08-02 19:15:00+00:00,2.8799057,3.4748197,3.4748197,45,58,110,121,0.9166666,0.275
72,2015-08-02 19:15:00+00:00,2.4295099,2.6483674,2.6483674,58,71,32,45,-0.36666667,0.6
72,2015-08-02 19:15:00+00:00,2.404554,2.4979227,2.4979227,58,71,45,58,-0.15572917,0.5894531
72,2015-08-02 19:15:00+00:00,2.3708076,2.632228,2.632228,58,71,58,71,0.067447916,0.58515626
72,2015-08-02 19:15:00+00:00,2.8766794,3.1924856,3.1924856,58,71,71,84,0.2833333,0.6
72,2015-08-02 19:15:00+00:00,3.4645057,3.4674942,3.4674942,58,71,84,97,0.49062502,0.58554685
72,2015-08-02 19:15:00+00:00,2.7312157,3.1495864,3.1495864,58,71,97,110,0.7260417,0.5921875
72,2015-08-02 19:15:00+00:00,2.263775,3.3173718,3.3173718,58,71,110,121,0.9166666,0.6
72,2015-08-02 19:15:00+00:00,2.361307,3.2484446,3.2484446,71,81,110,121,0.9166666,0.8875
73,2015-08-13 18:55:00+00:00,3.68508,3.491064,3.491064,19,32,84,97,0.5,-0.375
73,2015-08-13 18:55:00+00:00,3.0695376,3.017765,3.017765,19,32,97,110,0.7166667,-0.375
73,2015-08-13 18:55:00+00:00,2.3366208,3.0101185,3.0101185,19,32,110,121,0.9166666,-0.375
73,2015-08-13 18:55:00+00:00,4.5967793,4.617324,4.617324,32,45,32,45,-0.3622396,-0.041015625
73,2015-08-13 18:55:00+00:00,4.24542,4.3029876,4.3029876,32,45,45,58,-0.15,-0.050000004
73,2015-08-13 18:55:00+00:00,3.8223815,4.363005,4.363005,32,45,58,71,0.06458333,-0.05
73,2015-08-13 18:55:00+00:00,3.4675305,4.026282,4.026282,32,45,71,84,0.27994794,-0.046484377
73,2015-08-13 18:55:00+00:00,3.6262774,3.516501,3.516501,32,45,84,97,0.5,-0.050000004
73,2015-08-13 18:55:00+00:00,3.339519,2.9287684,2.9287684,32,45,97,110,0.7166667,-0.050000004
73,2015-08-13 18:55:00+00:00,2.9858146,2.909638,2.909638,32,45,110,121,0.9166666,-0.050000004
73,2015-08-13 18:55:00+00:00,4.491406,3.7091787,3.7091787,45,58,6,19,-0.7848958,0.26328123
73,2015-08-13 18:55:00+00:00,3.7213619,3.6738515,3.6738515,45,58,19,32,-0.5833333,0.275
73,2015-08-13 18:55:00+00:00,3.3921027,2.8565698,2.8565698,45,58,32,45,-0.36666667,0.275
73,2015-08-13 18:55:00+00:00,2.8925405,2.7011662,2.7011662,45,58,45,58,-0.15,0.275
73,2015-08-13 18:55:00+00:00,2.4804184,2.832081,2.832081,45,58,58,71,0.06666666,0.275
73,2015-08-13 18:55:00+00:00,2.7356436,2.8766696,2.8766696,45,58,71,84,0.26406252,0.28945312
73,2015-08-13 18:55:00+00:00,3.5270054,2.9799583,2.9799583,45,58,84,97,0.5143229,0.284375
73,2015-08-13 18:55:00+00:00,2.9275808,2.7065034,2.7065034,45,58,97,110,0.7166667,0.275
73,2015-08-13 18:55:00+00:00,2.6899314,2.834097,2.834097,45,58,110,121,0.9166666,0.275
73,2015-08-13 18:55:00+00:00,2.8572075,3.0729833,3.0729833,58,71,19,32,-0.5695312,0.5703125
73,2015-08-13 18:55:00+00:00,2.5363834,2.2913115,2.2913115,58,71,32,45,-0.36666667,0.6
73,2015-08-13 18:55:00+00:00,2.3685167,2.2495835,2.2495835,58,71,45,58,-0.15338542,0.5929687
73,2015-08-13 18:55:00+00:00,2.3945076,2.3167427,2.3167427,58,71,58,71,0.071614586,0.5871094
73,2015-08-13 18:55:00+00:00,2.5283315,2.5740883,2.5740883,58,71,71,84,0.2833333,0.6
73,2015-08-13 18:55:00+00:00,2.632732,2.719067,2.719067,58,71,84,97,0.49583334,0.5910156
73,2015-08-13 18:55:00+00:00,2.9681404,2.491368,2.491368,58,71,97,110,0.7260417,0.5910156
73,2015-08-13 18:55:00+00:00,2.2135994,2.6438804,2.6438804,58,71,110,121,0.9166666,0.6
73,2015-08-13 18:55:00+00:00,2.1833878,2.676395,2.676395,71,81,110,121,0.9166666,0.8875
74,2015-08-22 18:50:00+00:00,3.324859,3.8400931,3.8400931,19,32,84,97,0.5,-0.375
74,2015-08-22 18:50:00+00:00,3.115093,3.3353314,3.3353314,19,32,97,110,0.7174479,-0.37070313
74,2015-08-22 18:50:00+00:00,2.39362,3.3061779,3.3061779,19,32,110,121,0.9166666,-0.375
74,2015-08-22 18:50:00+00:00,4.480339,4.712839,4.712839,32,45,45,58,-0.15,-0.050000004
74,2015-08-22 18:50:00+00:00,4.378863,4.6058455,4.6058455,32,45,71,84,0.2809896,-0.04414063
74,2015-08-22 18:50:00+00:00,4.089533,4.1012526,4.1012526,32,45,84,97,0.5,-0.050000004
74,2015-08-22 18:50:00+00:00,4.044279,3.505057,3.505057,32,45,97,110,0.7166667,-0.050000004
74,2015-08-22 18:50:00+00:00,3.0881584,3.4610708,3.4610708,32,45,110,121,0.9166666,-0.050000004
74,2015-08-22 18:50:00+00:00,4.3606043,4.325844,4.325844,45,58,6,19,-0.7846354,0.26289064
74,2015-08-22 18:50:00+00:00,3.8784842,4.3234854,4.3234854,45,58,19,32,-0.5828124,0.27421877
74,2015-08-22 18:50:00+00:00,3.54375,3.4380205,3.4380205,45,58,32,45,-0.36614582,0.27421877
74,2015-08-22 18:50:00+00:00,3.3706212,3.1648912,3.1648912,45,58,45,58,-0.15,0.275
74,2015-08-22 18:50:00+00:00,3.8448937,3.3477142,3.3477142,45,58,58,71,0.06666666,0.275
74,2015-08-22 18:50:00+00:00,4.18623,3.5491116,3.5491116,45,58,71,84,0.2682292,0.2890625
74,2015-08-22 18:50:00+00:00,4.141533,3.71886,3.71886,45,58,84,97,0.5122396,0.28710938
74,2015-08-22 18:50:00+00:00,3.950794,3.3925574,3.3925574,45,58,97,110,0.7166667,0.275
74,2015-08-22 18:50:00+00:00,4.0855794,3.5118086,3.5118086,45,58,110,121,0.9166666,0.275
74,2015-08-22 18:50:00+00:00,3.3664298,2.7710567,2.7710567,58,71,32,45,-0.36666667,0.6
74,2015-08-22 18:50:00+00:00,2.9226477,2.6290424,2.6290424,58,71,45,58,-0.15442708,0.59414065
74,2015-08-22 18:50:00+00:00,2.8713636,2.7553914,2.7553914,58,71,58,71,0.07239584,0.5835937
74,2015-08-22 18:50:00+00:00,2.738501,3.2436914,3.2436914,58,71,71,84,0.2833333,0.6
74,2015-08-22 18:50:00+00:00,2.8603923,3.479322,3.479322,58,71,84,97,0.49583334,0.5910156
74,2015-08-22 18:50:00+00:00,2.6327133,3.1839786,3.1839786,58,71,97,110,0.72838545,0.58984375
74,2015-08-22 18:50:00+00:00,3.3876822,3.3530881,3.3530881,58,71,110,121,0.9166666,0.6
74,2015-08-22 18:50:00+00:00,3.0861373,3.3246317,3.3246317,71,81,110,121,0.9166666,0.8875
75,2015-09-06 18:05:00+00:00,1.5275851,1.9281632,1.9281632,19,32,84,97,0.5,-0.375
75,2015-09-06 18:05:00+00:00,1.4606245,1.5949444,1.5949444,19,32,97,110,0.7166667,-0.375
75,2015-09-06 18:05:00+00:00,1.44451,1.682913,1.682913,19,32,110,121,0.9166666,-0.375
75,2015-09-06 18:05:00+00:00,2.9709892,2.7542307,2.7542307,32,45,32,45,-0.3640625,-0.03984375
75,2015-09-06 18:05:00+00:00,2.5420232,2.296103,2.296103,32,45,45,58,-0.15,-0.050000004
75,2015-09-06 18:05:00+00:00,2.5090744,2.284747,2.284747,32,45,58,71,0.06432292,-0.049999997
75,2015-09-06 18:05:00+00:00,1.921963,2.14035,2.14035,32,45,71,84,0.28020835,-0.043750003
75,2015-09-06 18:05:00+00:00,1.652531,2.0010862,2.0010862,32,45,84,97,0.5,-0.050000004
75,2015-09-06 18:05:00+00:00,1.5627773,1.4190526,1.4190526,32,45,97,110,0.7166667,-0.050000004
75,2015-09-06 18:05:00+00:00,1.5066327,1.531465,1.531465,32,45,110,121,0.9166666,-0.050000004
75,2015-09-06 18:05:00+00:00,3.4422755,3.3522792,3.3522792,45,58,6,19,-0.7841146,0.26367188
75,2015-09-06 18:05:00+00:00,3.204129,3.4267986,3.4267986,45,58,19,32,-0.5833333,0.275
75,2015-09-06 18:05:00+00:00,2.3950162,2.703885,2.703885,45,58,32,45,-0.36666667,0.275
75,2015-09-06 18:05:00+00:00,2.143741,2.4689827,2.4689827,45,58,45,58,-0.15,0.275
75,2015-09-06 18:05:00+00:00,3.0556102,2.5824733,2.5824733,45,58,58,71,0.06666666,0.275
75,2015-09-06 18:05:00+00:00,3.0101254,2.5448668,2.5448668,45,58,71,84,0.26875,0.2890625
75,2015-09-06 18:05:00+00:00,2.9434545,2.521067,2.521067,45,58,84,97,0.5130209,0.2828125
75,2015-09-06 18:05:00+00:00,2.6534328,2.135159,2.135159,45,58,97,110,0.7166667,0.275
75,2015-09-06 18:05:00+00:00,2.207398,2.2594652,2.2594652,45,58,110,121,0.9166666,0.275
75,2015-09-06 18:05:00+00:00,2.053112,3.1726768,3.1726768,58,71,19,32,-0.5695312,0.5683594
75,2015-09-06 18:05:00+00:00,1.1925945,2.4183807,2.4183807,58,71,32,45,-0.36666667,0.6
75,2015-09-06 18:05:00+00:00,1.3929068,2.244386,2.244386,58,71,45,58,-0.15442708,0.5882813
75,2015-09-06 18:05:00+00:00,2.3091705,2.3591983,2.3591983,58,71,58,71,0.07291667,0.584375
75,2015-09-06 18:05:00+00:00,3.0022466,2.4543288,2.4543288,58,71,71,84,0.2833333,0.6
75,2015-09-06 18:05:00+00:00,2.9464326,2.5221086,2.5221086,58,71,84,97,0.49088544,0.590625
75,2015-09-06 18:05:00+00:00,1.7813879,2.067071,2.067071,58,71,97,110,0.7268229,0.58984375
75,2015-09-06 18:05:00+00:00,2.0806055,2.2392309,2.2392309,58,71,110,121,0.9166666,0.6
75,2015-09-06 18:05:00+00:00,1.728907,1.6599158,1.6599158,71,81,110,121,0.9166666,0.8875
76,2015-09-14 18:55:00+00:00,3.6244802,3.6558402,3.6558402,19,32,84,97,0.5,-0.375
76,2015-09-14 18:55:00+00:00,3.0792797,3.1855822,3.1855822,19,32,97,110,0.7166667,-0.375
76,2015-09-14 18:55:00+00:00,3.0210297,3.170162,3.170162,19,32,110,121,0.9166666,-0.375
76,2015-09-14 18:55:00+00:00,4.6111984,4.719415,4.719415,32,45,32,45,-0.36640623,-0.038671877
76,2015-09-14 18:55:00+00:00,4.554123,4.4155765,4.4155765,32,45,45,58,-0.15,-0.050000004
76,2015-09-14 18:55:00+00:00,4.3509707,4.3944407,4.3944407,32,45,71,84,0.2796875,-0.044531252
76,2015-09-14 18:55:00+00:00,4.2081895,3.9767878,3.9767878,32,45,84,97,0.5,-0.050000004
76,2015-09-14 18:55:00+00:00,3.8217638,3.4137678,3.4137678,32,45,97,110,0.7166667,-0.050000004
76,2015-09-14 18:55:00+00:00,4.603133,4.349916,4.349916,45,58,6,19,-0.7885417,0.26171875
76,2015-09-14 18:55:00+00:00,4.2305226,4.3405447,4.3405447,45,58,19,32,-0.5833333,0.275
76,2015-09-14 18:55:00+00:00,3.7295036,3.3673215,3.3673215,45,58,32,45,-0.36666667,0.275
76,2015-09-14 18:55:00+00:00,3.2611365,3.1284943,3.1284943,45,58,45,58,-0.15,0.275
76,2015-09-14 18:55:00+00:00,3.7236297,3.3048804,3.3048804,45,58,58,71,0.06666666,0.275
76,2015-09-14 18:55:00+00:00,4.2557716,3.5476358,3.5476358,45,58,71,84,0.2640625,0.2902344
76,2015-09-14 18:55:00+00:00,3.6580274,3.461044,3.461044,45,58,97,110,0.7166667,0.275
76,2015-09-14 18:55:00+00:00,2.833075,3.5955493,3.5955493,45,58,110,121,0.91015625,0.28671876
76,2015-09-14 18:55:00+00:00,3.4732938,3.8494568,3.8494568,58,71,19,32,-0.57057285,0.56875
76,2015-09-14 18:55:00+00:00,2.3561714,2.78785,2.78785,58,71,32,45,-0.36666667,0.6
76,2015-09-14 18:55:00+00:00,2.8201215,2.6513681,2.6513681,58,71,45,58,-0.15078126,0.5917969
76,2015-09-14 18:55:00+00:00,3.2107978,2.7567647,2.7567647,58,71,58,71,0.07239584,0.5835937
76,2015-09-14 18:55:00+00:00,4.063633,3.3147745,3.3147745,58,71,71,84,0.2833333,0.6
76,2015-09-14 18:55:00+00:00,4.0662217,3.5562558,3.5562558,58,71,84,97,0.49322915,0.5929687
76,2015-09-14 18:55:00+00:00,3.8614743,3.2802591,3.2802591,58,71,97,110,0.7320313,0.58984375
76,2015-09-14 18:55:00+00:00,2.752853,3.4492626,3.4492626,58,71,110,121,0.9166666,0.6
76,2015-09-14 18:55:00+00:00,2.8422086,3.3447976,3.3447976,71,81,110,121,0.9166666,0.8875
77,2015-09-17 17:50:00+00:00,1.4836842,1.8289998,1.8289998,19,32,84,97,0.5,-0.375
77,2015-09-17 17:50:00+00:00,1.4803032,1.797014,1.797014,19,32,97,110,0.7166667,-0.375
77,2015-09-17 17:50:00+00:00,1.5266771,1.860987,1.860987,19,32,110,121,0.9166666,-0.375
77,2015-09-17 17:50:00+00:00,1.9164957,1.9283621,1.9283621,32,45,32,45,-0.36276042,-0.032031253
77,2015-09-17 17:50:00+00:00,1.8255662,1.8546146,1.8546146,32,45,45,58,-0.15,-0.050000004
77,2015-09-17 17:50:00+00:00,1.9055085,1.8173283,1.8173283,32,45,58,71,0.058072917,-0.051171876
77,2015-09-17 17:50:00+00:00,1.935024,1.7543397,1.7543397,32,45,71,84,0.28671876,-0.040625
77,2015-09-17 17:50:00+00:00,1.9203027,1.6988547,1.6988547,32,45,84,97,0.49739584,-0.051171876
77,2015-09-17 17:50:00+00:00,1.9582928,1.6182808,1.6182808,32,45,97,110,0.7166667,-0.050000004
77,2015-09-17 17:50:00+00:00,1.6404815,1.6847093,1.6847093,32,45,110,121,0.9166666,-0.050000004
77,2015-09-17 17:50:00+00:00,1.8867712,2.0777528,2.0777528,45,58,6,19,-0.7841146,0.26757812
77,2015-09-17 17:50:00+00:00,1.6703994,2.049539,2.049539,45,58,19,32,-0.5833333,0.275
77,2015-09-17 17:50:00+00:00,1.4398504,1.547141,1.547141,45,58,32,45,-0.36666667,0.275
77,2015-09-17 17:50:00+00:00,1.4417347,1.55266,1.55266,45,58,45,58,-0.15,0.275
77,2015-09-17 17:50:00+00:00,1.6669785,1.5953236,1.5953236,45,58,58,71,0.06614584,0.27578124
77,2015-09-17 17:50:00+00:00,2.7635534,1.9260186,1.9260186,45,58,84,97,0.50911456,0.2796875
77,2015-09-17 17:50:00+00:00,2.4193637,1.8969159,1.8969159,45,58,97,110,0.7166667,0.275
77,2015-09-17 17:50:00+00:00,1.8084563,2.0348,2.0348,45,58,110,121,0.9166666,0.275
77,2015-09-17 17:50:00+00:00,1.1038251,1.3858762,1.3858762,58,71,32,45,-0.36666667,0.6
77,2015-09-17 17:50:00+00:00,1.24288,1.4025815,1.4025815,58,71,45,58,-0.15104167,0.5792969
77,2015-09-17 17:50:00+00:00,1.440003,1.4303852,1.4303852,58,71,58,71,0.069791675,0.5871094
77,2015-09-17 17:50:00+00:00,1.9040458,1.6541095,1.6541095,58,71,71,84,0.2833333,0.6
77,2015-09-17 17:50:00+00:00,2.4705682,1.8189888,1.8189888,58,71,84,97,0.48671877,0.578125
77,2015-09-17 17:50:00+00:00,2.1077576,1.777769,1.777769,58,71,97,110,0.7291666,0.59335935
77,2015-09-17 17:50:00+00:00,1.8335176,1.9501113,1.9501113,58,71,110,121,0.9166666,0.6
77,2015-09-17 17:50:00+00:00,1.8691761,1.7977062,1.7977062,71,81,110,121,0.9166666,0.8875
78,2015-09-17 19:25:00+00:00,2.3785217,2.9185004,2.9185004,19,32,84,97,0.49765626,-0.37421876
78,2015-09-17 19:25:00+00:00,2.3055174,2.5871532,2.5871532,19,32,97,110,0.7166667,-0.375
78,2015-09-17 19:25:00+00:00,2.2834244,2.6169107,2.6169107,19,32,110,121,0.9166666,-0.375
78,2015-09-17 19:25:00+00:00,3.6486058,3.536493,3.536493,32,45,32,45,-0.36666664,-0.0390625
78,2015-09-17 19:25:00+00:00,3.0718591,3.2795198,3.2795198,32,45,45,58,-0.14166667,-0.048828125
78,2015-09-17 19:25:00+00:00,2.934014,3.321283,3.321283,32,45,71,84,0.27994794,-0.046875
78,2015-09-17 19:25:00+00:00,2.8877695,3.1563613,3.1563613,32,45,84,97,0.4984375,-0.05234375
78,2015-09-17 19:25:00+00:00,3.0066276,2.6924827,2.6924827,32,45,97,110,0.7166667,-0.050000004
78,2015-09-17 19:25:00+00:00,2.4366083,2.7066612,2.7066612,32,45,110,121,0.9166666,-0.050000004
78,2015-09-17 19:25:00+00:00,4.444483,3.4889212,3.4889212,45,58,6,19,-0.7877604,0.2644531
78,2015-09-17 19:25:00+00:00,3.3990293,3.5141692,3.5141692,45,58,19,32,-0.5833333,0.275
78,2015-09-17 19:25:00+00:00,2.4617696,2.5534894,2.5534894,45,58,32,45,-0.36666667,0.275
78,2015-09-17 19:25:00+00:00,2.2898386,2.409037,2.409037,45,58,45,58,-0.15,0.275
78,2015-09-17 19:25:00+00:00,2.405658,2.5093832,2.5093832,45,58,58,71,0.06979167,0.27695313
78,2015-09-17 19:25:00+00:00,3.7479835,3.0719697,3.0719697,45,58,84,97,0.5158855,0.28398436
78,2015-09-17 19:25:00+00:00,3.442336,2.8596125,2.8596125,45,58,97,110,0.7166667,0.275
78,2015-09-17 19:25:00+00:00,2.4956026,3.0058815,3.0058815,45,58,110,121,0.9166666,0.275
78,2015-09-17 19:25:00+00:00,1.9159932,2.1546803,2.1546803,58,71,32,45,-0.36927086,0.59414065
78,2015-09-17 19:25:00+00:00,1.7930908,2.076768,2.076768,58,71,45,58,-0.15416667,0.58125
78,2015-09-17 19:25:00+00:00,1.896075,2.1512513,2.1512513,58,71,58,71,0.069791675,0.58632815
78,2015-09-17 19:25:00+00:00,2.4638612,2.668853,2.668853,58,71,71,84,0.2828125,0.5957031
78,2015-09-17 19:25:00+00:00,3.275246,2.9126973,2.9126973,58,71,84,97,0.48020834,0.59101564
78,2015-09-17 19:25:00+00:00,3.0009391,2.7165835,2.7165835,58,71,97,110,0.7244792,0.5917969
78,2015-09-17 19:25:00+00:00,2.4111009,2.899757,2.899757,58,71,110,121,0.9166666,0.6
78,2015-09-17 19:25:00+00:00,2.613446,2.740466,2.740466,71,81,110,121,0.91796875,0.884375
79,2015-09-21 19:00:00+00:00,3.7533665,3.7317305,3.7317305,19,32,84,97,0.5,-0.375
79,2015-09-21 19:00:00+00:00,3.1459787,3.2555676,3.2555676,19,32,97,110,0.7166667,-0.375
79,2015-09-21 19:00:00+00:00,3.071605,3.2493346,3.2493346,19,32,110,121,0.9166666,-0.375
79,2015-09-21 19:00:00+00:00,4.612908,4.6442475,4.6442475,32,45,32,45,-0.36302084,-0.042578124
79,2015-09-21 19:00:00+00:00,4.5967216,4.3216352,4.3216352,32,45,45,58,-0.15,-0.050000004
79,2015-09-21 19:00:00+00:00,4.418895,4.3820853,4.3820853,32,45,71,84,0.28307292,-0.04609375
79,2015-09-21 19:00:00+00:00,3.9620943,4.182735,4.182735,32,45,84,97,0.5,-0.050000004
79,2015-09-21 19:00:00+00:00,3.5905893,3.6241875,3.6241875,32,45,97,110,0.7166667,-0.050000004
79,2015-09-21 19:00:00+00:00,3.3391745,3.5851274,3.5851274,32,45,110,121,0.9166666,-0.050000004
79,2015-09-21 19:00:00+00:00,4.614498,4.5034637,4.5034637,45,58,6,19,-0.7861979,0.26328123
79,2015-09-21 19:00:00+00:00,4.531714,4.575637,4.575637,45,58,19,32,-0.5833333,0.275
79,2015-09-21 19:00:00+00:00,3.646137,3.5498493,3.5498493,45,58,32,45,-0.36666667,0.275
79,2015-09-21 19:00:00+00:00,3.4029953,3.257531,3.257531,45,58,45,58,-0.15,0.275
79,2015-09-21 19:00:00+00:00,3.8132563,3.4465747,3.4465747,45,58,58,71,0.06666666,0.275
79,2015-09-21 19:00:00+00:00,4.1216097,3.7826016,3.7826016,45,58,71,84,0.26666665,0.2902344
79,2015-09-21 19:00:00+00:00,4.43272,3.7561266,3.7561266,45,58,97,110,0.7166667,0.275
79,2015-09-21 19:00:00+00:00,3.696945,3.8598201,3.8598201,45,58,110,121,0.9166666,0.275
79,2015-09-21 19:00:00+00:00,2.5599103,2.9851966,2.9851966,58,71,32,45,-0.36666667,0.6
79,2015-09-21 19:00:00+00:00,2.5461838,2.7828152,2.7828152,58,71,45,58,-0.15286459,0.5902344
79,2015-09-21 19:00:00+00:00,2.6732323,2.9336693,2.9336693,58,71,58,71,0.07213542,0.5871094
79,2015-09-21 19:00:00+00:00,3.044523,3.5716052,3.5716052,58,71,71,84,0.2833333,0.6
79,2015-09-21 19:00:00+00:00,4.0001383,3.9185817,3.9185817,58,71,84,97,0.49296874,0.590625
79,2015-09-21 19:00:00+00:00,4.344158,3.5887146,3.5887146,58,71,97,110,0.7309896,0.58906245
79,2015-09-21 19:00:00+00:00,3.4513717,3.760196,3.760196,58,71,110,121,0.9166666,0.6
79,2015-09-21 19:00:00+00:00,3.514959,3.5965776,3.5965776,71,81,110,121,0.9166666,0.8875
80,2015-09-22 18:05:00+00:00,2.7572234,3.028854,3.028854,19,32,84,97,0.5,-0.375
80,2015-09-22 18:05:00+00:00,2.2064526,2.5254688,2.5254688,19,32,97,110,0.7166667,-0.375
80,2015-09-22 18:05:00+00:00,2.181033,2.5385926,2.5385926,19,32,110,121,0.9166666,-0.375
80,2015-09-22 18:05:00+00:00,4.026158,4.163937,4.163937,32,45,32,45,-0.3611979,-0.036718752
80,2015-09-22 18:05:00+00:00,3.964379,3.774829,3.774829,32,45,45,58,-0.15,-0.050000004
80,2015-09-22 18:05:00+00:00,3.5158756,3.6263576,3.6263576,32,45,71,84,0.2825521,-0.046875
80,2015-09-22 18:05:00+00:00,3.1511974,3.242709,3.242709,32,45,84,97,0.5013021,-0.04921875
80,2015-09-22 18:05:00+00:00,2.4855244,2.5504675,2.5504675,32,45,97,110,0.72057295,-0.055078126
80,2015-09-22 18:05:00+00:00,2.1731193,2.5839496,2.5839496,32,45,110,121,0.9166666,-0.050000004
80,2015-09-22 18:05:00+00:00,4.582671,3.930914,3.930914,45,58,6,19,-0.7867187,0.26171875
80,2015-09-22 18:05:00+00:00,4.1169124,3.948866,3.948866,45,58,19,32,-0.5833333,0.275
80,2015-09-22 18:05:00+00:00,2.9854162,3.0808828,3.0808828,45,58,32,45,-0.36666667,0.275
80,2015-09-22 18:05:00+00:00,2.7062442,2.8630474,2.8630474,45,58,45,58,-0.15,0.275
80,2015-09-22 18:05:00+00:00,2.7558365,2.9574716,2.9574716,45,58,58,71,0.06822917,0.27890626
80,2015-09-22 18:05:00+00:00,2.5674694,2.9485493,2.9485493,45,58,110,121,0.9166666,0.275
80,2015-09-22 18:05:00+00:00,3.6183445,3.4893925,3.4893925,58,71,19,32,-0.5697917,0.56953126
80,2015-09-22 18:05:00+00:00,1.9620206,2.5755353,2.5755353,58,71,32,45,-0.36666667,0.6
80,2015-09-22 18:05:00+00:00,1.9605355,2.435648,2.435648,58,71,45,58,-0.15416667,0.5882813
80,2015-09-22 18:05:00+00:00,1.9232306,2.548302,2.548302,58,71,58,71,0.07239584,0.5835937
80,2015-09-22 18:05:00+00:00,2.0601628,2.9031074,2.9031074,58,71,71,84,0.2833333,0.6
80,2015-09-22 18:05:00+00:00,2.846105,3.0647862,3.0647862,58,71,84,97,0.49322918,0.5910156
80,2015-09-22 18:05:00+00:00,3.601876,2.6949375,2.6949375,58,71,97,110,0.7309896,0.58984375
80,2015-09-22 18:05:00+00:00,2.5328548,2.8437858,2.8437858,58,71,110,121,0.9166666,0.6
80,2015-09-22 18:05:00+00:00,2.93694,2.5796964,2.5796964,71,81,110,121,0.9166666,0.8875
81,2015-09-23 18:50:00+00:00,3.496366,3.4459674,3.4459674,19,32,84,97,0.5,-0.375
81,2015-09-23 18:50:00+00:00,2.890902,3.0325587,3.0325587,19,32,97,110,0.7166667,-0.375
81,2015-09-23 18:50:00+00:00,2.7351305,3.035655,3.035655,19,32,110,121,0.9166666,-0.375
81,2015-09-23 18:50:00+00:00,4.269944,4.3185067,4.3185067,32,45,32,45,-0.36067706,-0.0375
81,2015-09-23 18:50:00+00:00,4.0707374,3.9504557,3.9504557,32,45,45,58,-0.14895834,-0.050000004
81,2015-09-23 18:50:00+00:00,4.084952,4.061913,4.061913,32,45,71,84,0.27708334,-0.041796874
81,2015-09-23 18:50:00+00:00,3.7128098,3.7840924,3.7840924,32,45,84,97,0.5080729,-0.053906254
81,2015-09-23 18:50:00+00:00,3.192159,3.3172746,3.3172746,32,45,97,110,0.7166667,-0.050000004
81,2015-09-23 18:50:00+00:00,2.5620065,3.2947235,3.2947235,32,45,110,121,0.9166666,-0.050000004
81,2015-09-23 18:50:00+00:00,4.610083,4.3509617,4.3509617,45,58,6,19,-0.7841146,0.26210937
81,2015-09-23 18:50:00+00:00,4.4110975,4.3962426,4.3962426,45,58,19,32,-0.5833333,0.275
81,2015-09-23 18:50:00+00:00,3.651278,3.4158216,3.4158216,45,58,32,45,-0.36666667,0.275
81,2015-09-23 18:50:00+00:00,3.2850027,3.118571,3.118571,45,58,45,58,-0.15,0.275
81,2015-09-23 18:50:00+00:00,3.4285774,3.2691472,3.2691472,45,58,58,71,0.06666666,0.275
81,2015-09-23 18:50:00+00:00,3.700455,3.628042,3.628042,45,58,71,84,0.26822916,0.28945315
81,2015-09-23 18:50:00+00:00,4.0252266,3.8710074,3.8710074,45,58,84,97,0.5122396,0.28710938
81,2015-09-23 18:50:00+00:00,4.0967617,3.5623417,3.5623417,45,58,97,110,0.7166667,0.275
81,2015-09-23 18:50:00+00:00,3.5094333,3.6609924,3.6609924,45,58,110,121,0.9166666,0.275
81,2015-09-23 18:50:00+00:00,2.433839,2.9147723,2.9147723,58,71,32,45,-0.36666667,0.6
81,2015-09-23 18:50:00+00:00,2.462243,2.719753,2.719753,58,71,45,58,-0.15338542,0.5929687
81,2015-09-23 18:50:00+00:00,2.4349818,2.824947,2.824947,58,71,58,71,0.07291667,0.584375
81,2015-09-23 18:50:00+00:00,2.6648195,3.4114578,3.4114578,58,71,71,84,0.2833333,0.6
81,2015-09-23 18:50:00+00:00,3.5873141,3.7140017,3.7140017,58,71,84,97,0.49765626,0.5914062
81,2015-09-23 18:50:00+00:00,4.306498,3.4244452,3.4244452,58,71,97,110,0.7307292,0.58984375
81,2015-09-23 18:50:00+00:00,3.6876843,3.5806985,3.5806985,58,71,110,121,0.9166666,0.6
81,2015-09-23 18:50:00+00:00,3.939238,3.367997,3.367997,71,81,110,121,0.9166666,0.8875
82,2015-09-24 17:55:00+00:00,2.6988378,3.0454242,3.0454242,19,32,84,97,0.5,-0.375
82,2015-09-24 17:55:00+00:00,2.453975,2.6285248,2.6285248,19,32,97,110,0.7166667,-0.375
82,2015-09-24 17:55:00+00:00,2.4225998,2.658754,2.658754,19,32,110,121,0.9166666,-0.375
82,2015-09-24 17:55:00+00:00,4.015699,3.9114325,3.9114325,32,45,32,45,-0.35833335,-0.047265626
82,2015-09-24 17:55:00+00:00,3.648234,3.692515,3.692515,32,45,45,58,-0.15,-0.050000004
82,2015-09-24 17:55:00+00:00,3.8143878,3.7580636,3.7580636,32,45,58,71,0.06276042,-0.049609378
82,2015-09-24 17:55:00+00:00,3.811983,3.5546186,3.5546186,32,45,71,84,0.2828125,-0.05234375
82,2015-09-24 17:55:00+00:00,3.2482271,3.1437893,3.1437893,32,45,84,97,0.4973958,-0.053515628
82,2015-09-24 17:55:00+00:00,2.508671,2.6385882,2.6385882,32,45,97,110,0.7166667,-0.050000004
82,2015-09-24 17:55:00+00:00,2.243264,2.6697237,2.6697237,32,45,110,121,0.9166666,-0.050000004
82,2015-09-24 17:55:00+00:00,3.7919507,3.719171,3.719171,45,58,19,32,-0.5861979,0.27148438
82,2015-09-24 17:55:00+00:00,2.8495219,2.777157,2.777157,45,58,32,45,-0.36666667,0.275
82,2015-09-24 17:55:00+00:00,2.631768,2.6183035,2.6183035,45,58,45,58,-0.15,0.275
82,2015-09-24 17:55:00+00:00,2.7612257,2.7501066,2.7501066,45,58,58,71,0.06666666,0.275
82,2015-09-24 17:55:00+00:00,3.1666033,2.944513,2.944513,45,58,71,84,0.27395833,0.2875
82,2015-09-24 17:55:00+00:00,3.6615088,3.0373082,3.0373082,45,58,84,97,0.5127604,0.28320312
82,2015-09-24 17:55:00+00:00,3.4956293,2.7637734,2.7637734,45,58,97,110,0.7166667,0.275
82,2015-09-24 17:55:00+00:00,2.7033489,2.9080281,2.9080281,45,58,110,121,0.9166666,0.275
82,2015-09-24 17:55:00+00:00,2.0662,2.2026556,2.2026556,58,71,45,58,-0.1546875,0.5910156
82,2015-09-24 17:55:00+00:00,2.117007,2.2927353,2.2927353,58,71,58,71,0.06666667,0.5828125
82,2015-09-24 17:55:00+00:00,2.2077215,2.684124,2.684124,58,71,71,84,0.2828125,0.59335935
82,2015-09-24 17:55:00+00:00,2.8970184,2.8676968,2.8676968,58,71,84,97,0.48932293,0.5875
82,2015-09-24 17:55:00+00:00,3.765631,2.5933087,2.5933087,58,71,97,110,0.7270833,0.5917969
82,2015-09-24 17:55:00+00:00,3.2623794,2.7765224,2.7765224,58,71,110,121,0.9166666,0.6
82,2015-09-24 17:55:00+00:00,2.6923087,2.6323414,2.6323414,71,81,110,121,0.9166666,0.8875
83,2016-04-16 19:00:00+00:00,3.425004,2.9231563,2.9231563,19,32,97,110,0.7166667,-0.375
83,2016-04-16 19:00:00+00:00,3.175427,3.011696,3.011696,19,32,110,121,0.9166666,-0.375
83,2016-04-16 19:00:00+00:00,3.6605625,4.4261904,4.4261904,32,45,45,58,-0.14453125,-0.043750003
83,2016-04-16 19:00:00+00:00,2.3516066,3.5273697,3.5273697,32,45,71,84,0.28333333,-0.04140625
83,2016-04-16 19:00:00+00:00,2.6829884,2.9308271,2.9308271,32,45,84,97,0.5,-0.050000004
83,2016-04-16 19:00:00+00:00,2.6725733,2.2127564,2.2127564,32,45,97,110,0.7166667,-0.050000004
83,2016-04-16 19:00:00+00:00,1.9597923,2.377761,2.377761,32,45,110,121,0.9166666,-0.050000004
83,2016-04-16 19:00:00+00:00,4.080556,4.2491827,4.2491827,45,58,19,32,-0.56874996,0.27695313
83,2016-04-16 19:00:00+00:00,3.4099104,3.733332,3.733332,45,58,32,45,-0.37057292,0.27695313
83,2016-04-16 19:00:00+00:00,3.264701,3.3996615,3.3996615,45,58,45,58,-0.15,0.275
83,2016-04-16 19:00:00+00:00,2.2391887,3.4054737,3.4054737,45,58,58,71,0.067447916,0.27578124
83,2016-04-16 19:00:00+00:00,1.8364254,2.6671598,2.6671598,45,58,84,97,0.5151042,0.2828125
83,2016-04-16 19:00:00+00:00,2.368433,2.2781918,2.2781918,45,58,97,110,0.7166667,0.275
83,2016-04-16 19:00:00+00:00,2.132765,2.421359,2.421359,45,58,110,121,0.9166666,0.275
83,2016-04-16 19:00:00+00:00,4.026854,3.6952226,3.6952226,58,71,19,32,-0.5734375,0.57773435
83,2016-04-16 19:00:00+00:00,3.8130088,3.108366,3.108366,58,71,32,45,-0.3619792,0.58632815
83,2016-04-16 19:00:00+00:00,3.5593,2.985604,2.985604,58,71,45,58,-0.15598959,0.5894531
83,2016-04-16 19:00:00+00:00,2.760201,2.739868,2.739868,58,71,71,84,0.2833333,0.6
83,2016-04-16 19:00:00+00:00,1.8713886,2.4532337,2.4532337,58,71,84,97,0.49296874,0.5847656
83,2016-04-16 19:00:00+00:00,2.266477,2.1202338,2.1202338,58,71,97,110,0.72473955,0.59335935
83,2016-04-16 19:00:00+00:00,1.997647,2.2521691,2.2521691,58,71,110,121,0.9166666,0.6
83,2016-04-16 19:00:00+00:00,2.289721,1.7569679,1.7569679,71,81,97,110,0.7502605,0.8714844
83,2016-04-16 19:00:00+00:00,1.5581663,2.0659194,2.0659194,71,81,110,121,0.9166666,0.8875
84,2016-04-23 19:10:00+00:00,3.4870548,3.1781273,3.1781273,19,32,84,97,0.5,-0.375
84,2016-04-23 19:10:00+00:00,3.4625611,2.3210545,2.3210545,19,32,97,110,0.7166667,-0.375
84,2016-04-23 19:10:00+00:00,3.2467122,2.4212704,2.4212704,19,32,110,121,0.9166666,-0.375
84,2016-04-23 19:10:00+00:00,4.33462,4.110155,4.110155,32,45,45,58,-0.15,-0.050000004
84,2016-04-23 19:10:00+00:00,1.1793139,3.4914644,3.4914644,32,45,71,84,0.27682292,-0.043359376
84,2016-04-23 19:10:00+00:00,1.1686426,2.8203351,2.8203351,32,45,84,97,0.50390625,-0.051953126
84,2016-04-23 19:10:00+00:00,1.3173466,1.694995,1.694995,32,45,97,110,0.7166667,-0.050000004
84,2016-04-23 19:10:00+00:00,1.2968698,1.8378261,1.8378261,32,45,110,121,0.9166666,-0.050000004
84,2016-04-23 19:10:00+00:00,3.7371671,4.468916,4.468916,45,58,19,32,-0.5875,0.27734375
84,2016-04-23 19:10:00+00:00,4.027998,3.923425,3.923425,45,58,32,45,-0.36666667,0.275
84,2016-04-23 19:10:00+00:00,3.1937292,3.5816092,3.5816092,45,58,45,58,-0.15,0.275
84,2016-04-23 19:10:00+00:00,2.6375885,3.6647189,3.6647189,45,58,58,71,0.060156252,0.28085938
84,2016-04-23 19:10:00+00:00,1.9891629,2.7189267,2.7189267,45,58,84,97,0.5127604,0.28593752
84,2016-04-23 19:10:00+00:00,1.674743,2.106899,2.106899,45,58,97,110,0.7166667,0.275
84,2016-04-23 19:10:00+00:00,1.8126674,2.205648,2.205648,45,58,110,121,0.9166666,0.275
84,2016-04-23 19:10:00+00:00,2.2575076,3.8910978,3.8910978,58,71,19,32,-0.56927085,0.5722656
84,2016-04-23 19:10:00+00:00,4.003249,3.3423474,3.3423474,58,71,32,45,-0.36666667,0.6
84,2016-04-23 19:10:00+00:00,3.5101438,3.1081448,3.1081448,58,71,45,58,-0.1575521,0.5867188
84,2016-04-23 19:10:00+00:00,2.8215187,3.27007,3.27007,58,71,58,71,0.07291667,0.584375
84,2016-04-23 19:10:00+00:00,2.8053102,2.917932,2.917932,58,71,71,84,0.2833333,0.6
84,2016-04-23 19:10:00+00:00,2.634713,2.5511546,2.5511546,58,71,84,97,0.49088544,0.5835937
84,2016-04-23 19:10:00+00:00,1.344956,1.9301649,1.9301649,58,71,97,110,0.72291666,0.59335935
84,2016-04-23 19:10:00+00:00,1.6240797,2.0102487,2.0102487,58,71,110,121,0.9166666,0.6
84,2016-04-23 19:10:00+00:00,3.0180802,2.2781353,2.2781353,71,81,71,84,0.29716313,0.81223387
84,2016-04-23 19:10:00+00:00,1.2564754,1.6173562,1.6173562,71,81,110,121,0.9166666,0.8875
85,2016-05-06 18:00:00+00:00,2.6634245,2.8276567,2.8276567,19,32,84,97,0.5,-0.375
85,2016-05-06 18:00:00+00:00,2.2743454,2.5154116,2.5154116,19,32,97,110,0.7166667,-0.375
85,2016-05-06 18:00:00+00:00,2.2540252,2.54688,2.54688,19,32,110,121,0.9166666,-0.375
85,2016-05-06 18:00:00+00:00,3.5951738,3.4554696,3.4554696,32,45,45,58,-0.14010417,-0.053125
85,2016-05-06 18:00:00+00:00,2.4028292,2.9673257,2.9673257,32,45,71,84,0.2760417,-0.03671875
85,2016-05-06 18:00:00+00:00,2.2853556,2.5629754,2.5629754,32,45,84,97,0.5,-0.050000004
85,2016-05-06 18:00:00+00:00,2.0657208,2.1499774,2.1499774,32,45,97,110,0.7166667,-0.050000004
85,2016-05-06 18:00:00+00:00,1.9747266,2.2142696,2.2142696,32,45,110,121,0.9166666,-0.050000004
85,2016-05-06 18:00:00+00:00,3.6436825,3.2608714,3.2608714,45,58,19,32,-0.5833333,0.275
85,2016-05-06 18:00:00+00:00,2.8768933,2.5516706,2.5516706,45,58,58,71,0.068749994,0.2746094
85,2016-05-06 18:00:00+00:00,2.3669665,2.5241706,2.5241706,45,58,71,84,0.2690104,0.28671876
85,2016-05-06 18:00:00+00:00,2.3076878,2.5042593,2.5042593,45,58,84,97,0.5104167,0.2746094
85,2016-05-06 18:00:00+00:00,2.2159538,2.278183,2.278183,45,58,97,110,0.7166667,0.275
85,2016-05-06 18:00:00+00:00,2.2308257,2.3979871,2.3979871,45,58,110,121,0.9166666,0.275
85,2016-05-06 18:00:00+00:00,2.522108,2.197913,2.197913,58,71,32,45,-0.37083334,0.60234374
85,2016-05-06 18:00:00+00:00,2.5118263,2.2876544,2.2876544,58,71,71,84,0.2833333,0.6
85,2016-05-06 18:00:00+00:00,2.5092387,2.3257763,2.3257763,58,71,84,97,0.4953125,0.590625
85,2016-05-06 18:00:00+00:00,2.1294131,2.162284,2.162284,58,71,97,110,0.7242187,0.5957031
85,2016-05-06 18:00:00+00:00,2.1227427,2.2819698,2.2819698,58,71,110,121,0.9166666,0.6
85,2016-05-06 18:00:00+00:00,2.1241415,2.1173086,2.1173086,71,81,110,121,0.9166666,0.8875
86,2016-05-18 19:00:00+00:00,3.0984159,2.6365159,2.6365159,19,32,84,97,0.5,-0.375
86,2016-05-18 19:00:00+00:00,2.2297044,2.1515634,2.1515634,19,32,97,110,0.7166667,-0.375
86,2016-05-18 19:00:00+00:00,2.155627,2.2091427,2.2091427,19,32,110,121,0.9166666,-0.375
86,2016-05-18 19:00:00+00:00,3.3548925,3.9251187,3.9251187,32,45,32,45,-0.36302084,-0.033203125
86,2016-05-18 19:00:00+00:00,3.844936,3.429885,3.429885,32,45,45,58,-0.15,-0.050000004
86,2016-05-18 19:00:00+00:00,3.5604486,3.0054219,3.0054219,32,45,71,84,0.28177083,-0.034374997
86,2016-05-18 19:00:00+00:00,2.6539526,2.3980706,2.3980706,32,45,84,97,0.5,-0.050000004
86,2016-05-18 19:00:00+00:00,2.205114,1.7121382,1.7121382,32,45,97,110,0.7166667,-0.050000004
86,2016-05-18 19:00:00+00:00,2.0851514,1.8233706,1.8233706,32,45,110,121,0.9166666,-0.050000004
86,2016-05-18 19:00:00+00:00,3.788006,3.588799,3.588799,45,58,6,19,-0.7848958,0.27812502
86,2016-05-18 19:00:00+00:00,2.567918,3.5825024,3.5825024,45,58,19,32,-0.5833333,0.275
86,2016-05-18 19:00:00+00:00,2.507922,2.9411502,2.9411502,45,58,32,45,-0.35442707,0.27695313
86,2016-05-18 19:00:00+00:00,2.669579,2.8327098,2.8327098,45,58,45,58,-0.15,0.275
86,2016-05-18 19:00:00+00:00,3.5306509,2.9512804,2.9512804,45,58,58,71,0.06666666,0.275
86,2016-05-18 19:00:00+00:00,2.2340927,2.1024177,2.1024177,45,58,97,110,0.7166667,0.275
86,2016-05-18 19:00:00+00:00,1.9552898,2.2109208,2.2109208,45,58,110,121,0.9166666,0.275
86,2016-05-18 19:00:00+00:00,0.9901974,3.1512396,3.1512396,58,71,19,32,-0.5731771,0.5722656
86,2016-05-18 19:00:00+00:00,2.1683962,2.5657685,2.5657685,58,71,32,45,-0.36666667,0.6
86,2016-05-18 19:00:00+00:00,2.6633804,2.5093284,2.5093284,58,71,45,58,-0.1497396,0.5914062
86,2016-05-18 19:00:00+00:00,2.655092,2.5823405,2.5823405,58,71,58,71,0.071875006,0.58281255
86,2016-05-18 19:00:00+00:00,2.9413605,2.5103347,2.5103347,58,71,71,84,0.28307295,0.5992187
86,2016-05-18 19:00:00+00:00,2.7792103,2.4098024,2.4098024,58,71,84,97,0.48515624,0.58984375
86,2016-05-18 19:00:00+00:00,1.7137729,2.007749,2.007749,58,71,97,110,0.7257812,0.59101564
86,2016-05-18 19:00:00+00:00,1.5541389,2.1305037,2.1305037,58,71,110,121,0.9166666,0.6
86,2016-05-18 19:00:00+00:00,0.17264608,1.8182051,1.8182051,71,81,110,121,0.9166666,0.8875
87,2016-05-23 17:40:00+00:00,2.2859497,2.2308648,2.2308648,19,32,84,97,0.50156254,-0.37421876
87,2016-05-23 17:40:00+00:00,2.0587757,2.0312443,2.0312443,19,32,97,110,0.7166667,-0.375
87,2016-05-23 17:40:00+00:00,1.9404666,2.0604558,2.0604558,19,32,110,121,0.9166666,-0.375
87,2016-05-23 17:40:00+00:00,2.3682437,2.5708332,2.5708332,32,45,45,58,-0.15,-0.050000004
87,2016-05-23 17:40:00+00:00,1.9922148,1.8927515,1.8927515,32,45,84,97,0.50703126,-0.05625
87,2016-05-23 17:40:00+00:00,1.8797723,1.6039284,1.6039284,32,45,97,110,0.7166667,-0.050000004
87,2016-05-23 17:40:00+00:00,1.7615037,1.6771201,1.6771201,32,45,110,121,0.9166666,-0.050000004
87,2016-05-23 17:40:00+00:00,2.878722,2.7878244,2.7878244,45,58,6,19,-0.78515625,0.27851564
87,2016-05-23 17:40:00+00:00,2.3389993,2.7804666,2.7804666,45,58,19,32,-0.5833333,0.275
87,2016-05-23 17:40:00+00:00,2.0537083,2.2144284,2.2144284,45,58,32,45,-0.36666667,0.275
87,2016-05-23 17:40:00+00:00,2.0521278,2.1246095,2.1246095,45,58,45,58,-0.15,0.275
87,2016-05-23 17:40:00+00:00,2.1048799,2.177841,2.177841,45,58,58,71,0.06666666,0.275
87,2016-05-23 17:40:00+00:00,2.0280058,2.1084168,2.1084168,45,58,84,97,0.51250005,0.27421874
87,2016-05-23 17:40:00+00:00,1.7992454,1.9256232,1.9256232,45,58,97,110,0.7166667,0.275
87,2016-05-23 17:40:00+00:00,1.697508,2.0151334,2.0151334,45,58,110,121,0.9166666,0.275
87,2016-05-23 17:40:00+00:00,2.1764927,1.900291,1.900291,58,71,32,45,-0.3645833,0.5980469
87,2016-05-23 17:40:00+00:00,2.26038,1.866902,1.866902,58,71,45,58,-0.14921875,0.5800781
87,2016-05-23 17:40:00+00:00,2.2138875,1.9139912,1.9139912,58,71,58,71,0.06901042,0.5960938
87,2016-05-23 17:40:00+00:00,2.0815675,1.939426,1.939426,58,71,71,84,0.2783854,0.59882814
87,2016-05-23 17:40:00+00:00,1.6918819,1.807861,1.807861,58,71,97,110,0.72760415,0.5953125
87,2016-05-23 17:40:00+00:00,1.6072925,1.9187236,1.9187236,58,71,110,121,0.9166666,0.6
87,2016-05-23 17:40:00+00:00,1.5853341,1.6189792,1.6189792,71,81,110,121,0.9197917,0.8863281
88,2016-06-12 18:55:00+00:00,2.5192268,2.428087,2.428087,19,32,84,97,0.49010417,-0.371875
88,2016-06-12 18:55:00+00:00,2.0164354,2.1770594,2.1770594,19,32,97,110,0.7166667,-0.375
88,2016-06-12 18:55:00+00:00,2.1396437,2.2039127,2.2039127,19,32,110,121,0.9166666,-0.375
88,2016-06-12 18:55:00+00:00,3.078914,3.211854,3.211854,32,45,32,45,-0.3669271,-0.038671877
88,2016-06-12 18:55:00+00:00,2.3500648,2.8058908,2.8058908,32,45,45,58,-0.15,-0.050000004
88,2016-06-12 18:55:00+00:00,2.6242368,2.6693988,2.6693988,32,45,58,71,0.061718747,-0.050390624
88,2016-06-12 18:55:00+00:00,2.610377,2.4232225,2.4232225,32,45,71,84,0.28125,-0.04414063
88,2016-06-12 18:55:00+00:00,2.2070775,2.1857088,2.1857088,32,45,84,97,0.5,-0.050000004
88,2016-06-12 18:55:00+00:00,1.9713486,1.8122226,1.8122226,32,45,97,110,0.7166667,-0.050000004
88,2016-06-12 18:55:00+00:00,1.8874388,1.8792068,1.8792068,32,45,110,121,0.9166666,-0.050000004
88,2016-06-12 18:55:00+00:00,3.5000682,3.0359728,3.0359728,45,58,6,19,-0.7856771,0.26054686
88,2016-06-12 18:55:00+00:00,2.5432925,2.9960675,2.9960675,45,58,19,32,-0.5833333,0.275
88,2016-06-12 18:55:00+00:00,2.2893252,2.3876662,2.3876662,45,58,32,45,-0.36666667,0.275
88,2016-06-12 18:55:00+00:00,2.1110072,2.2485933,2.2485933,45,58,45,58,-0.15,0.275
88,2016-06-12 18:55:00+00:00,2.105005,2.309364,2.309364,45,58,58,71,0.06666666,0.275
88,2016-06-12 18:55:00+00:00,2.2226174,2.2853658,2.2853658,45,58,71,84,0.2708333,0.28984374
88,2016-06-12 18:55:00+00:00,2.2052333,2.2671895,2.2671895,45,58,84,97,0.5153646,0.2859375
88,2016-06-12 18:55:00+00:00,1.9729897,2.067702,2.067702,45,58,97,110,0.7166667,0.275
88,2016-06-12 18:55:00+00:00,1.8311837,2.1714523,2.1714523,45,58,110,121,0.9166666,0.275
88,2016-06-12 18:55:00+00:00,2.2066429,2.054909,2.054909,58,71,32,45,-0.36666667,0.6
88,2016-06-12 18:55:00+00:00,2.0892348,1.9970648,1.9970648,58,71,45,58,-0.15078126,0.5917969
88,2016-06-12 18:55:00+00:00,2.1308427,2.0318792,2.0318792,58,71,58,71,0.07291667,0.584375
88,2016-06-12 18:55:00+00:00,2.1579156,2.0838072,2.0838072,58,71,71,84,0.2833333,0.6
88,2016-06-12 18:55:00+00:00,2.2874742,2.131603,2.131603,58,71,84,97,0.49375,0.5902344
88,2016-06-12 18:55:00+00:00,2.0480416,1.9442847,1.9442847,58,71,97,110,0.72786456,0.5890625
88,2016-06-12 18:55:00+00:00,1.7806199,2.0636857,2.0636857,58,71,110,121,0.9166666,0.6
88,2016-06-12 18:55:00+00:00,1.8386335,1.800826,1.800826,71,81,110,121,0.9166666,0.8875
89,2016-06-17 19:15:00+00:00,2.293863,2.4396946,2.4396946,19,32,84,97,0.5,-0.375
89,2016-06-17 19:15:00+00:00,2.0227947,2.1690743,2.1690743,19,32,97,110,0.7166667,-0.375
89,2016-06-17 19:15:00+00:00,1.979968,2.2537208,2.2537208,19,32,110,121,0.9166666,-0.375
89,2016-06-17 19:15:00+00:00,3.3353853,3.280807,3.280807,32,45,32,45,-0.36302084,-0.03828125
89,2016-06-17 19:15:00+00:00,2.4300733,2.8291633,2.8291633,32,45,45,58,-0.15,-0.050000004
89,2016-06-17 19:15:00+00:00,2.482583,2.4487286,2.4487286,32,45,58,71,0.06666666,-0.05
89,2016-06-17 19:15:00+00:00,2.2579052,2.1226335,2.1226335,32,45,71,84,0.27760416,-0.044921875
89,2016-06-17 19:15:00+00:00,1.9229842,1.9105471,1.9105471,32,45,84,97,0.50104165,-0.051171876
89,2016-06-17 19:15:00+00:00,1.7865977,1.5059783,1.5059783,32,45,97,110,0.7166667,-0.050000004
89,2016-06-17 19:15:00+00:00,1.759941,1.6634537,1.6634537,32,45,110,121,0.9166666,-0.050000004
89,2016-06-17 19:15:00+00:00,3.6185434,3.0168307,3.0168307,45,58,6,19,-0.7914063,0.265625
89,2016-06-17 19:15:00+00:00,2.295614,2.9729002,2.9729002,45,58,19,32,-0.5833333,0.275
89,2016-06-17 19:15:00+00:00,2.099928,2.450569,2.450569,45,58,32,45,-0.36666667,0.275
89,2016-06-17 19:15:00+00:00,2.024133,2.3223712,2.3223712,45,58,45,58,-0.15,0.275
89,2016-06-17 19:15:00+00:00,2.0306892,2.3235369,2.3235369,45,58,58,71,0.06666666,0.275
89,2016-06-17 19:15:00+00:00,1.9986144,2.1121004,2.1121004,45,58,71,84,0.27109376,0.2902344
89,2016-06-17 19:15:00+00:00,1.9252931,1.9299473,1.9299473,45,58,84,97,0.5101563,0.284375
89,2016-06-17 19:15:00+00:00,1.7519647,1.7560244,1.7560244,45,58,97,110,0.7166667,0.275
89,2016-06-17 19:15:00+00:00,1.6367986,1.8757049,1.8757049,45,58,110,121,0.9166666,0.275
89,2016-06-17 19:15:00+00:00,1.9401428,2.0905085,2.0905085,58,71,32,45,-0.36666667,0.6
89,2016-06-17 19:15:00+00:00,1.814031,2.031886,2.031886,58,71,45,58,-0.1575521,0.5816406
89,2016-06-17 19:15:00+00:00,1.8971819,2.034952,2.034952,58,71,58,71,0.069531254,0.58671874
89,2016-06-17 19:15:00+00:00,1.8376205,1.8960842,1.8960842,58,71,71,84,0.2833333,0.6
89,2016-06-17 19:15:00+00:00,1.9139104,1.7957036,1.7957036,58,71,84,97,0.49166667,0.5878906
89,2016-06-17 19:15:00+00:00,1.938626,1.6117667,1.6117667,58,71,97,110,0.7294271,0.5902344
89,2016-06-17 19:15:00+00:00,1.5882642,1.7405928,1.7405928,58,71,110,121,0.9166666,0.6
89,2016-06-17 19:15:00+00:00,1.5925335,1.458414,1.458414,71,81,110,121,0.9190104,0.8859375
90,2016-06-19 19:00:00+00:00,1.6076298,1.5618556,1.5618556,19,32,97,110,0.7166667,-0.375
90,2016-06-19 19:00:00+00:00,1.5698924,1.6581904,1.6581904,19,32,110,121,0.9117187,-0.36796874
90,2016-06-19 19:00:00+00:00,1.9191508,1.3936948,1.3936948,32,45,58,71,0.0625,-0.051171873
90,2016-06-19 19:00:00+00:00,1.540076,1.1822777,1.1822777,32,45,84,97,0.50078124,-0.04921875
90,2016-06-19 19:00:00+00:00,1.4642948,0.9971365,0.9971365,32,45,97,110,0.7166667,-0.050000004
90,2016-06-19 19:00:00+00:00,1.4435539,1.118994,1.118994,32,45,110,121,0.9166666,-0.050000004
90,2016-06-19 19:00:00+00:00,1.9344237,2.3040192,2.3040192,45,58,19,32,-0.5794271,0.27734375
90,2016-06-19 19:00:00+00:00,1.7042645,1.8654687,1.8654687,45,58,32,45,-0.36041665,0.2777344
90,2016-06-19 19:00:00+00:00,1.6515567,1.8354968,1.8354968,45,58,45,58,-0.13828126,0.27695313
90,2016-06-19 19:00:00+00:00,1.6685042,1.8446369,1.8446369,45,58,58,71,0.06875,0.27421877
90,2016-06-19 19:00:00+00:00,1.786904,1.7092941,1.7092941,45,58,71,84,0.27265626,0.28945312
90,2016-06-19 19:00:00+00:00,1.4904275,1.5436437,1.5436437,45,58,97,110,0.7166667,0.275
90,2016-06-19 19:00:00+00:00,1.3970801,1.6181574,1.6181574,45,58,110,121,0.9166666,0.275
90,2016-06-19 19:00:00+00:00,1.7805697,1.6697787,1.6697787,58,71,32,45,-0.36666667,0.6
90,2016-06-19 19:00:00+00:00,1.7562764,1.6594448,1.6594448,58,71,45,58,-0.15546876,0.590625
90,2016-06-19 19:00:00+00:00,1.7190398,1.6690729,1.6690729,58,71,58,71,0.07005209,0.58554685
90,2016-06-19 19:00:00+00:00,1.6393027,1.6053383,1.6053383,58,71,71,84,0.2833333,0.6
90,2016-06-19 19:00:00+00:00,1.5937352,1.5798831,1.5798831,58,71,84,97,0.4953125,0.5910156
90,2016-06-19 19:00:00+00:00,1.4906776,1.4572735,1.4572735,58,71,97,110,0.726823,0.58984375
90,2016-06-19 19:00:00+00:00,1.3612759,1.5432191,1.5432191,58,71,110,121,0.9166666,0.6
90,2016-06-19 19:00:00+00:00,1.3774154,1.1334068,1.1334068,71,81,110,121,0.9166666,0.8875
91,2016-06-21 18:50:00+00:00,2.1454036,2.1257966,2.1257966,19,32,84,97,0.5,-0.375
91,2016-06-21 18:50:00+00:00,2.0400562,2.0086422,2.0086422,19,32,97,110,0.7166667,-0.375
91,2016-06-21 18:50:00+00:00,2.1013806,2.066186,2.066186,19,32,110,121,0.9166666,-0.375
91,2016-06-21 18:50:00+00:00,2.4190652,2.581344,2.581344,32,45,32,45,-0.36640623,-0.038671877
91,2016-06-21 18:50:00+00:00,2.2169387,2.3135993,2.3135993,32,45,45,58,-0.15,-0.050000004
91,2016-06-21 18:50:00+00:00,2.2626336,1.923222,1.923222,32,45,71,84,0.2765625,-0.042578124
91,2016-06-21 18:50:00+00:00,2.007429,1.7945321,1.7945321,32,45,84,97,0.5,-0.050000004
91,2016-06-21 18:50:00+00:00,1.8735741,1.6175935,1.6175935,32,45,97,110,0.7166667,-0.050000004
91,2016-06-21 18:50:00+00:00,1.897818,1.7213423,1.7213423,32,45,110,121,0.9166666,-0.050000004
91,2016-06-21 18:50:00+00:00,1.7579559,2.0608668,2.0608668,45,58,32,45,-0.36718747,0.27421877
91,2016-06-21 18:50:00+00:00,1.8690965,1.9858898,1.9858898,45,58,45,58,-0.15,0.275
91,2016-06-21 18:50:00+00:00,1.9478865,2.0091848,2.0091848,45,58,58,71,0.06666666,0.275
91,2016-06-21 18:50:00+00:00,2.0683386,1.9949704,1.9949704,45,58,71,84,0.26744792,0.2890625
91,2016-06-21 18:50:00+00:00,2.3419945,2.0299501,2.0299501,45,58,84,97,0.5122396,0.28710938
91,2016-06-21 18:50:00+00:00,1.9470036,1.951752,1.951752,45,58,97,110,0.7166667,0.275
91,2016-06-21 18:50:00+00:00,1.8251766,2.0763555,2.0763555,45,58,110,121,0.9166666,0.275
91,2016-06-21 18:50:00+00:00,1.8789917,1.8036263,1.8036263,58,71,32,45,-0.3619792,0.58984375
91,2016-06-21 18:50:00+00:00,1.7804985,1.8063008,1.8063008,58,71,45,58,-0.15104166,0.59218746
91,2016-06-21 18:50:00+00:00,1.8614036,1.8027562,1.8027562,58,71,58,71,0.07239584,0.5835937
91,2016-06-21 18:50:00+00:00,1.9508733,1.8728592,1.8728592,58,71,71,84,0.2833333,0.6
91,2016-06-21 18:50:00+00:00,1.9560016,1.955492,1.955492,58,71,84,97,0.49583334,0.5910156
91,2016-06-21 18:50:00+00:00,1.9460491,1.8613912,1.8613912,58,71,97,110,0.728125,0.58984375
91,2016-06-21 18:50:00+00:00,1.7356641,2.003477,2.003477,58,71,110,121,0.9166666,0.6
91,2016-06-21 18:50:00+00:00,1.792355,1.7331396,1.7331396,71,81,110,121,0.9166666,0.8875
92,2016-06-24 17:40:00+00:00,1.8324193,1.9210583,1.9210583,19,32,84,97,0.49895835,-0.37421876
92,2016-06-24 17:40:00+00:00,1.7135724,1.8487622,1.8487622,19,32,97,110,0.7166667,-0.375
92,2016-06-24 17:40:00+00:00,1.7490782,1.8823025,1.8823025,19,32,110,121,0.9166666,-0.375
92,2016-06-24 17:40:00+00:00,2.3363938,2.3034976,2.3034976,32,45,32,45,-0.3622396,-0.04375
92,2016-06-24 17:40:00+00:00,1.9675677,2.0735734,2.0735734,32,45,45,58,-0.15,-0.050000004
92,2016-06-24 17:40:00+00:00,2.0820317,1.8673198,1.8673198,32,45,58,71,0.06067709,-0.051171876
92,2016-06-24 17:40:00+00:00,1.913409,1.6541107,1.6541107,32,45,71,84,0.28203124,-0.05
92,2016-06-24 17:40:00+00:00,1.7103679,1.5141357,1.5141357,32,45,84,97,0.5057292,-0.05234375
92,2016-06-24 17:40:00+00:00,1.6082621,1.40126,1.40126,32,45,97,110,0.7166667,-0.050000004
92,2016-06-24 17:40:00+00:00,1.5858212,1.4799954,1.4799954,32,45,110,121,0.9166666,-0.050000004
92,2016-06-24 17:40:00+00:00,1.8098214,2.3079674,2.3079674,45,58,19,32,-0.5809896,0.27421877
92,2016-06-24 17:40:00+00:00,1.6850574,1.8710783,1.8710783,45,58,32,45,-0.36666667,0.275
92,2016-06-24 17:40:00+00:00,1.615506,1.8314271,1.8314271,45,58,45,58,-0.15,0.275
92,2016-06-24 17:40:00+00:00,1.723224,1.8315101,1.8315101,45,58,58,71,0.061458334,0.27734375
92,2016-06-24 17:40:00+00:00,1.9870945,1.769264,1.769264,45,58,84,97,0.51250005,0.28710938
92,2016-06-24 17:40:00+00:00,1.6682727,1.7272207,1.7272207,45,58,97,110,0.7166667,0.275
92,2016-06-24 17:40:00+00:00,1.5180372,1.8097463,1.8097463,45,58,110,121,0.9166666,0.275
92,2016-06-24 17:40:00+00:00,1.9253228,1.9800087,1.9800087,58,71,19,32,-0.5716146,0.5679687
92,2016-06-24 17:40:00+00:00,1.7166795,1.6522578,1.6522578,58,71,32,45,-0.36536458,0.59843755
92,2016-06-24 17:40:00+00:00,1.7029965,1.6444255,1.6444255,58,71,45,58,-0.15677083,0.5882813
92,2016-06-24 17:40:00+00:00,1.6859747,1.689512,1.689512,58,71,71,84,0.28177083,0.5960938
92,2016-06-24 17:40:00+00:00,1.8127561,1.7018883,1.7018883,58,71,84,97,0.49062502,0.5847657
92,2016-06-24 17:40:00+00:00,1.6574045,1.6397537,1.6397537,58,71,97,110,0.73072916,0.5894531
92,2016-06-24 17:40:00+00:00,1.4689196,1.72428,1.72428,58,71,110,121,0.9166666,0.6
92,2016-06-24 17:40:00+00:00,1.4726931,1.4558754,1.4558754,71,81,110,121,0.9184896,0.8863281
93,2016-06-30 18:45:00+00:00,1.8862883,1.8204783,1.8204783,19,32,84,97,0.5,-0.375
93,2016-06-30 18:45:00+00:00,1.7822047,1.7347456,1.7347456,19,32,97,110,0.7166667,-0.375
93,2016-06-30 18:45:00+00:00,1.7898992,1.7994356,1.7994356,19,32,110,121,0.9166666,-0.375
93,2016-06-30 18:45:00+00:00,2.1332972,2.1406658,2.1406658,32,45,32,45,-0.36640623,-0.038671877
93,2016-06-30 18:45:00+00:00,1.9708393,1.9663827,1.9663827,32,45,45,58,-0.15,-0.050000004
93,2016-06-30 18:45:00+00:00,1.9990827,1.6510695,1.6510695,32,45,71,84,0.27786458,-0.0453125
93,2016-06-30 18:45:00+00:00,1.7519234,1.5267278,1.5267278,32,45,84,97,0.5,-0.050000004
93,2016-06-30 18:45:00+00:00,1.6593683,1.3675754,1.3675754,32,45,97,110,0.7166667,-0.050000004
93,2016-06-30 18:45:00+00:00,1.6320419,1.4777703,1.4777703,32,45,110,121,0.9166666,-0.050000004
93,2016-06-30 18:45:00+00:00,2.7657268,2.4185603,2.4185603,45,58,6,19,-0.78203124,0.26289064
93,2016-06-30 18:45:00+00:00,2.0442429,2.4063993,2.4063993,45,58,19,32,-0.5833333,0.275
93,2016-06-30 18:45:00+00:00,1.834913,1.9065984,1.9065984,45,58,32,45,-0.36666667,0.275
93,2016-06-30 18:45:00+00:00,1.7704016,1.8750777,1.8750777,45,58,45,58,-0.15,0.275
93,2016-06-30 18:45:00+00:00,1.8326545,1.9078321,1.9078321,45,58,58,71,0.068749994,0.2746094
93,2016-06-30 18:45:00+00:00,1.8548244,1.8834522,1.8834522,45,58,71,84,0.26718754,0.28945312
93,2016-06-30 18:45:00+00:00,1.9038045,1.8966459,1.8966459,45,58,84,97,0.5122396,0.28710938
93,2016-06-30 18:45:00+00:00,1.8038366,1.8219372,1.8219372,45,58,97,110,0.7166667,0.275
93,2016-06-30 18:45:00+00:00,1.6916708,1.9369502,1.9369502,45,58,110,121,0.9166666,0.275
93,2016-06-30 18:45:00+00:00,1.9984651,1.7129189,1.7129189,58,71,32,45,-0.36666667,0.6
93,2016-06-30 18:45:00+00:00,1.8386136,1.7196934,1.7196934,58,71,45,58,-0.15078126,0.5917969
93,2016-06-30 18:45:00+00:00,1.8408545,1.7332774,1.7332774,58,71,58,71,0.07239584,0.5835937
93,2016-06-30 18:45:00+00:00,1.7511528,1.8051265,1.8051265,58,71,71,84,0.2833333,0.6
93,2016-06-30 18:45:00+00:00,1.8947785,1.8769466,1.8769466,58,71,84,97,0.49479166,0.5921875
93,2016-06-30 18:45:00+00:00,1.9548321,1.7889419,1.7889419,58,71,97,110,0.7299479,0.59023434
93,2016-06-30 18:45:00+00:00,1.803084,1.9020237,1.9020237,58,71,110,121,0.9166666,0.6
93,2016-06-30 18:45:00+00:00,1.8003682,1.5783252,1.5783252,71,81,110,121,0.9166666,0.8875
94,2016-07-05 19:00:00+00:00,1.2840722,1.3498403,1.3498403,19,32,84,97,0.5,-0.375
94,2016-07-05 19:00:00+00:00,1.2140453,1.36307,1.36307,19,32,97,110,0.7166667,-0.375
94,2016-07-05 19:00:00+00:00,1.1137186,1.4425484,1.4425484,19,32,110,121,0.9195312,-0.3660156
94,2016-07-05 19:00:00+00:00,1.4580071,0.97957504,0.97957504,32,45,71,84,0.27890626,-0.045703128
94,2016-07-05 19:00:00+00:00,1.3287019,0.93639946,0.93639946,32,45,84,97,0.5,-0.050000004
94,2016-07-05 19:00:00+00:00,1.3212817,0.8904574,0.8904574,32,45,97,110,0.7166667,-0.050000004
94,2016-07-05 19:00:00+00:00,1.4273999,1.0192759,1.0192759,32,45,110,121,0.9166666,-0.050000004
94,2016-07-05 19:00:00+00:00,1.5363429,2.0404413,2.0404413,45,58,19,32,-0.5802083,0.2703125
94,2016-07-05 19:00:00+00:00,1.5634241,1.6776137,1.6776137,45,58,32,45,-0.36666667,0.275
94,2016-07-05 19:00:00+00:00,1.5070331,1.6507498,1.6507498,45,58,45,58,-0.15,0.275
94,2016-07-05 19:00:00+00:00,1.5328033,1.66226,1.66226,45,58,58,71,0.06666666,0.275
94,2016-07-05 19:00:00+00:00,1.5657712,1.588491,1.588491,45,58,71,84,0.26796877,0.28984374
94,2016-07-05 19:00:00+00:00,1.4550558,1.5120288,1.5120288,45,58,97,110,0.7166667,0.275
94,2016-07-05 19:00:00+00:00,1.4694281,1.5990666,1.5990666,45,58,110,121,0.9166666,0.275
94,2016-07-05 19:00:00+00:00,1.4026576,1.540674,1.540674,58,71,45,58,-0.14739583,0.5835937
94,2016-07-05 19:00:00+00:00,1.5622627,1.5513854,1.5513854,58,71,58,71,0.07291667,0.584375
94,2016-07-05 19:00:00+00:00,1.5311654,1.5435044,1.5435044,58,71,71,84,0.2833333,0.6
94,2016-07-05 19:00:00+00:00,1.5941945,1.5433819,1.5433819,58,71,84,97,0.49088544,0.590625
94,2016-07-05 19:00:00+00:00,1.7140402,1.4667337,1.4667337,58,71,97,110,0.73307294,0.5882813
94,2016-07-05 19:00:00+00:00,1.5555171,1.5800666,1.5800666,58,71,110,121,0.9166666,0.6
94,2016-07-05 19:00:00+00:00,1.6396554,1.1354357,1.1354357,71,81,110,121,0.9166666,0.8875
95,2016-07-12 19:05:00+00:00,1.246264,1.5666095,1.5666095,19,32,97,110,0.7213541,-0.3683594
95,2016-07-12 19:05:00+00:00,1.5450796,1.6313952,1.6313952,19,32,110,121,0.9096354,-0.36328125
95,2016-07-12 19:05:00+00:00,1.8099183,1.5594542,1.5594542,32,45,58,71,0.058333337,-0.04609375
95,2016-07-12 19:05:00+00:00,1.5063261,1.3432106,1.3432106,32,45,84,97,0.49166667,-0.036328126
95,2016-07-12 19:05:00+00:00,1.4041934,1.1926892,1.1926892,32,45,97,110,0.7190104,-0.041406244
95,2016-07-12 19:05:00+00:00,1.5789026,1.2655023,1.2655023,32,45,110,121,0.9166666,-0.050000004
95,2016-07-12 19:05:00+00:00,1.4788932,1.6527745,1.6527745,45,58,32,45,-0.3640625,0.2691406
95,2016-07-12 19:05:00+00:00,1.4971299,1.6495355,1.6495355,45,58,45,58,-0.15,0.275
95,2016-07-12 19:05:00+00:00,1.5852083,1.6933001,1.6933001,45,58,58,71,0.06666666,0.275
95,2016-07-12 19:05:00+00:00,1.7048752,1.705117,1.705117,45,58,71,84,0.26875,0.2890625
95,2016-07-12 19:05:00+00:00,1.8326597,1.7295864,1.7295864,45,58,84,97,0.5148437,0.28476563
95,2016-07-12 19:05:00+00:00,1.6063527,1.6798952,1.6798952,45,58,97,110,0.7166667,0.275
95,2016-07-12 19:05:00+00:00,1.6198298,1.7628838,1.7628838,45,58,110,121,0.9166666,0.275
95,2016-07-12 19:05:00+00:00,2.3180814,1.822502,1.822502,58,71,19,32,-0.56874996,0.5648438
95,2016-07-12 19:05:00+00:00,1.7981519,1.4961951,1.4961951,58,71,32,45,-0.37942708,0.6128906
95,2016-07-12 19:05:00+00:00,1.6376307,1.526424,1.526424,58,71,58,71,0.07239584,0.5835937
95,2016-07-12 19:05:00+00:00,1.5787855,1.6197941,1.6197941,58,71,71,84,0.2833333,0.6
95,2016-07-12 19:05:00+00:00,1.6199865,1.6835442,1.6835442,58,71,84,97,0.49427083,0.590625
95,2016-07-12 19:05:00+00:00,1.7456346,1.6011138,1.6011138,58,71,97,110,0.72473955,0.59101564
95,2016-07-12 19:05:00+00:00,1.6358032,1.6983747,1.6983747,58,71,110,121,0.9166666,0.6
95,2016-07-12 19:05:00+00:00,1.6961653,1.3592154,1.3592154,71,81,110,121,0.9166666,0.8875
96,2016-08-01 18:45:00+00:00,2.0126615,2.1421137,2.1421137,19,32,84,97,0.5,-0.375
96,2016-08-01 18:45:00+00:00,1.7463329,1.8364013,1.8364013,19,32,97,110,0.7166667,-0.375
96,2016-08-01 18:45:00+00:00,1.7934301,1.90986,1.90986,19,32,110,121,0.9166666,-0.375
96,2016-08-01 18:45:00+00:00,3.0550401,2.9779541,2.9779541,32,45,32,45,-0.3619792,-0.03828125
96,2016-08-01 18:45:00+00:00,2.5910497,2.5395699,2.5395699,32,45,45,58,-0.15,-0.050000004
96,2016-08-01 18:45:00+00:00,2.1875453,2.1256971,2.1256971,32,45,71,84,0.28020832,-0.043750003
96,2016-08-01 18:45:00+00:00,2.0001452,1.8277218,1.8277218,32,45,84,97,0.50078124,-0.05078125
96,2016-08-01 18:45:00+00:00,1.761027,1.3872405,1.3872405,32,45,97,110,0.7166667,-0.050000004
96,2016-08-01 18:45:00+00:00,1.725854,1.5144955,1.5144955,32,45,110,121,0.9166666,-0.050000004
96,2016-08-01 18:45:00+00:00,3.6358933,2.9720376,2.9720376,45,58,6,19,-0.78020835,0.26171875
96,2016-08-01 18:45:00+00:00,2.5982423,2.9534426,2.9534426,45,58,19,32,-0.5833333,0.275
96,2016-08-01 18:45:00+00:00,2.4207387,2.3478763,2.3478763,45,58,32,45,-0.36666667,0.275
96,2016-08-01 18:45:00+00:00,2.3377697,2.2367332,2.2367332,45,58,45,58,-0.15,0.275
96,2016-08-01 18:45:00+00:00,2.217137,2.315307,2.315307,45,58,58,71,0.06666666,0.275
96,2016-08-01 18:45:00+00:00,2.101824,2.1952453,2.1952453,45,58,71,84,0.26796877,0.2890625
96,2016-08-01 18:45:00+00:00,2.1597342,2.0687587,2.0687587,45,58,84,97,0.5148437,0.28671873
96,2016-08-01 18:45:00+00:00,1.9208513,1.8480936,1.8480936,45,58,97,110,0.7166667,0.275
96,2016-08-01 18:45:00+00:00,1.8126378,1.9541523,1.9541523,45,58,110,121,0.9166666,0.275
96,2016-08-01 18:45:00+00:00,2.0626998,2.455851,2.455851,58,71,19,32,-0.5671875,0.5667969
96,2016-08-01 18:45:00+00:00,1.782315,1.9717914,1.9717914,58,71,32,45,-0.36666667,0.6
96,2016-08-01 18:45:00+00:00,1.8327975,1.9508809,1.9508809,58,71,45,58,-0.15338542,0.5929687
96,2016-08-01 18:45:00+00:00,1.8347685,1.9843858,1.9843858,58,71,58,71,0.07239584,0.5835937
96,2016-08-01 18:45:00+00:00,1.7620339,1.9895029,1.9895029,58,71,71,84,0.2833333,0.6
96,2016-08-01 18:45:00+00:00,1.722204,1.9528143,1.9528143,58,71,84,97,0.49765626,0.5914062
96,2016-08-01 18:45:00+00:00,1.7622157,1.7376906,1.7376906,58,71,97,110,0.7239583,0.5902344
96,2016-08-01 18:45:00+00:00,1.6752671,1.8398423,1.8398423,58,71,110,121,0.9166666,0.6
96,2016-08-01 18:45:00+00:00,1.356636,1.479721,1.479721,71,81,110,121,0.91770834,0.8851563
97,2016-08-07 18:05:00+00:00,1.9231745,2.1353898,2.1353898,19,32,84,97,0.5,-0.375
97,2016-08-07 18:05:00+00:00,1.6409314,1.8843422,1.8843422,19,32,97,110,0.7130208,-0.37656248
97,2016-08-07 18:05:00+00:00,1.7170199,1.9516137,1.9516137,19,32,110,121,0.91718745,-0.38437498
97,2016-08-07 18:05:00+00:00,2.7129428,2.8059688,2.8059688,32,45,32,45,-0.35546875,-0.043359376
97,2016-08-07 18:05:00+00:00,2.3052213,2.359489,2.359489,32,45,45,58,-0.1484375,-0.05078125
97,2016-08-07 18:05:00+00:00,1.7378893,1.5486953,1.5486953,32,45,110,121,0.9190104,-0.04179687
97,2016-08-07 18:05:00+00:00,2.3795903,2.85438,2.85438,45,58,19,32,-0.5833333,0.275
97,2016-08-07 18:05:00+00:00,2.1643417,2.282498,2.282498,45,58,32,45,-0.36666667,0.275
97,2016-08-07 18:05:00+00:00,2.1395788,2.174145,2.174145,45,58,45,58,-0.15,0.275
97,2016-08-07 18:05:00+00:00,2.0295181,2.2417583,2.2417583,45,58,58,71,0.06666666,0.275
97,2016-08-07 18:05:00+00:00,2.0236576,2.132238,2.132238,45,58,71,84,0.26458335,0.290625
97,2016-08-07 18:05:00+00:00,1.996869,2.0491188,2.0491188,45,58,84,97,0.509375,0.28281254
97,2016-08-07 18:05:00+00:00,1.7903311,1.8310934,1.8310934,45,58,97,110,0.7143229,0.27695313
97,2016-08-07 18:05:00+00:00,1.7026045,1.9469327,1.9469327,45,58,110,121,0.9166666,0.275
97,2016-08-07 18:05:00+00:00,1.7207927,1.9347205,1.9347205,58,71,32,45,-0.3658854,0.5839844
97,2016-08-07 18:05:00+00:00,1.7586178,1.9038552,1.9038552,58,71,45,58,-0.15390626,0.57734376
97,2016-08-07 18:05:00+00:00,1.9702803,1.9511151,1.9511151,58,71,84,97,0.4950521,0.59335935
97,2016-08-07 18:05:00+00:00,1.8761138,1.7349491,1.7349491,58,71,97,110,0.7315104,0.59101564
97,2016-08-07 18:05:00+00:00,1.6244948,1.8469026,1.8469026,58,71,110,121,0.9166666,0.6
97,2016-08-07 18:05:00+00:00,1.8589832,1.4906868,1.4906868,71,81,110,121,0.9166666,0.8875
98,2016-08-10 18:35:00+00:00,1.6415913,1.7492512,1.7492512,19,32,84,97,0.5005208,-0.375
98,2016-08-10 18:35:00+00:00,1.3296763,1.515359,1.515359,19,32,97,110,0.7166667,-0.375
98,2016-08-10 18:35:00+00:00,1.2915897,1.5907981,1.5907981,19,32,110,121,0.9140625,-0.37265623
98,2016-08-10 18:35:00+00:00,2.3340373,2.3146682,2.3146682,32,45,32,45,-0.36536458,-0.03828125
98,2016-08-10 18:35:00+00:00,1.8915784,1.6874647,1.6874647,32,45,71,84,0.28333333,-0.046484374
98,2016-08-10 18:35:00+00:00,1.7667444,1.520036,1.520036,32,45,84,97,0.5,-0.050000004
98,2016-08-10 18:35:00+00:00,1.5560868,1.1301453,1.1301453,32,45,97,110,0.7166667,-0.050000004
98,2016-08-10 18:35:00+00:00,1.485331,1.2433014,1.2433014,32,45,110,121,0.9166666,-0.050000004
98,2016-08-10 18:35:00+00:00,2.0923736,2.1931875,2.1931875,45,58,32,45,-0.3716146,0.27265626
98,2016-08-10 18:35:00+00:00,2.1443505,2.0505064,2.0505064,45,58,45,58,-0.15,0.275
98,2016-08-10 18:35:00+00:00,1.9816942,2.120057,2.120057,45,58,58,71,0.06666666,0.275
98,2016-08-10 18:35:00+00:00,1.9367844,2.0721292,2.0721292,45,58,71,84,0.2640625,0.28867185
98,2016-08-10 18:35:00+00:00,2.0071838,1.9807808,1.9807808,45,58,84,97,0.5153646,0.28476563
98,2016-08-10 18:35:00+00:00,1.7955805,1.7802185,1.7802185,45,58,97,110,0.7166667,0.275
98,2016-08-10 18:35:00+00:00,1.71329,1.8728428,1.8728428,45,58,110,121,0.9166666,0.275
98,2016-08-10 18:35:00+00:00,1.9115494,1.8892953,1.8892953,58,71,32,45,-0.36848956,0.60195315
98,2016-08-10 18:35:00+00:00,2.1269064,1.855393,1.855393,58,71,45,58,-0.15078126,0.5917969
98,2016-08-10 18:35:00+00:00,2.0452,1.8858345,1.8858345,58,71,58,71,0.06640625,0.5847657
98,2016-08-10 18:35:00+00:00,2.078696,1.9754544,1.9754544,58,71,71,84,0.28359377,0.6058594
98,2016-08-10 18:35:00+00:00,2.0151756,1.9703622,1.9703622,58,71,84,97,0.49479166,0.5921875
98,2016-08-10 18:35:00+00:00,1.856395,1.7155799,1.7155799,58,71,97,110,0.726823,0.58984375
98,2016-08-10 18:35:00+00:00,1.6356165,1.8265643,1.8265643,58,71,110,121,0.9166666,0.6
98,2016-08-10 18:35:00+00:00,1.7045987,1.3562346,1.3562346,71,81,110,121,0.9166666,0.8875
99,2016-08-19 18:30:00+00:00,1.6222587,1.9914374,1.9914374,19,32,97,110,0.7184896,-0.375
99,2016-08-19 18:30:00+00:00,1.4324125,2.0449889,2.0449889,19,32,110,121,0.9166666,-0.375
99,2016-08-19 18:30:00+00:00,1.8479842,1.819363,1.819363,32,45,97,110,0.7166667,-0.050000004
99,2016-08-19 18:30:00+00:00,1.7169476,1.8931875,1.8931875,32,45,110,121,0.9166666,-0.050000004
99,2016-08-19 18:30:00+00:00,3.0578718,3.5734248,3.5734248,45,58,19,32,-0.5736979,0.27695313
99,2016-08-19 18:30:00+00:00,2.598272,2.7377806,2.7377806,45,58,58,71,0.06666666,0.275
99,2016-08-19 18:30:00+00:00,2.431131,2.3982236,2.3982236,45,58,97,110,0.7166667,0.275
99,2016-08-19 18:30:00+00:00,2.5634892,2.504582,2.504582,45,58,110,121,0.9166666,0.275
99,2016-08-19 18:30:00+00:00,2.23344,2.3756642,2.3756642,58,71,45,58,-0.15703125,0.5921875
99,2016-08-19 18:30:00+00:00,2.3892932,2.4631305,2.4631305,58,71,58,71,0.07239584,0.5835937
99,2016-08-19 18:30:00+00:00,2.573723,2.6070287,2.6070287,58,71,71,84,0.2833333,0.6
99,2016-08-19 18:30:00+00:00,2.5296917,2.6787221,2.6787221,58,71,84,97,0.4947917,0.59726566
99,2016-08-19 18:30:00+00:00,2.1158888,2.3469586,2.3469586,58,71,97,110,0.72473955,0.5925781
99,2016-08-19 18:30:00+00:00,2.4297435,2.4690685,2.4690685,58,71,110,121,0.9166666,0.6
99,2016-08-19 18:30:00+00:00,2.2567284,2.007076,2.007076,71,81,110,121,0.9166666,0.8875
100,2016-09-27 18:35:00+00:00,4.1183405,3.9210122,3.9210122,19,32,84,97,0.5,-0.375
100,2016-09-27 18:35:00+00:00,3.70089,3.4730077,3.4730077,19,32,97,110,0.7166667,-0.375
100,2016-09-27 18:35:00+00:00,3.4880404,3.4538639,3.4538639,19,32,110,121,0.9166666,-0.375
100,2016-09-27 18:35:00+00:00,4.60263,4.842208,4.842208,32,45,32,45,-0.36510417,-0.041796874
100,2016-09-27 18:35:00+00:00,4.5381575,4.5443993,4.5443993,32,45,45,58,-0.15,-0.050000004
100,2016-09-27 18:35:00+00:00,4.3715034,4.6914115,4.6914115,32,45,58,71,0.05729167,-0.048046872
100,2016-09-27 18:35:00+00:00,3.9398448,4.5242825,4.5242825,32,45,71,84,0.27942708,-0.0453125
100,2016-09-27 18:35:00+00:00,4.104548,4.2634115,4.2634115,32,45,84,97,0.4997396,-0.05078125
100,2016-09-27 18:35:00+00:00,4.192057,3.7629387,3.7629387,32,45,97,110,0.7166667,-0.050000004
100,2016-09-27 18:35:00+00:00,3.4473727,3.7218733,3.7218733,32,45,110,121,0.9166666,-0.050000004
100,2016-09-27 18:35:00+00:00,4.618986,4.85841,4.85841,45,58,19,32,-0.5833333,0.275
100,2016-09-27 18:35:00+00:00,4.6194477,4.036628,4.036628,45,58,32,45,-0.36666667,0.275
100,2016-09-27 18:35:00+00:00,4.476512,3.7111456,3.7111456,45,58,45,58,-0.15,0.275
100,2016-09-27 18:35:00+00:00,4.423967,3.8791492,3.8791492,45,58,58,71,0.06666666,0.275
100,2016-09-27 18:35:00+00:00,4.345976,4.1652355,4.1652355,45,58,71,84,0.2705729,0.28632814
100,2016-09-27 18:35:00+00:00,3.9118316,4.0079007,4.0079007,45,58,97,110,0.7166667,0.275
100,2016-09-27 18:35:00+00:00,3.6839721,4.0717325,4.0717325,45,58,110,121,0.9166666,0.275
100,2016-09-27 18:35:00+00:00,4.582293,3.6192393,3.6192393,58,71,32,45,-0.36666667,0.6
100,2016-09-27 18:35:00+00:00,4.591013,3.3639345,3.3639345,58,71,45,58,-0.15156251,0.5917969
100,2016-09-27 18:35:00+00:00,4.5842137,3.4706957,3.4706957,58,71,58,71,0.069791675,0.58164066
100,2016-09-27 18:35:00+00:00,4.6135554,3.996736,3.996736,58,71,71,84,0.2833333,0.6
100,2016-09-27 18:35:00+00:00,4.532765,4.3006454,4.3006454,58,71,84,97,0.49479166,0.5921875
100,2016-09-27 18:35:00+00:00,4.218127,3.955953,3.955953,58,71,97,110,0.7278646,0.58984375
100,2016-09-27 18:35:00+00:00,3.2593033,4.0564084,4.0564084,58,71,110,121,0.9166666,0.6
100,2016-09-27 18:35:00+00:00,3.4891808,3.836831,3.836831,71,81,110,121,0.9166666,0.8875
101,2016-10-17 18:10:00+00:00,2.692352,2.5421424,2.5421424,19,32,84,97,0.5,-0.375
101,2016-10-17 18:10:00+00:00,2.449932,2.3388333,2.3388333,19,32,97,110,0.7166667,-0.375
101,2016-10-17 18:10:00+00:00,2.4670503,2.390714,2.390714,19,32,110,121,0.9166666,-0.375
101,2016-10-17 18:10:00+00:00,2.7656996,2.9576356,2.9576356,32,45,32,45,-0.36249998,-0.037109375
101,2016-10-17 18:10:00+00:00,2.4891906,2.7472749,2.7472749,32,45,45,58,-0.15,-0.050000004
101,2016-10-17 18:10:00+00:00,2.5032408,2.7119005,2.7119005,32,45,71,84,0.2864583,-0.04140625
101,2016-10-17 18:10:00+00:00,2.633862,2.605828,2.605828,32,45,84,97,0.5,-0.050000004
101,2016-10-17 18:10:00+00:00,2.3874614,2.300121,2.300121,32,45,97,110,0.7166667,-0.050000004
101,2016-10-17 18:10:00+00:00,2.2460072,2.3520858,2.3520858,32,45,110,121,0.9166666,-0.050000004
101,2016-10-17 18:10:00+00:00,3.8141885,2.9166343,2.9166343,45,58,6,19,-0.7890625,0.2621094
101,2016-10-17 18:10:00+00:00,2.6325274,2.8953774,2.8953774,45,58,19,32,-0.5833333,0.275
101,2016-10-17 18:10:00+00:00,2.0188916,2.1095302,2.1095302,45,58,32,45,-0.3658854,0.27578124
101,2016-10-17 18:10:00+00:00,1.844046,2.0466793,2.0466793,45,58,45,58,-0.15,0.275
101,2016-10-17 18:10:00+00:00,1.9089789,2.128219,2.128219,45,58,58,71,0.06666666,0.275
101,2016-10-17 18:10:00+00:00,2.5175893,2.4239533,2.4239533,45,58,97,110,0.7166667,0.275
101,2016-10-17 18:10:00+00:00,2.3153136,2.5786784,2.5786784,45,58,110,121,0.9166666,0.275
101,2016-10-17 18:10:00+00:00,2.6588035,2.5137346,2.5137346,58,71,19,32,-0.57343745,0.56757814
101,2016-10-17 18:10:00+00:00,1.7567153,1.8128207,1.8128207,58,71,32,45,-0.36666667,0.6
101,2016-10-17 18:10:00+00:00,1.8407996,1.79608,1.79608,58,71,45,58,-0.15052083,0.5917969
101,2016-10-17 18:10:00+00:00,1.8572768,1.8398716,1.8398716,58,71,58,71,0.07005209,0.59375
101,2016-10-17 18:10:00+00:00,1.9345598,2.1689374,2.1689374,58,71,71,84,0.2833333,0.6
101,2016-10-17 18:10:00+00:00,2.377341,2.3927834,2.3927834,58,71,84,97,0.49088544,0.5871093
101,2016-10-17 18:10:00+00:00,2.620784,2.276614,2.276614,58,71,97,110,0.7252604,0.59296876
101,2016-10-17 18:10:00+00:00,2.4579601,2.4632213,2.4632213,58,71,110,121,0.9166666,0.6
101,2016-10-17 18:10:00+00:00,2.0842843,2.3315248,2.3315248,71,81,110,121,0.9166666,0.8875
