t,date,target,pred,post,y0,y1,x0,x1,cx,cy
0,2014-05-24 18:45:00+00:00,2.9087672,1.7131624,1.8889825,13,22,94,103,0.6333333,-0.575
0,2014-05-24 18:45:00+00:00,2.5058258,2.3235447,2.3560941,22,31,85,94,0.48333335,-0.35000002
0,2014-05-24 18:45:00+00:00,2.112415,1.8367276,1.9411838,22,31,94,103,0.6307292,-0.34570312
0,2014-05-24 18:45:00+00:00,2.9206707,2.2816815,2.7838023,31,40,40,49,-0.2640625,-0.122656256
0,2014-05-24 18:45:00+00:00,2.6127374,1.705961,2.5508542,31,40,49,58,-0.11666667,-0.125
0,2014-05-24 18:45:00+00:00,3.103568,2.1216505,2.666829,31,40,67,76,0.18854168,-0.12851563
0,2014-05-24 18:45:00+00:00,2.2365701,1.7850327,2.2800145,31,40,85,94,0.48333335,-0.125
0,2014-05-24 18:45:00+00:00,1.8944422,1.4565405,1.9103382,31,40,94,103,0.6333333,-0.125
0,2014-05-24 18:45:00+00:00,1.7233101,1.5130396,1.8115846,31,40,103,112,0.78333336,-0.125
0,2014-05-24 18:45:00+00:00,1.7359732,1.5044409,1.7913157,31,40,112,121,0.93333334,-0.125
0,2014-05-24 18:45:00+00:00,2.9605353,3.2253428,3.5010753,40,49,22,31,-0.56666666,0.099999994
0,2014-05-24 18:45:00+00:00,2.4154017,3.4024909,3.121892,40,49,31,40,-0.41875002,0.09921874
0,2014-05-24 18:45:00+00:00,2.2562835,2.6056929,2.6650743,40,49,40,49,-0.26666665,0.099999994
0,2014-05-24 18:45:00+00:00,2.1525679,2.0432985,2.462456,40,49,49,58,-0.11666667,0.099999994
0,2014-05-24 18:45:00+00:00,2.3777626,2.3324616,2.5860412,40,49,67,76,0.18411458,0.107421875
0,2014-05-24 18:45:00+00:00,1.9963496,2.1815803,2.2970989,40,49,85,94,0.48984373,0.08984375
0,2014-05-24 18:45:00+00:00,1.7839619,1.7758095,1.9503393,40,49,94,103,0.6333333,0.099999994
0,2014-05-24 18:45:00+00:00,1.7204813,1.7731209,1.804969,40,49,103,112,0.78333336,0.099999994
0,2014-05-24 18:45:00+00:00,1.741298,1.7546694,1.7731841,40,49,112,121,0.93333334,0.099999994
0,2014-05-24 18:45:00+00:00,2.5938258,3.1503975,3.1979084,49,58,13,22,-0.71666664,0.325
0,2014-05-24 18:45:00+00:00,2.4568083,2.910583,2.9209726,49,58,22,31,-0.56666666,0.325
0,2014-05-24 18:45:00+00:00,2.4170454,3.0047493,2.5324488,49,58,31,40,-0.4166667,0.325
0,2014-05-24 18:45:00+00:00,2.3176687,2.317077,2.2795112,49,58,40,49,-0.26666665,0.325
0,2014-05-24 18:45:00+00:00,2.1047447,1.8306339,2.0879028,49,58,49,58,-0.11666667,0.325
0,2014-05-24 18:45:00+00:00,2.1902509,2.039532,2.1470814,49,58,58,67,0.033333335,0.325
0,2014-05-24 18:45:00+00:00,2.1976743,2.3423953,2.3655322,49,58,67,76,0.18333334,0.325
0,2014-05-24 18:45:00+00:00,2.1364703,1.9925774,2.067919,49,58,85,94,0.4898438,0.3292969
0,2014-05-24 18:45:00+00:00,2.0351012,1.6327516,1.8300862,49,58,94,103,0.6333333,0.325
0,2014-05-24 18:45:00+00:00,1.8696907,1.7173826,1.7571081,49,58,103,112,0.78333336,0.325
0,2014-05-24 18:45:00+00:00,2.5508108,3.0481262,2.7237592,58,67,22,31,-0.56432295,0.54648435
0,2014-05-24 18:45:00+00:00,2.416787,3.1193016,2.4102917,58,67,31,40,-0.4166667,0.55
0,2014-05-24 18:45:00+00:00,2.3163111,2.4702408,2.1905112,58,67,40,49,-0.26666665,0.55
0,2014-05-24 18:45:00+00:00,2.3736732,2.1201196,2.065118,58,67,49,58,-0.11666667,0.55
0,2014-05-24 18:45:00+00:00,2.2952063,2.4232266,2.2338545,58,67,67,76,0.18723959,0.5425781
0,2014-05-24 18:45:00+00:00,2.1917279,2.953136,2.2744045,58,67,76,85,0.3333333,0.55
0,2014-05-24 18:45:00+00:00,2.1772163,2.307745,2.0954714,58,67,85,94,0.48333335,0.55
0,2014-05-24 18:45:00+00:00,2.786323,2.987282,2.3305535,67,76,31,40,-0.41875002,0.7734375
1,2014-05-25 17:50:00+00:00,1.569455,1.2894251,1.3770975,13,22,94,103,0.6333333,-0.575
1,2014-05-25 17:50:00+00:00,1.5485352,1.3995509,1.4654208,13,22,103,112,0.78020835,-0.5691406
1,2014-05-25 17:50:00+00:00,1.4825495,1.5947692,1.54848,22,31,85,94,0.48333335,-0.35000002
1,2014-05-25 17:50:00+00:00,1.3682255,1.4067507,1.4298997,22,31,94,103,0.6333333,-0.35000002
1,2014-05-25 17:50:00+00:00,1.3582954,1.5053142,1.4804084,22,31,103,112,0.78333336,-0.35000002
1,2014-05-25 17:50:00+00:00,1.3723109,1.5380667,1.5167278,22,31,112,121,0.93333334,-0.35000002
1,2014-05-25 17:50:00+00:00,1.707515,1.4596642,1.6305988,31,40,40,49,-0.26171875,-0.1203125
1,2014-05-25 17:50:00+00:00,1.6453682,1.1627889,1.4774168,31,40,49,58,-0.11666667,-0.125
1,2014-05-25 17:50:00+00:00,1.9152648,1.34195,1.5415144,31,40,58,67,0.025781251,-0.122656256
1,2014-05-25 17:50:00+00:00,1.9532908,1.3192549,1.6077381,31,40,67,76,0.18723959,-0.13085938
1,2014-05-25 17:50:00+00:00,1.390724,1.2734079,1.4505335,31,40,85,94,0.48333335,-0.125
1,2014-05-25 17:50:00+00:00,1.2857908,1.215701,1.3684744,31,40,94,103,0.6333333,-0.125
1,2014-05-25 17:50:00+00:00,1.3088754,1.3319706,1.4214988,31,40,103,112,0.78333336,-0.125
1,2014-05-25 17:50:00+00:00,1.3587773,1.3371072,1.4436861,31,40,112,121,0.93333334,-0.125
1,2014-05-25 17:50:00+00:00,1.9885421,1.733362,2.0069845,40,49,13,22,-0.7161459,0.11367187
1,2014-05-25 17:50:00+00:00,1.619381,1.7771907,1.8775884,40,49,22,31,-0.5653646,0.10117187
1,2014-05-25 17:50:00+00:00,1.4971693,1.770996,1.7177765,40,49,31,40,-0.4166667,0.099999994
1,2014-05-25 17:50:00+00:00,1.3948895,1.6842685,1.6269673,40,49,40,49,-0.26666665,0.099999994
1,2014-05-25 17:50:00+00:00,1.343163,1.4230436,1.5007089,40,49,49,58,-0.11666667,0.099999994
1,2014-05-25 17:50:00+00:00,1.5643831,1.508315,1.5515598,40,49,58,67,0.029947918,0.103125
1,2014-05-25 17:50:00+00:00,1.6507024,1.5762126,1.5980915,40,49,67,76,0.18697917,0.103125
1,2014-05-25 17:50:00+00:00,1.4342077,1.4562325,1.4593704,40,49,85,94,0.49088544,0.0984375
1,2014-05-25 17:50:00+00:00,1.3025033,1.3586575,1.3781753,40,49,94,103,0.6333333,0.099999994
1,2014-05-25 17:50:00+00:00,1.3323503,1.4443338,1.409408,40,49,103,112,0.78333336,0.099999994
1,2014-05-25 17:50:00+00:00,1.3848029,1.4525306,1.4352906,40,49,112,121,0.93333334,0.099999994
1,2014-05-25 17:50:00+00:00,1.6720896,1.8719759,1.9062759,49,58,13,22,-0.7166667,0.32578123
1,2014-05-25 17:50:00+00:00,1.6063839,1.6585456,1.7073379,49,58,22,31,-0.56666666,0.325
1,2014-05-25 17:50:00+00:00,1.5380279,1.5914745,1.564944,49,58,31,40,-0.4166667,0.325
1,2014-05-25 17:50:00+00:00,1.4497623,1.5461305,1.5441356,49,58,40,49,-0.26666665,0.325
1,2014-05-25 17:50:00+00:00,1.4108547,1.3413137,1.429074,49,58,49,58,-0.11666667,0.325
1,2014-05-25 17:50:00+00:00,1.4922923,1.4591893,1.486057,49,58,58,67,0.033333335,0.325
1,2014-05-25 17:50:00+00:00,1.5561717,1.5378929,1.5708638,49,58,67,76,0.18333334,0.325
1,2014-05-25 17:50:00+00:00,1.6748782,1.3776387,1.3943391,49,58,85,94,0.4856771,0.328125
1,2014-05-25 17:50:00+00:00,1.3821388,1.218752,1.3302069,49,58,94,103,0.6333333,0.325
1,2014-05-25 17:50:00+00:00,1.351375,1.355707,1.3874837,49,58,103,112,0.78333336,0.325
1,2014-05-25 17:50:00+00:00,1.3502989,1.3692073,1.3935804,49,58,112,121,0.93333334,0.325
1,2014-05-25 17:50:00+00:00,1.7890043,1.9436176,1.7381063,58,67,22,31,-0.56614584,0.5433594
1,2014-05-25 17:50:00+00:00,1.6944097,1.866856,1.6104705,58,67,31,40,-0.4166667,0.55
1,2014-05-25 17:50:00+00:00,1.5826157,1.7375199,1.5704294,58,67,40,49,-0.26666665,0.55
1,2014-05-25 17:50:00+00:00,1.5423437,1.5433087,1.4952779,58,67,49,58,-0.11666667,0.55
1,2014-05-25 17:50:00+00:00,1.5751565,1.6224164,1.526905,58,67,58,67,0.030208334,0.5449219
1,2014-05-25 17:50:00+00:00,1.6156219,1.6804402,1.5833765,58,67,67,76,0.18333334,0.5492188
1,2014-05-25 17:50:00+00:00,1.5024837,1.7636878,1.5202575,58,67,76,85,0.3333333,0.55
1,2014-05-25 17:50:00+00:00,1.5064346,1.600527,1.4946169,58,67,85,94,0.48333335,0.55
1,2014-05-25 17:50:00+00:00,1.3649279,1.5415866,1.4750472,58,67,103,112,0.78333336,0.55
1,2014-05-25 17:50:00+00:00,1.3544092,1.5519425,1.473416,58,67,112,121,0.93333334,0.55
1,2014-05-25 17:50:00+00:00,1.8271273,1.5741373,1.5196364,67,76,31,40,-0.41796875,0.7648437
1,2014-05-25 17:50:00+00:00,1.3912706,1.4402046,1.3740383,67,76,103,112,0.78333336,0.7726562
1,2014-05-25 17:50:00+00:00,1.3502841,1.4316847,1.3685861,67,76,112,121,0.93333334,0.775
1,2014-05-25 17:50:00+00:00,1.145016,1.3465757,1.365822,76,81,112,121,0.93333334,0.95
2,2014-05-30 18:05:00+00:00,2.7815776,1.5822809,1.7355042,13,22,85,94,0.4872396,-0.55781245
2,2014-05-30 18:05:00+00:00,2.1743574,1.4107311,1.5277706,13,22,94,103,0.6333333,-0.575
2,2014-05-30 18:05:00+00:00,2.1421132,1.5470412,1.5848391,13,22,103,112,0.7828125,-0.5726563
2,2014-05-30 18:05:00+00:00,1.7556988,1.8714284,1.8313497,22,31,85,94,0.48333335,-0.35000002
2,2014-05-30 18:05:00+00:00,1.7597698,1.5397052,1.6144482,22,31,94,103,0.6333333,-0.35000002
2,2014-05-30 18:05:00+00:00,1.8399308,1.6425223,1.6352537,22,31,103,112,0.78333336,-0.35000002
2,2014-05-30 18:05:00+00:00,1.8978974,1.6802316,1.676882,22,31,112,121,0.93333334,-0.35000002
2,2014-05-30 18:05:00+00:00,1.9780751,1.7054034,1.9541103,31,40,40,49,-0.26328126,-0.11757812
2,2014-05-30 18:05:00+00:00,2.0456228,1.2571084,1.7783537,31,40,49,58,-0.11666667,-0.125
2,2014-05-30 18:05:00+00:00,2.2984283,1.4894451,1.8657694,31,40,58,67,0.025000002,-0.12734374
2,2014-05-30 18:05:00+00:00,2.2657251,1.5037299,1.9186639,31,40,67,76,0.18776041,-0.1296875
2,2014-05-30 18:05:00+00:00,1.6266952,1.4452266,1.7184812,31,40,85,94,0.48333335,-0.125
2,2014-05-30 18:05:00+00:00,1.5719142,1.2722273,1.5373651,31,40,94,103,0.6333333,-0.125
2,2014-05-30 18:05:00+00:00,1.5783958,1.3917129,1.5542514,31,40,103,112,0.78333336,-0.125
2,2014-05-30 18:05:00+00:00,1.667774,1.4006883,1.5803437,31,40,112,121,0.93333334,-0.125
2,2014-05-30 18:05:00+00:00,3.8690238,2.06283,2.5433962,40,49,13,22,-0.7132813,0.11484375
2,2014-05-30 18:05:00+00:00,2.380195,2.2239978,2.4293604,40,49,22,31,-0.56666666,0.099999994
2,2014-05-30 18:05:00+00:00,1.8126738,2.2835383,2.1290317,40,49,31,40,-0.4166667,0.099999994
2,2014-05-30 18:05:00+00:00,1.5665902,1.9397067,1.9072921,40,49,40,49,-0.26666665,0.099999994
2,2014-05-30 18:05:00+00:00,1.5162299,1.554697,1.73771,40,49,49,58,-0.11666667,0.099999994
2,2014-05-30 18:05:00+00:00,1.7610384,1.7142272,1.8006282,40,49,58,67,0.032552086,0.10078125
2,2014-05-30 18:05:00+00:00,1.798075,1.7147523,1.8768764,40,49,67,76,0.18932292,0.10820312
2,2014-05-30 18:05:00+00:00,1.7950231,1.708612,1.7322621,40,49,85,94,0.48828125,0.09257812
2,2014-05-30 18:05:00+00:00,1.5336434,1.4565158,1.5286839,40,49,94,103,0.6333333,0.099999994
2,2014-05-30 18:05:00+00:00,1.4711298,1.5365932,1.5205768,40,49,103,112,0.78333336,0.099999994
2,2014-05-30 18:05:00+00:00,1.4582355,1.545542,1.5484618,40,49,112,121,0.93333334,0.099999994
2,2014-05-30 18:05:00+00:00,2.5136793,2.199113,2.2819624,49,58,13,22,-0.71666664,0.325
2,2014-05-30 18:05:00+00:00,1.8547572,1.9694861,2.0605397,49,58,22,31,-0.56666666,0.325
2,2014-05-30 18:05:00+00:00,1.6853913,1.9539194,1.8091954,49,58,31,40,-0.4166667,0.325
2,2014-05-30 18:05:00+00:00,1.5903412,1.7116314,1.714989,49,58,40,49,-0.26666665,0.325
2,2014-05-30 18:05:00+00:00,1.4838648,1.4192175,1.566544,49,58,49,58,-0.11666667,0.325
2,2014-05-30 18:05:00+00:00,1.590527,1.5786556,1.6380496,49,58,58,67,0.033333335,0.325
2,2014-05-30 18:05:00+00:00,1.6389524,1.6833411,1.7552284,49,58,67,76,0.18333334,0.325
2,2014-05-30 18:05:00+00:00,1.8450208,1.5366517,1.5529025,49,58,85,94,0.4869792,0.3296875
2,2014-05-30 18:05:00+00:00,1.5908488,1.280495,1.4342983,49,58,94,103,0.6333333,0.325
2,2014-05-30 18:05:00+00:00,1.4520168,1.4224669,1.4679494,49,58,103,112,0.78333336,0.325
2,2014-05-30 18:05:00+00:00,1.4100356,1.4355569,1.4708991,49,58,112,121,0.93333334,0.325
2,2014-05-30 18:05:00+00:00,2.0008085,2.342722,2.0189917,58,67,22,31,-0.5640625,0.5449219
2,2014-05-30 18:05:00+00:00,1.824857,2.3127756,1.8203186,58,67,31,40,-0.4166667,0.55
2,2014-05-30 18:05:00+00:00,1.7213851,1.9729414,1.7270433,58,67,40,49,-0.26666665,0.55
2,2014-05-30 18:05:00+00:00,1.6723272,1.7050358,1.6280489,58,67,49,58,-0.11666667,0.55
2,2014-05-30 18:05:00+00:00,1.6419514,1.8019822,1.665242,58,67,58,67,0.033333335,0.55
2,2014-05-30 18:05:00+00:00,1.6958841,1.879235,1.742231,58,67,67,76,0.18333334,0.55
2,2014-05-30 18:05:00+00:00,1.6633908,2.1625218,1.6927379,58,67,76,85,0.3333333,0.55
2,2014-05-30 18:05:00+00:00,1.603425,1.8571838,1.6486404,58,67,85,94,0.48333335,0.55
2,2014-05-30 18:05:00+00:00,1.7157,1.6340647,1.5423806,58,67,94,103,0.6322917,0.5402344
2,2014-05-30 18:05:00+00:00,1.396136,1.6697536,1.5540453,58,67,103,112,0.78333336,0.55
2,2014-05-30 18:05:00+00:00,1.3538288,1.6801552,1.552111,58,67,112,121,0.93333334,0.55
2,2014-05-30 18:05:00+00:00,1.8467122,1.9564958,1.7072656,67,76,31,40,-0.41302085,0.7671875
2,2014-05-30 18:05:00+00:00,1.3911943,1.5214196,1.433234,67,76,103,112,0.78333336,0.775
2,2014-05-30 18:05:00+00:00,1.3167193,1.498397,1.429402,67,76,112,121,0.93333334,0.775
2,2014-05-30 18:05:00+00:00,1.3508608,1.3367004,1.3936856,76,81,112,121,0.93333334,0.95
3,2014-05-31 18:50:00+00:00,3.0228026,1.8519491,2.0696938,13,22,85,94,0.49166667,-0.55859375
3,2014-05-31 18:50:00+00:00,2.5951393,1.7008096,1.8645669,13,22,94,103,0.6333333,-0.575
3,2014-05-31 18:50:00+00:00,2.4880693,1.8396266,1.8823078,13,22,103,112,0.78307295,-0.5738281
3,2014-05-31 18:50:00+00:00,2.0913212,2.192781,2.161832,22,31,85,94,0.48333335,-0.35000002
3,2014-05-31 18:50:00+00:00,2.2210824,1.7854207,1.9077265,22,31,94,103,0.6333333,-0.35000002
3,2014-05-31 18:50:00+00:00,2.257869,1.8780661,1.8907611,22,31,103,112,0.78333336,-0.35000002
3,2014-05-31 18:50:00+00:00,2.1877553,1.8917605,1.8950055,22,31,112,121,0.93333334,-0.35000002
3,2014-05-31 18:50:00+00:00,2.5196629,2.1132607,2.4395912,31,40,40,49,-0.26276043,-0.119140625
3,2014-05-31 18:50:00+00:00,2.626177,1.5732704,2.2328064,31,40,49,58,-0.11666667,-0.125
3,2014-05-31 18:50:00+00:00,2.582134,1.7992828,2.259611,31,40,58,67,0.026041668,-0.12773438
3,2014-05-31 18:50:00+00:00,2.643938,1.9952389,2.408477,31,40,67,76,0.19036458,-0.1328125
3,2014-05-31 18:50:00+00:00,1.9686408,1.739108,2.0834484,31,40,85,94,0.48333335,-0.125
3,2014-05-31 18:50:00+00:00,1.87844,1.5043638,1.8680212,31,40,94,103,0.6333333,-0.125
3,2014-05-31 18:50:00+00:00,1.8296207,1.5902845,1.8253144,31,40,103,112,0.78333336,-0.125
3,2014-05-31 18:50:00+00:00,1.8722199,1.5744816,1.7995092,31,40,112,121,0.93333334,-0.125
3,2014-05-31 18:50:00+00:00,4.230168,2.6501389,3.2244096,40,49,13,22,-0.71484375,0.11445312
3,2014-05-31 18:50:00+00:00,2.9621391,2.7935812,3.0335665,40,49,22,31,-0.56666666,0.099999994
3,2014-05-31 18:50:00+00:00,2.2051268,2.9677396,2.6888268,40,49,31,40,-0.4166667,0.099999994
3,2014-05-31 18:50:00+00:00,1.9498461,2.3892875,2.3655603,40,49,40,49,-0.26666665,0.099999994
3,2014-05-31 18:50:00+00:00,1.9030539,1.8580328,2.167456,40,49,49,58,-0.11666667,0.099999994
3,2014-05-31 18:50:00+00:00,2.1653907,2.0093102,2.1872933,40,49,58,67,0.03046875,0.10195312
3,2014-05-31 18:50:00+00:00,2.2317982,2.0938444,2.3589277,40,49,67,76,0.18333334,0.10859375
3,2014-05-31 18:50:00+00:00,2.3546588,2.081989,2.132518,40,49,85,94,0.48828125,0.09257812
3,2014-05-31 18:50:00+00:00,1.8754079,1.7638311,1.8971786,40,49,94,103,0.6333333,0.099999994
3,2014-05-31 18:50:00+00:00,1.7620106,1.7976565,1.8152261,40,49,103,112,0.78333336,0.099999994
3,2014-05-31 18:50:00+00:00,1.6896217,1.766716,1.7786524,40,49,112,121,0.93333334,0.099999994
3,2014-05-31 18:50:00+00:00,3.1015728,2.85382,2.902607,49,58,13,22,-0.71666664,0.325
3,2014-05-31 18:50:00+00:00,2.2135763,2.5578785,2.591802,49,58,22,31,-0.56666666,0.325
3,2014-05-31 18:50:00+00:00,2.0675325,2.6386282,2.2751732,49,58,31,40,-0.4166667,0.325
3,2014-05-31 18:50:00+00:00,1.9606395,2.1661382,2.0906725,49,58,40,49,-0.26666665,0.325
3,2014-05-31 18:50:00+00:00,1.8396142,1.7028885,1.9110919,49,58,49,58,-0.11666667,0.325
3,2014-05-31 18:50:00+00:00,1.994997,1.8902586,1.9753749,49,58,58,67,0.033333335,0.325
3,2014-05-31 18:50:00+00:00,2.0722623,2.1553895,2.1893518,49,58,67,76,0.18333334,0.325
3,2014-05-31 18:50:00+00:00,2.57382,1.908176,1.9269576,49,58,85,94,0.49114585,0.33125
3,2014-05-31 18:50:00+00:00,1.9160151,1.6312225,1.8126601,49,58,94,103,0.6333333,0.325
3,2014-05-31 18:50:00+00:00,1.7702757,1.7462684,1.7871767,49,58,103,112,0.78333336,0.325
3,2014-05-31 18:50:00+00:00,1.6922445,1.7008668,1.7049845,49,58,112,121,0.93333334,0.325
3,2014-05-31 18:50:00+00:00,2.337262,2.809942,2.4753947,58,67,22,31,-0.5598958,0.5417969
3,2014-05-31 18:50:00+00:00,2.174875,2.8231149,2.2015314,58,67,31,40,-0.4166667,0.55
3,2014-05-31 18:50:00+00:00,2.166327,2.3304002,2.0330794,58,67,40,49,-0.26666665,0.55
3,2014-05-31 18:50:00+00:00,2.025979,1.9647964,1.9135873,58,67,49,58,-0.11666667,0.55
3,2014-05-31 18:50:00+00:00,2.0388632,2.0638406,1.9395226,58,67,58,67,0.033333335,0.55
3,2014-05-31 18:50:00+00:00,2.059313,2.2129757,2.0792916,58,67,67,76,0.18333334,0.55
3,2014-05-31 18:50:00+00:00,2.0907722,2.7190535,2.1146104,58,67,76,85,0.3333333,0.55
3,2014-05-31 18:50:00+00:00,1.9707565,2.2225406,1.9788002,58,67,85,94,0.48333335,0.55
3,2014-05-31 18:50:00+00:00,1.7308751,1.9398793,1.8342896,58,67,103,112,0.78333336,0.55
3,2014-05-31 18:50:00+00:00,1.6936889,1.9106412,1.7658687,58,67,112,121,0.93333334,0.55
3,2014-05-31 18:50:00+00:00,2.4370227,2.6216333,2.116016,67,76,31,40,-0.41588545,0.7710937
3,2014-05-31 18:50:00+00:00,2.105145,1.747819,1.8921596,67,76,85,94,0.47371796,0.7389424
3,2014-05-31 18:50:00+00:00,1.7337586,1.7450416,1.7149837,67,76,103,112,0.78333336,0.775
3,2014-05-31 18:50:00+00:00,1.6737732,1.6802852,1.6401703,67,76,112,121,0.93333334,0.775
3,2014-05-31 18:50:00+00:00,1.7284509,1.5417256,1.6105758,76,81,112,121,0.93333334,0.95
4,2014-06-03 19:20:00+00:00,2.0171344,1.7448981,1.9785776,13,22,94,103,0.6359375,-0.5636718
4,2014-06-03 19:20:00+00:00,2.4992902,2.4351637,2.5173976,22,31,85,94,0.48489583,-0.34570312
4,2014-06-03 19:20:00+00:00,2.0356207,1.9269434,2.033312,22,31,94,103,0.6361979,-0.34335938
4,2014-06-03 19:20:00+00:00,1.8975948,1.9406495,1.9449823,22,31,103,112,0.78333336,-0.35000002
4,2014-06-03 19:20:00+00:00,1.856936,1.9720123,1.9627308,22,31,112,121,0.93333334,-0.35000002
4,2014-06-03 19:20:00+00:00,4.055739,2.8458614,3.2308223,31,40,40,49,-0.26302084,-0.11640625
4,2014-06-03 19:20:00+00:00,3.4974542,2.11778,3.0578094,31,40,49,58,-0.11666667,-0.125
4,2014-06-03 19:20:00+00:00,2.6249173,1.9546312,2.5320733,31,40,85,94,0.48333335,-0.125
4,2014-06-03 19:20:00+00:00,2.0619087,1.5640601,2.0606983,31,40,94,103,0.6333333,-0.125
4,2014-06-03 19:20:00+00:00,1.868593,1.58457,1.9163554,31,40,103,112,0.78333336,-0.125
4,2014-06-03 19:20:00+00:00,1.8032355,1.5506669,1.8678181,31,40,112,121,0.93333334,-0.125
4,2014-06-03 19:20:00+00:00,4.5979986,3.9455318,4.345854,40,49,13,22,-0.7166667,0.10273437
4,2014-06-03 19:20:00+00:00,4.365108,3.8760736,4.1369963,40,49,22,31,-0.56666666,0.099999994
4,2014-06-03 19:20:00+00:00,2.7015839,4.13465,3.655031,40,49,31,40,-0.4166667,0.099999994
4,2014-06-03 19:20:00+00:00,2.4036725,3.1064293,3.187688,40,49,40,49,-0.26666665,0.099999994
4,2014-06-03 19:20:00+00:00,2.3273816,2.4639702,2.9784935,40,49,49,58,-0.11666667,0.099999994
4,2014-06-03 19:20:00+00:00,2.2949908,2.6400633,2.837275,40,49,58,67,0.028645834,0.10078125
4,2014-06-03 19:20:00+00:00,2.6271887,2.9947264,3.088824,40,49,67,76,0.18750001,0.10429688
4,2014-06-03 19:20:00+00:00,2.126739,1.9603032,2.1586132,40,49,94,103,0.6333333,0.099999994
4,2014-06-03 19:20:00+00:00,1.9459156,1.9065148,1.952518,40,49,103,112,0.78333336,0.099999994
4,2014-06-03 19:20:00+00:00,1.8039646,1.8507799,1.877195,40,49,112,121,0.93333334,0.099999994
4,2014-06-03 19:20:00+00:00,4.6164875,3.9037917,3.9263718,49,58,13,22,-0.7164062,0.32382813
4,2014-06-03 19:20:00+00:00,4.0058374,3.6221554,3.5715227,49,58,22,31,-0.56666666,0.325
4,2014-06-03 19:20:00+00:00,2.6945577,3.7743158,3.1064017,49,58,31,40,-0.4166667,0.325
4,2014-06-03 19:20:00+00:00,2.4406798,2.8673818,2.7852674,49,58,40,49,-0.26666665,0.325
4,2014-06-03 19:20:00+00:00,2.287253,2.258958,2.5748906,49,58,49,58,-0.11666667,0.325
4,2014-06-03 19:20:00+00:00,2.1606317,2.475772,2.5809658,49,58,58,67,0.03307292,0.32617188
4,2014-06-03 19:20:00+00:00,2.3323336,2.9861455,2.883056,49,58,67,76,0.18463542,0.32617188
4,2014-06-03 19:20:00+00:00,2.5215845,2.3728123,2.3936665,49,58,85,94,0.49036458,0.33359373
4,2014-06-03 19:20:00+00:00,2.2447965,1.951997,2.1344674,49,58,94,103,0.6333333,0.325
4,2014-06-03 19:20:00+00:00,2.0928943,1.9945351,2.005808,49,58,103,112,0.78333336,0.325
4,2014-06-03 19:20:00+00:00,1.925798,1.9095384,1.8513439,49,58,112,121,0.93333334,0.325
4,2014-06-03 19:20:00+00:00,4.4807353,3.5595205,3.2137954,58,67,22,31,-0.55885416,0.54375005
4,2014-06-03 19:20:00+00:00,3.5428894,3.5716124,2.8292084,58,67,31,40,-0.4166667,0.55
4,2014-06-03 19:20:00+00:00,2.9825714,2.7854962,2.5562208,58,67,40,49,-0.26666665,0.55
4,2014-06-03 19:20:00+00:00,2.4788742,2.4263465,2.420434,58,67,49,58,-0.11666667,0.55
4,2014-06-03 19:20:00+00:00,2.3281221,2.500575,2.4031231,58,67,58,67,0.033333335,0.55
4,2014-06-03 19:20:00+00:00,2.194206,2.6950035,2.6007714,58,67,67,76,0.18333334,0.55
4,2014-06-03 19:20:00+00:00,2.2010338,3.392112,2.6860237,58,67,76,85,0.3333333,0.55
4,2014-06-03 19:20:00+00:00,2.2717593,2.4878707,2.3363233,58,67,85,94,0.4825521,0.55
4,2014-06-03 19:20:00+00:00,2.0359824,2.018169,1.9736842,58,67,103,112,0.78333336,0.55
4,2014-06-03 19:20:00+00:00,1.8376725,1.9969819,1.8690187,58,67,112,121,0.93333334,0.55
4,2014-06-03 19:20:00+00:00,4.527113,3.3470805,2.7946913,67,76,31,40,-0.41848958,0.7671875
4,2014-06-03 19:20:00+00:00,2.0715654,1.7519226,1.8364469,67,76,103,112,0.7838542,0.77304685
4,2014-06-03 19:20:00+00:00,1.8676604,1.6769392,1.7151635,67,76,112,121,0.93333334,0.775
4,2014-06-03 19:20:00+00:00,2.0175574,1.6469228,1.6799232,76,81,112,121,0.93409085,0.9488636
5,2014-06-05 19:10:00+00:00,2.9039059,1.9552859,2.1875565,13,22,85,94,0.49010417,-0.5589844
5,2014-06-05 19:10:00+00:00,2.2937248,1.7211666,1.8818452,13,22,94,103,0.6333333,-0.575
5,2014-06-05 19:10:00+00:00,2.4424582,1.7859832,1.8532479,13,22,103,112,0.78098965,-0.57109374
5,2014-06-05 19:10:00+00:00,2.2422762,2.261345,2.2861152,22,31,85,94,0.48333335,-0.35000002
5,2014-06-05 19:10:00+00:00,1.9371067,1.7917448,1.9177282,22,31,94,103,0.6333333,-0.35000002
5,2014-06-05 19:10:00+00:00,1.9555526,1.8538774,1.8625699,22,31,103,112,0.78333336,-0.35000002
5,2014-06-05 19:10:00+00:00,1.9264175,1.8923612,1.8831576,22,31,112,121,0.93333334,-0.35000002
5,2014-06-05 19:10:00+00:00,2.7888763,2.2677116,2.7301877,31,40,40,49,-0.26197916,-0.12109375
5,2014-06-05 19:10:00+00:00,2.7725835,1.7212058,2.5294282,31,40,49,58,-0.11666667,-0.125
5,2014-06-05 19:10:00+00:00,2.4746368,2.2448351,2.673672,31,40,67,76,0.19062501,-0.13203126
5,2014-06-05 19:10:00+00:00,2.3016698,1.7674981,2.2409692,31,40,85,94,0.48333335,-0.125
5,2014-06-05 19:10:00+00:00,1.8826437,1.4742458,1.9020214,31,40,94,103,0.6333333,-0.125
5,2014-06-05 19:10:00+00:00,1.7751987,1.5090756,1.8045218,31,40,103,112,0.78333336,-0.125
5,2014-06-05 19:10:00+00:00,1.7694918,1.500567,1.7802384,31,40,112,121,0.93333334,-0.125
5,2014-06-05 19:10:00+00:00,4.0856714,3.0221171,3.677522,40,49,13,22,-0.7138021,0.11484375
5,2014-06-05 19:10:00+00:00,3.069123,3.2545984,3.4991372,40,49,22,31,-0.56666666,0.099999994
5,2014-06-05 19:10:00+00:00,2.4805627,3.4518719,3.0789428,40,49,31,40,-0.4166667,0.099999994
5,2014-06-05 19:10:00+00:00,2.2438853,2.6509585,2.6735237,40,49,40,49,-0.26666665,0.099999994
5,2014-06-05 19:10:00+00:00,2.1075237,2.068308,2.4593792,40,49,49,58,-0.11666667,0.099999994
5,2014-06-05 19:10:00+00:00,2.139658,2.2278323,2.4436576,40,49,58,67,0.03151042,0.10195313
5,2014-06-05 19:10:00+00:00,2.196277,2.3727272,2.647688,40,49,67,76,0.18359375,0.10820312
5,2014-06-05 19:10:00+00:00,2.0541737,1.8118356,1.9638603,40,49,94,103,0.6333333,0.099999994
5,2014-06-05 19:10:00+00:00,1.82928,1.7846277,1.8169475,40,49,103,112,0.78333336,0.099999994
5,2014-06-05 19:10:00+00:00,1.7110784,1.7638562,1.7771266,40,49,112,121,0.93333334,0.099999994
5,2014-06-05 19:10:00+00:00,3.7594702,3.2758257,3.3323781,49,58,13,22,-0.7169271,0.32421875
5,2014-06-05 19:10:00+00:00,2.630324,3.002714,2.9942362,49,58,22,31,-0.56666666,0.325
5,2014-06-05 19:10:00+00:00,2.3277175,3.100435,2.5991344,49,58,31,40,-0.4166667,0.325
5,2014-06-05 19:10:00+00:00,2.2368095,2.4153974,2.3427792,49,58,40,49,-0.26666665,0.325
5,2014-06-05 19:10:00+00:00,2.0621722,1.8914454,2.142134,49,58,49,58,-0.11666667,0.325
5,2014-06-05 19:10:00+00:00,1.992548,2.0904503,2.2002327,49,58,58,67,0.033333335,0.325
5,2014-06-05 19:10:00+00:00,2.0778978,2.4648077,2.4677734,49,58,67,76,0.18333334,0.325
5,2014-06-05 19:10:00+00:00,2.206718,2.1057894,2.0968173,49,58,85,94,0.4901042,0.33398438
5,2014-06-05 19:10:00+00:00,1.9394714,1.7261953,1.9079071,49,58,94,103,0.6333333,0.325
5,2014-06-05 19:10:00+00:00,1.8720602,1.7838316,1.825487,49,58,103,112,0.78333336,0.325
5,2014-06-05 19:10:00+00:00,1.7231662,1.7430981,1.7236203,49,58,112,121,0.93333334,0.325
5,2014-06-05 19:10:00+00:00,2.90812,3.0860565,2.7662306,58,67,22,31,-0.56041664,0.5414063
5,2014-06-05 19:10:00+00:00,2.509004,3.101041,2.4307954,58,67,31,40,-0.4166667,0.55
5,2014-06-05 19:10:00+00:00,2.5214288,2.47444,2.2105331,58,67,40,49,-0.26666665,0.55
5,2014-06-05 19:10:00+00:00,2.49725,2.1194077,2.0808492,58,67,49,58,-0.11666667,0.55
5,2014-06-05 19:10:00+00:00,2.1670444,2.207046,2.0980937,58,67,58,67,0.033333335,0.55
5,2014-06-05 19:10:00+00:00,1.9892192,2.3835444,2.2636464,58,67,67,76,0.18333334,0.55
5,2014-06-05 19:10:00+00:00,1.935084,2.9647288,2.3196874,58,67,76,85,0.3333333,0.55
5,2014-06-05 19:10:00+00:00,2.055088,2.28761,2.1047552,58,67,85,94,0.48333335,0.55
5,2014-06-05 19:10:00+00:00,2.0699549,1.9321811,1.9222871,58,67,94,103,0.6341146,0.53945315
5,2014-06-05 19:10:00+00:00,1.6839976,1.9219718,1.8445987,58,67,103,112,0.78333336,0.55
5,2014-06-05 19:10:00+00:00,1.6291972,1.914289,1.7714665,58,67,112,121,0.93333334,0.55
5,2014-06-05 19:10:00+00:00,2.577797,2.9561062,2.3709483,67,76,31,40,-0.4166667,0.7714844
5,2014-06-05 19:10:00+00:00,1.6623799,1.7034321,1.709611,67,76,103,112,0.78333336,0.775
5,2014-06-05 19:10:00+00:00,1.591227,1.6403716,1.6219662,67,76,112,121,0.93333334,0.775
5,2014-06-05 19:10:00+00:00,1.725025,1.5467657,1.5903196,76,81,112,121,0.93333334,0.95
6,2014-06-07 18:55:00+00:00,2.0388558,1.7177844,1.8177215,13,22,94,103,0.6333333,-0.575
6,2014-06-07 18:55:00+00:00,2.2186682,1.821836,1.8621045,13,22,103,112,0.7828125,-0.5726563
6,2014-06-07 18:55:00+00:00,1.9524354,2.015028,1.9372213,22,31,85,94,0.48333335,-0.35000002
6,2014-06-07 18:55:00+00:00,1.7701651,1.743147,1.815691,22,31,94,103,0.6333333,-0.35000002
6,2014-06-07 18:55:00+00:00,1.7525442,1.8222666,1.8374659,22,31,103,112,0.78333336,-0.35000002
6,2014-06-07 18:55:00+00:00,1.7386724,1.8287089,1.8154774,22,31,112,121,0.93333334,-0.35000002
6,2014-06-07 18:55:00+00:00,2.278646,1.928348,2.0903285,31,40,40,49,-0.26276043,-0.119140625
6,2014-06-07 18:55:00+00:00,1.9980122,1.4948163,1.921006,31,40,49,58,-0.11666667,-0.125
6,2014-06-07 18:55:00+00:00,1.9728906,1.6351373,1.9616458,31,40,58,67,0.025520835,-0.12890625
6,2014-06-07 18:55:00+00:00,1.9662894,1.6778218,1.8928943,31,40,85,94,0.48333335,-0.125
6,2014-06-07 18:55:00+00:00,1.9060014,1.5551742,1.8101411,31,40,94,103,0.6333333,-0.125
6,2014-06-07 18:55:00+00:00,1.672944,1.6228466,1.8110353,31,40,103,112,0.78333336,-0.125
6,2014-06-07 18:55:00+00:00,1.6493733,1.6143667,1.7606703,31,40,112,121,0.93333334,-0.125
6,2014-06-07 18:55:00+00:00,2.2331378,2.354906,2.480154,40,49,22,31,-0.56666666,0.099999994
6,2014-06-07 18:55:00+00:00,1.8603245,2.4654243,2.2420237,40,49,31,40,-0.4166667,0.099999994
6,2014-06-07 18:55:00+00:00,1.7850325,2.1381617,2.0523098,40,49,40,49,-0.26666665,0.099999994
6,2014-06-07 18:55:00+00:00,1.682318,1.7909114,1.9156116,40,49,49,58,-0.12161458,0.09023437
6,2014-06-07 18:55:00+00:00,2.254241,1.9999635,1.9492774,40,49,85,94,0.4893229,0.09101562
6,2014-06-07 18:55:00+00:00,1.9651643,1.7978209,1.8703283,40,49,94,103,0.6333333,0.099999994
6,2014-06-07 18:55:00+00:00,1.9331033,1.8126649,1.8380961,40,49,103,112,0.78333336,0.099999994
6,2014-06-07 18:55:00+00:00,1.6675757,1.7813154,1.7710004,40,49,112,121,0.93333334,0.099999994
6,2014-06-07 18:55:00+00:00,2.1862972,2.5517566,2.579795,49,58,13,22,-0.72057295,0.30898437
6,2014-06-07 18:55:00+00:00,1.9442637,2.2689834,2.2638822,49,58,22,31,-0.5653646,0.32109374
6,2014-06-07 18:55:00+00:00,1.7337594,1.7767632,1.8467088,49,58,58,67,0.033333335,0.325
6,2014-06-07 18:55:00+00:00,1.7493359,2.0577555,2.0530367,49,58,67,76,0.18333334,0.325
6,2014-06-07 18:55:00+00:00,2.4155827,1.947968,1.8926597,49,58,85,94,0.4921875,0.33164063
6,2014-06-07 18:55:00+00:00,2.0233674,1.745691,1.8738371,49,58,94,103,0.6333333,0.325
6,2014-06-07 18:55:00+00:00,1.9833995,1.8279511,1.8750678,49,58,103,112,0.78333336,0.325
6,2014-06-07 18:55:00+00:00,1.8514342,1.7851019,1.7629155,49,58,112,121,0.93333334,0.325
6,2014-06-07 18:55:00+00:00,1.8847339,2.3587213,1.9912654,58,67,31,40,-0.41666666,0.55390626
6,2014-06-07 18:55:00+00:00,1.9695102,2.105453,1.8681237,58,67,40,49,-0.26666665,0.55
6,2014-06-07 18:55:00+00:00,2.0497942,1.7946901,1.78456,58,67,49,58,-0.11666667,0.55
6,2014-06-07 18:55:00+00:00,2.1405792,1.8448849,1.8021238,58,67,58,67,0.033333335,0.55
6,2014-06-07 18:55:00+00:00,1.9917176,2.0061536,1.9476553,58,67,67,76,0.18333334,0.55
6,2014-06-07 18:55:00+00:00,1.9604237,2.4188182,2.0185456,58,67,76,85,0.3333333,0.55
6,2014-06-07 18:55:00+00:00,1.9915315,2.0951831,1.9228026,58,67,85,94,0.48333335,0.55
6,2014-06-07 18:55:00+00:00,2.058443,1.876662,1.903286,58,67,94,103,0.6330729,0.53945315
6,2014-06-07 18:55:00+00:00,1.873442,1.9163206,1.8979611,58,67,103,112,0.78333336,0.55
6,2014-06-07 18:55:00+00:00,1.871624,1.8824245,1.7989209,58,67,112,121,0.93333334,0.55
6,2014-06-07 18:55:00+00:00,1.7359923,1.7702917,1.8107433,67,76,103,112,0.78333336,0.775
6,2014-06-07 18:55:00+00:00,1.5426991,1.7153641,1.7122824,67,76,112,121,0.93333334,0.775
6,2014-06-07 18:55:00+00:00,1.6243328,1.7030979,1.7178689,76,81,112,121,0.93333334,0.95
7,2014-06-14 19:00:00+00:00,2.288407,1.6282736,1.8045944,13,22,94,103,0.634375,-0.5738281
7,2014-06-14 19:00:00+00:00,2.2648723,1.7141358,1.7591643,13,22,103,112,0.7830729,-0.57304686
7,2014-06-14 19:00:00+00:00,2.3529375,2.2037766,2.264555,22,31,85,94,0.48333335,-0.35000002
7,2014-06-14 19:00:00+00:00,1.9285256,1.7361882,1.869288,22,31,94,103,0.6333333,-0.35000002
7,2014-06-14 19:00:00+00:00,1.7927442,1.7789531,1.7917057,22,31,103,112,0.78333336,-0.35000002
7,2014-06-14 19:00:00+00:00,1.776971,1.8414778,1.8227513,22,31,112,121,0.93333334,-0.35000002
7,2014-06-14 19:00:00+00:00,2.4958498,2.2321062,2.6597445,31,40,40,49,-0.26276043,-0.1203125
7,2014-06-14 19:00:00+00:00,2.4966905,1.7092639,2.4650435,31,40,49,58,-0.11666667,-0.125
7,2014-06-14 19:00:00+00:00,2.7883437,1.9462606,2.4801884,31,40,58,67,0.022916665,-0.128125
7,2014-06-14 19:00:00+00:00,2.1803374,1.7442844,2.2121048,31,40,85,94,0.48333335,-0.125
7,2014-06-14 19:00:00+00:00,1.8173933,1.4359921,1.8376544,31,40,94,103,0.6333333,-0.125
7,2014-06-14 19:00:00+00:00,1.7141396,1.456413,1.7188091,31,40,103,112,0.78333336,-0.125
7,2014-06-14 19:00:00+00:00,1.6078992,1.4848226,1.710914,31,40,112,121,0.93333334,-0.125
7,2014-06-14 19:00:00+00:00,3.3461807,2.9488716,3.577729,40,49,13,22,-0.7135416,0.115624994
7,2014-06-14 19:00:00+00:00,2.7702966,3.227064,3.4328566,40,49,22,31,-0.56666666,0.099999994
7,2014-06-14 19:00:00+00:00,2.468196,3.3935406,3.0095415,40,49,31,40,-0.4166667,0.099999994
7,2014-06-14 19:00:00+00:00,2.406132,2.5731356,2.604484,40,49,40,49,-0.26666665,0.099999994
7,2014-06-14 19:00:00+00:00,2.3311615,2.0493405,2.4072986,40,49,49,58,-0.11666667,0.099999994
7,2014-06-14 19:00:00+00:00,2.3783329,2.2312384,2.432121,40,49,58,67,0.032552086,0.10078125
7,2014-06-14 19:00:00+00:00,2.3055103,2.5288057,2.6113722,40,49,67,76,0.19322917,0.109375
7,2014-06-14 19:00:00+00:00,2.2279835,2.1603456,2.288185,40,49,85,94,0.48828125,0.09257812
7,2014-06-14 19:00:00+00:00,1.8402205,1.7708429,1.9045492,40,49,94,103,0.6333333,0.099999994
7,2014-06-14 19:00:00+00:00,1.7743236,1.7227691,1.7348431,40,49,103,112,0.78333336,0.099999994
7,2014-06-14 19:00:00+00:00,1.5972592,1.7419722,1.7152857,40,49,112,121,0.93333334,0.099999994
7,2014-06-14 19:00:00+00:00,3.256552,3.1690004,3.210559,49,58,13,22,-0.71666664,0.325
7,2014-06-14 19:00:00+00:00,2.4337206,2.9440114,2.9141715,49,58,22,31,-0.56666666,0.325
7,2014-06-14 19:00:00+00:00,2.4537258,3.012126,2.5236163,49,58,31,40,-0.4166667,0.325
7,2014-06-14 19:00:00+00:00,2.294695,2.3144379,2.2691116,49,58,40,49,-0.26666665,0.325
7,2014-06-14 19:00:00+00:00,2.2122686,1.8525078,2.0864637,49,58,49,58,-0.11666667,0.325
7,2014-06-14 19:00:00+00:00,2.2168028,2.0530846,2.158197,49,58,58,67,0.033333335,0.325
7,2014-06-14 19:00:00+00:00,2.2318254,2.4395452,2.4207044,49,58,67,76,0.18333334,0.325
7,2014-06-14 19:00:00+00:00,2.1760192,2.0164995,2.0599234,49,58,85,94,0.4903646,0.33203125
7,2014-06-14 19:00:00+00:00,1.8812248,1.6384939,1.8263793,49,58,94,103,0.6333333,0.325
7,2014-06-14 19:00:00+00:00,1.7477497,1.6755493,1.7220349,49,58,103,112,0.78333336,0.325
7,2014-06-14 19:00:00+00:00,1.5642842,1.6806316,1.6465762,49,58,112,121,0.93333334,0.325
7,2014-06-14 19:00:00+00:00,2.755488,2.9987814,2.687967,58,67,22,31,-0.56041664,0.5414063
7,2014-06-14 19:00:00+00:00,2.5222507,3.001893,2.3578303,58,67,31,40,-0.4166667,0.55
7,2014-06-14 19:00:00+00:00,2.3320744,2.368989,2.137945,58,67,40,49,-0.26666665,0.55
7,2014-06-14 19:00:00+00:00,2.3606756,2.057648,2.0248997,58,67,49,58,-0.11666667,0.55
7,2014-06-14 19:00:00+00:00,2.3293414,2.1484811,2.0527976,58,67,58,67,0.033333335,0.55
7,2014-06-14 19:00:00+00:00,2.218334,2.3344774,2.2152784,58,67,67,76,0.18333334,0.55
7,2014-06-14 19:00:00+00:00,2.156814,2.8968253,2.2691278,58,67,76,85,0.3333333,0.55
7,2014-06-14 19:00:00+00:00,2.075161,2.2058797,2.0630186,58,67,85,94,0.48333335,0.55
7,2014-06-14 19:00:00+00:00,2.0332718,1.8539501,1.8592346,58,67,94,103,0.63359374,0.5378907
7,2014-06-14 19:00:00+00:00,1.6280416,1.8257889,1.7583029,58,67,103,112,0.78333336,0.55
7,2014-06-14 19:00:00+00:00,1.5223533,1.8469172,1.7053428,58,67,112,121,0.93333334,0.55
7,2014-06-14 19:00:00+00:00,2.4955664,2.8172724,2.2868454,67,76,31,40,-0.41614586,0.7699219
7,2014-06-14 19:00:00+00:00,1.6090099,1.6179992,1.614584,67,76,103,112,0.78333336,0.775
7,2014-06-14 19:00:00+00:00,1.5095277,1.5878204,1.550426,67,76,112,121,0.93333334,0.775
7,2014-06-14 19:00:00+00:00,1.6655889,1.5032005,1.5189291,76,81,112,121,0.93333334,0.95
8,2014-06-16 18:50:00+00:00,1.596574,1.7600144,1.7128485,22,31,85,94,0.484375,-0.34609377
8,2014-06-16 18:50:00+00:00,1.3723654,1.5220261,1.5138432,22,31,94,103,0.6304687,-0.34375
8,2014-06-16 18:50:00+00:00,1.6426781,1.4082503,1.7683952,31,40,49,58,-0.11354166,-0.11445312
8,2014-06-16 18:50:00+00:00,1.8793969,1.4669762,1.8502251,31,40,58,67,0.025260419,-0.12656249
8,2014-06-16 18:50:00+00:00,1.6758631,1.2784098,1.6373163,31,40,85,94,0.48333335,-0.125
8,2014-06-16 18:50:00+00:00,1.4501119,1.2088717,1.4796827,31,40,94,103,0.6333333,-0.125
8,2014-06-16 18:50:00+00:00,1.4214737,1.3018576,1.4774317,31,40,103,112,0.78333336,-0.125
8,2014-06-16 18:50:00+00:00,1.3898413,1.2574416,1.4628003,31,40,112,121,0.9341146,-0.12382813
8,2014-06-16 18:50:00+00:00,2.1365576,2.366809,2.4881747,40,49,22,31,-0.56640625,0.1
8,2014-06-16 18:50:00+00:00,1.9681106,2.4631727,2.2316422,40,49,31,40,-0.4166667,0.099999994
8,2014-06-16 18:50:00+00:00,1.8170437,2.0247467,2.0304155,40,49,40,49,-0.26510417,0.10234375
8,2014-06-16 18:50:00+00:00,1.7483716,1.6761423,1.8421669,40,49,49,58,-0.11666667,0.099999994
8,2014-06-16 18:50:00+00:00,1.9361061,1.8013406,1.8846117,40,49,58,67,0.031510416,0.10195312
8,2014-06-16 18:50:00+00:00,1.8909792,1.8607599,2.0362642,40,49,67,76,0.19140626,0.1109375
8,2014-06-16 18:50:00+00:00,1.8921293,1.6931425,1.7294065,40,49,85,94,0.49088544,0.09296875
8,2014-06-16 18:50:00+00:00,1.6010566,1.5252011,1.5736665,40,49,94,103,0.6333333,0.099999994
8,2014-06-16 18:50:00+00:00,1.5263506,1.5600548,1.5289706,40,49,103,112,0.78333336,0.099999994
8,2014-06-16 18:50:00+00:00,1.4647171,1.5189837,1.507181,40,49,112,121,0.93333334,0.099999994
8,2014-06-16 18:50:00+00:00,2.2075944,2.3175435,2.3023186,49,58,22,31,-0.5614583,0.31992185
8,2014-06-16 18:50:00+00:00,2.0880167,2.3230278,2.043294,49,58,31,40,-0.4166667,0.325
8,2014-06-16 18:50:00+00:00,1.9768945,1.976112,1.9269346,49,58,40,49,-0.26666665,0.325
8,2014-06-16 18:50:00+00:00,1.8116755,1.6048232,1.7579334,49,58,49,58,-0.11666667,0.325
8,2014-06-16 18:50:00+00:00,1.88546,1.769224,1.8192153,49,58,58,67,0.032291666,0.32578123
8,2014-06-16 18:50:00+00:00,1.9880145,2.04448,2.0362525,49,58,67,76,0.18333334,0.325
8,2014-06-16 18:50:00+00:00,1.9906595,1.6982894,1.7067432,49,58,85,94,0.4921875,0.33164063
8,2014-06-16 18:50:00+00:00,1.8080196,1.4867989,1.6226178,49,58,94,103,0.6333333,0.325
8,2014-06-16 18:50:00+00:00,1.7323099,1.5746386,1.604674,49,58,103,112,0.78333336,0.325
8,2014-06-16 18:50:00+00:00,1.6086837,1.5158557,1.5250347,49,58,112,121,0.93333334,0.325
8,2014-06-16 18:50:00+00:00,2.2826662,2.3923264,1.9879532,58,67,31,40,-0.415625,0.5480469
8,2014-06-16 18:50:00+00:00,2.0920153,2.0652328,1.8704875,58,67,40,49,-0.2671875,0.5476563
8,2014-06-16 18:50:00+00:00,1.9827017,1.796474,1.7760282,58,67,49,58,-0.11666667,0.55
8,2014-06-16 18:50:00+00:00,2.0328405,1.8597441,1.8031307,58,67,58,67,0.033333335,0.55
8,2014-06-16 18:50:00+00:00,2.0336058,2.002814,1.9461867,58,67,67,76,0.18333334,0.55
8,2014-06-16 18:50:00+00:00,2.0361338,2.3083472,1.9441725,58,67,76,85,0.3333333,0.55
8,2014-06-16 18:50:00+00:00,1.9991493,1.8379481,1.7844269,58,67,85,94,0.48333335,0.55
8,2014-06-16 18:50:00+00:00,1.8116683,1.6890945,1.6725558,58,67,103,112,0.78333336,0.55
8,2014-06-16 18:50:00+00:00,1.6203095,1.6662965,1.610774,58,67,112,121,0.93333334,0.55
8,2014-06-16 18:50:00+00:00,2.1733024,1.54485,1.7067283,67,76,85,94,0.47403845,0.7389424
8,2014-06-16 18:50:00+00:00,1.7220131,1.5558558,1.5481979,67,76,103,112,0.78333336,0.775
8,2014-06-16 18:50:00+00:00,1.5743601,1.4820218,1.4714314,67,76,112,121,0.93333334,0.775
8,2014-06-16 18:50:00+00:00,1.4774818,1.4655151,1.466534,76,81,112,121,0.93333334,0.95
9,2014-06-21 19:10:00+00:00,2.23615,1.4106376,1.97092,31,40,85,94,0.48619792,-0.11992187
9,2014-06-21 19:10:00+00:00,1.6170404,1.1350583,1.5122317,31,40,94,103,0.63385415,-0.124218754
9,2014-06-21 19:10:00+00:00,1.505334,1.1030412,1.3297335,31,40,103,112,0.78333336,-0.125
9,2014-06-21 19:10:00+00:00,1.7614048,1.0633643,1.3244865,31,40,112,121,0.93333334,-0.125
9,2014-06-21 19:10:00+00:00,2.6492858,3.552017,2.9877956,40,49,31,40,-0.4140625,0.0953125
9,2014-06-21 19:10:00+00:00,2.4748218,2.4867673,2.5698712,40,49,40,49,-0.26666665,0.099999994
9,2014-06-21 19:10:00+00:00,2.311213,2.0119832,2.3581512,40,49,49,58,-0.11666667,0.099999994
9,2014-06-21 19:10:00+00:00,2.2332969,1.9052492,2.1011987,40,49,85,94,0.48515624,0.09726562
9,2014-06-21 19:10:00+00:00,1.781978,1.506931,1.6345094,40,49,94,103,0.6333333,0.099999994
9,2014-06-21 19:10:00+00:00,1.4045607,1.4115285,1.3896421,40,49,103,112,0.78333336,0.099999994
9,2014-06-21 19:10:00+00:00,1.4380988,1.3807074,1.3739859,40,49,112,121,0.93333334,0.099999994
9,2014-06-21 19:10:00+00:00,3.024631,3.0048764,2.9332013,49,58,22,31,-0.56354165,0.3226562
9,2014-06-21 19:10:00+00:00,2.6551132,3.059892,2.5645425,49,58,31,40,-0.4166667,0.325
9,2014-06-21 19:10:00+00:00,2.4079077,2.2130609,2.2629719,49,58,40,49,-0.26666665,0.325
9,2014-06-21 19:10:00+00:00,2.2170494,1.7989839,2.0634513,49,58,49,58,-0.11666667,0.325
9,2014-06-21 19:10:00+00:00,2.4009094,2.4811993,2.4772563,49,58,67,76,0.18333334,0.325
9,2014-06-21 19:10:00+00:00,2.2381976,1.7093513,1.8977101,49,58,85,94,0.4921875,0.32695314
9,2014-06-21 19:10:00+00:00,2.191998,1.399392,1.6184312,49,58,94,103,0.6333333,0.325
9,2014-06-21 19:10:00+00:00,1.5542033,1.3893946,1.4394313,49,58,103,112,0.78333336,0.325
9,2014-06-21 19:10:00+00:00,1.2707052,1.33813,1.3590009,49,58,112,121,0.93333334,0.325
9,2014-06-21 19:10:00+00:00,2.4021647,2.987329,2.3909078,58,67,31,40,-0.41562504,0.54648435
9,2014-06-21 19:10:00+00:00,2.2324715,2.2519393,2.1189752,58,67,40,49,-0.26666665,0.55
9,2014-06-21 19:10:00+00:00,2.1995711,2.0240006,1.9772508,58,67,49,58,-0.1171875,0.5488281
9,2014-06-21 19:10:00+00:00,2.3218555,2.1316938,2.0495195,58,67,58,67,0.033333335,0.55
9,2014-06-21 19:10:00+00:00,2.370871,2.3241532,2.2408757,58,67,67,76,0.18333334,0.55
9,2014-06-21 19:10:00+00:00,2.3128357,2.8629858,2.2781506,58,67,76,85,0.3333333,0.55
9,2014-06-21 19:10:00+00:00,2.300571,1.9551941,1.9513716,58,67,85,94,0.48333335,0.55
9,2014-06-21 19:10:00+00:00,1.5795261,1.5450453,1.4987452,58,67,103,112,0.78333336,0.55
9,2014-06-21 19:10:00+00:00,1.2484406,1.5513172,1.4549178,58,67,112,121,0.93333334,0.55
9,2014-06-21 19:10:00+00:00,1.1601584,1.2568276,1.2661164,67,76,112,121,0.9330729,0.77070314
10,2014-06-28 19:15:00+00:00,1.5436097,1.6596729,1.6483526,22,31,103,112,0.78333336,-0.35000002
10,2014-06-28 19:15:00+00:00,1.5561957,1.7119194,1.6873009,22,31,112,121,0.93333334,-0.35000002
10,2014-06-28 19:15:00+00:00,1.9734895,1.6385591,2.1469684,31,40,85,94,0.48333335,-0.125
10,2014-06-28 19:15:00+00:00,1.6027213,1.3395042,1.7309132,31,40,94,103,0.6333333,-0.125
10,2014-06-28 19:15:00+00:00,1.5871706,1.3442832,1.5829991,31,40,103,112,0.78333336,-0.125
10,2014-06-28 19:15:00+00:00,1.5501897,1.3348846,1.5732906,31,40,112,121,0.93333334,-0.125
10,2014-06-28 19:15:00+00:00,1.9728496,2.1163104,2.220098,40,49,85,94,0.48776042,0.088281244
10,2014-06-28 19:15:00+00:00,1.7580904,1.6841035,1.8200513,40,49,94,103,0.6333333,0.099999994
10,2014-06-28 19:15:00+00:00,1.7222458,1.6215103,1.6151184,40,49,103,112,0.78333336,0.099999994
10,2014-06-28 19:15:00+00:00,1.5688678,1.613625,1.5963306,40,49,112,121,0.93333334,0.099999994
10,2014-06-28 19:15:00+00:00,2.1295967,2.2623825,2.2741768,49,58,40,49,-0.26354164,0.33242187
10,2014-06-28 19:15:00+00:00,2.058353,1.8165286,2.0726256,49,58,49,58,-0.11666667,0.325
10,2014-06-28 19:15:00+00:00,1.9883324,2.0530975,2.1642306,49,58,58,67,0.034635417,0.32734373
10,2014-06-28 19:15:00+00:00,2.1151898,2.4351816,2.4216263,49,58,67,76,0.18333334,0.325
10,2014-06-28 19:15:00+00:00,2.0755572,1.5358249,1.7323905,49,58,94,103,0.6333333,0.325
10,2014-06-28 19:15:00+00:00,1.8887124,1.5599144,1.5981853,49,58,103,112,0.78333336,0.325
10,2014-06-28 19:15:00+00:00,1.5548539,1.5355618,1.5233126,49,58,112,121,0.93333334,0.325
10,2014-06-28 19:15:00+00:00,2.1884844,2.1930306,2.1375456,58,67,40,49,-0.26015627,0.5523437
10,2014-06-28 19:15:00+00:00,2.2243524,2.0782273,2.0143218,58,67,49,58,-0.11822917,0.54609376
10,2014-06-28 19:15:00+00:00,2.1220636,2.173537,2.0585086,58,67,58,67,0.034114584,0.54609376
10,2014-06-28 19:15:00+00:00,2.1901355,2.336,2.2181838,58,67,67,76,0.18333334,0.55
10,2014-06-28 19:15:00+00:00,2.1855178,2.8629496,2.2568316,58,67,76,85,0.3333333,0.55
10,2014-06-28 19:15:00+00:00,2.2302737,2.2527757,2.0131238,58,67,85,94,0.4778646,0.54414064
10,2014-06-28 19:15:00+00:00,1.79582,1.7196678,1.648974,58,67,103,112,0.78333336,0.55
10,2014-06-28 19:15:00+00:00,1.4059998,1.7296156,1.6008344,58,67,112,121,0.93333334,0.55
10,2014-06-28 19:15:00+00:00,1.4449631,1.5251205,1.4923328,67,76,103,112,0.78333336,0.775
10,2014-06-28 19:15:00+00:00,1.1743709,1.4697343,1.4268063,67,76,112,121,0.93333334,0.775
10,2014-06-28 19:15:00+00:00,0.86716187,1.3901675,1.4070064,76,81,112,121,0.93333334,0.95
11,2014-07-02 18:50:00+00:00,1.7282275,2.0047426,1.9380374,22,31,85,94,0.48203123,-0.34570312
11,2014-07-02 18:50:00+00:00,1.6509076,1.4462947,1.734445,31,40,94,103,0.6333333,-0.125
11,2014-07-02 18:50:00+00:00,1.753221,1.7483686,1.8353033,40,49,94,103,0.6403646,0.10273437
11,2014-07-02 18:50:00+00:00,1.7773793,1.7571278,1.7436502,40,49,103,112,0.78333336,0.099999994
11,2014-07-02 18:50:00+00:00,1.6527553,1.7032648,1.6802553,40,49,112,121,0.93333334,0.099999994
11,2014-07-02 18:50:00+00:00,1.8048518,1.6954734,1.6884325,49,58,112,121,0.93333334,0.325
11,2014-07-02 18:50:00+00:00,2.1630745,2.0620909,1.9933987,58,67,85,94,0.48333335,0.55
11,2014-07-02 18:50:00+00:00,1.9979726,1.6301363,1.7073828,67,76,103,112,0.7877604,0.7675781
11,2014-07-02 18:50:00+00:00,1.9661667,1.6065314,1.5733377,67,76,112,121,0.9328125,0.7894531
11,2014-07-02 18:50:00+00:00,1.7894408,1.603289,1.6080987,76,81,112,121,0.93333334,0.95
12,2014-07-04 18:35:00+00:00,1.8768338,1.6539018,1.7450433,13,22,94,103,0.6333333,-0.575
12,2014-07-04 18:35:00+00:00,2.0434182,1.82002,1.8253536,13,22,103,112,0.78307295,-0.5738281
12,2014-07-04 18:35:00+00:00,1.9393401,1.9550185,1.8896648,22,31,85,94,0.48333335,-0.35000002
12,2014-07-04 18:35:00+00:00,1.740442,1.6866094,1.7447108,22,31,94,103,0.6333333,-0.35000002
12,2014-07-04 18:35:00+00:00,1.7234747,1.8034674,1.7923555,22,31,103,112,0.78333336,-0.35000002
12,2014-07-04 18:35:00+00:00,1.7077843,1.8013586,1.7858527,22,31,112,121,0.93333334,-0.35000002
12,2014-07-04 18:35:00+00:00,2.1053298,1.9965901,2.1833708,31,40,40,49,-0.26276043,-0.119140625
12,2014-07-04 18:35:00+00:00,2.0546892,1.5071825,1.9983842,31,40,49,58,-0.11666667,-0.125
12,2014-07-04 18:35:00+00:00,2.1636858,1.6640671,2.0158033,31,40,58,67,0.028125,-0.12656249
12,2014-07-04 18:35:00+00:00,2.1503613,1.7744211,2.1225603,31,40,67,76,0.19088541,-0.12929687
12,2014-07-04 18:35:00+00:00,1.6310371,1.5451295,1.8242075,31,40,85,94,0.4841146,-0.12734374
12,2014-07-04 18:35:00+00:00,1.6810341,1.4621767,1.7205272,31,40,94,103,0.6333333,-0.125
12,2014-07-04 18:35:00+00:00,1.6825289,1.5820563,1.7526116,31,40,103,112,0.78333336,-0.125
12,2014-07-04 18:35:00+00:00,1.6381525,1.5364561,1.7120695,31,40,112,121,0.93333334,-0.125
12,2014-07-04 18:35:00+00:00,3.3836167,2.4038885,2.8579936,40,49,13,22,-0.71458334,0.115624994
12,2014-07-04 18:35:00+00:00,2.4144187,2.459139,2.6020029,40,49,22,31,-0.56666666,0.099999994
12,2014-07-04 18:35:00+00:00,2.2383168,2.5937216,2.3497207,40,49,31,40,-0.4166667,0.099999994
12,2014-07-04 18:35:00+00:00,2.1455486,2.2559056,2.1594236,40,49,40,49,-0.26666665,0.099999994
12,2014-07-04 18:35:00+00:00,2.0891964,1.7928045,1.9945611,40,49,49,58,-0.11666667,0.099999994
12,2014-07-04 18:35:00+00:00,2.0224009,1.8782499,1.994279,40,49,58,67,0.03046875,0.10195312
12,2014-07-04 18:35:00+00:00,1.8443261,2.0269394,2.1476617,40,49,67,76,0.19322917,0.109375
12,2014-07-04 18:35:00+00:00,1.7499446,1.7238095,1.7968699,40,49,94,103,0.6333333,0.099999994
12,2014-07-04 18:35:00+00:00,1.7422489,1.7938764,1.7927431,40,49,103,112,0.78333336,0.099999994
12,2014-07-04 18:35:00+00:00,1.6828873,1.7385406,1.737553,40,49,112,121,0.93333334,0.099999994
12,2014-07-04 18:35:00+00:00,2.2352717,2.3889046,2.3972452,49,58,22,31,-0.56666666,0.325
12,2014-07-04 18:35:00+00:00,2.4824703,2.4515886,2.151113,49,58,31,40,-0.4166667,0.325
12,2014-07-04 18:35:00+00:00,2.549108,2.1638417,2.0347733,49,58,40,49,-0.26666665,0.325
12,2014-07-04 18:35:00+00:00,2.2520475,1.7189841,1.8787434,49,58,49,58,-0.11901042,0.32148436
12,2014-07-04 18:35:00+00:00,1.8287098,1.8488557,1.9233627,49,58,58,67,0.035937503,0.31875
12,2014-07-04 18:35:00+00:00,1.8121719,1.8951304,1.865967,49,58,85,94,0.4921875,0.33164063
12,2014-07-04 18:35:00+00:00,1.9984189,1.6995857,1.8372802,49,58,94,103,0.6333333,0.325
12,2014-07-04 18:35:00+00:00,2.0144634,1.8337951,1.8640515,49,58,103,112,0.78333336,0.325
12,2014-07-04 18:35:00+00:00,1.9234573,1.7581735,1.7531828,49,58,112,121,0.93333334,0.325
12,2014-07-04 18:35:00+00:00,2.5622237,2.2490427,1.9561667,58,67,40,49,-0.26875,0.54843754
12,2014-07-04 18:35:00+00:00,1.9544377,2.0621843,1.9186397,58,67,85,94,0.48333335,0.55
12,2014-07-04 18:35:00+00:00,1.9838674,1.9190274,1.8985918,58,67,103,112,0.78333336,0.55
12,2014-07-04 18:35:00+00:00,1.8599666,1.8722745,1.8039361,58,67,112,121,0.93333334,0.55
12,2014-07-04 18:35:00+00:00,2.0762496,1.7360456,1.7992462,67,76,103,112,0.78255206,0.7734375
12,2014-07-04 18:35:00+00:00,1.7063955,1.6734968,1.6950634,67,76,112,121,0.93333334,0.775
12,2014-07-04 18:35:00+00:00,1.684267,1.6753811,1.6975708,76,81,112,121,0.93333334,0.95
15,2014-07-07 19:10:00+00:00,1.6343206,1.5219549,1.9890971,31,40,85,94,0.49114585,-0.11640625
15,2014-07-07 19:10:00+00:00,2.4803455,2.7821572,2.9157462,40,49,67,76,0.19166668,0.107812494
15,2014-07-07 19:10:00+00:00,1.899682,2.1879206,2.212591,40,49,85,94,0.48776042,0.09140624
15,2014-07-07 19:10:00+00:00,1.9443593,1.7915505,1.9807769,40,49,94,103,0.6333333,0.099999994
15,2014-07-07 19:10:00+00:00,1.5673295,1.7693051,1.8395473,40,49,103,112,0.78333336,0.099999994
15,2014-07-07 19:10:00+00:00,1.4079422,1.594489,1.6637107,40,49,112,121,0.93333334,0.099999994
15,2014-07-07 19:10:00+00:00,2.9425883,3.6725202,2.9968147,49,58,31,40,-0.4166667,0.325
15,2014-07-07 19:10:00+00:00,3.1474838,2.9473767,2.7727435,49,58,40,49,-0.26666665,0.325
15,2014-07-07 19:10:00+00:00,3.0707045,2.3541954,2.584423,49,58,49,58,-0.11666667,0.325
15,2014-07-07 19:10:00+00:00,2.9775789,2.530176,2.5950615,49,58,58,67,0.03307292,0.32539064
15,2014-07-07 19:10:00+00:00,2.915249,3.12815,3.0047073,49,58,67,76,0.18333334,0.325
15,2014-07-07 19:10:00+00:00,2.362127,2.1255322,2.2486744,49,58,94,103,0.6333333,0.325
15,2014-07-07 19:10:00+00:00,2.3015077,2.157118,2.1487117,49,58,103,112,0.78333336,0.325
15,2014-07-07 19:10:00+00:00,1.936784,1.9470634,1.8757373,49,58,112,121,0.93333334,0.325
15,2014-07-07 19:10:00+00:00,4.001616,2.4088159,2.4400609,58,67,58,67,0.03125,0.5414063
15,2014-07-07 19:10:00+00:00,2.9913127,2.6511266,2.7183356,58,67,67,76,0.18515626,0.5433594
15,2014-07-07 19:10:00+00:00,2.8132925,3.2672327,2.8476841,58,67,76,85,0.3333333,0.55
15,2014-07-07 19:10:00+00:00,2.860722,2.368391,2.382191,58,67,85,94,0.48098958,0.54648435
15,2014-07-07 19:10:00+00:00,2.250214,1.9654227,2.1164093,58,67,103,112,0.78333336,0.55
15,2014-07-07 19:10:00+00:00,2.2402253,1.8619325,1.9068708,58,67,112,121,0.93333334,0.55
15,2014-07-07 19:10:00+00:00,1.9010007,1.6918565,1.9659462,67,76,103,112,0.78333336,0.775
15,2014-07-07 19:10:00+00:00,2.0623057,1.5127878,1.7397281,67,76,112,121,0.93333334,0.775
15,2014-07-07 19:10:00+00:00,1.8321863,1.8157659,1.7423693,76,81,112,121,0.93333334,0.95
16,2014-07-09 18:55:00+00:00,2.6373653,2.81062,2.883565,49,58,13,22,-0.71223956,0.31953126
16,2014-07-09 18:55:00+00:00,2.2318015,2.5692847,2.567567,49,58,22,31,-0.56666666,0.325
16,2014-07-09 18:55:00+00:00,2.2099366,2.5982933,2.240312,49,58,31,40,-0.4166667,0.325
16,2014-07-09 18:55:00+00:00,2.2622275,2.073005,2.0572884,49,58,40,49,-0.26666665,0.325
16,2014-07-09 18:55:00+00:00,2.480482,1.6802386,1.8762685,49,58,49,58,-0.11666667,0.325
16,2014-07-09 18:55:00+00:00,2.267887,1.8712325,1.9493717,49,58,58,67,0.03203125,0.32578126
16,2014-07-09 18:55:00+00:00,2.0141294,2.1688275,2.1709917,49,58,67,76,0.18333334,0.325
16,2014-07-09 18:55:00+00:00,1.9192525,1.7925088,1.8388495,49,58,85,94,0.4875,0.3292969
16,2014-07-09 18:55:00+00:00,1.8907795,1.4638788,1.6241009,49,58,94,103,0.6333333,0.325
16,2014-07-09 18:55:00+00:00,1.8240796,1.5700974,1.5786425,49,58,103,112,0.7768229,0.33203125
16,2014-07-09 18:55:00+00:00,1.7464739,1.5179139,1.5051256,49,58,112,121,0.9333333,0.32578123
16,2014-07-09 18:55:00+00:00,2.7792864,2.707762,2.154899,58,67,31,40,-0.41484377,0.5453125
16,2014-07-09 18:55:00+00:00,2.745824,2.166492,1.980768,58,67,40,49,-0.26666665,0.55
16,2014-07-09 18:55:00+00:00,2.4827123,1.9068866,1.8655878,58,67,49,58,-0.11666667,0.55
16,2014-07-09 18:55:00+00:00,2.659597,1.988173,1.8953267,58,67,58,67,0.033333335,0.55
16,2014-07-09 18:55:00+00:00,2.140458,2.1316745,2.0369315,58,67,67,76,0.18333334,0.55
16,2014-07-09 18:55:00+00:00,2.0148287,2.5387554,2.043884,58,67,76,85,0.3333333,0.55
16,2014-07-09 18:55:00+00:00,2.080674,1.9524674,1.8615851,58,67,85,94,0.48333335,0.55
16,2014-07-09 18:55:00+00:00,1.6100188,1.7223246,1.6234,58,67,103,112,0.7828125,0.5410156
16,2014-07-09 18:55:00+00:00,1.7053615,1.7140826,1.5865277,58,67,112,121,0.93359375,0.5433594
17,2014-07-11 18:45:00+00:00,1.7651522,1.7626598,1.7465255,22,31,112,121,0.93333334,-0.35000002
17,2014-07-11 18:45:00+00:00,1.6469468,1.5210366,1.8685781,31,40,85,94,0.48333335,-0.125
17,2014-07-11 18:45:00+00:00,1.1548274,1.5221248,1.6948396,31,40,103,112,0.7877604,-0.119140625
17,2014-07-11 18:45:00+00:00,1.411619,1.4383821,1.658869,31,40,112,121,0.9348958,-0.12890625
17,2014-07-11 18:45:00+00:00,2.3024578,2.1239352,2.2364779,40,49,67,76,0.19192709,0.109375
17,2014-07-11 18:45:00+00:00,1.7446078,1.9715002,1.9516413,40,49,85,94,0.48671874,0.09531249
17,2014-07-11 18:45:00+00:00,1.659826,1.7622628,1.7898079,40,49,94,103,0.6348958,0.09648438
17,2014-07-11 18:45:00+00:00,1.6642945,1.7377476,1.7316931,40,49,103,112,0.78333336,0.099999994
17,2014-07-11 18:45:00+00:00,1.725214,1.6869068,1.6936195,40,49,112,121,0.9354167,0.10234375
17,2014-07-11 18:45:00+00:00,2.3900204,1.7359486,1.7817703,49,58,103,112,0.78333336,0.325
17,2014-07-11 18:45:00+00:00,2.5966828,1.7001897,1.6890752,49,58,112,121,0.93333334,0.325
17,2014-07-11 18:45:00+00:00,2.2448275,1.8108377,1.8121957,58,67,103,112,0.77812505,0.5484375
17,2014-07-11 18:45:00+00:00,1.5910424,1.652751,1.6939918,67,76,103,112,0.7914063,0.76953125
17,2014-07-11 18:45:00+00:00,2.100011,1.615856,1.6123085,67,76,112,121,0.93333334,0.775
17,2014-07-11 18:45:00+00:00,1.7302173,1.605815,1.61335,76,81,112,121,0.93333334,0.95
18,2014-07-14 19:15:00+00:00,1.4764977,1.2069436,1.2751064,13,22,94,103,0.6333333,-0.575
18,2014-07-14 19:15:00+00:00,1.5083915,1.3483075,1.3585746,13,22,103,112,0.7828125,-0.5726563
18,2014-07-14 19:15:00+00:00,1.3625034,1.5135732,1.5008087,22,31,85,94,0.48333335,-0.35000002
18,2014-07-14 19:15:00+00:00,1.3750076,1.3465433,1.3500555,22,31,94,103,0.6333333,-0.35000002
18,2014-07-14 19:15:00+00:00,1.3694984,1.4461552,1.3983392,22,31,103,112,0.78333336,-0.35000002
18,2014-07-14 19:15:00+00:00,1.3336079,1.4729568,1.4376475,22,31,112,121,0.93333334,-0.35000002
18,2014-07-14 19:15:00+00:00,1.4440366,1.429356,1.6477653,31,40,40,49,-0.26302084,-0.119140625
18,2014-07-14 19:15:00+00:00,1.399111,1.0827392,1.4762837,31,40,49,58,-0.11666667,-0.125
18,2014-07-14 19:15:00+00:00,1.5063962,1.2840416,1.5640324,31,40,58,67,0.026041668,-0.12578125
18,2014-07-14 19:15:00+00:00,1.6166319,1.2706522,1.6154566,31,40,67,76,0.19010416,-0.12812501
18,2014-07-14 19:15:00+00:00,1.365436,1.1324431,1.389348,31,40,85,94,0.48333335,-0.125
18,2014-07-14 19:15:00+00:00,1.2801661,1.1059481,1.2781215,31,40,94,103,0.6333333,-0.125
18,2014-07-14 19:15:00+00:00,1.2398188,1.2373165,1.3287396,31,40,103,112,0.78333336,-0.125
18,2014-07-14 19:15:00+00:00,1.2438537,1.2020001,1.3445458,31,40,112,121,0.93333334,-0.125
18,2014-07-14 19:15:00+00:00,1.7465236,1.900676,1.9703087,40,49,22,31,-0.56666666,0.099999994
18,2014-07-14 19:15:00+00:00,1.5275309,1.9046055,1.7935117,40,49,31,40,-0.4166667,0.099999994
18,2014-07-14 19:15:00+00:00,1.5534341,1.7455947,1.6846849,40,49,40,49,-0.26666665,0.099999994
18,2014-07-14 19:15:00+00:00,1.5715122,1.468621,1.5408345,40,49,49,58,-0.11666667,0.099999994
18,2014-07-14 19:15:00+00:00,1.5596392,1.5413212,1.586985,40,49,58,67,0.027604166,0.10585938
18,2014-07-14 19:15:00+00:00,1.6184546,1.626535,1.6526315,40,49,67,76,0.18854168,0.10546875
18,2014-07-14 19:15:00+00:00,1.8117329,1.4694427,1.4570584,40,49,85,94,0.48958334,0.09414063
18,2014-07-14 19:15:00+00:00,1.3452177,1.3367858,1.3375944,40,49,94,103,0.6333333,0.099999994
18,2014-07-14 19:15:00+00:00,1.334914,1.4206328,1.3583634,40,49,103,112,0.78333336,0.099999994
18,2014-07-14 19:15:00+00:00,1.3336096,1.4109309,1.3804476,40,49,112,121,0.93333334,0.099999994
18,2014-07-14 19:15:00+00:00,1.9517299,2.0080395,2.0421894,49,58,13,22,-0.71666664,0.325
18,2014-07-14 19:15:00+00:00,1.6129792,1.771236,1.8134218,49,58,22,31,-0.56666666,0.325
18,2014-07-14 19:15:00+00:00,1.8672867,1.7223573,1.6529882,49,58,31,40,-0.4166667,0.325
18,2014-07-14 19:15:00+00:00,1.8723584,1.6017936,1.6136495,49,58,40,49,-0.26666665,0.325
18,2014-07-14 19:15:00+00:00,1.796636,1.3838291,1.4847637,49,58,49,58,-0.11666667,0.325
18,2014-07-14 19:15:00+00:00,1.7990091,1.5144615,1.5449111,49,58,58,67,0.033333335,0.325
18,2014-07-14 19:15:00+00:00,1.6472312,1.6277212,1.6538409,49,58,67,76,0.18333334,0.325
18,2014-07-14 19:15:00+00:00,1.7090054,1.413252,1.4132509,49,58,85,94,0.48671877,0.33242187
18,2014-07-14 19:15:00+00:00,1.5228608,1.2087712,1.3252702,49,58,94,103,0.6333333,0.325
18,2014-07-14 19:15:00+00:00,1.4522352,1.3373863,1.3659345,49,58,103,112,0.78333336,0.325
18,2014-07-14 19:15:00+00:00,1.404789,1.3265613,1.3573085,49,58,112,121,0.93333334,0.325
18,2014-07-14 19:15:00+00:00,1.9538287,2.023507,1.820592,58,67,22,31,-0.56171876,0.54414064
18,2014-07-14 19:15:00+00:00,1.8111069,1.9448229,1.6860136,58,67,31,40,-0.4166667,0.55
18,2014-07-14 19:15:00+00:00,1.7385006,1.7640874,1.6279621,58,67,40,49,-0.26666665,0.55
18,2014-07-14 19:15:00+00:00,2.2277215,1.5898006,1.5505431,58,67,49,58,-0.11666667,0.55
18,2014-07-14 19:15:00+00:00,1.9795691,1.6525748,1.5791715,58,67,58,67,0.033333335,0.55
18,2014-07-14 19:15:00+00:00,1.8264633,1.7236481,1.6555325,58,67,67,76,0.18333334,0.55
18,2014-07-14 19:15:00+00:00,1.6926974,1.838334,1.5962942,58,67,76,85,0.3333333,0.55
18,2014-07-14 19:15:00+00:00,1.6850195,1.5912937,1.526969,58,67,85,94,0.48203126,0.5480469
18,2014-07-14 19:15:00+00:00,1.3596578,1.5142521,1.4679282,58,67,103,112,0.78333336,0.55
18,2014-07-14 19:15:00+00:00,1.286876,1.515687,1.4583027,58,67,112,121,0.93333334,0.55
18,2014-07-14 19:15:00+00:00,1.5804803,1.7681676,1.5546728,67,76,31,40,-0.41302085,0.77382815
18,2014-07-14 19:15:00+00:00,1.2695556,1.3963146,1.3523245,67,76,103,112,0.7864584,0.7691406
18,2014-07-14 19:15:00+00:00,1.2115465,1.3724023,1.3263544,67,76,112,121,0.93333334,0.775
18,2014-07-14 19:15:00+00:00,1.1873962,1.3201272,1.3206556,76,81,112,121,0.93333334,0.95
19,2014-07-17 18:05:00+00:00,1.7901843,1.4467239,1.5295333,13,22,94,103,0.6333333,-0.575
19,2014-07-17 18:05:00+00:00,1.568782,1.5551014,1.5739683,13,22,103,112,0.7828125,-0.5726563
19,2014-07-17 18:05:00+00:00,1.6398491,1.7731509,1.7615409,22,31,85,94,0.48333335,-0.35000002
19,2014-07-17 18:05:00+00:00,1.5187635,1.5255035,1.5710943,22,31,94,103,0.6333333,-0.35000002
19,2014-07-17 18:05:00+00:00,1.4793656,1.6054186,1.5857357,22,31,103,112,0.78333336,-0.35000002
19,2014-07-17 18:05:00+00:00,1.4780763,1.6355214,1.614236,22,31,112,121,0.93333334,-0.35000002
19,2014-07-17 18:05:00+00:00,1.9595282,1.7090267,1.9688046,31,40,40,49,-0.26223958,-0.120703116
19,2014-07-17 18:05:00+00:00,1.9629441,1.3445019,1.7876984,31,40,49,58,-0.11666667,-0.125
19,2014-07-17 18:05:00+00:00,2.0417302,1.5311427,1.8426152,31,40,58,67,0.025000002,-0.12734374
19,2014-07-17 18:05:00+00:00,2.0461555,1.5877832,1.9232285,31,40,67,76,0.18854168,-0.12695312
19,2014-07-17 18:05:00+00:00,1.7163827,1.3945115,1.6734494,31,40,85,94,0.48333335,-0.125
19,2014-07-17 18:05:00+00:00,1.4937153,1.2936566,1.5163313,31,40,94,103,0.6333333,-0.125
19,2014-07-17 18:05:00+00:00,1.5780314,1.385833,1.5212698,31,40,103,112,0.78333336,-0.125
19,2014-07-17 18:05:00+00:00,1.5480326,1.3752416,1.5256815,31,40,112,121,0.93333334,-0.125
19,2014-07-17 18:05:00+00:00,2.5636137,2.1360142,2.5480933,40,49,13,22,-0.71458334,0.115624994
19,2014-07-17 18:05:00+00:00,2.313871,2.2716963,2.3951368,40,49,22,31,-0.56666666,0.099999994
19,2014-07-17 18:05:00+00:00,1.9768046,2.3377993,2.1470995,40,49,31,40,-0.4166667,0.099999994
19,2014-07-17 18:05:00+00:00,2.0259857,1.9921892,1.9483254,40,49,40,49,-0.26666665,0.099999994
19,2014-07-17 18:05:00+00:00,1.9686813,1.6445172,1.7949344,40,49,49,58,-0.11666667,0.099999994
19,2014-07-17 18:05:00+00:00,1.9386365,1.7458142,1.8290521,40,49,58,67,0.03046875,0.10195312
19,2014-07-17 18:05:00+00:00,1.8680844,1.8074235,1.9452018,40,49,67,76,0.18333334,0.10859375
19,2014-07-17 18:05:00+00:00,1.8371274,1.7120965,1.7127395,40,49,85,94,0.4872396,0.096093744
19,2014-07-17 18:05:00+00:00,1.7560848,1.5270962,1.5690899,40,49,94,103,0.6333333,0.099999994
19,2014-07-17 18:05:00+00:00,1.6866996,1.5694236,1.5405296,40,49,103,112,0.78333336,0.099999994
19,2014-07-17 18:05:00+00:00,1.6437017,1.5637711,1.5428106,40,49,112,121,0.93333334,0.099999994
19,2014-07-17 18:05:00+00:00,1.8106426,2.3275294,2.3882036,49,58,13,22,-0.71510416,0.31835938
19,2014-07-17 18:05:00+00:00,1.6631771,2.1138842,2.1258526,49,58,22,31,-0.5648438,0.32187498
19,2014-07-17 18:05:00+00:00,1.6882011,2.1069763,1.9134406,49,58,31,40,-0.4166667,0.325
19,2014-07-17 18:05:00+00:00,1.9305199,1.8405005,1.8057046,49,58,40,49,-0.26666665,0.325
19,2014-07-17 18:05:00+00:00,1.9291525,1.5491525,1.6709713,49,58,49,58,-0.11666667,0.325
19,2014-07-17 18:05:00+00:00,2.016175,1.6753074,1.7251474,49,58,58,67,0.033333335,0.325
19,2014-07-17 18:05:00+00:00,1.9893656,1.8663901,1.8788848,49,58,67,76,0.18333334,0.325
19,2014-07-17 18:05:00+00:00,2.00015,2.0555425,1.8337554,49,58,76,85,0.32395834,0.340625
19,2014-07-17 18:05:00+00:00,2.2191057,1.6453551,1.645007,49,58,85,94,0.4869792,0.3296875
19,2014-07-17 18:05:00+00:00,1.8041973,1.4119021,1.5446484,49,58,94,103,0.6333333,0.325
19,2014-07-17 18:05:00+00:00,1.6188537,1.5100344,1.5471734,49,58,103,112,0.78333336,0.325
19,2014-07-17 18:05:00+00:00,1.5731378,1.5035546,1.5129883,49,58,112,121,0.93333334,0.325
19,2014-07-17 18:05:00+00:00,1.5378044,2.2528484,1.8755845,58,67,31,40,-0.4166667,0.55
19,2014-07-17 18:05:00+00:00,1.8018812,1.9444536,1.7621534,58,67,40,49,-0.26666665,0.55
19,2014-07-17 18:05:00+00:00,1.9030257,1.7234608,1.6779351,58,67,49,58,-0.118489586,0.5480469
19,2014-07-17 18:05:00+00:00,1.8437791,1.7704852,1.6957011,58,67,58,67,0.032552086,0.5488281
19,2014-07-17 18:05:00+00:00,1.6831111,2.171853,1.8052394,58,67,76,85,0.33463544,0.5503906
19,2014-07-17 18:05:00+00:00,1.8970386,1.8109667,1.7137675,58,67,85,94,0.48333335,0.55
19,2014-07-17 18:05:00+00:00,1.8815001,1.6440405,1.6341552,58,67,94,103,0.6328125,0.5414063
19,2014-07-17 18:05:00+00:00,1.4711279,1.6653005,1.6166787,58,67,103,112,0.78333336,0.55
19,2014-07-17 18:05:00+00:00,1.5262944,1.6701232,1.5797869,58,67,112,121,0.9325521,0.5488281
19,2014-07-17 18:05:00+00:00,1.3070301,1.528552,1.4985428,67,76,103,112,0.7841146,0.77304685
20,2014-07-31 18:20:00+00:00,0.7561975,0.7033239,0.7794585,13,22,94,103,0.6333333,-0.575
20,2014-07-31 18:20:00+00:00,0.76957965,0.8611098,0.87149423,13,22,103,112,0.7828125,-0.5726563
20,2014-07-31 18:20:00+00:00,0.7961493,1.0119653,0.9601435,22,31,103,112,0.7848958,-0.35781252
20,2014-07-31 18:20:00+00:00,0.8579587,1.043036,1.020404,22,31,112,121,0.9330729,-0.35507813
21,2014-08-03 18:50:00+00:00,1.4403892,0.9980884,1.1173843,13,22,94,103,0.6333333,-0.575
21,2014-08-03 18:50:00+00:00,1.3814162,1.1612226,1.1991299,13,22,103,112,0.78307295,-0.5738281
21,2014-08-03 18:50:00+00:00,1.4305521,1.4428647,1.4433446,22,31,85,94,0.48333335,-0.35000002
21,2014-08-03 18:50:00+00:00,1.4324588,1.2091907,1.21302,22,31,94,103,0.6333333,-0.35000002
21,2014-08-03 18:50:00+00:00,1.4277598,1.3189417,1.254445,22,31,103,112,0.78333336,-0.35000002
21,2014-08-03 18:50:00+00:00,1.1461301,1.3491724,1.3036464,22,31,112,121,0.93333334,-0.35000002
21,2014-08-03 18:50:00+00:00,1.9065065,1.3026401,1.6052787,31,40,40,49,-0.26276043,-0.119140625
21,2014-08-03 18:50:00+00:00,1.6540897,0.8910878,1.378253,31,40,49,58,-0.11666667,-0.125
21,2014-08-03 18:50:00+00:00,1.6085271,1.1477023,1.4955784,31,40,58,67,0.023697916,-0.12539062
21,2014-08-03 18:50:00+00:00,1.5483156,1.1736646,1.5558628,31,40,67,76,0.1903646,-0.13359374
21,2014-08-03 18:50:00+00:00,1.3779445,0.9947348,1.3149332,31,40,85,94,0.48333335,-0.125
21,2014-08-03 18:50:00+00:00,1.4880577,0.9123547,1.1280158,31,40,94,103,0.6333333,-0.125
21,2014-08-03 18:50:00+00:00,1.5469548,1.0504397,1.1678486,31,40,103,112,0.78333336,-0.125
21,2014-08-03 18:50:00+00:00,1.2321043,1.008345,1.1891925,31,40,112,121,0.93333334,-0.125
21,2014-08-03 18:50:00+00:00,2.925892,1.7670697,2.1670933,40,49,13,22,-0.71484375,0.11445312
21,2014-08-03 18:50:00+00:00,2.8694065,1.9191291,2.0435631,40,49,22,31,-0.56666666,0.099999994
21,2014-08-03 18:50:00+00:00,2.1193047,1.9093142,1.8010213,40,49,31,40,-0.4166667,0.099999994
21,2014-08-03 18:50:00+00:00,1.7020401,1.6728551,1.6411446,40,49,40,49,-0.26666665,0.099999994
21,2014-08-03 18:50:00+00:00,1.6319903,1.3379853,1.442293,40,49,49,58,-0.11666667,0.099999994
21,2014-08-03 18:50:00+00:00,1.6540657,1.5086819,1.5295008,40,49,58,67,0.03046875,0.10195312
21,2014-08-03 18:50:00+00:00,1.7560445,1.4431459,1.6029433,40,49,67,76,0.18359375,0.10820312
21,2014-08-03 18:50:00+00:00,1.5066835,1.3503184,1.3630185,40,49,85,94,0.49296874,0.09257813
21,2014-08-03 18:50:00+00:00,1.4799689,1.1488842,1.1736342,40,49,94,103,0.6333333,0.099999994
21,2014-08-03 18:50:00+00:00,1.4692976,1.2476184,1.1823082,40,49,103,112,0.78333336,0.099999994
21,2014-08-03 18:50:00+00:00,1.2363077,1.2367791,1.217253,40,49,112,121,0.93333334,0.099999994
21,2014-08-03 18:50:00+00:00,2.6952584,1.9555951,2.0178173,49,58,13,22,-0.71666664,0.325
21,2014-08-03 18:50:00+00:00,2.9417136,1.6915468,1.7778516,49,58,22,31,-0.5671875,0.32265624
21,2014-08-03 18:50:00+00:00,2.567873,1.6408625,1.5809735,49,58,31,40,-0.4166667,0.325
21,2014-08-03 18:50:00+00:00,1.3651361,1.4571323,1.532562,49,58,40,49,-0.26666665,0.325
21,2014-08-03 18:50:00+00:00,1.395772,1.2156713,1.3583398,49,58,49,58,-0.11666667,0.325
21,2014-08-03 18:50:00+00:00,1.5490103,1.3942516,1.441856,49,58,58,67,0.033333335,0.325
21,2014-08-03 18:50:00+00:00,1.6019596,1.4923999,1.5573041,49,58,67,76,0.18333334,0.325
21,2014-08-03 18:50:00+00:00,1.6894886,1.1999264,1.2694806,49,58,85,94,0.49114585,0.33125
21,2014-08-03 18:50:00+00:00,1.4824294,0.9725835,1.1254234,49,58,94,103,0.6333333,0.325
21,2014-08-03 18:50:00+00:00,1.3712147,1.1118252,1.159354,49,58,103,112,0.78333336,0.325
21,2014-08-03 18:50:00+00:00,1.2084469,1.1031495,1.1647804,49,58,112,121,0.93333334,0.325
21,2014-08-03 18:50:00+00:00,1.0808021,1.9282275,1.6278766,58,67,31,40,-0.4166667,0.55
21,2014-08-03 18:50:00+00:00,1.3124754,1.6995932,1.5792544,58,67,40,49,-0.26666665,0.55
21,2014-08-03 18:50:00+00:00,1.3874753,1.5211127,1.4614556,58,67,49,58,-0.11666667,0.55
21,2014-08-03 18:50:00+00:00,1.4192808,1.6226742,1.5137451,58,67,58,67,0.033333335,0.55
21,2014-08-03 18:50:00+00:00,1.4583097,1.686105,1.5875523,58,67,67,76,0.18333334,0.55
21,2014-08-03 18:50:00+00:00,1.5482125,1.7678494,1.4781165,58,67,76,85,0.3333333,0.55
21,2014-08-03 18:50:00+00:00,1.5025144,1.441927,1.4090134,58,67,85,94,0.48333335,0.55
21,2014-08-03 18:50:00+00:00,1.3277986,1.3483874,1.2797049,58,67,94,103,0.6328125,0.53984374
21,2014-08-03 18:50:00+00:00,1.2569295,1.3472613,1.2873961,58,67,103,112,0.78333336,0.55
21,2014-08-03 18:50:00+00:00,1.1949095,1.3556294,1.2953919,58,67,112,121,0.93333334,0.55
21,2014-08-03 18:50:00+00:00,0.99449056,1.6718549,1.4711218,67,76,31,40,-0.41614586,0.7699219
21,2014-08-03 18:50:00+00:00,1.3640825,1.1964161,1.3080068,67,76,85,94,0.47371796,0.7389424
21,2014-08-03 18:50:00+00:00,1.1544436,1.2672528,1.1408459,67,76,103,112,0.78333336,0.775
21,2014-08-03 18:50:00+00:00,1.1176462,1.2177627,1.1296874,67,76,112,121,0.93333334,0.775
21,2014-08-03 18:50:00+00:00,1.1046237,1.0948117,1.114646,76,81,112,121,0.93333334,0.95
22,2014-08-07 18:25:00+00:00,1.2741207,0.904452,0.98112065,13,22,94,103,0.6304687,-0.5769531
22,2014-08-07 18:25:00+00:00,1.1182756,1.0618045,1.034118,13,22,103,112,0.7846354,-0.5746094
22,2014-08-07 18:25:00+00:00,1.1539572,1.2138443,1.1010582,22,31,103,112,0.7838542,-0.3484375
22,2014-08-07 18:25:00+00:00,0.81937325,1.2283667,1.1584204,22,31,112,121,0.93333334,-0.35000002
22,2014-08-07 18:25:00+00:00,1.8006784,1.2854999,1.6151004,31,40,40,49,-0.26276043,-0.119140625
22,2014-08-07 18:25:00+00:00,1.5010995,0.8836837,1.3958226,31,40,49,58,-0.11666667,-0.125
22,2014-08-07 18:25:00+00:00,1.4255955,1.1390818,1.4912686,31,40,58,67,0.02447917,-0.1265625
22,2014-08-07 18:25:00+00:00,1.4882668,1.0898635,1.5544733,31,40,67,76,0.18723959,-0.12734374
22,2014-08-07 18:25:00+00:00,1.3271091,0.9084345,1.021225,31,40,103,112,0.7864583,-0.12460937
22,2014-08-07 18:25:00+00:00,0.9924407,0.8436138,1.0425639,31,40,112,121,0.93333334,-0.125
22,2014-08-07 18:25:00+00:00,2.564481,2.0153334,1.8672911,40,49,31,40,-0.4166667,0.099999994
22,2014-08-07 18:25:00+00:00,2.0104785,1.696229,1.6891447,40,49,40,49,-0.26666665,0.099999994
22,2014-08-07 18:25:00+00:00,1.5250525,1.3735138,1.4924713,40,49,49,58,-0.11666667,0.099999994
22,2014-08-07 18:25:00+00:00,1.4794687,1.5619385,1.5780784,40,49,58,67,0.03046875,0.10195312
22,2014-08-07 18:25:00+00:00,1.1012493,0.99925524,1.062906,40,49,103,112,0.789323,0.10976562
22,2014-08-07 18:25:00+00:00,0.84957534,1.1030535,1.104951,40,49,112,121,0.93333334,0.099999994
22,2014-08-07 18:25:00+00:00,2.2928758,1.8006289,1.6775612,49,58,31,40,-0.4125,0.31406248
22,2014-08-07 18:25:00+00:00,1.5422164,1.5473156,1.6291837,49,58,40,49,-0.26666665,0.325
22,2014-08-07 18:25:00+00:00,1.3686239,1.2901834,1.4501902,49,58,49,58,-0.11666667,0.325
22,2014-08-07 18:25:00+00:00,1.5138605,1.462361,1.5313001,49,58,58,67,0.03151042,0.31835938
22,2014-08-07 18:25:00+00:00,1.3225638,0.968517,1.1229879,49,58,94,103,0.6322917,0.32421875
22,2014-08-07 18:25:00+00:00,1.0978888,1.0870181,1.1208813,49,58,103,112,0.78333336,0.325
22,2014-08-07 18:25:00+00:00,1.0344605,1.0456665,1.1096857,49,58,112,121,0.93333334,0.325
23,2014-08-09 18:15:00+00:00,1.0039513,1.1022915,1.1916658,13,22,94,103,0.63463545,-0.5738281
23,2014-08-09 18:15:00+00:00,0.94360274,1.2202643,1.2418914,13,22,103,112,0.7828125,-0.5726563
23,2014-08-09 18:15:00+00:00,1.1671187,1.4303073,1.4445931,22,31,85,94,0.48333335,-0.35000002
23,2014-08-09 18:15:00+00:00,1.1120212,1.2720983,1.2510313,22,31,94,103,0.6333333,-0.35000002
23,2014-08-09 18:15:00+00:00,1.1295882,1.3489232,1.2762823,22,31,103,112,0.78333336,-0.35000002
23,2014-08-09 18:15:00+00:00,1.1323444,1.3888009,1.3312063,22,31,112,121,0.93333334,-0.35000002
23,2014-08-09 18:15:00+00:00,1.3675745,1.4320316,1.7047375,31,40,40,49,-0.26276043,-0.119140625
23,2014-08-09 18:15:00+00:00,1.4114031,1.0489902,1.5055268,31,40,49,58,-0.11666667,-0.125
23,2014-08-09 18:15:00+00:00,1.4994218,1.267806,1.5932134,31,40,58,67,0.025260419,-0.12656249
23,2014-08-09 18:15:00+00:00,1.6113471,1.3475211,1.6817851,31,40,67,76,0.19192708,-0.13242188
23,2014-08-09 18:15:00+00:00,1.4676301,1.0140342,1.3390695,31,40,85,94,0.48333335,-0.125
23,2014-08-09 18:15:00+00:00,1.4089903,0.9895972,1.188806,31,40,94,103,0.6333333,-0.125
23,2014-08-09 18:15:00+00:00,1.4979511,1.0940058,1.2057816,31,40,103,112,0.78333336,-0.125
23,2014-08-09 18:15:00+00:00,1.4524647,1.0538992,1.2288711,31,40,112,121,0.93333334,-0.125
23,2014-08-09 18:15:00+00:00,2.2753544,1.9487773,2.3163357,40,49,13,22,-0.71458334,0.115624994
23,2014-08-09 18:15:00+00:00,2.307607,2.0900052,2.141136,40,49,22,31,-0.56666666,0.099999994
23,2014-08-09 18:15:00+00:00,2.1017168,2.10658,1.9229505,40,49,31,40,-0.4166667,0.099999994
23,2014-08-09 18:15:00+00:00,2.1174011,1.8292564,1.76811,40,49,40,49,-0.26666665,0.099999994
23,2014-08-09 18:15:00+00:00,1.9258823,1.5213308,1.5963051,40,49,49,58,-0.11666667,0.099999994
23,2014-08-09 18:15:00+00:00,1.8532784,1.6502692,1.6649951,40,49,58,67,0.03046875,0.10195312
23,2014-08-09 18:15:00+00:00,1.9360203,1.4543331,1.4448651,40,49,85,94,0.4893229,0.09101562
23,2014-08-09 18:15:00+00:00,1.6313677,1.2988192,1.2840427,40,49,94,103,0.6333333,0.099999994
23,2014-08-09 18:15:00+00:00,1.5539734,1.3788284,1.2650063,40,49,103,112,0.78020835,0.08867187
23,2014-08-09 18:15:00+00:00,3.2688596,2.1870823,2.2383864,49,58,13,22,-0.71666664,0.325
23,2014-08-09 18:15:00+00:00,2.5327625,1.9283266,1.9680746,49,58,22,31,-0.56666666,0.325
23,2014-08-09 18:15:00+00:00,2.1873624,1.8824576,1.7666432,49,58,31,40,-0.4166667,0.325
23,2014-08-09 18:15:00+00:00,2.0453804,1.6546692,1.6897502,49,58,40,49,-0.26666665,0.325
23,2014-08-09 18:15:00+00:00,1.845872,1.4035095,1.5377679,49,58,49,58,-0.11666667,0.325
23,2014-08-09 18:15:00+00:00,1.6703115,1.5533164,1.6195858,49,58,58,67,0.034114584,0.32421875
23,2014-08-09 18:15:00+00:00,1.4724246,2.108645,1.9157225,58,67,22,31,-0.5596354,0.5421875
23,2014-08-09 18:15:00+00:00,1.397238,2.0427907,1.7514607,58,67,31,40,-0.41536456,0.5449219
23,2014-08-09 18:15:00+00:00,1.4525765,1.7626317,1.6690851,58,67,40,49,-0.26666665,0.55
23,2014-08-09 18:15:00+00:00,1.453626,1.604597,1.5795181,58,67,49,58,-0.11666667,0.55
23,2014-08-09 18:15:00+00:00,1.0185674,1.2778485,1.2202834,67,76,112,121,0.93359375,0.77734375
23,2014-08-09 18:15:00+00:00,0.9411602,1.2488682,1.2366902,76,81,112,121,0.93333334,0.95
24,2014-08-10 18:55:00+00:00,1.2698883,1.0525627,1.1629461,13,22,94,103,0.6333333,-0.575
24,2014-08-10 18:55:00+00:00,1.1827455,1.1695409,1.2253652,13,22,103,112,0.7828125,-0.5726563
24,2014-08-10 18:55:00+00:00,1.3385391,1.4343108,1.4326897,22,31,85,94,0.48333335,-0.35000002
24,2014-08-10 18:55:00+00:00,1.1818751,1.2502077,1.2524145,22,31,94,103,0.6333333,-0.35000002
24,2014-08-10 18:55:00+00:00,1.1094619,1.3291719,1.2796946,22,31,103,112,0.78333336,-0.35000002
24,2014-08-10 18:55:00+00:00,1.1593404,1.3739628,1.3348386,22,31,112,121,0.93333334,-0.35000002
24,2014-08-10 18:55:00+00:00,1.3529847,1.3009448,1.5252986,31,40,40,49,-0.26276043,-0.119140625
24,2014-08-10 18:55:00+00:00,1.3497609,0.9756221,1.3428944,31,40,49,58,-0.11666667,-0.125
24,2014-08-10 18:55:00+00:00,1.426798,1.1937963,1.4593089,31,40,58,67,0.025781251,-0.12929687
24,2014-08-10 18:55:00+00:00,1.6280457,1.2026418,1.5168319,31,40,67,76,0.19270834,-0.13046876
24,2014-08-10 18:55:00+00:00,1.3658445,1.0943923,1.3304036,31,40,85,94,0.48333335,-0.125
24,2014-08-10 18:55:00+00:00,1.1911865,1.0355183,1.1886628,31,40,94,103,0.6333333,-0.125
24,2014-08-10 18:55:00+00:00,1.1809602,1.1382506,1.2163051,31,40,103,112,0.78333336,-0.125
24,2014-08-10 18:55:00+00:00,1.2498233,1.1279018,1.2511607,31,40,112,121,0.93333334,-0.125
24,2014-08-10 18:55:00+00:00,2.4904647,1.79121,1.8695749,40,49,22,31,-0.56666666,0.099999994
24,2014-08-10 18:55:00+00:00,1.7002368,1.7473618,1.6880832,40,49,31,40,-0.4166667,0.099999994
24,2014-08-10 18:55:00+00:00,1.7519037,1.6051247,1.5666637,40,49,40,49,-0.26666665,0.099999994
24,2014-08-10 18:55:00+00:00,1.5118814,1.3574407,1.4135838,40,49,49,58,-0.11666667,0.099999994
24,2014-08-10 18:55:00+00:00,1.5042286,1.5000662,1.5019257,40,49,58,67,0.032552086,0.10078125
24,2014-08-10 18:55:00+00:00,1.5875567,1.4519452,1.5530665,40,49,67,76,0.19192709,0.109375
24,2014-08-10 18:55:00+00:00,1.7168329,1.3873725,1.3737636,40,49,85,94,0.49296874,0.09257813
24,2014-08-10 18:55:00+00:00,1.3416181,1.2296156,1.2249709,40,49,94,103,0.6333333,0.099999994
24,2014-08-10 18:55:00+00:00,1.278333,1.2947998,1.2262605,40,49,103,112,0.78333336,0.099999994
24,2014-08-10 18:55:00+00:00,1.2730196,1.3096985,1.2737778,40,49,112,121,0.93333334,0.099999994
24,2014-08-10 18:55:00+00:00,2.9776745,1.7522473,1.8109183,49,58,13,22,-0.71666664,0.325
24,2014-08-10 18:55:00+00:00,2.400292,1.5686785,1.6347818,49,58,22,31,-0.56666666,0.325
24,2014-08-10 18:55:00+00:00,1.9224601,1.4698957,1.4878505,49,58,31,40,-0.4166667,0.325
24,2014-08-10 18:55:00+00:00,1.6593374,1.3911648,1.4620838,49,58,40,49,-0.26666665,0.325
24,2014-08-10 18:55:00+00:00,1.4285618,1.2284776,1.327225,49,58,49,58,-0.11666667,0.325
24,2014-08-10 18:55:00+00:00,1.3605416,1.3730593,1.4049867,49,58,58,67,0.033333335,0.325
24,2014-08-10 18:55:00+00:00,1.372737,1.4435277,1.4904726,49,58,67,76,0.18333334,0.325
24,2014-08-10 18:55:00+00:00,1.5368613,1.2125053,1.2577493,49,58,85,94,0.4903646,0.33203125
24,2014-08-10 18:55:00+00:00,1.261689,1.0204551,1.1431743,49,58,94,103,0.6333333,0.325
24,2014-08-10 18:55:00+00:00,1.264432,1.1287029,1.1706092,49,58,103,112,0.78333336,0.325
24,2014-08-10 18:55:00+00:00,1.1819277,1.1514697,1.199646,49,58,112,121,0.93333334,0.325
24,2014-08-10 18:55:00+00:00,1.2845272,1.939811,1.6792393,58,67,22,31,-0.5598959,0.5425781
24,2014-08-10 18:55:00+00:00,1.121711,1.7681453,1.5449274,58,67,31,40,-0.4166667,0.55
24,2014-08-10 18:55:00+00:00,1.1627371,1.6167705,1.5094149,58,67,40,49,-0.26666665,0.55
24,2014-08-10 18:55:00+00:00,1.1663773,1.4770886,1.4181718,58,67,49,58,-0.11666667,0.55
24,2014-08-10 18:55:00+00:00,1.1769046,1.5629483,1.467203,58,67,58,67,0.033333335,0.55
24,2014-08-10 18:55:00+00:00,1.2486708,1.6211102,1.5276859,58,67,67,76,0.18333334,0.55
24,2014-08-10 18:55:00+00:00,1.4148622,1.626002,1.4172795,58,67,76,85,0.3333333,0.55
24,2014-08-10 18:55:00+00:00,1.3572199,1.4124258,1.3833599,58,67,85,94,0.48333335,0.55
24,2014-08-10 18:55:00+00:00,1.2399766,1.3422377,1.2853024,58,67,103,112,0.78333336,0.55
24,2014-08-10 18:55:00+00:00,1.1858548,1.3680736,1.3086976,58,67,112,121,0.93333334,0.55
24,2014-08-10 18:55:00+00:00,0.9700253,1.5078478,1.3986014,67,76,31,40,-0.4166667,0.76874995
24,2014-08-10 18:55:00+00:00,1.3365307,1.190971,1.2827563,67,76,85,94,0.47484276,0.73962265
24,2014-08-10 18:55:00+00:00,1.1846105,1.2750468,1.1495228,67,76,103,112,0.78333336,0.775
24,2014-08-10 18:55:00+00:00,1.1583229,1.2535022,1.1600279,67,76,112,121,0.93333334,0.775
24,2014-08-10 18:55:00+00:00,1.063065,1.1516411,1.1641015,76,81,112,121,0.93333334,0.95
25,2014-08-13 17:50:00+00:00,3.1336906,2.2057335,2.5146365,13,22,94,103,0.6335938,-0.5746094
25,2014-08-13 17:50:00+00:00,3.406441,2.1720521,2.3291502,13,22,103,112,0.7828125,-0.5726563
25,2014-08-13 17:50:00+00:00,3.106809,2.8262255,3.0090854,22,31,85,94,0.48333335,-0.35000002
25,2014-08-13 17:50:00+00:00,2.7759783,2.2433147,2.514377,22,31,94,103,0.6333333,-0.35000002
25,2014-08-13 17:50:00+00:00,2.3868732,2.189912,2.2985106,22,31,103,112,0.78333336,-0.35000002
25,2014-08-13 17:50:00+00:00,2.3680792,2.2168684,2.2627988,22,31,112,121,0.93333334,-0.35000002
25,2014-08-13 17:50:00+00:00,3.831134,3.1547885,3.5885518,31,40,40,49,-0.26276043,-0.119140625
25,2014-08-13 17:50:00+00:00,3.475821,2.5858185,3.4127283,31,40,49,58,-0.11666667,-0.125
25,2014-08-13 17:50:00+00:00,3.9104617,2.8087523,3.4169855,31,40,58,67,0.029166667,-0.12695312
25,2014-08-13 17:50:00+00:00,2.9474995,4.0888224,3.601699,31,40,76,85,0.33984375,-0.1125
25,2014-08-13 17:50:00+00:00,3.0781999,2.619084,3.1471772,31,40,85,94,0.48333335,-0.125
25,2014-08-13 17:50:00+00:00,2.5448613,2.1424096,2.6441271,31,40,94,103,0.6333333,-0.125
25,2014-08-13 17:50:00+00:00,2.2907143,1.9847947,2.3357358,31,40,103,112,0.78333336,-0.125
25,2014-08-13 17:50:00+00:00,2.301501,2.0067835,2.240422,31,40,112,121,0.93333334,-0.125
25,2014-08-13 17:50:00+00:00,4.6187754,4.265163,4.80179,40,49,13,22,-0.7106771,0.103906244
25,2014-08-13 17:50:00+00:00,4.5836787,4.2982035,4.604187,40,49,22,31,-0.56666666,0.099999994
25,2014-08-13 17:50:00+00:00,4.1909018,4.6265726,4.1181073,40,49,31,40,-0.4166667,0.099999994
25,2014-08-13 17:50:00+00:00,3.65897,3.3552551,3.514806,40,49,40,49,-0.26666665,0.099999994
25,2014-08-13 17:50:00+00:00,3.5434244,2.7430243,3.3211992,40,49,49,58,-0.11666667,0.099999994
25,2014-08-13 17:50:00+00:00,2.9921591,2.9138029,3.2276819,40,49,58,67,0.029166667,0.1
25,2014-08-13 17:50:00+00:00,2.9324849,3.4620721,3.5721016,40,49,67,76,0.18697917,0.10390625
25,2014-08-13 17:50:00+00:00,2.9397964,2.8343296,3.1529043,40,49,85,94,0.49401045,0.09375
25,2014-08-13 17:50:00+00:00,2.335731,2.5152886,2.7381947,40,49,94,103,0.6333333,0.099999994
25,2014-08-13 17:50:00+00:00,2.2562678,2.2766528,2.362005,40,49,103,112,0.78333336,0.099999994
25,2014-08-13 17:50:00+00:00,2.1946273,2.250865,2.2380273,40,49,112,121,0.93333334,0.099999994
25,2014-08-13 17:50:00+00:00,4.1520653,4.0262046,4.149238,49,58,13,22,-0.7164062,0.32382813
25,2014-08-13 17:50:00+00:00,3.131502,3.797306,3.8060129,49,58,22,31,-0.56666666,0.325
25,2014-08-13 17:50:00+00:00,3.1316974,4.012116,3.3332527,49,58,31,40,-0.4166667,0.325
25,2014-08-13 17:50:00+00:00,2.981422,2.9332967,2.89374,49,58,40,49,-0.26666665,0.325
25,2014-08-13 17:50:00+00:00,2.5828369,2.371703,2.7009532,49,58,49,58,-0.11666667,0.325
25,2014-08-13 17:50:00+00:00,2.5146945,2.5635917,2.7624917,49,58,58,67,0.033333335,0.325
25,2014-08-13 17:50:00+00:00,2.735407,3.1325698,3.1400156,49,58,67,76,0.18333334,0.325
25,2014-08-13 17:50:00+00:00,2.8618908,2.7729933,2.8098419,49,58,85,94,0.4872396,0.3292969
25,2014-08-13 17:50:00+00:00,2.3341157,2.299709,2.513129,49,58,94,103,0.6333333,0.325
25,2014-08-13 17:50:00+00:00,2.2094896,2.1914077,2.255349,49,58,103,112,0.78333336,0.325
25,2014-08-13 17:50:00+00:00,2.126613,2.146968,2.0731568,49,58,112,121,0.93333334,0.325
25,2014-08-13 17:50:00+00:00,2.1858454,3.6018481,3.2800777,58,67,22,31,-0.56041664,0.5488281
25,2014-08-13 17:50:00+00:00,2.362131,3.7209802,2.9158528,58,67,31,40,-0.4166667,0.55
25,2014-08-13 17:50:00+00:00,2.4802353,2.771068,2.5480487,58,67,40,49,-0.26666665,0.55
25,2014-08-13 17:50:00+00:00,2.4188166,2.400821,2.4300766,58,67,49,58,-0.11666667,0.55
25,2014-08-13 17:50:00+00:00,2.4213264,2.4701092,2.4364693,58,67,58,67,0.032552082,0.5492188
25,2014-08-13 17:50:00+00:00,2.3847451,2.7367117,2.6768804,58,67,67,76,0.18333334,0.55
25,2014-08-13 17:50:00+00:00,2.502595,3.65635,2.887446,58,67,76,85,0.3333333,0.55
25,2014-08-13 17:50:00+00:00,2.395617,2.733035,2.5973763,58,67,85,94,0.48333335,0.55
25,2014-08-13 17:50:00+00:00,1.9999336,2.186165,2.147819,58,67,103,112,0.78333336,0.55
25,2014-08-13 17:50:00+00:00,1.979029,2.1646504,2.0161848,58,67,112,121,0.93333334,0.55
25,2014-08-13 17:50:00+00:00,3.2370527,3.6787302,2.9592154,67,76,31,40,-0.41875,0.76640624
25,2014-08-13 17:50:00+00:00,1.9884608,1.965209,2.0175123,67,76,103,112,0.7856771,0.7734375
25,2014-08-13 17:50:00+00:00,1.8173877,1.9154575,1.8862734,67,76,112,121,0.93333334,0.775
25,2014-08-13 17:50:00+00:00,1.9190209,1.8711448,1.8998818,76,81,112,121,0.93333334,0.95
26,2014-08-17 19:00:00+00:00,1.4716079,1.5117373,1.4664352,67,76,103,112,0.78333336,0.775
26,2014-08-17 19:00:00+00:00,1.4941455,1.4896101,1.4462383,67,76,112,121,0.93333334,0.775
26,2014-08-17 19:00:00+00:00,0.86055994,1.4093732,1.4557488,76,81,103,112,0.7908333,0.948125
26,2014-08-17 19:00:00+00:00,1.3674793,1.4156642,1.4335275,76,81,112,121,0.93333334,0.95
27,2014-08-18 18:05:00+00:00,2.6204526,1.5176151,1.7125401,31,40,40,49,-0.26510417,-0.11835937
27,2014-08-18 18:05:00+00:00,2.4364886,1.9702781,2.0785506,40,49,22,31,-0.56666666,0.099999994
27,2014-08-18 18:05:00+00:00,1.828116,1.9439285,1.8526589,40,49,31,40,-0.4166667,0.099999994
27,2014-08-18 18:05:00+00:00,1.7129169,1.7299943,1.6983103,40,49,40,49,-0.26666665,0.099999994
27,2014-08-18 18:05:00+00:00,1.8191477,1.4568563,1.551678,40,49,49,58,-0.11666667,0.099999994
27,2014-08-18 18:05:00+00:00,2.686129,1.8926114,1.9492669,49,58,13,22,-0.71666664,0.325
27,2014-08-18 18:05:00+00:00,1.4103366,1.7071062,1.7791828,49,58,22,31,-0.56927085,0.32226562
27,2014-08-18 18:05:00+00:00,1.2728608,1.5233833,1.5526859,49,58,40,49,-0.26666665,0.325
27,2014-08-18 18:05:00+00:00,1.4006666,1.331255,1.4255428,49,58,49,58,-0.11666667,0.325
27,2014-08-18 18:05:00+00:00,1.5545574,1.4589452,1.4908625,49,58,58,67,0.033333335,0.325
27,2014-08-18 18:05:00+00:00,1.5380615,1.6058443,1.5714046,49,58,67,76,0.18255208,0.3328125
27,2014-08-18 18:05:00+00:00,1.3181444,2.0599322,1.7893744,58,67,22,31,-0.56041664,0.5414063
27,2014-08-18 18:05:00+00:00,1.1140888,1.8670481,1.6287233,58,67,31,40,-0.41614583,0.55390626
27,2014-08-18 18:05:00+00:00,1.1910589,1.7182552,1.567926,58,67,40,49,-0.26666665,0.55
27,2014-08-18 18:05:00+00:00,1.328094,1.5433719,1.4866184,58,67,49,58,-0.11666667,0.55
27,2014-08-18 18:05:00+00:00,1.2859979,1.6175587,1.5207883,58,67,58,67,0.033333335,0.55
27,2014-08-18 18:05:00+00:00,1.383515,1.685196,1.585098,58,67,67,76,0.18333334,0.55
27,2014-08-18 18:05:00+00:00,1.4674917,1.7482713,1.4978651,58,67,76,85,0.3356771,0.55195314
27,2014-08-18 18:05:00+00:00,1.4565809,1.5625225,1.4758953,58,67,85,94,0.48333335,0.55
27,2014-08-18 18:05:00+00:00,1.4301049,1.4567516,1.3853267,58,67,94,103,0.6333333,0.5398438
27,2014-08-18 18:05:00+00:00,1.2136738,1.4639425,1.3898369,58,67,103,112,0.78333336,0.55
27,2014-08-18 18:05:00+00:00,1.2206143,1.4928843,1.4093069,58,67,112,121,0.93333334,0.55
27,2014-08-18 18:05:00+00:00,1.024849,1.689586,1.5111235,67,76,31,40,-0.415625,0.76953125
27,2014-08-18 18:05:00+00:00,1.3209565,1.376293,1.2714368,67,76,103,112,0.78333336,0.775
27,2014-08-18 18:05:00+00:00,1.3056746,1.3681437,1.2863256,67,76,112,121,0.93333334,0.775
27,2014-08-18 18:05:00+00:00,1.3265861,1.2686135,1.2841014,76,81,112,121,0.93333334,0.95
28,2014-08-25 18:15:00+00:00,2.8980417,2.167815,2.4385061,31,40,40,49,-0.26302084,-0.119140625
28,2014-08-25 18:15:00+00:00,2.4527898,1.7553196,2.2601643,31,40,49,58,-0.11666667,-0.125
28,2014-08-25 18:15:00+00:00,2.3821454,1.9299046,2.2940524,31,40,58,67,0.024739582,-0.12695312
28,2014-08-25 18:15:00+00:00,2.6790736,2.37948,2.506007,31,40,67,76,0.19375001,-0.13203125
28,2014-08-25 18:15:00+00:00,2.6920683,1.7947273,2.178893,31,40,85,94,0.48333335,-0.125
28,2014-08-25 18:15:00+00:00,2.2388155,1.6183333,1.9061272,31,40,94,103,0.6333333,-0.125
28,2014-08-25 18:15:00+00:00,1.8697687,1.548971,1.7474004,31,40,103,112,0.78333336,-0.125
28,2014-08-25 18:15:00+00:00,1.6317893,1.5701417,1.7089443,31,40,112,121,0.93333334,-0.125
28,2014-08-25 18:15:00+00:00,3.3658922,2.8033195,3.29859,40,49,13,22,-0.71458334,0.115624994
28,2014-08-25 18:15:00+00:00,3.327406,3.006747,3.1619074,40,49,22,31,-0.56666666,0.099999994
28,2014-08-25 18:15:00+00:00,2.9425557,3.187324,2.815564,40,49,31,40,-0.4166667,0.099999994
28,2014-08-25 18:15:00+00:00,2.3391626,2.3890748,2.4148996,40,49,40,49,-0.26666665,0.099999994
28,2014-08-25 18:15:00+00:00,2.1351519,1.9825504,2.2422063,40,49,49,58,-0.11666667,0.099999994
28,2014-08-25 18:15:00+00:00,2.3153272,2.0818627,2.276385,40,49,58,67,0.032552086,0.10078125
28,2014-08-25 18:15:00+00:00,2.587817,2.4858778,2.500869,40,49,67,76,0.19114584,0.10820312
28,2014-08-25 18:15:00+00:00,2.638639,2.1899598,2.2834659,40,49,85,94,0.48828125,0.09257812
28,2014-08-25 18:15:00+00:00,2.2799506,1.9508108,2.011885,40,49,94,103,0.6333333,0.099999994
28,2014-08-25 18:15:00+00:00,2.1270447,1.8008571,1.802691,40,49,103,112,0.78333336,0.099999994
28,2014-08-25 18:15:00+00:00,1.7522986,1.8053226,1.7501614,40,49,112,121,0.93333334,0.099999994
28,2014-08-25 18:15:00+00:00,3.1287255,2.8709235,2.9596128,49,58,13,22,-0.71666664,0.325
28,2014-08-25 18:15:00+00:00,2.2377572,2.684532,2.680132,49,58,22,31,-0.56666666,0.325
28,2014-08-25 18:15:00+00:00,1.8415225,2.7581005,2.3701565,49,58,31,40,-0.4166667,0.325
28,2014-08-25 18:15:00+00:00,1.7516195,2.1424708,2.1049182,49,58,40,49,-0.26666665,0.325
28,2014-08-25 18:15:00+00:00,1.8720506,1.7980207,1.9584222,49,58,49,58,-0.11666667,0.325
28,2014-08-25 18:15:00+00:00,2.238442,1.9118658,2.0243416,49,58,58,67,0.033333335,0.325
28,2014-08-25 18:15:00+00:00,2.2817771,2.3138182,2.3007612,49,58,67,76,0.18333334,0.325
28,2014-08-25 18:15:00+00:00,2.321395,2.012031,2.069117,49,58,85,94,0.4914063,0.33046874
28,2014-08-25 18:15:00+00:00,1.8581078,1.7849236,1.9243532,49,58,94,103,0.6333333,0.325
28,2014-08-25 18:15:00+00:00,1.9624668,1.7199742,1.7786621,49,58,103,112,0.78333336,0.325
28,2014-08-25 18:15:00+00:00,1.919329,1.7246948,1.6852078,49,58,112,121,0.93333334,0.325
28,2014-08-25 18:15:00+00:00,1.811376,2.6130257,2.4055345,58,67,22,31,-0.5598959,0.5425781
28,2014-08-25 18:15:00+00:00,1.7569585,2.6354682,2.1518538,58,67,31,40,-0.4166667,0.55
28,2014-08-25 18:15:00+00:00,1.7659318,2.0731864,1.9188768,58,67,40,49,-0.26666665,0.55
28,2014-08-25 18:15:00+00:00,1.7086421,1.8290528,1.8412592,58,67,49,58,-0.11666667,0.55
28,2014-08-25 18:15:00+00:00,1.8355274,1.8625255,1.8591255,58,67,58,67,0.033333335,0.55
28,2014-08-25 18:15:00+00:00,1.9658859,2.0665026,2.0377698,58,67,67,76,0.18333334,0.55
28,2014-08-25 18:15:00+00:00,2.0847433,2.628053,2.171813,58,67,76,85,0.3333333,0.55
28,2014-08-25 18:15:00+00:00,1.973511,2.0637696,2.0093455,58,67,85,94,0.48333335,0.55
28,2014-08-25 18:15:00+00:00,1.8153734,1.8627443,1.903593,58,67,94,103,0.63125,0.5402344
28,2014-08-25 18:15:00+00:00,1.6203789,1.7795238,1.7732213,58,67,103,112,0.78333336,0.55
28,2014-08-25 18:15:00+00:00,1.6823347,1.7834778,1.70076,58,67,112,121,0.93333334,0.55
28,2014-08-25 18:15:00+00:00,1.7017509,2.608175,2.1326246,67,76,31,40,-0.4153646,0.7691406
28,2014-08-25 18:15:00+00:00,1.8335534,1.8304064,1.9324886,67,76,85,94,0.47403845,0.7389424
28,2014-08-25 18:15:00+00:00,1.51095,1.6474829,1.6509914,67,76,103,112,0.78333336,0.775
28,2014-08-25 18:15:00+00:00,1.4949787,1.6200247,1.578601,67,76,112,121,0.93333334,0.775
28,2014-08-25 18:15:00+00:00,1.5060114,1.6278349,1.6071627,76,81,112,121,0.93333334,0.95
29,2014-08-26 18:55:00+00:00,2.08799,1.6731076,1.8487259,13,22,94,103,0.6333333,-0.575
29,2014-08-26 18:55:00+00:00,1.9248844,1.6898932,1.7696859,13,22,103,112,0.7828125,-0.5726563
29,2014-08-26 18:55:00+00:00,2.2631884,2.0975087,2.1794152,22,31,85,94,0.48333335,-0.35000002
29,2014-08-26 18:55:00+00:00,2.0099435,1.7347231,1.8686038,22,31,94,103,0.6333333,-0.35000002
29,2014-08-26 18:55:00+00:00,1.9012496,1.7328637,1.7672849,22,31,103,112,0.78333336,-0.35000002
29,2014-08-26 18:55:00+00:00,1.7814548,1.7734332,1.7637967,22,31,112,121,0.93333334,-0.35000002
29,2014-08-26 18:55:00+00:00,2.501585,2.1232014,2.3523643,31,40,40,49,-0.25989586,-0.11679687
29,2014-08-26 18:55:00+00:00,2.4908295,1.687885,2.2533853,31,40,49,58,-0.11666667,-0.125
29,2014-08-26 18:55:00+00:00,2.340591,1.901043,2.2968872,31,40,58,67,0.026041668,-0.12773438
29,2014-08-26 18:55:00+00:00,2.7209663,2.21065,2.5065155,31,40,67,76,0.1875,-0.12773438
29,2014-08-26 18:55:00+00:00,2.8090954,1.7986555,2.1898093,31,40,85,94,0.48333335,-0.125
29,2014-08-26 18:55:00+00:00,2.4656634,1.5556494,1.888001,31,40,94,103,0.6333333,-0.125
29,2014-08-26 18:55:00+00:00,1.9754397,1.5231501,1.7371752,31,40,103,112,0.78333336,-0.125
29,2014-08-26 18:55:00+00:00,1.7484401,1.5443606,1.6950563,31,40,112,121,0.93333334,-0.125
29,2014-08-26 18:55:00+00:00,2.4879599,3.0518806,3.1877708,40,49,22,31,-0.56848955,0.09804688
29,2014-08-26 18:55:00+00:00,2.7746248,3.2074938,2.8252923,40,49,31,40,-0.4166667,0.099999994
29,2014-08-26 18:55:00+00:00,2.1084862,2.0764298,2.2538204,40,49,58,67,0.034114584,0.10273437
29,2014-08-26 18:55:00+00:00,2.4316916,2.4651058,2.5274453,40,49,67,76,0.19010417,0.10859375
29,2014-08-26 18:55:00+00:00,2.8776877,2.2047725,2.291516,40,49,85,94,0.48828125,0.09257812
29,2014-08-26 18:55:00+00:00,2.241563,1.8947427,1.983225,40,49,94,103,0.6333333,0.099999994
29,2014-08-26 18:55:00+00:00,2.0883074,1.7792032,1.7808614,40,49,103,112,0.78333336,0.099999994
29,2014-08-26 18:55:00+00:00,1.9544692,1.7838626,1.7260228,40,49,112,121,0.93333334,0.099999994
29,2014-08-26 18:55:00+00:00,1.8203285,2.7757745,2.36859,49,58,31,40,-0.4166667,0.325
29,2014-08-26 18:55:00+00:00,1.9804378,1.9454308,2.0220096,49,58,58,67,0.039843753,0.33085936
29,2014-08-26 18:55:00+00:00,2.3213549,2.3277483,2.3118687,49,58,67,76,0.18333334,0.325
29,2014-08-26 18:55:00+00:00,2.4788132,2.0336246,2.0592084,49,58,85,94,0.4903646,0.33203125
29,2014-08-26 18:55:00+00:00,1.9142478,1.7127361,1.8838928,49,58,94,103,0.6333333,0.325
29,2014-08-26 18:55:00+00:00,1.7753034,1.6847043,1.7471676,49,58,103,112,0.78333336,0.325
29,2014-08-26 18:55:00+00:00,1.9052225,1.6891582,1.6513886,49,58,112,121,0.93333334,0.325
29,2014-08-26 18:55:00+00:00,1.6258525,2.7093947,2.1744332,58,67,31,40,-0.4166667,0.55
29,2014-08-26 18:55:00+00:00,1.8248898,2.1234093,1.9498518,58,67,40,49,-0.26718748,0.5523437
29,2014-08-26 18:55:00+00:00,1.9926314,2.1340082,2.071216,58,67,67,76,0.18333334,0.55
29,2014-08-26 18:55:00+00:00,2.1073632,2.7080781,2.1867702,58,67,76,85,0.3333333,0.55
29,2014-08-26 18:55:00+00:00,2.1670945,2.1088138,2.018451,58,67,85,94,0.48333335,0.55
29,2014-08-26 18:55:00+00:00,1.8840022,1.8496217,1.8779777,58,67,94,103,0.63359374,0.53945315
29,2014-08-26 18:55:00+00:00,1.5610287,1.7819225,1.7581574,58,67,103,112,0.78333336,0.55
29,2014-08-26 18:55:00+00:00,1.5274357,1.7864946,1.6837125,58,67,112,121,0.93333334,0.55
29,2014-08-26 18:55:00+00:00,1.9623957,1.8233491,1.9303607,67,76,85,94,0.47371796,0.7389424
29,2014-08-26 18:55:00+00:00,1.5367968,1.634326,1.6272181,67,76,103,112,0.78333336,0.775
29,2014-08-26 18:55:00+00:00,1.3947735,1.6042613,1.5509319,67,76,112,121,0.93333334,0.775
29,2014-08-26 18:55:00+00:00,1.4736642,1.5786773,1.5677844,76,81,112,121,0.93333334,0.95
30,2014-08-27 18:00:00+00:00,1.8282478,1.7005111,1.6911653,22,31,85,94,0.48333335,-0.35000002
30,2014-08-27 18:00:00+00:00,1.558676,1.4434686,1.5017563,22,31,94,103,0.6333333,-0.35000002
30,2014-08-27 18:00:00+00:00,1.3688028,1.5247842,1.4990455,22,31,103,112,0.78125,-0.346875
30,2014-08-27 18:00:00+00:00,2.4442964,1.562469,1.8124051,31,40,40,49,-0.26692706,-0.12578124
30,2014-08-27 18:00:00+00:00,2.1933298,1.553679,1.8201457,31,40,67,76,0.19479167,-0.13359375
30,2014-08-27 18:00:00+00:00,2.1785524,1.3466749,1.6067469,31,40,85,94,0.48333335,-0.125
30,2014-08-27 18:00:00+00:00,1.8974257,1.2258215,1.4527063,31,40,94,103,0.6333333,-0.125
30,2014-08-27 18:00:00+00:00,1.6234133,1.31807,1.4445652,31,40,103,112,0.78333336,-0.125
30,2014-08-27 18:00:00+00:00,1.378095,1.308338,1.4484745,31,40,112,121,0.93333334,-0.125
30,2014-08-27 18:00:00+00:00,2.5171056,2.089617,2.2389755,40,49,22,31,-0.5700521,0.10078125
30,2014-08-27 18:00:00+00:00,1.9181008,1.685375,1.815569,40,49,67,76,0.1825521,0.10820312
30,2014-08-27 18:00:00+00:00,1.6606302,1.4466584,1.4896386,40,49,94,103,0.6333333,0.099999994
30,2014-08-27 18:00:00+00:00,1.6454395,1.487698,1.4502494,40,49,103,112,0.78333336,0.099999994
30,2014-08-27 18:00:00+00:00,1.6578203,1.4851863,1.4575365,40,49,112,121,0.93333334,0.099999994
30,2014-08-27 18:00:00+00:00,2.2846618,2.056106,2.1539037,49,58,13,22,-0.7164062,0.32265624
30,2014-08-27 18:00:00+00:00,1.579034,1.8485126,1.9145823,49,58,22,31,-0.56666666,0.325
30,2014-08-27 18:00:00+00:00,1.4146991,1.8057677,1.7199669,49,58,31,40,-0.4166667,0.325
30,2014-08-27 18:00:00+00:00,1.309762,1.6301087,1.6355758,49,58,40,49,-0.26302084,0.33046874
30,2014-08-27 18:00:00+00:00,1.8388796,1.6619902,1.7071447,49,58,67,76,0.18333334,0.325
30,2014-08-27 18:00:00+00:00,1.8589103,1.451627,1.4946911,49,58,85,94,0.4893229,0.33046874
30,2014-08-27 18:00:00+00:00,1.5201504,1.2284487,1.3875284,49,58,94,103,0.6333333,0.325
30,2014-08-27 18:00:00+00:00,1.3309257,1.3356473,1.3892918,49,58,103,112,0.78333336,0.325
30,2014-08-27 18:00:00+00:00,1.5181937,1.3395023,1.3762234,49,58,112,121,0.93333334,0.325
30,2014-08-27 18:00:00+00:00,1.4787965,2.1646502,1.8919747,58,67,22,31,-0.5627604,0.5433594
30,2014-08-27 18:00:00+00:00,1.3697625,2.0865324,1.7245106,58,67,31,40,-0.4166667,0.55
30,2014-08-27 18:00:00+00:00,1.3482927,1.8148942,1.6395131,58,67,40,49,-0.26666665,0.55
31,2014-08-28 18:45:00+00:00,2.8029583,2.1092834,2.326354,13,22,94,103,0.6333333,-0.575
31,2014-08-28 18:45:00+00:00,2.6655524,2.0877826,2.1963642,13,22,103,112,0.78307295,-0.5738281
31,2014-08-28 18:45:00+00:00,2.784395,2.0984077,2.2842703,22,31,94,103,0.6351562,-0.3503906
31,2014-08-28 18:45:00+00:00,3.6547287,2.818801,3.1176484,31,40,40,49,-0.26276043,-0.119140625
31,2014-08-28 18:45:00+00:00,3.2613065,2.3208427,2.955747,31,40,49,58,-0.11666667,-0.125
31,2014-08-28 18:45:00+00:00,4.542958,3.6101043,4.2074246,40,49,13,22,-0.7130208,0.115624994
31,2014-08-28 18:45:00+00:00,4.1460466,3.7639444,4.0064664,40,49,22,31,-0.56666666,0.099999994
31,2014-08-28 18:45:00+00:00,3.679801,4.1066847,3.5915155,40,49,31,40,-0.4166667,0.099999994
31,2014-08-28 18:45:00+00:00,3.2065985,3.018492,3.062097,40,49,40,49,-0.26666665,0.099999994
31,2014-08-28 18:45:00+00:00,2.9406762,2.4712193,2.9013145,40,49,49,58,-0.11666667,0.099999994
31,2014-08-28 18:45:00+00:00,3.002493,2.598279,2.858436,40,49,58,67,0.030989584,0.09804687
31,2014-08-28 18:45:00+00:00,2.679655,2.162261,2.1367073,40,49,112,121,0.93333334,0.099999994
31,2014-08-28 18:45:00+00:00,3.90437,3.6563017,3.7541032,49,58,13,22,-0.71666664,0.325
31,2014-08-28 18:45:00+00:00,2.9260824,3.3918443,3.3936434,49,58,22,31,-0.56666666,0.325
31,2014-08-28 18:45:00+00:00,2.508575,3.6182907,2.9962187,49,58,31,40,-0.4166667,0.325
31,2014-08-28 18:45:00+00:00,2.3605316,2.7198777,2.6077604,49,58,40,49,-0.26666665,0.325
31,2014-08-28 18:45:00+00:00,2.2855108,2.2429082,2.454404,49,58,49,58,-0.12317708,0.32265624
31,2014-08-28 18:45:00+00:00,2.9710712,2.5870826,2.6047797,49,58,85,94,0.49088544,0.3328125
31,2014-08-28 18:45:00+00:00,2.3231044,2.2876375,2.4406972,49,58,94,103,0.6333333,0.325
31,2014-08-28 18:45:00+00:00,2.1180754,2.1752408,2.2363229,49,58,103,112,0.78333336,0.325
31,2014-08-28 18:45:00+00:00,2.4819756,2.1115396,2.0491664,49,58,112,121,0.93333334,0.325
31,2014-08-28 18:45:00+00:00,2.1560915,3.2969787,2.624342,58,67,31,40,-0.4166667,0.55
31,2014-08-28 18:45:00+00:00,2.2559576,2.5301886,2.285964,58,67,40,49,-0.2671875,0.54648435
31,2014-08-28 18:45:00+00:00,2.4338012,2.5520916,2.4871707,58,67,67,76,0.19010417,0.559375
31,2014-08-28 18:45:00+00:00,2.6146617,3.3267305,2.6942558,58,67,76,85,0.3333333,0.55
31,2014-08-28 18:45:00+00:00,2.7022293,2.5430934,2.4288988,58,67,85,94,0.48333335,0.55
31,2014-08-28 18:45:00+00:00,2.5091193,2.1945841,2.313016,58,67,94,103,0.6322917,0.5378907
31,2014-08-28 18:45:00+00:00,1.9657804,2.1192338,2.1376996,58,67,103,112,0.78333336,0.55
31,2014-08-28 18:45:00+00:00,1.9413456,2.0765185,1.9928408,58,67,112,121,0.93333334,0.55
31,2014-08-28 18:45:00+00:00,2.0664053,3.356269,2.6245716,67,76,31,40,-0.41354167,0.7691406
31,2014-08-28 18:45:00+00:00,2.7806382,2.270282,2.362785,67,76,85,94,0.47371796,0.7389424
31,2014-08-28 18:45:00+00:00,1.9955938,1.943614,2.0342145,67,76,103,112,0.78333336,0.775
31,2014-08-28 18:45:00+00:00,1.8139281,1.8738753,1.8899213,67,76,112,121,0.93333334,0.775
31,2014-08-28 18:45:00+00:00,1.928883,1.9163483,1.9255042,76,81,112,121,0.93333334,0.95
32,2014-09-03 18:05:00+00:00,1.6547376,1.8892089,2.0354364,13,22,94,103,0.6333333,-0.575
32,2014-09-03 18:05:00+00:00,1.73382,1.8683846,1.9444823,13,22,103,112,0.78046876,-0.5636718
32,2014-09-03 18:05:00+00:00,2.053749,2.2319946,2.3184478,22,31,85,94,0.48333335,-0.35000002
32,2014-09-03 18:05:00+00:00,1.8230286,1.8829237,1.9713846,22,31,94,103,0.6333333,-0.35000002
32,2014-09-03 18:05:00+00:00,1.556091,1.8660316,1.8628893,22,31,103,112,0.78333336,-0.35000002
32,2014-09-03 18:05:00+00:00,1.3445587,1.8629059,1.8312055,22,31,112,121,0.93333334,-0.35000002
32,2014-09-03 18:05:00+00:00,3.4759831,2.1075344,2.77582,31,40,49,58,-0.11666667,-0.125
32,2014-09-03 18:05:00+00:00,2.7388544,1.9149436,2.4329598,31,40,85,94,0.48333335,-0.125
32,2014-09-03 18:05:00+00:00,2.055162,1.7509532,2.125736,31,40,94,103,0.6333333,-0.125
32,2014-09-03 18:05:00+00:00,1.3475938,1.6453813,1.9334525,31,40,103,112,0.78333336,-0.125
32,2014-09-03 18:05:00+00:00,1.2818347,1.5603447,1.8116715,31,40,112,121,0.93333334,-0.125
32,2014-09-03 18:05:00+00:00,2.9279866,3.5766582,3.7465665,40,49,22,31,-0.56145835,0.10820313
32,2014-09-03 18:05:00+00:00,2.8529613,3.971676,3.43215,40,49,31,40,-0.4166667,0.099999994
32,2014-09-03 18:05:00+00:00,2.9377198,3.0449817,3.0334952,40,49,40,49,-0.26666665,0.099999994
32,2014-09-03 18:05:00+00:00,3.2030182,2.5163767,2.8335161,40,49,49,58,-0.11666667,0.099999994
32,2014-09-03 18:05:00+00:00,3.2824686,2.442861,2.7564387,40,49,58,67,0.026302082,0.110156246
32,2014-09-03 18:05:00+00:00,3.234634,3.185554,3.152206,40,49,67,76,0.18932292,0.10507812
32,2014-09-03 18:05:00+00:00,3.3367906,2.5773282,2.6031344,40,49,85,94,0.48802084,0.0890625
32,2014-09-03 18:05:00+00:00,3.015548,2.2900681,2.3865852,40,49,94,103,0.6333333,0.099999994
32,2014-09-03 18:05:00+00:00,3.100245,2.0802503,2.1221597,40,49,103,112,0.78333336,0.099999994
32,2014-09-03 18:05:00+00:00,2.082947,1.9707934,1.9518106,40,49,112,121,0.93333334,0.099999994
32,2014-09-03 18:05:00+00:00,4.2640195,3.8920772,3.8953376,49,58,13,22,-0.71484375,0.32421875
32,2014-09-03 18:05:00+00:00,3.1720035,3.5673661,3.4713578,49,58,22,31,-0.56666666,0.325
32,2014-09-03 18:05:00+00:00,2.4788828,3.7640948,3.1090147,49,58,31,40,-0.4166667,0.325
32,2014-09-03 18:05:00+00:00,2.2998745,2.9350467,2.804265,49,58,40,49,-0.26666665,0.325
32,2014-09-03 18:05:00+00:00,2.376643,2.4076867,2.6202254,49,58,49,58,-0.11666667,0.325
32,2014-09-03 18:05:00+00:00,2.4288597,2.547196,2.6795342,49,58,58,67,0.033333335,0.325
32,2014-09-03 18:05:00+00:00,3.2893271,3.2232106,3.1140633,49,58,67,76,0.18333334,0.325
32,2014-09-03 18:05:00+00:00,3.397825,2.7151318,2.662106,49,58,85,94,0.48854166,0.33085936
32,2014-09-03 18:05:00+00:00,3.2387948,2.409099,2.5024471,49,58,94,103,0.6333333,0.325
32,2014-09-03 18:05:00+00:00,3.444768,2.2744305,2.2934728,49,58,103,112,0.78333336,0.325
32,2014-09-03 18:05:00+00:00,3.617321,2.127255,2.0365489,49,58,112,121,0.93333334,0.325
32,2014-09-03 18:05:00+00:00,4.2988744,3.12077,3.0422053,58,67,22,31,-0.5619792,0.5453125
32,2014-09-03 18:05:00+00:00,3.0738847,3.2357938,2.7690346,58,67,31,40,-0.4166667,0.55
32,2014-09-03 18:05:00+00:00,2.6310387,2.5842936,2.5014303,58,67,40,49,-0.26666665,0.55
32,2014-09-03 18:05:00+00:00,2.329539,2.2915885,2.3885667,58,67,49,58,-0.11666667,0.55
32,2014-09-03 18:05:00+00:00,2.405296,2.3067696,2.3980188,58,67,58,67,0.033333335,0.55
32,2014-09-03 18:05:00+00:00,2.6193838,2.6249347,2.699363,58,67,67,76,0.18333334,0.55
32,2014-09-03 18:05:00+00:00,2.7852116,3.3002474,2.877719,58,67,76,85,0.3333333,0.55
32,2014-09-03 18:05:00+00:00,2.472189,2.3992121,2.4873493,58,67,85,94,0.48333335,0.55
32,2014-09-03 18:05:00+00:00,2.3559666,2.1251504,2.3646438,58,67,94,103,0.6346354,0.5375
32,2014-09-03 18:05:00+00:00,2.5759122,2.0382805,2.18931,58,67,103,112,0.78333336,0.55
32,2014-09-03 18:05:00+00:00,3.464513,1.9789146,1.9995517,58,67,112,121,0.93333334,0.55
32,2014-09-03 18:05:00+00:00,2.4318893,3.1755805,2.7177732,67,76,31,40,-0.41796875,0.765625
32,2014-09-03 18:05:00+00:00,2.611494,1.8543794,2.0610094,67,76,103,112,0.78333336,0.775
32,2014-09-03 18:05:00+00:00,2.6657615,1.7271066,1.854964,67,76,112,121,0.93333334,0.775
32,2014-09-03 18:05:00+00:00,1.9906796,1.9752897,1.8998924,76,81,112,121,0.93333334,0.95
33,2014-09-04 18:50:00+00:00,1.8747215,2.0477057,2.1875706,13,22,94,103,0.6372396,-0.5691406
33,2014-09-04 18:50:00+00:00,2.4544182,1.8972737,1.9414076,13,22,103,112,0.77734375,-0.5703125
33,2014-09-04 18:50:00+00:00,2.4505568,2.481945,2.6972904,22,31,85,94,0.48359376,-0.34882814
33,2014-09-04 18:50:00+00:00,1.543592,1.7885631,1.7270229,22,31,112,121,0.93333334,-0.35000002
33,2014-09-04 18:50:00+00:00,3.13152,2.193932,2.9588683,31,40,85,94,0.48333335,-0.125
33,2014-09-04 18:50:00+00:00,2.3149953,1.8791237,2.4164245,31,40,94,103,0.6333333,-0.125
33,2014-09-04 18:50:00+00:00,1.4400382,1.7767863,2.04043,31,40,103,112,0.7856771,-0.115234375
33,2014-09-04 18:50:00+00:00,1.446594,1.4044602,1.749083,31,40,112,121,0.93333334,-0.125
33,2014-09-04 18:50:00+00:00,3.773458,3.107279,3.2355647,40,49,85,94,0.48749998,0.08984375
33,2014-09-04 18:50:00+00:00,3.1276956,2.662967,2.8246458,40,49,94,103,0.6333333,0.099999994
33,2014-09-04 18:50:00+00:00,2.9005384,2.225267,2.3047888,40,49,103,112,0.78333336,0.099999994
33,2014-09-04 18:50:00+00:00,2.0827663,2.0020475,1.9919186,40,49,112,121,0.93333334,0.099999994
33,2014-09-04 18:50:00+00:00,3.5899043,2.309112,2.5005074,49,58,103,112,0.7794271,0.31640625
33,2014-09-04 18:50:00+00:00,3.3990924,2.1692073,2.127544,49,58,112,121,0.9372396,0.3191406
33,2014-09-04 18:50:00+00:00,3.1049635,2.0898955,2.3671145,58,67,103,112,0.78333336,0.55
33,2014-09-04 18:50:00+00:00,3.6913128,1.9772652,2.0662248,58,67,112,121,0.93333334,0.55
33,2014-09-04 18:50:00+00:00,2.9247854,1.8276414,2.2001154,67,76,103,112,0.7817708,0.7742187
33,2014-09-04 18:50:00+00:00,1.480498,2.40574,2.3605196,76,81,103,112,0.78943086,0.9469512
34,2014-09-07 17:40:00+00:00,2.0289245,2.0013885,2.156679,13,22,94,103,0.6333333,-0.575
34,2014-09-07 17:40:00+00:00,2.1132212,2.060363,2.0995739,13,22,103,112,0.7825521,-0.575
34,2014-09-07 17:40:00+00:00,2.1206918,2.37579,2.4222596,22,31,85,94,0.48333335,-0.35000002
34,2014-09-07 17:40:00+00:00,1.8584394,1.970334,2.0809417,22,31,94,103,0.6333333,-0.35000002
34,2014-09-07 17:40:00+00:00,1.770697,1.9794853,1.9917575,22,31,103,112,0.78333336,-0.35000002
34,2014-09-07 17:40:00+00:00,1.6871632,1.9656389,1.9401494,22,31,112,121,0.93333334,-0.35000002
34,2014-09-07 17:40:00+00:00,3.4549763,2.7555292,3.010772,31,40,40,49,-0.26380208,-0.11992187
34,2014-09-07 17:40:00+00:00,3.1622703,2.1381145,2.8295796,31,40,49,58,-0.11666667,-0.125
34,2014-09-07 17:40:00+00:00,3.349923,2.2827222,2.7912896,31,40,58,67,0.029166669,-0.12773438
34,2014-09-07 17:40:00+00:00,2.7534099,2.8023846,3.0805464,31,40,67,76,0.18697917,-0.11757813
34,2014-09-07 17:40:00+00:00,2.6716666,3.3340988,2.9898386,31,40,76,85,0.33880207,-0.11640625
34,2014-09-07 17:40:00+00:00,2.3829937,2.0213215,2.5023265,31,40,85,94,0.48333335,-0.125
34,2014-09-07 17:40:00+00:00,2.0401044,1.789864,2.199553,31,40,94,103,0.6333333,-0.125
34,2014-09-07 17:40:00+00:00,1.8422316,1.7290593,2.0357301,31,40,103,112,0.78333336,-0.125
34,2014-09-07 17:40:00+00:00,1.765371,1.6454403,1.8999813,31,40,112,121,0.93333334,-0.125
34,2014-09-07 17:40:00+00:00,3.2697246,3.6843858,3.8111696,40,49,22,31,-0.56666666,0.099999994
34,2014-09-07 17:40:00+00:00,2.972035,3.9931076,3.4471767,40,49,31,40,-0.4166667,0.099999994
34,2014-09-07 17:40:00+00:00,2.9325154,3.121749,3.0681303,40,49,40,49,-0.26666665,0.099999994
34,2014-09-07 17:40:00+00:00,3.0369716,2.53383,2.8745067,40,49,49,58,-0.11666667,0.099999994
34,2014-09-07 17:40:00+00:00,3.3085682,2.6663764,2.8479712,40,49,58,67,0.030729169,0.09882812
34,2014-09-07 17:40:00+00:00,3.1247544,3.2029233,3.18245,40,49,67,76,0.1861979,0.10195312
34,2014-09-07 17:40:00+00:00,2.5309806,2.3313,2.4525657,40,49,94,103,0.6333333,0.099999994
34,2014-09-07 17:40:00+00:00,2.170652,2.1660283,2.217977,40,49,103,112,0.78333336,0.099999994
34,2014-09-07 17:40:00+00:00,1.7805265,2.0488675,2.0303278,40,49,112,121,0.93333334,0.099999994
34,2014-09-07 17:40:00+00:00,3.9304535,3.9046938,3.9576762,49,58,13,22,-0.7138021,0.31796876
34,2014-09-07 17:40:00+00:00,3.5176804,3.6301868,3.4993672,49,58,22,31,-0.56666666,0.325
34,2014-09-07 17:40:00+00:00,3.030705,3.8311958,3.1354296,49,58,31,40,-0.4166667,0.325
34,2014-09-07 17:40:00+00:00,2.695033,3.0473874,2.8462071,49,58,40,49,-0.26666665,0.325
34,2014-09-07 17:40:00+00:00,2.4671419,2.4568083,2.665434,49,58,49,58,-0.11666667,0.325
34,2014-09-07 17:40:00+00:00,2.5164015,2.6048174,2.7203887,49,58,58,67,0.033333335,0.325
34,2014-09-07 17:40:00+00:00,2.9119103,3.2755713,3.142143,49,58,67,76,0.18333334,0.325
34,2014-09-07 17:40:00+00:00,3.5458698,2.8650563,2.7158935,49,58,85,94,0.4872396,0.3292969
34,2014-09-07 17:40:00+00:00,3.1227355,2.4846308,2.5744019,49,58,94,103,0.6333333,0.325
34,2014-09-07 17:40:00+00:00,2.893789,2.3886542,2.3945534,49,58,103,112,0.78333336,0.325
34,2014-09-07 17:40:00+00:00,2.0916743,2.2315447,2.1175396,49,58,112,121,0.93333334,0.325
34,2014-09-07 17:40:00+00:00,4.4270415,3.1883764,3.1308112,58,67,22,31,-0.56354165,0.54414064
34,2014-09-07 17:40:00+00:00,3.2087905,3.3522644,2.8324707,58,67,31,40,-0.4166667,0.55
34,2014-09-07 17:40:00+00:00,2.4402332,2.7144623,2.5686324,58,67,40,49,-0.26666665,0.55
34,2014-09-07 17:40:00+00:00,2.4773684,2.3839266,2.4540308,58,67,49,58,-0.11822917,0.5414063
34,2014-09-07 17:40:00+00:00,2.4237418,2.393929,2.4691327,58,67,58,67,0.035677083,0.54609376
34,2014-09-07 17:40:00+00:00,2.4982255,2.7090757,2.7610278,58,67,67,76,0.18333334,0.55
34,2014-09-07 17:40:00+00:00,2.9931476,3.441554,2.960198,58,67,76,85,0.3333333,0.55
34,2014-09-07 17:40:00+00:00,2.970842,2.5756872,2.5869317,58,67,85,94,0.4820313,0.5421875
34,2014-09-07 17:40:00+00:00,2.757377,2.1722648,2.3069906,58,67,103,112,0.78333336,0.55
34,2014-09-07 17:40:00+00:00,2.7198563,2.093874,2.0917253,58,67,112,121,0.93333334,0.55
34,2014-09-07 17:40:00+00:00,2.4851797,3.209126,2.8182044,67,76,31,40,-0.42083335,0.7679688
34,2014-09-07 17:40:00+00:00,3.1167583,1.9491664,2.1854851,67,76,103,112,0.7861979,0.7753906
34,2014-09-07 17:40:00+00:00,3.0476627,1.8026707,1.9443134,67,76,112,121,0.93333334,0.775
34,2014-09-07 17:40:00+00:00,3.088516,2.0472202,1.9814832,76,81,112,121,0.93333334,0.95
35,2014-09-08 18:25:00+00:00,2.1670945,2.1251686,2.2926219,13,22,94,103,0.6333333,-0.575
35,2014-09-08 18:25:00+00:00,2.4840446,2.0559616,2.0997593,13,22,103,112,0.78151035,-0.5703125
35,2014-09-08 18:25:00+00:00,2.2637918,2.536435,2.6788476,22,31,85,94,0.48333335,-0.35000002
35,2014-09-08 18:25:00+00:00,1.707259,2.0426652,2.1484292,22,31,94,103,0.6333333,-0.35000002
35,2014-09-08 18:25:00+00:00,1.1240183,1.9543738,1.9319906,22,31,103,112,0.78333336,-0.35000002
35,2014-09-08 18:25:00+00:00,0.8486849,1.8754673,1.8210571,22,31,112,121,0.93333334,-0.35000002
35,2014-09-08 18:25:00+00:00,4.2702737,3.363998,3.689119,31,40,40,49,-0.26510417,-0.12109375
35,2014-09-08 18:25:00+00:00,4.1352324,2.7817721,3.4831028,31,40,49,58,-0.11666667,-0.125
35,2014-09-08 18:25:00+00:00,3.188512,3.4447427,3.7998648,31,40,67,76,0.18802083,-0.12773436
35,2014-09-08 18:25:00+00:00,2.445763,2.2893364,2.9664624,31,40,85,94,0.48333335,-0.125
35,2014-09-08 18:25:00+00:00,1.6550385,2.0011554,2.4787664,31,40,94,103,0.6333333,-0.125
35,2014-09-08 18:25:00+00:00,1.2413507,1.7530607,2.1347697,31,40,103,112,0.78333336,-0.125
35,2014-09-08 18:25:00+00:00,0.69684136,1.5458735,1.8754755,31,40,112,121,0.93333334,-0.125
35,2014-09-08 18:25:00+00:00,4.4197717,4.5306053,4.6645737,40,49,22,31,-0.56666666,0.099999994
35,2014-09-08 18:25:00+00:00,4.0402412,4.9967523,4.3248353,40,49,31,40,-0.4166667,0.0984375
35,2014-09-08 18:25:00+00:00,3.8299766,3.781027,3.812367,40,49,40,49,-0.26666665,0.099999994
35,2014-09-08 18:25:00+00:00,3.8747785,3.237456,3.6179829,40,49,49,58,-0.11666667,0.099999994
35,2014-09-08 18:25:00+00:00,4.0478573,3.158213,3.5142984,40,49,58,67,0.027083334,0.107812494
35,2014-09-08 18:25:00+00:00,3.639143,3.8923688,4.021226,40,49,67,76,0.18411458,0.107421875
35,2014-09-08 18:25:00+00:00,3.3350377,3.102938,3.2294028,40,49,85,94,0.4888021,0.09023437
35,2014-09-08 18:25:00+00:00,2.690823,2.7211723,2.892522,40,49,94,103,0.6333333,0.099999994
35,2014-09-08 18:25:00+00:00,2.155837,2.3530443,2.464763,40,49,103,112,0.78333336,0.099999994
35,2014-09-08 18:25:00+00:00,0.9747582,2.094972,2.125489,40,49,112,121,0.93333334,0.099999994
35,2014-09-08 18:25:00+00:00,4.5632286,4.795243,4.7889795,49,58,13,22,-0.7143229,0.32148436
35,2014-09-08 18:25:00+00:00,4.418469,4.4722853,4.3236775,49,58,22,31,-0.56666666,0.325
35,2014-09-08 18:25:00+00:00,3.728362,4.7818522,3.9431586,49,58,31,40,-0.4166667,0.325
35,2014-09-08 18:25:00+00:00,3.2123172,3.716985,3.5584805,49,58,40,49,-0.26666665,0.325
35,2014-09-08 18:25:00+00:00,2.850934,3.162674,3.3773339,49,58,49,58,-0.11666667,0.325
35,2014-09-08 18:25:00+00:00,3.1273172,3.2732623,3.4113014,49,58,58,67,0.033333335,0.325
35,2014-09-08 18:25:00+00:00,3.5044048,4.1543736,3.9741955,49,58,67,76,0.18333334,0.325
35,2014-09-08 18:25:00+00:00,4.169902,3.316246,3.301235,49,58,85,94,0.4924479,0.33085936
35,2014-09-08 18:25:00+00:00,3.7746692,3.033609,3.0839574,49,58,94,103,0.6333333,0.325
35,2014-09-08 18:25:00+00:00,3.1881914,2.7496722,2.7374997,49,58,103,112,0.78333336,0.325
35,2014-09-08 18:25:00+00:00,1.4715505,2.4572601,2.3111975,49,58,112,121,0.93333334,0.325
35,2014-09-08 18:25:00+00:00,4.1999006,3.672864,3.7643695,58,67,22,31,-0.5648438,0.5457031
35,2014-09-08 18:25:00+00:00,4.088204,3.9132986,3.4516642,58,67,31,40,-0.4166667,0.55
35,2014-09-08 18:25:00+00:00,3.4806502,3.063639,3.1017833,58,67,40,49,-0.26666665,0.55
35,2014-09-08 18:25:00+00:00,3.0996065,2.7540662,2.9825463,58,67,49,58,-0.11666667,0.55
35,2014-09-08 18:25:00+00:00,3.254234,2.74522,2.981821,58,67,58,67,0.033333335,0.55
35,2014-09-08 18:25:00+00:00,3.1615276,3.1834974,3.3959906,58,67,67,76,0.18333334,0.55
35,2014-09-08 18:25:00+00:00,3.8485546,4.0549507,3.6695645,58,67,76,85,0.3333333,0.55
35,2014-09-08 18:25:00+00:00,3.655046,2.8008564,3.0531304,58,67,85,94,0.48333335,0.55
35,2014-09-08 18:25:00+00:00,3.1973534,2.3829505,2.854882,58,67,94,103,0.63385415,0.5378907
35,2014-09-08 18:25:00+00:00,3.5094159,2.2211905,2.54087,58,67,103,112,0.78333336,0.55
35,2014-09-08 18:25:00+00:00,2.728576,2.0807228,2.2157776,58,67,112,121,0.93333334,0.55
35,2014-09-08 18:25:00+00:00,2.4886122,4.020733,3.4433746,67,76,31,40,-0.4171875,0.7714844
35,2014-09-08 18:25:00+00:00,2.700626,2.9687905,3.0687454,67,76,40,49,-0.2708333,0.7523438
35,2014-09-08 18:25:00+00:00,3.3374186,3.6902754,3.5876539,67,76,76,85,0.3333333,0.7578125
35,2014-09-08 18:25:00+00:00,3.2775812,2.5421317,2.9676023,67,76,85,94,0.4724138,0.7491379
35,2014-09-08 18:25:00+00:00,3.3555949,1.9797701,2.3914084,67,76,103,112,0.78333336,0.775
35,2014-09-08 18:25:00+00:00,3.3553417,1.7426184,2.0455287,67,76,112,121,0.93333334,0.775
35,2014-09-08 18:25:00+00:00,2.9132855,2.6156695,2.55582,76,81,103,112,0.78943086,0.9469512
35,2014-09-08 18:25:00+00:00,3.376338,2.2993498,2.1421325,76,81,112,121,0.93333334,0.95
36,2014-09-16 17:35:00+00:00,1.4401777,1.4581445,1.4257386,40,49,112,121,0.9302083,0.10195312
36,2014-09-16 17:35:00+00:00,1.6864626,1.812529,1.7514497,49,58,67,76,0.19244793,0.32734376
36,2014-09-16 17:35:00+00:00,1.7333733,1.3603472,1.3805974,49,58,103,112,0.7880208,0.32656252
36,2014-09-16 17:35:00+00:00,1.6085458,1.3736435,1.3807819,49,58,112,121,0.93098956,0.32617188
36,2014-09-16 17:35:00+00:00,1.3356771,1.9817567,1.6704293,58,67,76,85,0.33671877,0.55
36,2014-09-16 17:35:00+00:00,1.3610708,1.5545541,1.4735965,58,67,112,121,0.93333334,0.55
36,2014-09-16 17:35:00+00:00,1.2297298,1.4001702,1.3388715,67,76,112,121,0.93567705,0.775
37,2014-09-16 19:15:00+00:00,1.966351,1.3957038,1.5068876,13,22,94,103,0.6333333,-0.575
37,2014-09-16 19:15:00+00:00,2.1420202,1.783245,1.92331,22,31,85,94,0.484375,-0.3527344
37,2014-09-16 19:15:00+00:00,1.7457811,1.5105578,1.5562494,22,31,94,103,0.6328125,-0.34921876
37,2014-09-16 19:15:00+00:00,2.5992765,2.0171974,2.4130244,31,40,40,49,-0.26276043,-0.1203125
37,2014-09-16 19:15:00+00:00,2.5797405,1.5680634,2.2092078,31,40,49,58,-0.11666667,-0.125
37,2014-09-16 19:15:00+00:00,2.6085334,2.0174098,2.3947306,31,40,67,76,0.18932292,-0.12695312
37,2014-09-16 19:15:00+00:00,2.3547926,1.5245559,1.8724935,31,40,85,94,0.48723957,-0.115234375
37,2014-09-16 19:15:00+00:00,1.8292332,1.2846321,1.5825119,31,40,94,103,0.62630206,-0.12226563
37,2014-09-16 19:15:00+00:00,2.6524396,3.0191827,3.1720362,40,49,22,31,-0.56666666,0.099999994
37,2014-09-16 19:15:00+00:00,2.880407,3.2031708,2.80698,40,49,31,40,-0.4166667,0.099999994
37,2014-09-16 19:15:00+00:00,2.752476,2.4165275,2.4315655,40,49,40,49,-0.26666665,0.099999994
37,2014-09-16 19:15:00+00:00,2.6143959,1.9808502,2.2356133,40,49,49,58,-0.11666667,0.099999994
37,2014-09-16 19:15:00+00:00,3.0042927,2.137753,2.253925,40,49,58,67,0.029947918,0.10195312
37,2014-09-16 19:15:00+00:00,2.9049456,2.3687081,2.4646912,40,49,67,76,0.18541667,0.10664062
37,2014-09-16 19:15:00+00:00,1.960486,1.5527395,1.5173521,40,49,103,112,0.78333336,0.099999994
37,2014-09-16 19:15:00+00:00,1.5757151,1.5296533,1.5110769,40,49,112,121,0.934375,0.10039062
37,2014-09-16 19:15:00+00:00,3.1803632,3.0129087,3.0819201,49,58,13,22,-0.715625,0.32148436
37,2014-09-16 19:15:00+00:00,2.6525004,2.7422552,2.7562313,49,58,22,31,-0.56666666,0.325
37,2014-09-16 19:15:00+00:00,2.1014419,2.8288753,2.4183502,49,58,31,40,-0.4166667,0.325
37,2014-09-16 19:15:00+00:00,2.1423588,2.1597905,2.1753793,49,58,40,49,-0.26666665,0.325
37,2014-09-16 19:15:00+00:00,2.4435525,1.7821518,1.9952163,49,58,49,58,-0.11666667,0.325
37,2014-09-16 19:15:00+00:00,2.4305935,1.9733875,2.077316,49,58,58,67,0.033333335,0.325
37,2014-09-16 19:15:00+00:00,2.28441,2.3412511,2.345775,49,58,67,76,0.18333334,0.325
37,2014-09-16 19:15:00+00:00,2.035469,1.5177181,1.6468849,49,58,94,103,0.63463545,0.32617188
37,2014-09-16 19:15:00+00:00,2.1469352,1.49114,1.5483752,49,58,103,112,0.78333336,0.325
37,2014-09-16 19:15:00+00:00,1.81958,1.459814,1.4828415,49,58,112,121,0.93333334,0.325
37,2014-09-16 19:15:00+00:00,1.6887541,2.721816,2.2360218,58,67,31,40,-0.4166667,0.55
37,2014-09-16 19:15:00+00:00,1.781833,2.1581013,2.0322795,58,67,40,49,-0.26666665,0.55
37,2014-09-16 19:15:00+00:00,1.8510274,1.9631575,1.9165069,58,67,49,58,-0.120572925,0.5453125
37,2014-09-16 19:15:00+00:00,1.8265347,2.5966928,2.137941,58,67,76,85,0.3333333,0.55
37,2014-09-16 19:15:00+00:00,2.0674427,1.8718377,1.8794466,58,67,85,94,0.48333335,0.55
37,2014-09-16 19:15:00+00:00,2.05935,1.6639404,1.6906728,58,67,94,103,0.63177085,0.54023445
37,2014-09-16 19:15:00+00:00,1.8162682,1.6156129,1.5911899,58,67,103,112,0.784375,0.5476563
37,2014-09-16 19:15:00+00:00,1.4107486,1.6066679,1.5487502,58,67,112,121,0.93333334,0.55
37,2014-09-16 19:15:00+00:00,1.111325,1.3911953,1.3798705,67,76,112,121,0.93333334,0.775
38,2014-09-17 18:20:00+00:00,1.6986452,1.9303557,1.9411174,13,22,103,112,0.78307295,-0.5738281
38,2014-09-17 18:20:00+00:00,2.2273254,2.1023538,2.0911562,22,31,85,94,0.48333335,-0.35000002
38,2014-09-17 18:20:00+00:00,1.8260136,1.8204408,1.8791434,22,31,94,103,0.6333333,-0.35000002
38,2014-09-17 18:20:00+00:00,1.5512267,1.8709632,1.8709229,22,31,103,112,0.78333336,-0.35000002
38,2014-09-17 18:20:00+00:00,1.5019466,1.8755896,1.8547902,22,31,112,121,0.93333334,-0.35000002
38,2014-09-17 18:20:00+00:00,2.1954336,1.9383675,2.324493,31,40,49,58,-0.11145833,-0.11835938
38,2014-09-17 18:20:00+00:00,2.1341505,1.9866927,2.338075,31,40,58,67,0.026562503,-0.12578124
38,2014-09-17 18:20:00+00:00,2.2671063,2.294081,2.5339549,31,40,67,76,0.19244792,-0.13007812
38,2014-09-17 18:20:00+00:00,2.3399158,1.7598726,2.0922704,31,40,85,94,0.48333335,-0.125
38,2014-09-17 18:20:00+00:00,1.8854295,1.645824,1.9194125,31,40,94,103,0.6333333,-0.125
38,2014-09-17 18:20:00+00:00,1.6686143,1.6682713,1.8709812,31,40,103,112,0.78333336,-0.125
38,2014-09-17 18:20:00+00:00,1.5910242,1.6285607,1.8034333,31,40,112,121,0.93333334,-0.125
38,2014-09-17 18:20:00+00:00,3.549259,2.9323273,3.393667,40,49,13,22,-0.71458334,0.115624994
38,2014-09-17 18:20:00+00:00,2.7999635,2.9906216,3.0995433,40,49,22,31,-0.56666666,0.099999994
38,2014-09-17 18:20:00+00:00,2.686936,3.2110088,2.798912,40,49,31,40,-0.4166667,0.099999994
38,2014-09-17 18:20:00+00:00,2.6600382,2.6168444,2.5256047,40,49,40,49,-0.26666665,0.099999994
38,2014-09-17 18:20:00+00:00,2.4816906,2.1498842,2.384632,40,49,49,58,-0.11666667,0.099999994
38,2014-09-17 18:20:00+00:00,2.5040865,2.2258136,2.3855393,40,49,58,67,0.032552086,0.10078125
38,2014-09-17 18:20:00+00:00,2.5908494,2.494538,2.611703,40,49,67,76,0.18359375,0.10820312
38,2014-09-17 18:20:00+00:00,2.3449464,2.176437,2.21016,40,49,85,94,0.49296874,0.09257813
38,2014-09-17 18:20:00+00:00,2.2238867,2.0336282,2.0932715,40,49,94,103,0.6333333,0.099999994
38,2014-09-17 18:20:00+00:00,2.2425985,1.9750898,1.9928597,40,49,103,112,0.78333336,0.099999994
38,2014-09-17 18:20:00+00:00,1.7325083,1.9156345,1.8920556,40,49,112,121,0.93333334,0.099999994
38,2014-09-17 18:20:00+00:00,3.863758,3.2642205,3.2660697,49,58,13,22,-0.71666664,0.325
38,2014-09-17 18:20:00+00:00,2.8129814,2.9475799,2.8799102,49,58,22,31,-0.56666666,0.325
38,2014-09-17 18:20:00+00:00,2.172375,3.0818732,2.5793169,49,58,31,40,-0.4166667,0.325
38,2014-09-17 18:20:00+00:00,2.175837,2.5529802,2.3746765,49,58,40,49,-0.26666665,0.325
38,2014-09-17 18:20:00+00:00,2.4346068,2.0856352,2.2457712,49,58,49,58,-0.11666667,0.325
38,2014-09-17 18:20:00+00:00,2.4914305,2.1984966,2.289502,49,58,58,67,0.033333335,0.325
38,2014-09-17 18:20:00+00:00,2.3998637,2.667111,2.595925,49,58,67,76,0.18333334,0.325
38,2014-09-17 18:20:00+00:00,2.6075678,2.3248158,2.2551925,49,58,85,94,0.49114585,0.33125
38,2014-09-17 18:20:00+00:00,2.3194714,2.0915296,2.1932535,49,58,94,103,0.6333333,0.325
38,2014-09-17 18:20:00+00:00,2.3599641,2.0960453,2.126493,49,58,103,112,0.78333336,0.325
38,2014-09-17 18:20:00+00:00,2.0742455,2.0088494,1.9510694,49,58,112,121,0.93333334,0.325
38,2014-09-17 18:20:00+00:00,3.142265,2.6912923,2.6364667,58,67,22,31,-0.5630208,0.54375
38,2014-09-17 18:20:00+00:00,2.001592,2.8102791,2.380122,58,67,31,40,-0.4166667,0.55
38,2014-09-17 18:20:00+00:00,2.089079,2.3628757,2.1834135,58,67,40,49,-0.26666665,0.55
38,2014-09-17 18:20:00+00:00,2.1888294,2.0636246,2.1164873,58,67,49,58,-0.11666667,0.55
38,2014-09-17 18:20:00+00:00,2.3061903,2.0766253,2.1153722,58,67,58,67,0.033333335,0.55
38,2014-09-17 18:20:00+00:00,2.3240705,2.2992222,2.326896,58,67,67,76,0.18333334,0.55
38,2014-09-17 18:20:00+00:00,2.4148145,2.8784153,2.4771092,58,67,76,85,0.3333333,0.55
38,2014-09-17 18:20:00+00:00,2.4150662,2.253867,2.213899,58,67,85,94,0.48333335,0.55
38,2014-09-17 18:20:00+00:00,2.283878,2.0039272,2.1613142,58,67,94,103,0.6322917,0.53828126
38,2014-09-17 18:20:00+00:00,2.2881782,2.0179286,2.0945203,58,67,103,112,0.78333336,0.55
38,2014-09-17 18:20:00+00:00,2.158958,1.9725332,1.9539039,58,67,112,121,0.93333334,0.55
38,2014-09-17 18:20:00+00:00,2.158021,2.709647,2.354668,67,76,31,40,-0.4153646,0.7691406
38,2014-09-17 18:20:00+00:00,2.488299,1.9633883,2.1273706,67,76,85,94,0.47371796,0.7389424
38,2014-09-17 18:20:00+00:00,2.1503003,1.8254268,1.9740161,67,76,103,112,0.78333336,0.775
38,2014-09-17 18:20:00+00:00,1.8066183,1.744136,1.8301337,67,76,112,121,0.93333334,0.775
38,2014-09-17 18:20:00+00:00,2.1173284,1.8964013,1.8646114,76,81,112,121,0.93333334,0.95
39,2014-09-18 19:00:00+00:00,2.3027,2.0850155,2.1168704,22,31,85,94,0.48333335,-0.35000002
39,2014-09-18 19:00:00+00:00,1.852076,1.635282,1.7526275,22,31,94,103,0.62890625,-0.3425781
39,2014-09-18 19:00:00+00:00,2.536537,1.9338343,2.3303957,31,40,40,49,-0.26328126,-0.11757812
39,2014-09-18 19:00:00+00:00,2.3605742,1.3323913,2.1076236,31,40,49,58,-0.11666667,-0.125
39,2014-09-18 19:00:00+00:00,2.5000725,1.8746637,2.3014631,31,40,67,76,0.1903646,-0.13476562
39,2014-09-18 19:00:00+00:00,2.1728635,1.5801643,2.0201685,31,40,85,94,0.48333335,-0.125
39,2014-09-18 19:00:00+00:00,1.6847439,1.2921706,1.691098,31,40,94,103,0.6333333,-0.125
39,2014-09-18 19:00:00+00:00,1.6012992,1.3745272,1.6138618,31,40,103,112,0.7833333,-0.124218754
39,2014-09-18 19:00:00+00:00,1.5290806,1.373685,1.6018378,31,40,112,121,0.9351562,-0.124218754
39,2014-09-18 19:00:00+00:00,2.9010398,2.5502417,3.1655211,40,49,13,22,-0.7151041,0.1125
39,2014-09-18 19:00:00+00:00,2.3955002,2.776609,3.0662053,40,49,22,31,-0.56666666,0.099999994
39,2014-09-18 19:00:00+00:00,2.609683,2.8835776,2.666746,40,49,31,40,-0.4166667,0.099999994
39,2014-09-18 19:00:00+00:00,2.5319338,2.2086987,2.280762,40,49,40,49,-0.26666665,0.099999994
39,2014-09-18 19:00:00+00:00,2.175775,1.6898421,2.0491161,40,49,49,58,-0.11692709,0.10039063
39,2014-09-18 19:00:00+00:00,1.8679085,1.9248871,2.0406914,40,49,85,94,0.4893229,0.09101562
39,2014-09-18 19:00:00+00:00,1.7881598,1.5497,1.7049323,40,49,94,103,0.6333333,0.099999994
39,2014-09-18 19:00:00+00:00,1.7069002,1.5782328,1.5839471,40,49,103,112,0.78333336,0.099999994
39,2014-09-18 19:00:00+00:00,1.3665355,1.5758858,1.5771564,40,49,112,121,0.93333334,0.099999994
39,2014-09-18 19:00:00+00:00,2.5517378,2.607121,2.6848295,49,58,13,22,-0.71666664,0.325
39,2014-09-18 19:00:00+00:00,1.8407546,2.3953943,2.4499328,49,58,22,31,-0.56666666,0.325
39,2014-09-18 19:00:00+00:00,1.3983763,2.4062297,2.1036553,49,58,31,40,-0.4166667,0.325
39,2014-09-18 19:00:00+00:00,1.5060588,1.8718642,1.9081128,49,58,40,49,-0.26666665,0.325
39,2014-09-18 19:00:00+00:00,1.879521,1.478761,1.702357,49,58,49,58,-0.11666667,0.325
39,2014-09-18 19:00:00+00:00,1.8887502,1.6927931,1.7971091,49,58,58,67,0.034375,0.31992185
39,2014-09-18 19:00:00+00:00,1.7071131,1.9134463,1.9666564,49,58,67,76,0.18333334,0.325
39,2014-09-18 19:00:00+00:00,2.1509178,1.613613,1.7399304,49,58,85,94,0.48984376,0.32734376
39,2014-09-18 19:00:00+00:00,1.6349748,1.3200451,1.5134333,49,58,94,103,0.6333333,0.325
39,2014-09-18 19:00:00+00:00,1.5975266,1.425575,1.4662151,49,58,103,112,0.78333336,0.325
39,2014-09-18 19:00:00+00:00,1.3664693,1.418735,1.4313016,49,58,112,121,0.93333334,0.325
39,2014-09-18 19:00:00+00:00,1.0122174,2.8340564,2.085915,58,67,31,40,-0.4119792,0.54062504
39,2014-09-18 19:00:00+00:00,1.0706792,2.2247143,1.889291,58,67,40,49,-0.2671875,0.5433594
39,2014-09-18 19:00:00+00:00,1.1267502,1.9085442,1.7619371,58,67,49,58,-0.12526041,0.5371094
39,2014-09-18 19:00:00+00:00,1.6101613,2.5989125,1.8936553,58,67,76,85,0.33385417,0.53945315
39,2014-09-18 19:00:00+00:00,1.3352257,1.9708048,1.8013115,58,67,85,94,0.48645833,0.546875
39,2014-09-18 19:00:00+00:00,1.2048413,1.7424239,1.5441004,58,67,103,112,0.78880215,0.54414064
39,2014-09-18 19:00:00+00:00,1.2412854,1.6918175,1.5291376,58,67,112,121,0.93333334,0.55
40,2014-09-19 18:05:00+00:00,2.0486841,1.4266331,1.5427252,13,22,94,103,0.6333333,-0.575
40,2014-09-19 18:05:00+00:00,1.8239628,1.4992133,1.5146722,13,22,103,112,0.78307295,-0.5738281
40,2014-09-19 18:05:00+00:00,2.0099435,1.8512325,1.9254627,22,31,85,94,0.48333335,-0.35000002
40,2014-09-19 18:05:00+00:00,1.676877,1.4984024,1.5828137,22,31,94,103,0.6328125,-0.35351562
40,2014-09-19 18:05:00+00:00,1.487215,1.551441,1.5217828,22,31,103,112,0.78333336,-0.35000002
40,2014-09-19 18:05:00+00:00,1.3633479,1.5895637,1.5512486,22,31,112,121,0.93333334,-0.35000002
40,2014-09-19 18:05:00+00:00,2.3031101,1.89294,2.2712648,31,40,40,49,-0.26276043,-0.1203125
40,2014-09-19 18:05:00+00:00,2.148841,1.4595068,2.063887,31,40,49,58,-0.11666667,-0.125
40,2014-09-19 18:05:00+00:00,1.9612415,1.4352046,1.8822787,31,40,85,94,0.48333335,-0.125
40,2014-09-19 18:05:00+00:00,1.3637453,1.264494,1.4534433,31,40,103,112,0.7825521,-0.13398437
40,2014-09-19 18:05:00+00:00,1.3452638,1.2399411,1.4457947,31,40,112,121,0.9372395,-0.13203125
40,2014-09-19 18:05:00+00:00,2.9642487,2.8637455,2.9845297,40,49,22,31,-0.56666666,0.099999994
40,2014-09-19 18:05:00+00:00,2.683751,3.0046678,2.6343284,40,49,31,40,-0.4166667,0.099999994
40,2014-09-19 18:05:00+00:00,2.5391002,2.297474,2.292503,40,49,40,49,-0.26666665,0.099999994
40,2014-09-19 18:05:00+00:00,2.2194655,1.8683954,2.0952816,40,49,49,58,-0.11666667,0.099999994
40,2014-09-19 18:05:00+00:00,3.9196281,2.833007,2.9142482,49,58,13,22,-0.71510416,0.32226562
40,2014-09-19 18:05:00+00:00,2.4387894,2.593685,2.6000752,49,58,22,31,-0.56666666,0.325
40,2014-09-19 18:05:00+00:00,1.710365,2.6413333,2.282152,49,58,31,40,-0.4166667,0.325
40,2014-09-19 18:05:00+00:00,1.6356524,2.055226,2.066393,49,58,40,49,-0.26666665,0.325
40,2014-09-19 18:05:00+00:00,2.0227957,1.6994028,1.890476,49,58,49,58,-0.11666667,0.325
40,2014-09-19 18:05:00+00:00,2.1020944,1.8750576,1.9748955,49,58,58,67,0.033333335,0.325
40,2014-09-19 18:05:00+00:00,1.924003,2.2147105,2.2223275,49,58,67,76,0.17500001,0.32929686
40,2014-09-19 18:05:00+00:00,1.6738693,1.580472,1.6656643,49,58,94,103,0.6302084,0.33085936
40,2014-09-19 18:05:00+00:00,2.0246823,2.6427436,2.3890088,58,67,22,31,-0.5596354,0.5421875
40,2014-09-19 18:05:00+00:00,1.7010463,2.6010175,2.1312292,58,67,31,40,-0.4166667,0.55
40,2014-09-19 18:05:00+00:00,1.7164485,2.0821884,1.9402978,58,67,40,49,-0.26666665,0.55078125
40,2014-09-19 18:05:00+00:00,1.7008687,1.9199469,1.8760159,58,67,58,67,0.033333335,0.55
40,2014-09-19 18:05:00+00:00,1.7672137,2.1141787,2.0511866,58,67,67,76,0.18333334,0.55
40,2014-09-19 18:05:00+00:00,1.6615287,2.537512,2.1082664,58,67,76,85,0.33020833,0.5480469
40,2014-09-19 18:05:00+00:00,1.5285033,1.4257065,1.4561312,67,76,103,112,0.78828126,0.7660156
41,2014-09-20 18:50:00+00:00,2.9231677,2.3967524,2.6737716,13,22,94,103,0.6333333,-0.575
41,2014-09-20 18:50:00+00:00,2.8534474,2.2773166,2.421911,13,22,103,112,0.78151035,-0.5703125
41,2014-09-20 18:50:00+00:00,3.5397666,2.8216975,3.0246305,22,31,85,94,0.48333335,-0.35000002
41,2014-09-20 18:50:00+00:00,2.8846462,2.334288,2.5560296,22,31,94,103,0.6333333,-0.35000002
41,2014-09-20 18:50:00+00:00,2.1756678,2.2142797,2.2952259,22,31,103,112,0.78333336,-0.35000002
41,2014-09-20 18:50:00+00:00,1.9369406,2.1789987,2.197046,22,31,112,121,0.93333334,-0.35000002
41,2014-09-20 18:50:00+00:00,4.409573,2.908682,3.5759757,31,40,49,58,-0.11692709,-0.12382813
41,2014-09-20 18:50:00+00:00,3.8632443,2.6941411,3.2832584,31,40,85,94,0.48333335,-0.125
41,2014-09-20 18:50:00+00:00,2.5190492,2.3587825,2.8242323,31,40,94,103,0.6333333,-0.125
41,2014-09-20 18:50:00+00:00,1.6414328,2.0781212,2.439504,31,40,103,112,0.78333336,-0.125
41,2014-09-20 18:50:00+00:00,2.1804824,1.9768729,2.231241,31,40,112,121,0.93333334,-0.125
41,2014-09-20 18:50:00+00:00,3.573519,3.172824,3.6209524,40,49,49,58,-0.116406254,0.09882812
41,2014-09-20 18:50:00+00:00,3.0760992,3.9825583,3.9747825,40,49,67,76,0.19140626,0.1109375
41,2014-09-20 18:50:00+00:00,3.4876122,3.2888844,3.486739,40,49,85,94,0.4890625,0.09296875
41,2014-09-20 18:50:00+00:00,3.1687381,2.9542115,3.1079361,40,49,94,103,0.6333333,0.099999994
41,2014-09-20 18:50:00+00:00,2.9421265,2.5655243,2.6412091,40,49,103,112,0.78333336,0.099999994
41,2014-09-20 18:50:00+00:00,2.3937166,2.411672,2.3760796,40,49,112,121,0.93333334,0.099999994
41,2014-09-20 18:50:00+00:00,3.398861,3.0111744,3.2316759,49,58,58,67,0.033333335,0.325
41,2014-09-20 18:50:00+00:00,3.0130591,3.8511941,3.718374,49,58,67,76,0.18333334,0.328125
41,2014-09-20 18:50:00+00:00,3.0672736,2.965374,3.0730994,49,58,94,103,0.6333333,0.325
41,2014-09-20 18:50:00+00:00,3.0180519,2.6929815,2.7085614,49,58,103,112,0.78333336,0.325
41,2014-09-20 18:50:00+00:00,2.645635,2.5015328,2.3620102,49,58,112,121,0.93333334,0.325
41,2014-09-20 18:50:00+00:00,3.1052306,3.0228643,3.1145613,58,67,67,76,0.18333334,0.55
41,2014-09-20 18:50:00+00:00,3.4153535,4.0109367,3.442761,58,67,76,85,0.3333333,0.55
41,2014-09-20 18:50:00+00:00,3.8980627,2.936025,2.9895918,58,67,85,94,0.48255208,0.54648435
41,2014-09-20 18:50:00+00:00,2.549938,2.3565087,2.5066197,58,67,103,112,0.78333336,0.55
41,2014-09-20 18:50:00+00:00,2.5284715,2.259913,2.2448795,58,67,112,121,0.93333334,0.55
42,2014-09-23 17:40:00+00:00,2.8274317,2.160724,2.3662403,13,22,94,103,0.6359375,-0.5703125
42,2014-09-23 17:40:00+00:00,2.7856576,2.0967667,2.2031987,13,22,103,112,0.78229165,-0.571875
42,2014-09-23 17:40:00+00:00,2.6502287,2.525848,2.69302,22,31,85,94,0.48333335,-0.35000002
42,2014-09-23 17:40:00+00:00,2.3518417,2.1231456,2.3102381,22,31,94,103,0.6333333,-0.35000002
42,2014-09-23 17:40:00+00:00,2.1854599,2.0392532,2.1236548,22,31,103,112,0.78333336,-0.35000002
42,2014-09-23 17:40:00+00:00,2.1575139,2.0334892,2.0815127,22,31,112,121,0.93333334,-0.35000002
42,2014-09-23 17:40:00+00:00,4.1847067,3.0351539,3.3117967,31,40,40,49,-0.26276043,-0.1203125
42,2014-09-23 17:40:00+00:00,3.489408,2.6254618,3.1793778,31,40,49,58,-0.11666667,-0.125
42,2014-09-23 17:40:00+00:00,3.7123847,2.7651927,3.1671264,31,40,58,67,0.027343752,-0.125
42,2014-09-23 17:40:00+00:00,3.6983283,3.156013,3.3759837,31,40,67,76,0.18359375,-0.11992187
42,2014-09-23 17:40:00+00:00,3.4508588,3.8107173,3.437929,31,40,76,85,0.33671874,-0.11992188
42,2014-09-23 17:40:00+00:00,3.1047573,2.4238083,2.8803194,31,40,85,94,0.48359376,-0.12617187
42,2014-09-23 17:40:00+00:00,2.5498793,2.1710942,2.502368,31,40,94,103,0.6333333,-0.125
42,2014-09-23 17:40:00+00:00,2.208319,1.9531381,2.2150347,31,40,103,112,0.78333336,-0.125
42,2014-09-23 17:40:00+00:00,2.2425907,1.9263325,2.1033428,31,40,112,121,0.93333334,-0.125
42,2014-09-23 17:40:00+00:00,4.327686,4.0563893,4.2942615,40,49,22,31,-0.56666666,0.099999994
42,2014-09-23 17:40:00+00:00,3.4313245,4.445168,3.8721514,40,49,31,40,-0.4166667,0.099999994
42,2014-09-23 17:40:00+00:00,3.4301372,3.2351413,3.2936387,40,49,40,49,-0.26666665,0.099999994
42,2014-09-23 17:40:00+00:00,3.435913,2.730713,3.162431,40,49,49,58,-0.11666667,0.099999994
42,2014-09-23 17:40:00+00:00,3.1649861,2.8213174,3.1603048,40,49,58,67,0.028125,0.096875
42,2014-09-23 17:40:00+00:00,3.5778527,3.4145226,3.4401844,40,49,67,76,0.18515626,0.10078125
42,2014-09-23 17:40:00+00:00,3.5626402,2.8400738,3.0230348,40,49,85,94,0.48776042,0.09765625
42,2014-09-23 17:40:00+00:00,2.8378432,2.5941122,2.6814775,40,49,94,103,0.6333333,0.099999994
42,2014-09-23 17:40:00+00:00,2.618252,2.2884662,2.3258111,40,49,103,112,0.78333336,0.099999994
42,2014-09-23 17:40:00+00:00,2.4752908,2.2118645,2.1774054,40,49,112,121,0.93333334,0.099999994
42,2014-09-23 17:40:00+00:00,4.5394506,3.9918404,4.117223,49,58,13,22,-0.7151041,0.31328124
42,2014-09-23 17:40:00+00:00,2.770804,3.661216,3.6748695,49,58,22,31,-0.56666666,0.325
42,2014-09-23 17:40:00+00:00,2.2096574,3.93209,3.262172,49,58,31,40,-0.4166667,0.325
42,2014-09-23 17:40:00+00:00,2.184969,2.9144685,2.8146698,49,58,40,49,-0.26666665,0.325
42,2014-09-23 17:40:00+00:00,2.685965,2.4241827,2.6861806,49,58,49,58,-0.11666667,0.325
42,2014-09-23 17:40:00+00:00,3.1307762,2.540693,2.7453036,49,58,58,67,0.033333335,0.325
42,2014-09-23 17:40:00+00:00,3.0988717,3.1630754,3.157169,49,58,67,76,0.18333334,0.325
42,2014-09-23 17:40:00+00:00,3.4194674,2.8072672,2.807717,49,58,85,94,0.4859375,0.32773435
42,2014-09-23 17:40:00+00:00,2.5938594,2.451406,2.5959082,49,58,94,103,0.6333333,0.325
42,2014-09-23 17:40:00+00:00,2.3965206,2.2610784,2.329574,49,58,103,112,0.78333336,0.325
42,2014-09-23 17:40:00+00:00,2.3648627,2.1640725,2.1132383,49,58,112,121,0.93333334,0.325
42,2014-09-23 17:40:00+00:00,3.4635406,3.1719234,3.1369686,58,67,22,31,-0.5679687,0.54726565
42,2014-09-23 17:40:00+00:00,2.123595,3.4331431,2.7912745,58,67,31,40,-0.4166667,0.55
42,2014-09-23 17:40:00+00:00,2.242442,2.5766382,2.4114501,58,67,40,49,-0.26666665,0.55
42,2014-09-23 17:40:00+00:00,2.363064,2.2748122,2.343338,58,67,49,58,-0.11770833,0.5414063
42,2014-09-23 17:40:00+00:00,2.5821702,2.2648673,2.3492546,58,67,58,67,0.033333335,0.55
42,2014-09-23 17:40:00+00:00,2.679164,2.5699396,2.627879,58,67,67,76,0.18333334,0.55
42,2014-09-23 17:40:00+00:00,2.6020417,3.5112472,2.9188573,58,67,76,85,0.3333333,0.55
42,2014-09-23 17:40:00+00:00,2.6862493,2.6108143,2.5411437,58,67,85,94,0.48177084,0.5476563
42,2014-09-23 17:40:00+00:00,2.210947,2.1229124,2.1862159,58,67,103,112,0.78333336,0.55
42,2014-09-23 17:40:00+00:00,2.2740667,2.0672777,2.0219955,58,67,112,121,0.93385416,0.5492188
42,2014-09-23 17:40:00+00:00,2.5242,3.5204937,2.8594675,67,76,31,40,-0.41848958,0.76953125
42,2014-09-23 17:40:00+00:00,2.3026695,1.9294887,2.0614514,67,76,103,112,0.78593755,0.77421874
42,2014-09-23 17:40:00+00:00,2.0400677,1.8401496,1.9018492,67,76,112,121,0.9325521,0.7746093
42,2014-09-23 17:40:00+00:00,2.0545533,1.9758639,1.9722545,76,81,112,121,0.93333334,0.95
43,2014-09-23 19:20:00+00:00,2.8933957,2.1907973,2.4757118,13,22,94,103,0.63463545,-0.5738281
43,2014-09-23 19:20:00+00:00,2.9329984,2.1011171,2.2310817,13,22,103,112,0.7828125,-0.5726563
43,2014-09-23 19:20:00+00:00,2.5986073,2.7192063,2.9198384,22,31,85,94,0.48333335,-0.35000002
43,2014-09-23 19:20:00+00:00,2.258672,2.2153952,2.4333303,22,31,94,103,0.6333333,-0.35000002
43,2014-09-23 19:20:00+00:00,2.1225207,2.1012073,2.1747382,22,31,103,112,0.78333336,-0.35000002
43,2014-09-23 19:20:00+00:00,2.018754,2.1114619,2.1199336,22,31,112,121,0.93333334,-0.35000002
43,2014-09-23 19:20:00+00:00,4.045763,3.1369355,3.5589695,31,40,40,49,-0.26223958,-0.120703116
43,2014-09-23 19:20:00+00:00,3.4915216,2.6629643,3.356202,31,40,49,58,-0.11666667,-0.125
43,2014-09-23 19:20:00+00:00,3.3456128,2.8647268,3.3283634,31,40,58,67,0.025520835,-0.128125
43,2014-09-23 19:20:00+00:00,3.5387805,3.5561619,3.6588435,31,40,67,76,0.19192709,-0.1328125
43,2014-09-23 19:20:00+00:00,3.2982557,2.549745,3.116098,31,40,85,94,0.48333335,-0.125
43,2014-09-23 19:20:00+00:00,2.6366327,2.1784508,2.6222372,31,40,94,103,0.6333333,-0.125
43,2014-09-23 19:20:00+00:00,1.9945925,1.9215908,2.2486575,31,40,103,112,0.78333336,-0.125
43,2014-09-23 19:20:00+00:00,2.0258634,1.905662,2.1120555,31,40,112,121,0.93333334,-0.125
43,2014-09-23 19:20:00+00:00,4.193158,4.3299594,4.4771233,40,49,22,31,-0.5645833,0.10234375
43,2014-09-23 19:20:00+00:00,3.4570258,4.7016597,4.1266575,40,49,31,40,-0.4166667,0.099999994
43,2014-09-23 19:20:00+00:00,3.2735617,3.4232728,3.5418,40,49,40,49,-0.26666665,0.099999994
43,2014-09-23 19:20:00+00:00,3.661256,2.8652802,3.3522868,40,49,49,58,-0.11666667,0.099999994
43,2014-09-23 19:20:00+00:00,3.3058674,2.8697538,3.2096376,40,49,58,67,0.022135418,0.10703125
43,2014-09-23 19:20:00+00:00,3.5442698,3.588735,3.6610138,40,49,67,76,0.18515626,0.10585937
43,2014-09-23 19:20:00+00:00,3.4486427,3.0429702,3.283043,40,49,85,94,0.48880208,0.09414063
43,2014-09-23 19:20:00+00:00,2.8395958,2.6725736,2.8326817,40,49,94,103,0.6333333,0.099999994
43,2014-09-23 19:20:00+00:00,2.4362094,2.317418,2.380686,40,49,103,112,0.78333336,0.099999994
43,2014-09-23 19:20:00+00:00,2.3777852,2.2523901,2.2016447,40,49,112,121,0.93333334,0.099999994
43,2014-09-23 19:20:00+00:00,4.562967,4.1799617,4.236588,49,58,13,22,-0.71666664,0.325
43,2014-09-23 19:20:00+00:00,3.1346846,3.9397686,3.8761868,49,58,22,31,-0.56666666,0.325
43,2014-09-23 19:20:00+00:00,2.2071893,4.1974187,3.460981,49,58,31,40,-0.4166667,0.325
43,2014-09-23 19:20:00+00:00,2.1684446,3.087507,3.0083423,49,58,40,49,-0.26666665,0.325
43,2014-09-23 19:20:00+00:00,2.5565298,2.5455947,2.8232934,49,58,49,58,-0.11666667,0.325
43,2014-09-23 19:20:00+00:00,3.4019558,2.7249606,2.9097016,49,58,58,67,0.033333335,0.325
43,2014-09-23 19:20:00+00:00,3.0447836,3.4218059,3.3517678,49,58,67,76,0.18333334,0.325
43,2014-09-23 19:20:00+00:00,3.2526667,2.961245,2.9978755,49,58,85,94,0.48854166,0.33046874
43,2014-09-23 19:20:00+00:00,2.5613701,2.555902,2.700688,49,58,94,103,0.6333333,0.325
43,2014-09-23 19:20:00+00:00,2.3079078,2.325032,2.358198,49,58,103,112,0.78333336,0.325
43,2014-09-23 19:20:00+00:00,2.2381716,2.229957,2.1106708,49,58,112,121,0.93333334,0.325
43,2014-09-23 19:20:00+00:00,3.5071442,3.4394023,3.3196158,58,67,22,31,-0.56354165,0.5449219
43,2014-09-23 19:20:00+00:00,2.1822746,3.6455765,2.9838593,58,67,31,40,-0.4166667,0.55
43,2014-09-23 19:20:00+00:00,2.1956115,2.7263162,2.5964317,58,67,40,49,-0.26666665,0.55
43,2014-09-23 19:20:00+00:00,2.2815697,2.406835,2.4851913,58,67,49,58,-0.120572925,0.5488281
43,2014-09-23 19:20:00+00:00,2.7326853,2.43697,2.517034,58,67,58,67,0.034375,0.5492188
43,2014-09-23 19:20:00+00:00,2.6814265,2.776132,2.7997892,58,67,67,76,0.18359375,0.5488281
43,2014-09-23 19:20:00+00:00,2.5971828,3.6989498,3.0782661,58,67,76,85,0.3333333,0.55
43,2014-09-23 19:20:00+00:00,2.682817,2.7590425,2.710695,58,67,85,94,0.4815104,0.5492188
43,2014-09-23 19:20:00+00:00,2.076253,2.1553733,2.2235756,58,67,103,112,0.78333336,0.55
43,2014-09-23 19:20:00+00:00,2.033663,2.113498,2.041781,58,67,112,121,0.93333334,0.55
43,2014-09-23 19:20:00+00:00,2.7121978,3.713693,3.0277433,67,76,31,40,-0.42057294,0.76640624
43,2014-09-23 19:20:00+00:00,2.3789253,1.9528347,2.1025925,67,76,103,112,0.78229165,0.77304685
43,2014-09-23 19:20:00+00:00,1.7966946,1.8754828,1.8997096,67,76,112,121,0.93333334,0.775
43,2014-09-23 19:20:00+00:00,2.0141938,2.0054002,1.9563774,76,81,112,121,0.93333334,0.95
44,2014-09-24 18:25:00+00:00,3.2749119,2.4116414,2.6640089,13,22,94,103,0.6333333,-0.575
44,2014-09-24 18:25:00+00:00,3.154691,2.3833897,2.5250096,13,22,103,112,0.78307295,-0.5738281
44,2014-09-24 18:25:00+00:00,2.9539986,2.744413,2.845946,22,31,85,94,0.48333335,-0.35000002
44,2014-09-24 18:25:00+00:00,2.441256,2.3205204,2.5371165,22,31,94,103,0.6333333,-0.35000002
44,2014-09-24 18:25:00+00:00,2.2659638,2.2699132,2.3873067,22,31,103,112,0.78333336,-0.35000002
44,2014-09-24 18:25:00+00:00,2.2438743,2.250097,2.3002577,22,31,112,121,0.93333334,-0.35000002
44,2014-09-24 18:25:00+00:00,3.6437023,3.1739082,3.4007032,31,40,40,49,-0.26276043,-0.119140625
44,2014-09-24 18:25:00+00:00,3.3497684,2.6074774,3.2300243,31,40,49,58,-0.11666667,-0.125
44,2014-09-24 18:25:00+00:00,3.5296087,2.7169104,3.2097917,31,40,58,67,0.026041666,-0.12695312
44,2014-09-24 18:25:00+00:00,3.6278017,3.272162,3.485455,31,40,67,76,0.18828125,-0.128125
44,2014-09-24 18:25:00+00:00,3.456599,2.6378617,3.0254655,31,40,85,94,0.48333335,-0.125
44,2014-09-24 18:25:00+00:00,2.7333114,2.3518815,2.738127,31,40,94,103,0.6333333,-0.125
44,2014-09-24 18:25:00+00:00,2.2376783,2.1830478,2.497593,31,40,103,112,0.78333336,-0.125
44,2014-09-24 18:25:00+00:00,2.4367487,2.1519027,2.3351312,31,40,112,121,0.93333334,-0.125
44,2014-09-24 18:25:00+00:00,4.4025106,4.0038424,4.5729313,40,49,13,22,-0.71458334,0.115624994
44,2014-09-24 18:25:00+00:00,3.787443,4.090232,4.281656,40,49,22,31,-0.56666666,0.099999994
44,2014-09-24 18:25:00+00:00,3.2824626,4.4381237,3.8707862,40,49,31,40,-0.4166667,0.099999994
44,2014-09-24 18:25:00+00:00,3.2417963,3.3966599,3.3847735,40,49,40,49,-0.26666665,0.099999994
44,2014-09-24 18:25:00+00:00,3.5059066,2.7730625,3.2120209,40,49,49,58,-0.11666667,0.099999994
44,2014-09-24 18:25:00+00:00,3.3726602,2.8444283,3.1908677,40,49,58,67,0.032552086,0.10078125
44,2014-09-24 18:25:00+00:00,3.7345245,3.527753,3.5323892,40,49,67,76,0.1888021,0.10585937
44,2014-09-24 18:25:00+00:00,3.7533698,3.1038096,3.1818242,40,49,85,94,0.4893229,0.09101562
44,2014-09-24 18:25:00+00:00,3.1433494,2.8130875,2.9427917,40,49,94,103,0.6333333,0.099999994
44,2014-09-24 18:25:00+00:00,2.8199387,2.5489688,2.636356,40,49,103,112,0.78333336,0.099999994
44,2014-09-24 18:25:00+00:00,2.728862,2.4524953,2.42112,40,49,112,121,0.93333334,0.099999994
44,2014-09-24 18:25:00+00:00,4.5085464,4.183467,4.2134476,49,58,13,22,-0.71666664,0.325
44,2014-09-24 18:25:00+00:00,2.638154,3.8761492,3.7825046,49,58,22,31,-0.56666666,0.325
44,2014-09-24 18:25:00+00:00,2.378148,4.1099877,3.372482,49,58,31,40,-0.4166667,0.325
44,2014-09-24 18:25:00+00:00,2.423168,3.2140677,2.9907231,49,58,40,49,-0.26666665,0.325
44,2014-09-24 18:25:00+00:00,2.6952107,2.589028,2.8272002,49,58,49,58,-0.11666667,0.325
44,2014-09-24 18:25:00+00:00,3.495354,2.7079933,2.881068,49,58,58,67,0.033333335,0.325
44,2014-09-24 18:25:00+00:00,3.4165208,3.4458482,3.345896,49,58,67,76,0.18333334,0.325
44,2014-09-24 18:25:00+00:00,3.7029078,4.0986605,3.583104,49,58,76,85,0.32265624,0.3425781
44,2014-09-24 18:25:00+00:00,3.771437,3.2393112,3.0613296,49,58,85,94,0.4859375,0.33125
44,2014-09-24 18:25:00+00:00,3.084104,2.8414142,2.9280517,49,58,94,103,0.6333333,0.325
44,2014-09-24 18:25:00+00:00,2.8394494,2.6717455,2.6976442,49,58,103,112,0.78333336,0.325
44,2014-09-24 18:25:00+00:00,2.7890944,2.5405095,2.404273,49,58,112,121,0.93333334,0.325
44,2014-09-24 18:25:00+00:00,3.6610913,3.361943,3.29752,58,67,22,31,-0.5630208,0.54375
44,2014-09-24 18:25:00+00:00,2.1742954,3.5773468,2.943135,58,67,31,40,-0.4166667,0.55
44,2014-09-24 18:25:00+00:00,2.2921178,2.815359,2.605586,58,67,40,49,-0.26666665,0.55
44,2014-09-24 18:25:00+00:00,2.5694096,2.410267,2.5103436,58,67,49,58,-0.11666667,0.55
44,2014-09-24 18:25:00+00:00,2.980752,2.4149013,2.5074956,58,67,58,67,0.033333335,0.55
44,2014-09-24 18:25:00+00:00,3.1596503,2.7966573,2.836338,58,67,67,76,0.18333334,0.55
44,2014-09-24 18:25:00+00:00,3.0284886,3.7180386,3.1311731,58,67,76,85,0.3333333,0.55
44,2014-09-24 18:25:00+00:00,3.1403432,2.8624394,2.7832062,58,67,85,94,0.48333335,0.55
44,2014-09-24 18:25:00+00:00,2.8433394,2.484455,2.714727,58,67,94,103,0.6325521,0.5390625
44,2014-09-24 18:25:00+00:00,2.5981748,2.4128726,2.5146372,58,67,103,112,0.78333336,0.55
44,2014-09-24 18:25:00+00:00,2.3647435,2.3301306,2.2834718,58,67,112,121,0.93333334,0.55
44,2014-09-24 18:25:00+00:00,2.1228015,3.6481857,2.9967859,67,76,31,40,-0.4153646,0.7691406
44,2014-09-24 18:25:00+00:00,2.5694685,2.718137,2.6584215,67,76,40,49,-0.2708333,0.7523438
44,2014-09-24 18:25:00+00:00,2.7978227,2.5706568,2.7049472,67,76,85,94,0.47371796,0.7389424
44,2014-09-24 18:25:00+00:00,2.3318672,2.1950004,2.413268,67,76,103,112,0.78333336,0.775
44,2014-09-24 18:25:00+00:00,2.098127,2.084247,2.1811814,67,76,112,121,0.93333334,0.775
44,2014-09-24 18:25:00+00:00,2.1818933,2.2588077,2.2390206,76,81,112,121,0.93333334,0.95
45,2014-09-25 19:10:00+00:00,2.9334774,3.057521,3.0171514,49,58,103,112,0.78255206,0.32851562
45,2014-09-25 19:10:00+00:00,2.8474321,2.828498,2.631601,49,58,112,121,0.93359375,0.32617188
45,2014-09-25 19:10:00+00:00,3.0716796,2.6795034,2.800297,58,67,103,112,0.7828125,0.5523437
45,2014-09-25 19:10:00+00:00,2.7420087,2.549547,2.4965262,58,67,112,121,0.9346354,0.5511719
46,2014-09-26 18:15:00+00:00,3.1474712,2.5602095,2.6551745,13,22,85,94,0.4893229,-0.5570313
46,2014-09-26 18:15:00+00:00,2.4701273,2.303777,2.491399,13,22,94,103,0.6333333,-0.575
46,2014-09-26 18:15:00+00:00,2.2721868,2.2647176,2.366314,13,22,103,112,0.78307295,-0.5738281
46,2014-09-26 18:15:00+00:00,2.4753466,2.5270572,2.611873,22,31,85,94,0.48333335,-0.35000002
46,2014-09-26 18:15:00+00:00,2.2182257,2.1891282,2.361609,22,31,94,103,0.6333333,-0.35000002
46,2014-09-26 18:15:00+00:00,2.068519,2.134852,2.229052,22,31,103,112,0.78333336,-0.35000002
46,2014-09-26 18:15:00+00:00,1.988547,2.0952992,2.1330514,22,31,112,121,0.93333334,-0.35000002
46,2014-09-26 18:15:00+00:00,2.8199098,2.8975768,3.0653481,31,40,40,49,-0.26276043,-0.119140625
46,2014-09-26 18:15:00+00:00,3.1559796,2.4339309,2.9294896,31,40,49,58,-0.11666667,-0.125
46,2014-09-26 18:15:00+00:00,2.9785361,2.5249565,2.8975816,31,40,58,67,0.027083334,-0.12656249
46,2014-09-26 18:15:00+00:00,3.1854925,3.007728,3.2026868,31,40,67,76,0.18697917,-0.12812501
46,2014-09-26 18:15:00+00:00,2.840526,2.418733,2.7998037,31,40,85,94,0.48333335,-0.125
46,2014-09-26 18:15:00+00:00,2.4371643,2.2377253,2.5662842,31,40,94,103,0.6333333,-0.125
46,2014-09-26 18:15:00+00:00,2.0248911,2.06904,2.343965,31,40,103,112,0.78333336,-0.125
46,2014-09-26 18:15:00+00:00,2.0786662,2.0092552,2.171338,31,40,112,121,0.93333334,-0.125
46,2014-09-26 18:15:00+00:00,3.343182,3.7514076,3.8978722,40,49,22,31,-0.56666666,0.099999994
46,2014-09-26 18:15:00+00:00,2.7813904,4.112291,3.5465927,40,49,31,40,-0.4171875,0.1
46,2014-09-26 18:15:00+00:00,3.116163,3.1267257,3.073343,40,49,40,49,-0.26666665,0.099999994
46,2014-09-26 18:15:00+00:00,3.230243,2.5939474,2.943962,40,49,49,58,-0.11666667,0.099999994
46,2014-09-26 18:15:00+00:00,3.1529503,2.621869,2.9049106,40,49,58,67,0.029687501,0.10117188
46,2014-09-26 18:15:00+00:00,3.1999476,3.3224337,3.305894,40,49,67,76,0.18802084,0.10429688
46,2014-09-26 18:15:00+00:00,3.414094,2.860724,2.9569163,40,49,85,94,0.49296874,0.09257813
46,2014-09-26 18:15:00+00:00,2.7095551,2.7254164,2.8075604,40,49,94,103,0.6333333,0.099999994
46,2014-09-26 18:15:00+00:00,2.2049534,2.455668,2.5188391,40,49,103,112,0.78333336,0.099999994
46,2014-09-26 18:15:00+00:00,2.1231885,2.3339727,2.2916214,40,49,112,121,0.93333334,0.099999994
46,2014-09-26 18:15:00+00:00,4.414848,3.9325178,3.968079,49,58,13,22,-0.7164062,0.32382813
46,2014-09-26 18:15:00+00:00,2.5418446,3.5995421,3.5128396,49,58,22,31,-0.56666666,0.325
46,2014-09-26 18:15:00+00:00,2.040009,3.856803,3.1505177,49,58,31,40,-0.4166667,0.325
46,2014-09-26 18:15:00+00:00,2.0760977,3.001676,2.7756937,49,58,40,49,-0.26666665,0.325
46,2014-09-26 18:15:00+00:00,2.6435957,2.4579508,2.6549094,49,58,49,58,-0.11666667,0.325
46,2014-09-26 18:15:00+00:00,3.143049,2.549771,2.7171009,49,58,58,67,0.033333335,0.325
46,2014-09-26 18:15:00+00:00,3.230826,3.2759929,3.1780763,49,58,67,76,0.18333334,0.325
46,2014-09-26 18:15:00+00:00,3.4729111,3.0791006,2.9277916,49,58,85,94,0.4872396,0.3292969
46,2014-09-26 18:15:00+00:00,2.9584672,2.7862995,2.855948,49,58,94,103,0.6333333,0.325
46,2014-09-26 18:15:00+00:00,2.7772782,2.6003854,2.62888,49,58,103,112,0.78333336,0.325
46,2014-09-26 18:15:00+00:00,2.497884,2.4397612,2.3211586,49,58,112,121,0.93333334,0.325
46,2014-09-26 18:15:00+00:00,2.835281,3.0415561,3.062632,58,67,22,31,-0.5627604,0.5433594
46,2014-09-26 18:15:00+00:00,1.6619229,3.2752986,2.745116,58,67,31,40,-0.4166667,0.55
46,2014-09-26 18:15:00+00:00,2.0522757,2.575741,2.409781,58,67,40,49,-0.26666665,0.55
46,2014-09-26 18:15:00+00:00,2.4720716,2.2204685,2.349919,58,67,49,58,-0.11666667,0.55
46,2014-09-26 18:15:00+00:00,3.068579,2.2108154,2.3525562,58,67,58,67,0.033333335,0.55
46,2014-09-26 18:15:00+00:00,2.9154909,2.5885344,2.687235,58,67,67,76,0.18333334,0.55
46,2014-09-26 18:15:00+00:00,2.9237106,3.527069,3.044536,58,67,76,85,0.3333333,0.55
46,2014-09-26 18:15:00+00:00,2.8491077,2.7078722,2.6921012,58,67,85,94,0.48333335,0.55
46,2014-09-26 18:15:00+00:00,2.676734,2.3852384,2.6648374,58,67,94,103,0.6325521,0.5390625
46,2014-09-26 18:15:00+00:00,2.7236223,2.3133125,2.4654276,58,67,103,112,0.78333336,0.55
46,2014-09-26 18:15:00+00:00,2.696315,2.211923,2.2181802,58,67,112,121,0.93333334,0.55
46,2014-09-26 18:15:00+00:00,1.8337984,3.3689263,2.7977493,67,76,31,40,-0.4138021,0.76953125
46,2014-09-26 18:15:00+00:00,2.7772484,2.508081,2.61219,67,76,85,94,0.47287583,0.7382354
46,2014-09-26 18:15:00+00:00,2.4517512,2.1104424,2.3580997,67,76,103,112,0.78333336,0.775
46,2014-09-26 18:15:00+00:00,2.3600726,1.9884522,2.1149228,67,76,112,121,0.93333334,0.775
46,2014-09-26 18:15:00+00:00,2.178665,2.2424812,2.1960604,76,81,112,121,0.93333334,0.95
47,2014-09-27 18:55:00+00:00,2.8940244,3.4249313,3.3169696,40,49,40,49,-0.26666665,0.099999994
47,2014-09-27 18:55:00+00:00,2.5879934,3.4115946,3.1692147,49,58,85,94,0.48854166,0.328125
47,2014-09-27 18:55:00+00:00,2.6612873,3.1537442,3.1988645,49,58,94,103,0.6333333,0.325
47,2014-09-27 18:55:00+00:00,2.7664928,3.0145648,3.0265615,49,58,103,112,0.78333336,0.325
47,2014-09-27 18:55:00+00:00,2.1494923,2.8262603,2.6563942,49,58,112,121,0.93333334,0.325
47,2014-09-27 18:55:00+00:00,3.4116857,2.9847276,2.9060695,58,67,85,94,0.48671877,0.5484375
47,2014-09-27 18:55:00+00:00,3.139741,2.6697333,2.9292562,58,67,94,103,0.6375,0.53945315
47,2014-09-27 18:55:00+00:00,3.38623,2.6816475,2.8292453,58,67,103,112,0.78333336,0.55
47,2014-09-27 18:55:00+00:00,2.9270961,2.5445147,2.5202296,58,67,112,121,0.93333334,0.55
47,2014-09-27 18:55:00+00:00,2.2640507,3.6149616,3.0586505,67,76,31,40,-0.41979167,0.77382815
47,2014-09-27 18:55:00+00:00,3.308254,3.4334528,3.243748,67,76,76,85,0.33359373,0.7640625
47,2014-09-27 18:55:00+00:00,2.9794602,2.4461365,2.7493656,67,76,103,112,0.78333336,0.775
47,2014-09-27 18:55:00+00:00,2.9478755,2.2939694,2.4432468,67,76,112,121,0.93333334,0.775
47,2014-09-27 18:55:00+00:00,2.1548932,2.7691739,2.856206,76,81,103,112,0.78902435,0.9463415
47,2014-09-27 18:55:00+00:00,2.5701451,2.5335684,2.5063357,76,81,112,121,0.93333334,0.95
48,2014-09-29 18:45:00+00:00,2.3546975,1.9850821,2.158173,13,22,94,103,0.6333333,-0.575
48,2014-09-29 18:45:00+00:00,2.41789,1.9723191,1.9947084,13,22,103,112,0.7828125,-0.5726563
48,2014-09-29 18:45:00+00:00,2.490052,2.4543464,2.6093252,22,31,85,94,0.48333335,-0.35000002
48,2014-09-29 18:45:00+00:00,2.2445848,1.9520322,2.105518,22,31,94,103,0.6333333,-0.35000002
48,2014-09-29 18:45:00+00:00,2.106632,1.9091284,1.9212693,22,31,103,112,0.78333336,-0.35000002
48,2014-09-29 18:45:00+00:00,1.9430563,1.8967779,1.8778175,22,31,112,121,0.93333334,-0.35000002
48,2014-09-29 18:45:00+00:00,2.7713485,2.9495292,3.3897061,31,40,40,49,-0.26276043,-0.119140625
48,2014-09-29 18:45:00+00:00,2.811945,2.3821702,3.1821852,31,40,49,58,-0.11666667,-0.125
48,2014-09-29 18:45:00+00:00,3.36327,2.5714881,3.1615913,31,40,58,67,0.028906249,-0.12695312
48,2014-09-29 18:45:00+00:00,2.806666,2.998253,3.4182823,31,40,67,76,0.18723959,-0.12734374
48,2014-09-29 18:45:00+00:00,2.6577969,2.1055245,2.7508326,31,40,85,94,0.48333335,-0.125
48,2014-09-29 18:45:00+00:00,2.2919147,1.7710451,2.268441,31,40,94,103,0.6333333,-0.125
48,2014-09-29 18:45:00+00:00,1.9115417,1.6229436,1.9835861,31,40,103,112,0.78333336,-0.125
48,2014-09-29 18:45:00+00:00,1.8305197,1.5200783,1.8391434,31,40,112,121,0.93333334,-0.125
48,2014-09-29 18:45:00+00:00,4.170759,4.1896076,4.3517,40,49,22,31,-0.56666666,0.099999994
48,2014-09-29 18:45:00+00:00,3.8187544,4.5416675,3.9314396,40,49,31,40,-0.4166667,0.099999994
48,2014-09-29 18:45:00+00:00,4.3004766,3.3834586,3.4268005,40,49,40,49,-0.26666665,0.099999994
48,2014-09-29 18:45:00+00:00,4.135897,2.8041449,3.227117,40,49,49,58,-0.11666667,0.099999994
48,2014-09-29 18:45:00+00:00,4.14399,2.9448218,3.2136986,40,49,58,67,0.032552086,0.10078125
48,2014-09-29 18:45:00+00:00,2.6674616,3.4855084,3.5090432,40,49,67,76,0.18723959,0.106249996
48,2014-09-29 18:45:00+00:00,2.765595,2.7308476,2.9616895,40,49,85,94,0.49010417,0.09257812
48,2014-09-29 18:45:00+00:00,2.3923202,2.3756738,2.5287733,40,49,94,103,0.6333333,0.099999994
48,2014-09-29 18:45:00+00:00,1.947776,2.1182392,2.1653693,40,49,103,112,0.78333336,0.099999994
48,2014-09-29 18:45:00+00:00,1.7969773,1.98377,1.9715705,40,49,112,121,0.93333334,0.099999994
48,2014-09-29 18:45:00+00:00,4.4833593,4.2688255,4.2827406,49,58,13,22,-0.71666664,0.325
48,2014-09-29 18:45:00+00:00,3.6597147,3.9596689,3.8717196,49,58,22,31,-0.56666666,0.325
48,2014-09-29 18:45:00+00:00,2.4652016,4.197425,3.4584637,49,58,31,40,-0.4166667,0.325
48,2014-09-29 18:45:00+00:00,2.9233932,3.1667624,3.0682116,49,58,40,49,-0.26666665,0.325
48,2014-09-29 18:45:00+00:00,2.4989069,2.5978239,2.8762445,49,58,49,58,-0.11666667,0.325
48,2014-09-29 18:45:00+00:00,4.1917195,2.7795002,2.9380403,49,58,58,67,0.033333335,0.325
48,2014-09-29 18:45:00+00:00,3.110644,3.4804232,3.3841398,49,58,67,76,0.18333334,0.325
48,2014-09-29 18:45:00+00:00,3.5484192,2.831237,2.8505554,49,58,85,94,0.4903646,0.33203125
48,2014-09-29 18:45:00+00:00,2.7022002,2.4388292,2.5871434,49,58,94,103,0.6333333,0.325
48,2014-09-29 18:45:00+00:00,2.2485054,2.2794368,2.3052855,49,58,103,112,0.78333336,0.325
48,2014-09-29 18:45:00+00:00,1.7595453,2.1114812,2.0254726,49,58,112,121,0.93333334,0.325
48,2014-09-29 18:45:00+00:00,2.0354536,3.5382192,3.4082363,58,67,22,31,-0.5598958,0.5417969
48,2014-09-29 18:45:00+00:00,2.0747297,3.6586854,3.0517297,58,67,31,40,-0.4166667,0.55
48,2014-09-29 18:45:00+00:00,2.1370928,2.8190274,2.7116394,58,67,40,49,-0.26666665,0.55
48,2014-09-29 18:45:00+00:00,2.0935488,2.489557,2.5927825,58,67,49,58,-0.11666667,0.55
48,2014-09-29 18:45:00+00:00,4.0873127,2.5295277,2.6011367,58,67,58,67,0.033333335,0.55
48,2014-09-29 18:45:00+00:00,3.8427355,2.8646147,2.9114046,58,67,67,76,0.18333334,0.55
48,2014-09-29 18:45:00+00:00,3.5392122,3.6796057,3.121623,58,67,76,85,0.3333333,0.55
48,2014-09-29 18:45:00+00:00,3.3191993,2.6115043,2.6657026,58,67,85,94,0.48333335,0.55
48,2014-09-29 18:45:00+00:00,2.8426049,2.2044175,2.4564564,58,67,94,103,0.6304688,0.53828126
48,2014-09-29 18:45:00+00:00,2.4643228,2.0860825,2.1953564,58,67,103,112,0.78333336,0.55
48,2014-09-29 18:45:00+00:00,1.9877319,2.0166006,1.9912916,58,67,112,121,0.93333334,0.55
48,2014-09-29 18:45:00+00:00,2.0247185,3.6834993,3.0248048,67,76,31,40,-0.4138021,0.771875
48,2014-09-29 18:45:00+00:00,2.3354545,2.644237,2.7000177,67,76,40,49,-0.27109376,0.7550781
48,2014-09-29 18:45:00+00:00,3.5811374,3.113571,3.0434926,67,76,76,85,0.33515623,0.7558594
48,2014-09-29 18:45:00+00:00,2.7137232,2.2942393,2.5618615,67,76,85,94,0.47389936,0.74056613
48,2014-09-29 18:45:00+00:00,2.2138705,1.8306841,2.038119,67,76,103,112,0.78333336,0.775
48,2014-09-29 18:45:00+00:00,2.1287205,1.6852156,1.8162558,67,76,112,121,0.93333334,0.775
48,2014-09-29 18:45:00+00:00,1.5650424,1.9387671,1.8489835,76,81,112,121,0.93604654,0.95
49,2014-10-12 18:05:00+00:00,3.0001185,2.4729185,2.7458334,13,22,94,103,0.63463545,-0.5738281
49,2014-10-12 18:05:00+00:00,2.9043941,2.4129097,2.6012375,13,22,103,112,0.77942705,-0.5679687
49,2014-10-12 18:05:00+00:00,4.282767,2.5399354,2.8286512,22,31,49,58,-0.109375,-0.3402344
49,2014-10-12 18:05:00+00:00,2.671632,2.7923856,2.8401527,22,31,85,94,0.48333335,-0.35000002
49,2014-10-12 18:05:00+00:00,2.4610436,2.3778489,2.60619,22,31,94,103,0.6333333,-0.35000002
49,2014-10-12 18:05:00+00:00,2.3907588,2.3494675,2.4763906,22,31,103,112,0.78333336,-0.35000002
49,2014-10-12 18:05:00+00:00,2.164149,2.2995014,2.3464272,22,31,112,121,0.93333334,-0.35000002
49,2014-10-12 18:05:00+00:00,4.1032615,3.0919979,3.2729433,31,40,40,49,-0.26302084,-0.119140625
49,2014-10-12 18:05:00+00:00,3.8255947,2.4611683,3.0942142,31,40,49,58,-0.11666667,-0.125
49,2014-10-12 18:05:00+00:00,3.5135508,2.559563,3.0247564,31,40,58,67,0.023958337,-0.13242188
49,2014-10-12 18:05:00+00:00,2.646946,2.6468716,3.0016408,31,40,85,94,0.48333335,-0.125
49,2014-10-12 18:05:00+00:00,2.5643554,2.3775237,2.798462,31,40,94,103,0.6333333,-0.125
49,2014-10-12 18:05:00+00:00,2.3710968,2.2400634,2.5815153,31,40,103,112,0.78333336,-0.125
49,2014-10-12 18:05:00+00:00,2.5506487,2.2054327,2.3734415,31,40,112,121,0.93046874,-0.12148438
49,2014-10-12 18:05:00+00:00,4.360446,3.9008272,4.096049,40,49,22,31,-0.56666666,0.099999994
49,2014-10-12 18:05:00+00:00,3.6132536,4.2551813,3.7351038,40,49,31,40,-0.41640627,0.09921875
49,2014-10-12 18:05:00+00:00,3.097324,3.297179,3.2558951,40,49,40,49,-0.26666665,0.099999994
49,2014-10-12 18:05:00+00:00,2.833733,2.6201527,3.0689476,40,49,49,58,-0.11666667,0.099999994
49,2014-10-12 18:05:00+00:00,2.861509,2.5556376,2.8847742,40,49,58,67,0.026302084,0.10820312
49,2014-10-12 18:05:00+00:00,2.8973305,3.3697295,3.4277632,40,49,67,76,0.1921875,0.10976562
49,2014-10-12 18:05:00+00:00,3.2505457,3.1319923,3.1351106,40,49,85,94,0.4893229,0.091796875
49,2014-10-12 18:05:00+00:00,2.8409266,2.8411129,3.0015547,40,49,94,103,0.6333333,0.099999994
49,2014-10-12 18:05:00+00:00,2.9500222,2.612382,2.7226667,40,49,103,112,0.78333336,0.099999994
49,2014-10-12 18:05:00+00:00,2.502043,2.4835298,2.464216,40,49,112,121,0.93333334,0.099999994
49,2014-10-12 18:05:00+00:00,4.565414,4.064742,4.0839114,49,58,13,22,-0.71666664,0.325
49,2014-10-12 18:05:00+00:00,3.8021057,3.7442822,3.6327682,49,58,22,31,-0.56666666,0.325
49,2014-10-12 18:05:00+00:00,3.1892102,3.9648194,3.2491865,49,58,31,40,-0.4166667,0.325
49,2014-10-12 18:05:00+00:00,2.7759368,3.1641455,2.889454,49,58,40,49,-0.26666665,0.325
49,2014-10-12 18:05:00+00:00,2.2025967,2.4874413,2.7168727,49,58,49,58,-0.11666667,0.325
49,2014-10-12 18:05:00+00:00,2.243105,2.6079369,2.7678444,49,58,58,67,0.033333335,0.325
49,2014-10-12 18:05:00+00:00,2.4845269,3.3510082,3.2366657,49,58,67,76,0.18333334,0.325
49,2014-10-12 18:05:00+00:00,3.4962344,3.1599274,3.006173,49,58,85,94,0.4901042,0.3292969
49,2014-10-12 18:05:00+00:00,3.4537966,2.903029,2.9846265,49,58,94,103,0.6333333,0.325
49,2014-10-12 18:05:00+00:00,3.2238815,2.7633967,2.7784476,49,58,103,112,0.78333336,0.325
49,2014-10-12 18:05:00+00:00,2.5996988,2.5979886,2.4471855,49,58,112,121,0.93333334,0.325
49,2014-10-12 18:05:00+00:00,4.468476,3.2890332,3.2113433,58,67,22,31,-0.56614584,0.5476563
49,2014-10-12 18:05:00+00:00,3.2087536,3.507984,2.8789423,58,67,31,40,-0.4166667,0.55
49,2014-10-12 18:05:00+00:00,3.2616143,2.8136942,2.5551536,58,67,40,49,-0.26666665,0.55
49,2014-10-12 18:05:00+00:00,2.287106,2.3467937,2.4503386,58,67,49,58,-0.11666667,0.55
49,2014-10-12 18:05:00+00:00,2.1737008,2.3617504,2.4466212,58,67,58,67,0.033333335,0.55
49,2014-10-12 18:05:00+00:00,2.3746612,2.762958,2.786208,58,67,67,76,0.18333334,0.55
49,2014-10-12 18:05:00+00:00,3.0014536,3.6919968,3.1123424,58,67,76,85,0.3333333,0.55
49,2014-10-12 18:05:00+00:00,3.131662,2.9448545,2.809106,58,67,85,94,0.48333335,0.55
49,2014-10-12 18:05:00+00:00,3.2617733,2.5196812,2.6178792,58,67,103,112,0.78333336,0.55
49,2014-10-12 18:05:00+00:00,2.683534,2.4016135,2.3447907,58,67,112,121,0.93333334,0.55
49,2014-10-12 18:05:00+00:00,3.477183,3.6519694,2.938475,67,76,31,40,-0.41484377,0.77421874
49,2014-10-12 18:05:00+00:00,2.314108,3.2406404,3.1252456,67,76,76,85,0.3333333,0.759375
49,2014-10-12 18:05:00+00:00,2.3164434,2.3076499,2.5311012,67,76,103,112,0.78333336,0.775
49,2014-10-12 18:05:00+00:00,1.9780114,2.168689,2.2579696,67,76,112,121,0.93333334,0.775
49,2014-10-12 18:05:00+00:00,2.5064108,2.5650144,2.626504,76,81,103,112,0.79083335,0.94624996
49,2014-10-12 18:05:00+00:00,1.9673843,2.3483922,2.3232462,76,81,112,121,0.93333334,0.95
50,2014-10-12 18:10:00+00:00,2.7365797,2.242952,2.4605715,13,22,94,103,0.6333333,-0.575
50,2014-10-12 18:10:00+00:00,2.7392385,2.2534235,2.387542,13,22,103,112,0.7828125,-0.5726563
50,2014-10-12 18:10:00+00:00,2.5409775,2.5556962,2.5638697,22,31,85,94,0.48333335,-0.35000002
50,2014-10-12 18:10:00+00:00,2.4526582,2.185337,2.3699954,22,31,94,103,0.6333333,-0.35000002
50,2014-10-12 18:10:00+00:00,2.4062111,2.1873276,2.290298,22,31,103,112,0.78333336,-0.35000002
50,2014-10-12 18:10:00+00:00,2.1724963,2.1601524,2.2065487,22,31,112,121,0.9320313,-0.35117188
51,2014-10-12 18:15:00+00:00,3.7911208,2.7317877,2.999908,31,40,40,49,-0.26223958,-0.120703116
51,2014-10-12 18:15:00+00:00,3.2301905,2.1826804,2.8070242,31,40,49,58,-0.11666667,-0.125
51,2014-10-12 18:15:00+00:00,2.7564116,2.311623,2.7935233,31,40,58,67,0.028125,-0.12617187
51,2014-10-12 18:15:00+00:00,2.98715,2.740737,3.012089,31,40,67,76,0.18932292,-0.13164063
51,2014-10-12 18:15:00+00:00,2.4981854,2.5779865,2.7526,31,40,85,94,0.48125002,-0.115624994
51,2014-10-12 18:15:00+00:00,4.6131983,3.3709502,3.94628,40,49,13,22,-0.71484375,0.11445312
51,2014-10-12 18:15:00+00:00,4.1773806,3.503606,3.7003162,40,49,22,31,-0.56666666,0.099999994
51,2014-10-12 18:15:00+00:00,3.0499358,3.7939858,3.334218,40,49,31,40,-0.4166667,0.099999994
51,2014-10-12 18:15:00+00:00,2.6141443,2.9611676,2.9297564,40,49,40,49,-0.26666665,0.099999994
51,2014-10-12 18:15:00+00:00,2.476317,2.3516593,2.7519867,40,49,49,58,-0.11666667,0.099999994
51,2014-10-12 18:15:00+00:00,2.4869056,2.4271772,2.727059,40,49,58,67,0.032552086,0.10078125
51,2014-10-12 18:15:00+00:00,2.5938728,2.8145263,3.0100057,40,49,67,76,0.18359375,0.10820312
51,2014-10-12 18:15:00+00:00,2.5365171,2.5016727,2.657451,40,49,94,103,0.6333333,0.099999994
51,2014-10-12 18:15:00+00:00,2.7322881,2.364585,2.4595773,40,49,103,112,0.78333336,0.099999994
51,2014-10-12 18:15:00+00:00,2.4565415,2.2806864,2.268882,40,49,112,121,0.93333334,0.099999994
51,2014-10-12 18:15:00+00:00,4.6084695,3.5928454,3.634427,49,58,13,22,-0.71666664,0.325
51,2014-10-12 18:15:00+00:00,3.8072863,3.3339078,3.2568355,49,58,22,31,-0.56666666,0.325
51,2014-10-12 18:15:00+00:00,2.956902,3.5189059,2.8969877,49,58,31,40,-0.4166667,0.325
51,2014-10-12 18:15:00+00:00,2.5342083,2.8196044,2.598732,49,58,40,49,-0.26666665,0.325
51,2014-10-12 18:15:00+00:00,2.079052,2.2237396,2.435501,49,58,49,58,-0.11666667,0.325
51,2014-10-12 18:15:00+00:00,2.0761514,2.3373065,2.4724183,49,58,58,67,0.033333335,0.325
51,2014-10-12 18:15:00+00:00,2.187674,2.9060705,2.8366451,49,58,67,76,0.18333334,0.325
51,2014-10-12 18:15:00+00:00,3.4488182,2.8132806,2.6915448,49,58,85,94,0.4893229,0.33046874
51,2014-10-12 18:15:00+00:00,2.871961,2.5184429,2.6209586,49,58,94,103,0.6333333,0.325
51,2014-10-12 18:15:00+00:00,2.8581574,2.465684,2.4880161,49,58,103,112,0.78333336,0.325
51,2014-10-12 18:15:00+00:00,2.4467325,2.352291,2.2341843,49,58,112,121,0.93333334,0.325
51,2014-10-12 18:15:00+00:00,4.413093,3.1055152,2.931039,58,67,22,31,-0.5598958,0.5417969
51,2014-10-12 18:15:00+00:00,2.7288156,3.233642,2.6158528,58,67,31,40,-0.4166667,0.55
51,2014-10-12 18:15:00+00:00,2.3347342,2.605715,2.34535,58,67,40,49,-0.26666665,0.55
51,2014-10-12 18:15:00+00:00,2.0837371,2.1833074,2.2478547,58,67,49,58,-0.11666667,0.55
51,2014-10-12 18:15:00+00:00,2.049012,2.2036593,2.2369761,58,67,58,67,0.033333335,0.55
51,2014-10-12 18:15:00+00:00,2.1196983,2.4993248,2.489066,58,67,67,76,0.18333334,0.55
51,2014-10-12 18:15:00+00:00,2.5152946,3.321404,2.7438798,58,67,76,85,0.3333333,0.55
51,2014-10-12 18:15:00+00:00,2.7721577,2.705495,2.53524,58,67,85,94,0.48333335,0.55
51,2014-10-12 18:15:00+00:00,3.0708692,2.3493996,2.5042012,58,67,94,103,0.6325521,0.5390625
51,2014-10-12 18:15:00+00:00,2.929681,2.3387003,2.3848023,58,67,103,112,0.78333336,0.55
51,2014-10-12 18:15:00+00:00,2.517971,2.257249,2.1755097,58,67,112,121,0.93333334,0.55
51,2014-10-12 18:15:00+00:00,3.2783415,3.2766442,2.6599436,67,76,31,40,-0.41484377,0.7699219
51,2014-10-12 18:15:00+00:00,2.444124,2.3670409,2.4832058,67,76,85,94,0.47222224,0.7392157
51,2014-10-12 18:15:00+00:00,2.3133569,2.160369,2.3066227,67,76,103,112,0.78333336,0.775
51,2014-10-12 18:15:00+00:00,2.008837,2.0586088,2.097454,67,76,112,121,0.93333334,0.775
51,2014-10-12 18:15:00+00:00,2.0501013,2.131937,2.127879,76,81,112,121,0.93333334,0.95
52,2014-10-23 17:55:00+00:00,4.2597685,2.4865756,2.8302236,13,22,94,103,0.63177085,-0.57109374
52,2014-10-23 17:55:00+00:00,3.7246237,3.7205713,3.2224092,22,31,76,85,0.33515626,-0.34648436
52,2014-10-23 17:55:00+00:00,3.3212037,2.4443047,2.7277715,22,31,94,103,0.6348958,-0.3484375
52,2014-10-23 17:55:00+00:00,3.1900315,2.437915,2.6187143,22,31,103,112,0.78333336,-0.35000002
52,2014-10-23 17:55:00+00:00,3.1958342,2.3923674,2.491025,22,31,112,121,0.93333334,-0.35000002
52,2014-10-23 17:55:00+00:00,2.977398,3.1553488,3.332224,31,40,40,49,-0.26354167,-0.11757812
52,2014-10-23 17:55:00+00:00,4.26492,2.5284867,3.1787674,31,40,49,58,-0.11666667,-0.125
52,2014-10-23 17:55:00+00:00,2.7832658,3.7550743,3.5316734,31,40,76,85,0.34218752,-0.12070313
52,2014-10-23 17:55:00+00:00,3.0977378,2.8523164,3.1288855,31,40,85,94,0.48333335,-0.125
52,2014-10-23 17:55:00+00:00,3.1742682,2.4680724,2.910096,31,40,94,103,0.6333333,-0.125
52,2014-10-23 17:55:00+00:00,3.1957417,2.3627212,2.715846,31,40,103,112,0.78333336,-0.125
52,2014-10-23 17:55:00+00:00,2.993303,2.3614028,2.5450315,31,40,112,121,0.93333334,-0.125
52,2014-10-23 17:55:00+00:00,3.971875,3.8282874,4.079596,40,49,22,31,-0.56354165,0.10195313
52,2014-10-23 17:55:00+00:00,3.2635746,4.181001,3.7143452,40,49,31,40,-0.4166667,0.099999994
52,2014-10-23 17:55:00+00:00,3.0809097,3.1564777,3.1849942,40,49,40,49,-0.26666665,0.099999994
52,2014-10-23 17:55:00+00:00,3.463774,2.484779,3.0319679,40,49,49,58,-0.11666667,0.099999994
52,2014-10-23 17:55:00+00:00,2.503597,3.1335232,3.285548,40,49,67,76,0.19114584,0.10820312
52,2014-10-23 17:55:00+00:00,3.0081444,3.1140592,3.1726847,40,49,85,94,0.48645836,0.09726562
52,2014-10-23 17:55:00+00:00,3.0235605,2.7470067,2.9782825,40,49,94,103,0.6333333,0.099999994
52,2014-10-23 17:55:00+00:00,2.7892082,2.572474,2.736158,40,49,103,112,0.78333336,0.099999994
52,2014-10-23 17:55:00+00:00,2.2787313,2.5294275,2.5236912,40,49,112,121,0.9325521,0.09453125
52,2014-10-23 17:55:00+00:00,4.0850306,3.815376,3.8803697,49,58,13,22,-0.71458334,0.31992185
52,2014-10-23 17:55:00+00:00,2.5695066,3.5147166,3.5018253,49,58,22,31,-0.56666666,0.325
52,2014-10-23 17:55:00+00:00,2.1594832,3.7672832,3.0794299,49,58,31,40,-0.4166667,0.325
52,2014-10-23 17:55:00+00:00,2.3023243,2.9355526,2.6886444,49,58,40,49,-0.26666665,0.325
52,2014-10-23 17:55:00+00:00,2.800347,2.2883081,2.5489354,49,58,49,58,-0.11666667,0.325
52,2014-10-23 17:55:00+00:00,3.0247905,2.387585,2.5703628,49,58,58,67,0.033333335,0.325
52,2014-10-23 17:55:00+00:00,2.5216553,2.9431086,2.9063725,49,58,67,76,0.18307292,0.32617188
52,2014-10-23 17:55:00+00:00,2.8280005,3.0062895,2.8926368,49,58,85,94,0.48854166,0.325
52,2014-10-23 17:55:00+00:00,2.6889017,2.6902397,2.8198273,49,58,94,103,0.6333333,0.325
52,2014-10-23 17:55:00+00:00,2.3719308,2.565116,2.6395133,49,58,103,112,0.7783854,0.32460937
52,2014-10-23 17:55:00+00:00,3.476201,3.2611585,3.4060838,58,67,13,22,-0.70034724,0.51770836
52,2014-10-23 17:55:00+00:00,2.2769828,3.2096002,3.0350692,58,67,22,31,-0.56640625,0.5488281
52,2014-10-23 17:55:00+00:00,1.9508543,3.475937,2.6962805,58,67,31,40,-0.4166667,0.55
52,2014-10-23 17:55:00+00:00,2.0791812,2.6972668,2.3586345,58,67,40,49,-0.26666665,0.55
52,2014-10-23 17:55:00+00:00,2.241805,2.218269,2.270879,58,67,49,58,-0.116666675,0.54609376
52,2014-10-23 17:55:00+00:00,2.4202344,2.2316506,2.2536232,58,67,58,67,0.033333335,0.55
52,2014-10-23 17:55:00+00:00,2.4440484,2.5202308,2.501482,58,67,67,76,0.18333334,0.55
52,2014-10-23 17:55:00+00:00,2.5553477,3.5592208,2.8327157,58,67,76,85,0.3333333,0.55
52,2014-10-23 17:55:00+00:00,2.5747883,2.9627047,2.6337063,58,67,85,94,0.4820313,0.5488281
52,2014-10-23 17:55:00+00:00,2.7318642,2.4607668,2.5599926,58,67,94,103,0.63671875,0.5390625
52,2014-10-23 17:55:00+00:00,2.4116762,2.480417,2.4849885,58,67,103,112,0.78333336,0.55
52,2014-10-23 17:55:00+00:00,2.3022468,2.3949585,2.2759342,58,67,112,121,0.93385416,0.565625
52,2014-10-23 17:55:00+00:00,2.4093907,3.691691,2.811879,67,76,31,40,-0.41588545,0.775
52,2014-10-23 17:55:00+00:00,2.4197252,2.4936128,2.641553,67,76,67,76,0.19423077,0.74855775
52,2014-10-23 17:55:00+00:00,2.4216921,3.2680824,2.8426926,67,76,76,85,0.3359375,0.7640625
52,2014-10-23 17:55:00+00:00,2.1267498,2.322642,2.4531603,67,76,103,112,0.78333336,0.775
52,2014-10-23 17:55:00+00:00,2.2508705,2.2230973,2.2420456,67,76,112,121,0.93333334,0.775
52,2014-10-23 17:55:00+00:00,2.1655257,2.1965983,2.2543726,76,81,112,121,0.93333334,0.95
53,2014-10-26 18:25:00+00:00,4.112229,2.592942,2.9538538,13,22,94,103,0.6333333,-0.575
53,2014-10-26 18:25:00+00:00,4.414264,2.5160065,2.8202052,13,22,103,112,0.7794271,-0.5636718
53,2014-10-26 18:25:00+00:00,3.445902,3.766785,3.2963264,22,31,76,85,0.3421875,-0.3449219
53,2014-10-26 18:25:00+00:00,3.2871974,2.9924166,2.9860775,22,31,85,94,0.48333335,-0.35000002
53,2014-10-26 18:25:00+00:00,3.3380625,2.4982777,2.8272243,22,31,94,103,0.6333333,-0.35000002
53,2014-10-26 18:25:00+00:00,3.3601656,2.5038335,2.7183514,22,31,103,112,0.78333336,-0.35000002
53,2014-10-26 18:25:00+00:00,3.2901342,2.4039726,2.5346026,22,31,112,121,0.93333334,-0.35000002
53,2014-10-26 18:25:00+00:00,3.8564193,3.141776,3.277547,31,40,40,49,-0.26276043,-0.119140625
53,2014-10-26 18:25:00+00:00,3.7301874,2.527751,3.1250136,31,40,49,58,-0.11666667,-0.125
53,2014-10-26 18:25:00+00:00,4.2797446,2.594311,3.0705016,31,40,58,67,0.028906252,-0.12773436
53,2014-10-26 18:25:00+00:00,3.2389135,3.05067,3.3516455,31,40,67,76,0.18619792,-0.12851563
53,2014-10-26 18:25:00+00:00,2.9829915,2.9613066,3.1684432,31,40,85,94,0.48333335,-0.125
53,2014-10-26 18:25:00+00:00,3.2334754,2.5871546,3.025017,31,40,94,103,0.6333333,-0.125
53,2014-10-26 18:25:00+00:00,3.317856,2.481904,2.838951,31,40,103,112,0.78333336,-0.125
53,2014-10-26 18:25:00+00:00,2.846326,2.437675,2.6115139,31,40,112,121,0.93333334,-0.125
53,2014-10-26 18:25:00+00:00,3.246636,3.7374427,4.0506883,40,49,22,31,-0.5653646,0.10117187
53,2014-10-26 18:25:00+00:00,2.8614569,4.1594024,3.68323,40,49,31,40,-0.41640627,0.09921875
53,2014-10-26 18:25:00+00:00,2.4718533,3.1650987,3.1399555,40,49,40,49,-0.26666665,0.099999994
53,2014-10-26 18:25:00+00:00,3.1039803,2.4242613,2.9891624,40,49,49,58,-0.11666667,0.099999994
53,2014-10-26 18:25:00+00:00,3.2618575,2.3753746,2.8343291,40,49,58,67,0.0265625,0.10664062
53,2014-10-26 18:25:00+00:00,2.63929,3.0554857,3.2185044,40,49,67,76,0.18697917,0.10546875
53,2014-10-26 18:25:00+00:00,2.8584533,3.1589625,3.2217624,40,49,85,94,0.49114582,0.09140625
53,2014-10-26 18:25:00+00:00,3.030559,2.8753738,3.1211803,40,49,94,103,0.6333333,0.099999994
53,2014-10-26 18:25:00+00:00,2.7587705,2.702777,2.8863764,40,49,103,112,0.78333336,0.099999994
53,2014-10-26 18:25:00+00:00,2.3892932,2.553685,2.6060395,40,49,112,121,0.93333334,0.099999994
53,2014-10-26 18:25:00+00:00,3.9985082,3.570332,3.466307,49,58,4,13,-0.8428104,0.30882353
53,2014-10-26 18:25:00+00:00,3.422701,3.8112855,3.8873293,49,58,13,22,-0.71666664,0.325
53,2014-10-26 18:25:00+00:00,2.285822,3.489086,3.4643788,49,58,22,31,-0.56666666,0.325
53,2014-10-26 18:25:00+00:00,2.037585,3.7694886,3.053215,49,58,31,40,-0.4166667,0.325
53,2014-10-26 18:25:00+00:00,2.0885975,2.9856849,2.6567397,49,58,40,49,-0.26666665,0.325
53,2014-10-26 18:25:00+00:00,2.3953133,2.2665012,2.5237508,49,58,49,58,-0.11666667,0.325
53,2014-10-26 18:25:00+00:00,2.760385,2.3611937,2.552283,49,58,58,67,0.033854164,0.32460937
53,2014-10-26 18:25:00+00:00,2.8278644,2.968339,2.9540708,49,58,67,76,0.18333334,0.325
53,2014-10-26 18:25:00+00:00,2.7026825,3.200085,2.960199,49,58,85,94,0.4875,0.328125
53,2014-10-26 18:25:00+00:00,2.6216185,2.8579116,2.9699907,49,58,94,103,0.6333333,0.325
53,2014-10-26 18:25:00+00:00,2.7043006,2.7872176,2.820311,49,58,103,112,0.78333336,0.325
53,2014-10-26 18:25:00+00:00,2.4392705,2.614399,2.4911025,49,58,112,121,0.93333334,0.325
53,2014-10-26 18:25:00+00:00,2.8077068,3.144764,3.0122137,58,67,22,31,-0.56432295,0.54648435
53,2014-10-26 18:25:00+00:00,1.8707075,3.4330149,2.6638277,58,67,31,40,-0.4166667,0.55
53,2014-10-26 18:25:00+00:00,1.9010334,2.6987336,2.3190422,58,67,40,49,-0.26666665,0.55
53,2014-10-26 18:25:00+00:00,2.0405157,2.140189,2.2416592,58,67,49,58,-0.11666667,0.55
53,2014-10-26 18:25:00+00:00,2.1892755,2.1611876,2.210601,58,67,58,67,0.033333335,0.55
53,2014-10-26 18:25:00+00:00,2.450938,2.4941869,2.5016587,58,67,67,76,0.18333334,0.55
53,2014-10-26 18:25:00+00:00,2.540423,3.6183736,2.901336,58,67,76,85,0.3333333,0.55
53,2014-10-26 18:25:00+00:00,2.645114,3.0431993,2.7058005,58,67,85,94,0.48333335,0.55
53,2014-10-26 18:25:00+00:00,2.9048007,2.5540419,2.704565,58,67,94,103,0.6356771,0.5414063
53,2014-10-26 18:25:00+00:00,2.6356544,2.595594,2.6201851,58,67,103,112,0.78333336,0.55
53,2014-10-26 18:25:00+00:00,2.4530253,2.4345644,2.338186,58,67,112,121,0.93333334,0.55
53,2014-10-26 18:25:00+00:00,2.0275671,3.650154,2.7915325,67,76,31,40,-0.4166667,0.775
53,2014-10-26 18:25:00+00:00,2.2106907,2.7778623,2.5127652,67,76,40,49,-0.27005208,0.7621094
53,2014-10-26 18:25:00+00:00,2.2706046,1.8742547,2.2461708,67,76,49,58,-0.12560976,0.7231707
53,2014-10-26 18:25:00+00:00,2.4959548,3.326932,2.900753,67,76,76,85,0.33541667,0.7636719
53,2014-10-26 18:25:00+00:00,2.7479498,2.7067392,2.7260268,67,76,85,94,0.47,0.7472726
53,2014-10-26 18:25:00+00:00,2.4851632,2.430737,2.6054628,67,76,103,112,0.78333336,0.775
53,2014-10-26 18:25:00+00:00,2.601117,2.282992,2.3396997,67,76,112,121,0.93333334,0.775
53,2014-10-26 18:25:00+00:00,2.5688314,2.490852,2.6634421,76,81,103,112,0.78861785,0.94573176
53,2014-10-26 18:25:00+00:00,2.3390121,2.29895,2.3633347,76,81,112,121,0.93333334,0.95
54,2014-11-11 18:25:00+00:00,2.987913,2.3219552,2.2453566,22,31,85,94,0.48333335,-0.35000002
54,2014-11-11 18:25:00+00:00,2.4564068,2.0343068,2.136992,22,31,94,103,0.62890625,-0.3390625
54,2014-11-11 18:25:00+00:00,2.6385705,2.1090207,2.2658448,31,40,85,94,0.48333335,-0.125
54,2014-11-11 18:25:00+00:00,2.5001469,1.8938332,2.2013958,31,40,94,103,0.6333333,-0.125
54,2014-11-11 18:25:00+00:00,2.4532251,1.9078722,2.1534953,31,40,103,112,0.78333336,-0.125
54,2014-11-11 18:25:00+00:00,2.1140683,1.9377471,2.0456958,31,40,112,121,0.9302083,-0.11484375
54,2014-11-11 18:25:00+00:00,2.0690134,2.3315675,2.2835476,40,49,85,94,0.4888021,0.09023437
54,2014-11-11 18:25:00+00:00,2.1568027,2.0904958,2.230902,40,49,94,103,0.6333333,0.099999994
54,2014-11-11 18:25:00+00:00,2.10096,2.0554552,2.1536028,40,49,103,112,0.78333336,0.099999994
54,2014-11-11 18:25:00+00:00,2.1530716,1.9923928,2.016535,40,49,112,121,0.93333334,0.099999994
54,2014-11-11 18:25:00+00:00,1.4155508,1.7730025,1.9051577,49,58,49,58,-0.116406254,0.32304686
54,2014-11-11 18:25:00+00:00,2.0057678,2.2303329,2.1801157,49,58,67,76,0.1919271,0.3371094
54,2014-11-11 18:25:00+00:00,2.0084481,2.2199814,2.151709,49,58,85,94,0.49270833,0.33242187
54,2014-11-11 18:25:00+00:00,1.9588178,2.0623252,2.1752517,49,58,94,103,0.6333333,0.325
54,2014-11-11 18:25:00+00:00,2.0176978,2.1052861,2.1467,49,58,103,112,0.78333336,0.325
54,2014-11-11 18:25:00+00:00,2.1161926,2.0358007,1.9763528,49,58,112,121,0.93333334,0.325
54,2014-11-11 18:25:00+00:00,1.8068942,2.0010476,1.9564512,58,67,67,76,0.18333334,0.55
54,2014-11-11 18:25:00+00:00,1.9613471,2.6846924,2.1654518,58,67,76,85,0.3333333,0.55
54,2014-11-11 18:25:00+00:00,2.004184,2.3823814,2.0797732,58,67,85,94,0.48333335,0.55
54,2014-11-11 18:25:00+00:00,2.1794746,2.1209557,2.086157,58,67,103,112,0.78333336,0.55
54,2014-11-11 18:25:00+00:00,2.147554,2.0459929,1.9333321,58,67,112,121,0.93333334,0.55
54,2014-11-11 18:25:00+00:00,2.2667935,1.9704727,2.0541496,67,76,103,112,0.78333336,0.775
54,2014-11-11 18:25:00+00:00,2.0736206,1.9014893,1.9191018,67,76,112,121,0.93333334,0.775
54,2014-11-11 18:25:00+00:00,2.4631534,1.9821807,2.0588243,76,81,103,112,0.7923077,0.9461539
54,2014-11-11 18:25:00+00:00,2.0110626,1.8717564,1.9145945,76,81,112,121,0.93333334,0.95
55,2015-05-01 18:01:00+00:00,2.0853481,1.7763654,1.8932959,13,22,94,103,0.6333333,-0.575
55,2015-05-01 18:01:00+00:00,2.5149753,1.9109254,1.9449352,13,22,103,112,0.7828125,-0.5726563
55,2015-05-01 18:01:00+00:00,1.7823137,2.165383,2.1104622,22,31,85,94,0.48333335,-0.35000002
55,2015-05-01 18:01:00+00:00,1.7073332,1.8227189,1.9057242,22,31,94,103,0.6333333,-0.35000002
55,2015-05-01 18:01:00+00:00,1.8046994,1.9208311,1.925869,22,31,103,112,0.78333336,-0.35000002
55,2015-05-01 18:01:00+00:00,1.8906472,1.9361852,1.9266409,22,31,112,121,0.93333334,-0.35000002
55,2015-05-01 18:01:00+00:00,2.6301007,2.2463927,2.4644947,31,40,40,49,-0.2627604,-0.11796875
55,2015-05-01 18:01:00+00:00,2.38774,1.6858568,2.2840579,31,40,49,58,-0.11666667,-0.125
55,2015-05-01 18:01:00+00:00,2.6389809,1.846518,2.2663922,31,40,58,67,0.0234375,-0.1265625
55,2015-05-01 18:01:00+00:00,1.6894107,1.7696997,2.0573626,31,40,85,94,0.48333335,-0.125
55,2015-05-01 18:01:00+00:00,1.7693076,1.5912482,1.8945047,31,40,94,103,0.6333333,-0.125
55,2015-05-01 18:01:00+00:00,1.7870835,1.6774026,1.890397,31,40,103,112,0.78333336,-0.125
55,2015-05-01 18:01:00+00:00,1.8352094,1.6587431,1.8546654,31,40,112,121,0.93333334,-0.125
55,2015-05-01 18:01:00+00:00,3.3579814,2.856242,2.9820983,40,49,22,31,-0.5651041,0.09726562
55,2015-05-01 18:01:00+00:00,3.1549096,2.981543,2.6688845,40,49,31,40,-0.4166667,0.099999994
55,2015-05-01 18:01:00+00:00,2.2484553,2.4744966,2.412536,40,49,40,49,-0.26666665,0.099999994
55,2015-05-01 18:01:00+00:00,1.9540116,1.9643509,2.2402048,40,49,49,58,-0.11666667,0.099999994
55,2015-05-01 18:01:00+00:00,2.0991766,2.0095184,2.1992717,40,49,58,67,0.028125003,0.10546875
55,2015-05-01 18:01:00+00:00,1.8056715,1.8659205,1.9659134,40,49,94,103,0.6333333,0.099999994
55,2015-05-01 18:01:00+00:00,1.9225041,1.8957777,1.9218336,40,49,103,112,0.78333336,0.099999994
55,2015-05-01 18:01:00+00:00,1.9362599,1.8594018,1.8665992,40,49,112,121,0.93333334,0.099999994
55,2015-05-01 18:01:00+00:00,2.1054642,2.3553712,2.2169878,49,58,40,49,-0.26666665,0.325
55,2015-05-01 18:01:00+00:00,2.049677,1.8691919,2.0563962,49,58,49,58,-0.11666667,0.325
55,2015-05-01 18:01:00+00:00,2.0931032,2.013489,2.0939374,49,58,58,67,0.033333335,0.325
55,2015-05-01 18:01:00+00:00,2.0364945,2.3224604,2.3172762,49,58,67,76,0.18333334,0.325
55,2015-05-01 18:01:00+00:00,1.8085512,1.8414279,1.9741055,49,58,94,103,0.6333333,0.325
55,2015-05-01 18:01:00+00:00,1.9554335,1.8656422,1.8469714,49,58,112,121,0.93645835,0.32187498
55,2015-05-01 18:01:00+00:00,2.2497697,2.791451,2.270488,58,67,31,40,-0.4166667,0.55
55,2015-05-01 18:01:00+00:00,2.2924168,2.3660262,2.1171322,58,67,40,49,-0.26666665,0.55
55,2015-05-01 18:01:00+00:00,1.9863309,2.0289788,2.0186183,58,67,49,58,-0.11666667,0.55
55,2015-05-01 18:01:00+00:00,2.140253,2.0792315,2.0192802,58,67,58,67,0.033333335,0.55
55,2015-05-01 18:01:00+00:00,2.2751887,2.2234719,2.164088,58,67,67,76,0.18333334,0.55
55,2015-05-01 18:01:00+00:00,2.207796,2.716046,2.22282,58,67,76,85,0.3333333,0.55
55,2015-05-01 18:01:00+00:00,2.049996,2.225484,2.0626256,58,67,85,94,0.48333335,0.55
55,2015-05-01 18:01:00+00:00,1.9561707,1.966525,2.0109832,58,67,103,112,0.78125,0.5574219
55,2015-05-01 18:01:00+00:00,1.9836737,1.9751773,1.8901839,58,67,112,121,0.93333334,0.55
55,2015-05-01 18:01:00+00:00,2.1358202,1.8278794,1.9332783,67,76,58,67,0.038541667,0.7078125
55,2015-05-01 18:01:00+00:00,1.9921297,1.8239304,1.8821563,67,76,103,112,0.78333336,0.775
55,2015-05-01 18:01:00+00:00,1.999977,1.757583,1.7835387,67,76,112,121,0.93333334,0.775
55,2015-05-01 18:01:00+00:00,1.9744914,1.7470617,1.7725558,76,81,112,121,0.93333334,0.95
56,2015-05-01 18:05:00+00:00,2.0853481,1.6989037,1.8204288,13,22,94,103,0.6333333,-0.575
56,2015-05-01 18:05:00+00:00,2.5149753,1.8422692,1.8830285,13,22,103,112,0.7828125,-0.5726563
56,2015-05-01 18:05:00+00:00,1.7823137,2.0850015,2.0158997,22,31,85,94,0.48333335,-0.35000002
56,2015-05-01 18:05:00+00:00,1.7073332,1.7576497,1.8409468,22,31,94,103,0.6333333,-0.35000002
56,2015-05-01 18:05:00+00:00,1.8046994,1.8646718,1.8728337,22,31,103,112,0.78333336,-0.35000002
56,2015-05-01 18:05:00+00:00,1.8906472,1.8810132,1.8760899,22,31,112,121,0.93333334,-0.35000002
56,2015-05-01 18:05:00+00:00,2.6301007,2.0561678,2.2780092,31,40,40,49,-0.2627604,-0.11796875
56,2015-05-01 18:05:00+00:00,2.38774,1.5076839,2.0938187,31,40,49,58,-0.11666667,-0.125
56,2015-05-01 18:05:00+00:00,2.6389809,1.6907617,2.114562,31,40,58,67,0.0234375,-0.1265625
56,2015-05-01 18:05:00+00:00,1.6894107,1.6590707,1.9370232,31,40,85,94,0.48333335,-0.125
56,2015-05-01 18:05:00+00:00,1.7693076,1.503658,1.808515,31,40,94,103,0.6333333,-0.125
56,2015-05-01 18:05:00+00:00,1.7870835,1.6056075,1.8218144,31,40,103,112,0.78333336,-0.125
56,2015-05-01 18:05:00+00:00,1.8352094,1.5885746,1.7934555,31,40,112,121,0.93333334,-0.125
56,2015-05-01 18:05:00+00:00,3.3579814,2.6135945,2.7400985,40,49,22,31,-0.5651041,0.09726562
56,2015-05-01 18:05:00+00:00,3.1549096,2.7209644,2.4558508,40,49,31,40,-0.4166667,0.099999994
56,2015-05-01 18:05:00+00:00,2.2484553,2.305133,2.2287934,40,49,40,49,-0.26666665,0.099999994
56,2015-05-01 18:05:00+00:00,1.9540116,1.8121126,2.0569923,40,49,49,58,-0.11666667,0.099999994
56,2015-05-01 18:05:00+00:00,2.0991766,1.8775433,2.0497382,40,49,58,67,0.028125003,0.10546875
56,2015-05-01 18:05:00+00:00,1.8056715,1.7660277,1.8620373,40,49,94,103,0.6333333,0.099999994
56,2015-05-01 18:05:00+00:00,1.9225041,1.8167828,1.8391647,40,49,103,112,0.78333336,0.099999994
56,2015-05-01 18:05:00+00:00,1.9362599,1.7857258,1.7958475,40,49,112,121,0.93333334,0.099999994
56,2015-05-01 18:05:00+00:00,1.9955658,2.1955426,2.0647385,49,58,40,49,-0.26666665,0.325
56,2015-05-01 18:05:00+00:00,2.0526674,1.7278852,1.905084,49,58,49,58,-0.11666667,0.325
56,2015-05-01 18:05:00+00:00,2.0866342,1.8918715,1.9626203,49,58,58,67,0.033333335,0.325
56,2015-05-01 18:05:00+00:00,2.0364945,2.153868,2.1613364,49,58,67,76,0.18333334,0.325
56,2015-05-01 18:05:00+00:00,1.8085512,1.7272174,1.8641465,49,58,94,103,0.6333333,0.325
56,2015-05-01 18:05:00+00:00,1.9554335,1.7772822,1.7726167,49,58,112,121,0.93645835,0.32187498
56,2015-05-01 18:05:00+00:00,2.1925275,2.2342792,2.0107443,58,67,40,49,-0.26276043,0.54296875
56,2015-05-01 18:05:00+00:00,1.968396,1.936577,1.9113975,58,67,49,58,-0.11666667,0.55
56,2015-05-01 18:05:00+00:00,2.123507,2.0118723,1.9318877,58,67,58,67,0.033333335,0.55
56,2015-05-01 18:05:00+00:00,2.234623,2.141199,2.0615876,58,67,67,76,0.18333334,0.55
56,2015-05-01 18:05:00+00:00,2.1332703,2.5782888,2.089316,58,67,76,85,0.3333333,0.55
56,2015-05-01 18:05:00+00:00,1.9367434,2.2075796,1.9698737,58,67,85,94,0.48098958,0.5457031
56,2015-05-01 18:05:00+00:00,1.9571866,1.9076937,1.9402076,58,67,103,112,0.78125,0.5574219
56,2015-05-01 18:05:00+00:00,1.9836737,1.9243227,1.8309002,58,67,112,121,0.93333334,0.55
56,2015-05-01 18:05:00+00:00,2.121035,1.767741,1.8511025,67,76,58,67,0.038541667,0.7078125
56,2015-05-01 18:05:00+00:00,1.9634383,1.7836729,1.8172654,67,76,103,112,0.78333336,0.775
56,2015-05-01 18:05:00+00:00,1.9903873,1.720631,1.7279409,67,76,112,121,0.93333334,0.775
56,2015-05-01 18:05:00+00:00,1.9312965,1.6686066,1.7132316,76,81,112,121,0.93484855,0.9488636
57,2015-05-01 18:10:00+00:00,2.3129287,3.1941147,2.5545363,58,67,31,40,-0.4166667,0.55
57,2015-05-01 18:10:00+00:00,2.3710232,2.5152082,2.2811198,58,67,40,49,-0.26666665,0.55
57,2015-05-01 18:10:00+00:00,2.0039496,2.154344,2.1745608,58,67,49,58,-0.11666667,0.55
57,2015-05-01 18:10:00+00:00,2.156723,2.1935008,2.1865778,58,67,58,67,0.033333335,0.55
57,2015-05-01 18:10:00+00:00,2.321158,2.432554,2.398953,58,67,67,76,0.18125,0.5566406
57,2015-05-01 18:10:00+00:00,2.0239336,1.888001,1.9865532,67,76,103,112,0.7835938,0.77304685
57,2015-05-01 18:10:00+00:00,2.0049424,1.8773967,1.8358908,67,76,112,121,0.9302083,0.7863281
57,2015-05-01 18:10:00+00:00,2.0137308,1.8457693,1.8620231,76,81,112,121,0.93333334,0.95
58,2015-05-02 18:50:00+00:00,2.215622,1.8637284,1.9867928,13,22,94,103,0.6333333,-0.575
58,2015-05-02 18:50:00+00:00,2.453752,1.9581491,2.001569,13,22,103,112,0.7828125,-0.5726563
58,2015-05-02 18:50:00+00:00,2.960738,1.9456187,1.9430552,13,22,112,121,0.93333334,-0.5625
58,2015-05-02 18:50:00+00:00,1.9078095,2.2006295,2.1708584,22,31,85,94,0.48333335,-0.35000002
58,2015-05-02 18:50:00+00:00,1.7662082,1.8647288,1.9622457,22,31,94,103,0.6333333,-0.35000002
58,2015-05-02 18:50:00+00:00,1.8138783,1.9332551,1.9535993,22,31,103,112,0.78333336,-0.35000002
58,2015-05-02 18:50:00+00:00,1.8465817,1.9409215,1.9385127,22,31,112,121,0.93333334,-0.35000002
58,2015-05-02 18:50:00+00:00,3.2478929,2.2870188,2.520472,31,40,40,49,-0.26223958,-0.120703116
58,2015-05-02 18:50:00+00:00,2.7371383,1.8141925,2.3413622,31,40,49,58,-0.11666667,-0.125
58,2015-05-02 18:50:00+00:00,1.7672803,1.8909484,2.1613994,31,40,85,94,0.48333335,-0.125
58,2015-05-02 18:50:00+00:00,1.8548738,1.7011698,1.9859318,31,40,94,103,0.6333333,-0.125
58,2015-05-02 18:50:00+00:00,1.8774571,1.7423296,1.9428943,31,40,103,112,0.78333336,-0.125
58,2015-05-02 18:50:00+00:00,1.9236772,1.7348951,1.8902701,31,40,112,121,0.93333334,-0.125
58,2015-05-02 18:50:00+00:00,3.7073915,2.8694196,3.301015,40,49,13,22,-0.71484375,0.1125
58,2015-05-02 18:50:00+00:00,2.5908651,2.9061854,3.0741048,40,49,22,31,-0.56666666,0.099999994
58,2015-05-02 18:50:00+00:00,2.5365145,3.0989428,2.7537055,40,49,31,40,-0.4169271,0.099609375
58,2015-05-02 18:50:00+00:00,2.297628,2.4964952,2.4802818,40,49,40,49,-0.2653646,0.099609375
58,2015-05-02 18:50:00+00:00,2.0526671,2.026735,2.3000638,40,49,49,58,-0.11666667,0.099999994
58,2015-05-02 18:50:00+00:00,2.1261976,2.0989962,2.2814152,40,49,58,67,0.03046875,0.103125
58,2015-05-02 18:50:00+00:00,2.0424864,2.3402476,2.5184748,40,49,67,76,0.18333334,0.10859375
58,2015-05-02 18:50:00+00:00,1.914038,1.9795357,2.075661,40,49,94,103,0.6333333,0.099999994
58,2015-05-02 18:50:00+00:00,1.9999483,1.9591376,1.9894179,40,49,103,112,0.78333336,0.099999994
58,2015-05-02 18:50:00+00:00,2.0486586,1.9225087,1.9124123,40,49,112,121,0.93333334,0.099999994
58,2015-05-02 18:50:00+00:00,2.5768154,3.0904577,3.116681,49,58,13,22,-0.7161458,0.32265624
58,2015-05-02 18:50:00+00:00,2.010699,2.7953894,2.7676508,49,58,22,31,-0.56666666,0.325
58,2015-05-02 18:50:00+00:00,2.108018,2.8970308,2.4534023,49,58,31,40,-0.4166667,0.325
58,2015-05-02 18:50:00+00:00,2.1695065,2.415994,2.2602613,49,58,40,49,-0.26666665,0.325
58,2015-05-02 18:50:00+00:00,2.1133358,1.9358524,2.1108859,49,58,49,58,-0.11666667,0.325
58,2015-05-02 18:50:00+00:00,2.1691,2.0690668,2.152077,49,58,58,67,0.03307292,0.32617188
58,2015-05-02 18:50:00+00:00,2.1464882,2.4603188,2.4332,49,58,67,76,0.18333334,0.325
58,2015-05-02 18:50:00+00:00,1.8427573,1.9655321,2.094899,49,58,94,103,0.6333333,0.325
58,2015-05-02 18:50:00+00:00,2.098746,2.0184724,2.0509467,49,58,103,112,0.78333336,0.325
58,2015-05-02 18:50:00+00:00,2.1181011,1.9612068,1.9126413,49,58,112,121,0.93333334,0.325
58,2015-05-02 18:50:00+00:00,2.1145885,2.7260113,2.5528119,58,67,22,31,-0.5604167,0.5425781
58,2015-05-02 18:50:00+00:00,2.3613014,2.7955515,2.2856107,58,67,31,40,-0.4166667,0.55
58,2015-05-02 18:50:00+00:00,2.5527904,2.3431346,2.1038957,58,67,40,49,-0.26666665,0.55
58,2015-05-02 18:50:00+00:00,2.1852155,2.0067575,2.0167837,58,67,49,58,-0.11666667,0.55
58,2015-05-02 18:50:00+00:00,2.1993556,2.0483706,2.0222294,58,67,58,67,0.033333335,0.55
58,2015-05-02 18:50:00+00:00,2.4114144,2.2425249,2.206493,58,67,67,76,0.18333334,0.55
58,2015-05-02 18:50:00+00:00,2.2910573,2.8087187,2.3186114,58,67,76,85,0.3333333,0.55
58,2015-05-02 18:50:00+00:00,1.9880036,2.2774615,2.1331632,58,67,85,94,0.48333335,0.55
58,2015-05-02 18:50:00+00:00,1.9729773,2.0286572,2.0253162,58,67,103,112,0.78333336,0.55
58,2015-05-02 18:50:00+00:00,2.0068562,1.9926147,1.9130982,58,67,112,121,0.93333334,0.55
58,2015-05-02 18:50:00+00:00,2.3094563,2.6168935,2.251068,67,76,31,40,-0.41484377,0.7667968
58,2015-05-02 18:50:00+00:00,2.0388527,1.845213,1.9220188,67,76,103,112,0.78333336,0.775
58,2015-05-02 18:50:00+00:00,2.0799356,1.781573,1.8097413,67,76,112,121,0.93333334,0.775
58,2015-05-02 18:50:00+00:00,2.064519,1.8020056,1.8142453,76,81,112,121,0.93333334,0.95
59,2015-05-03 17:55:00+00:00,1.5819978,1.6434542,1.6842953,22,31,94,103,0.63854164,-0.3484375
59,2015-05-03 17:55:00+00:00,1.6092296,1.7478558,1.7193608,22,31,103,112,0.78333336,-0.35000002
59,2015-05-03 17:55:00+00:00,1.6663188,1.7636685,1.7382693,22,31,112,121,0.93333334,-0.35000002
59,2015-05-03 17:55:00+00:00,1.6210418,1.4868706,1.79311,31,40,85,94,0.48333335,-0.125
59,2015-05-03 17:55:00+00:00,1.622055,1.3666348,1.6443197,31,40,94,103,0.6333333,-0.125
59,2015-05-03 17:55:00+00:00,1.6252549,1.4829148,1.6614182,31,40,103,112,0.78333336,-0.125
59,2015-05-03 17:55:00+00:00,1.6807988,1.4479346,1.645494,31,40,112,121,0.93333334,-0.125
59,2015-05-03 17:55:00+00:00,2.7574077,2.411832,2.6471906,40,49,22,31,-0.5640625,0.10507812
59,2015-05-03 17:55:00+00:00,1.645812,1.6374695,1.7165408,40,49,94,103,0.6333333,0.099999994
59,2015-05-03 17:55:00+00:00,1.7581276,1.7042053,1.6946687,40,49,103,112,0.78333336,0.099999994
59,2015-05-03 17:55:00+00:00,1.8082558,1.6667055,1.6680253,40,49,112,121,0.93333334,0.099999994
59,2015-05-03 17:55:00+00:00,2.695965,2.7168376,2.740846,49,58,13,22,-0.7143229,0.32109374
59,2015-05-03 17:55:00+00:00,2.013348,2.406717,2.4140937,49,58,22,31,-0.56666666,0.325
59,2015-05-03 17:55:00+00:00,2.077739,2.4546003,2.1420581,49,58,31,40,-0.4166667,0.325
59,2015-05-03 17:55:00+00:00,2.1297896,2.1057541,2.0202773,49,58,40,49,-0.26666665,0.325
59,2015-05-03 17:55:00+00:00,2.0592048,1.6866298,1.862865,49,58,49,58,-0.11666667,0.325
59,2015-05-03 17:55:00+00:00,2.080681,1.8545212,1.9088221,49,58,58,67,0.034114584,0.32617188
59,2015-05-03 17:55:00+00:00,2.0710316,2.1079574,2.114464,49,58,67,76,0.18333334,0.325
59,2015-05-03 17:55:00+00:00,1.6617733,1.5903274,1.7389442,49,58,94,103,0.6333333,0.325
59,2015-05-03 17:55:00+00:00,1.7818406,1.7219468,1.7507958,49,58,103,112,0.78333336,0.325
59,2015-05-03 17:55:00+00:00,1.8485591,1.6662374,1.6677334,49,58,112,121,0.93333334,0.325
59,2015-05-03 17:55:00+00:00,2.155614,2.5382109,2.087706,58,67,31,40,-0.4166667,0.55
59,2015-05-03 17:55:00+00:00,2.453904,2.187216,1.967991,58,67,40,49,-0.26666665,0.55
59,2015-05-03 17:55:00+00:00,2.2122576,1.8930156,1.8692728,58,67,49,58,-0.11666667,0.55
59,2015-05-03 17:55:00+00:00,2.0966651,1.962622,1.8847655,58,67,58,67,0.033333335,0.55
59,2015-05-03 17:55:00+00:00,2.2307475,2.0950131,2.0140274,58,67,67,76,0.18151042,0.5457031
59,2015-05-03 17:55:00+00:00,2.2145545,2.4702592,2.0315104,58,67,76,85,0.3333333,0.55
59,2015-05-03 17:55:00+00:00,2.033218,2.0017138,1.8736801,58,67,85,94,0.48333335,0.55
59,2015-05-03 17:55:00+00:00,1.7385838,1.8385093,1.799464,58,67,103,112,0.78333336,0.55
59,2015-05-03 17:55:00+00:00,1.7642248,1.8116704,1.7323091,58,67,112,121,0.93333334,0.55
59,2015-05-03 17:55:00+00:00,1.7729445,1.6497911,1.6879125,67,76,103,112,0.78515625,0.7703125
59,2015-05-03 17:55:00+00:00,1.8422835,1.6068852,1.6045749,67,76,112,121,0.93333334,0.775
59,2015-05-03 17:55:00+00:00,1.8975215,1.5659081,1.593852,76,81,112,121,0.93333334,0.95
60,2015-05-07 19:10:00+00:00,2.5945916,1.8090923,1.9870871,13,22,94,103,0.6333333,-0.575
60,2015-05-07 19:10:00+00:00,2.6089664,1.9528672,1.9933866,13,22,103,112,0.78333336,-0.575
60,2015-05-07 19:10:00+00:00,2.7310824,1.9507926,1.9546629,13,22,112,121,0.93151045,-0.57070315
60,2015-05-07 19:10:00+00:00,2.2463484,2.3340933,2.3279688,22,31,85,94,0.48333335,-0.35000002
60,2015-05-07 19:10:00+00:00,1.839385,1.8856161,2.0218167,22,31,94,103,0.6333333,-0.35000002
60,2015-05-07 19:10:00+00:00,1.8883654,1.9679353,1.9893554,22,31,103,112,0.78333336,-0.35000002
60,2015-05-07 19:10:00+00:00,2.3636522,1.9953134,1.9904474,22,31,112,121,0.93333334,-0.35000002
60,2015-05-07 19:10:00+00:00,2.8996713,2.4076128,2.7318096,31,40,40,49,-0.26328123,-0.120703116
60,2015-05-07 19:10:00+00:00,3.0725455,1.8134981,2.5559278,31,40,49,58,-0.11666667,-0.125
60,2015-05-07 19:10:00+00:00,1.7964132,1.9011726,2.2821848,31,40,85,94,0.48333335,-0.125
60,2015-05-07 19:10:00+00:00,1.7939816,1.6196171,2.0084991,31,40,94,103,0.6333333,-0.125
60,2015-05-07 19:10:00+00:00,1.8064848,1.6819934,1.9418687,31,40,103,112,0.78333336,-0.125
60,2015-05-07 19:10:00+00:00,1.8243737,1.6799663,1.9038364,31,40,112,121,0.93333334,-0.125
60,2015-05-07 19:10:00+00:00,3.9158256,3.0277042,3.6315982,40,49,13,22,-0.71302086,0.11328125
60,2015-05-07 19:10:00+00:00,3.2884014,3.1764574,3.4188766,40,49,22,31,-0.56666666,0.099999994
60,2015-05-07 19:10:00+00:00,2.8783593,3.3550568,3.0688922,40,49,31,40,-0.41927084,0.09921874
60,2015-05-07 19:10:00+00:00,2.6622946,2.6692603,2.6717508,40,49,40,49,-0.26666665,0.099999994
60,2015-05-07 19:10:00+00:00,2.4373677,2.0920148,2.4740272,40,49,49,58,-0.11666667,0.099999994
60,2015-05-07 19:10:00+00:00,2.253373,2.214954,2.4380176,40,49,58,67,0.03046875,0.103125
60,2015-05-07 19:10:00+00:00,1.797015,1.910759,2.0587158,40,49,94,103,0.6333333,0.099999994
60,2015-05-07 19:10:00+00:00,1.7282915,1.9128067,1.9473449,40,49,103,112,0.78333336,0.099999994
60,2015-05-07 19:10:00+00:00,1.796273,1.8913518,1.892666,40,49,112,121,0.93333334,0.099999994
60,2015-05-07 19:10:00+00:00,2.792997,3.2351964,3.2635527,49,58,13,22,-0.71666664,0.325
60,2015-05-07 19:10:00+00:00,2.2892067,2.9515443,2.934816,49,58,22,31,-0.56666666,0.325
60,2015-05-07 19:10:00+00:00,2.2260814,3.0619004,2.5688794,49,58,31,40,-0.4166667,0.325
60,2015-05-07 19:10:00+00:00,2.2396276,2.456739,2.345729,49,58,40,49,-0.26666665,0.325
60,2015-05-07 19:10:00+00:00,2.1544054,1.9272913,2.1606195,49,58,49,58,-0.11666667,0.325
60,2015-05-07 19:10:00+00:00,2.0464191,2.113262,2.2102284,49,58,58,67,0.033333335,0.325
60,2015-05-07 19:10:00+00:00,2.111188,2.4681847,2.4576783,49,58,67,76,0.18333334,0.325
60,2015-05-07 19:10:00+00:00,1.9106233,1.8244951,1.9885899,49,58,94,103,0.6333333,0.325
60,2015-05-07 19:10:00+00:00,1.9315451,1.9110295,1.9386139,49,58,103,112,0.78333336,0.325
60,2015-05-07 19:10:00+00:00,1.9599893,1.8699093,1.8276682,49,58,112,121,0.93333334,0.325
60,2015-05-07 19:10:00+00:00,1.9723084,3.0277958,2.7431552,58,67,22,31,-0.5601563,0.5371094
60,2015-05-07 19:10:00+00:00,1.958996,3.083669,2.424955,58,67,31,40,-0.4166667,0.55
60,2015-05-07 19:10:00+00:00,2.4057627,2.5048046,2.2234535,58,67,40,49,-0.26666665,0.55
60,2015-05-07 19:10:00+00:00,2.5096407,2.1287076,2.105742,58,67,49,58,-0.11666667,0.55
60,2015-05-07 19:10:00+00:00,2.4342072,2.226555,2.1193452,58,67,58,67,0.033333335,0.5476563
60,2015-05-07 19:10:00+00:00,2.3380053,2.3798869,2.271331,58,67,67,76,0.18333334,0.55
60,2015-05-07 19:10:00+00:00,2.38024,2.9618714,2.3348417,58,67,76,85,0.3333333,0.55
60,2015-05-07 19:10:00+00:00,2.2877033,2.3790126,2.1329663,58,67,85,94,0.4820313,0.5488281
60,2015-05-07 19:10:00+00:00,1.8715817,2.023162,1.9559469,58,67,103,112,0.78333336,0.55
60,2015-05-07 19:10:00+00:00,1.8457031,2.0030563,1.8683603,58,67,112,121,0.93333334,0.55
60,2015-05-07 19:10:00+00:00,1.7764199,1.8018838,1.8516915,67,76,103,112,0.7838542,0.7726562
60,2015-05-07 19:10:00+00:00,1.7318665,1.7614281,1.7482858,67,76,112,121,0.93333334,0.775
60,2015-05-07 19:10:00+00:00,1.87277,1.6864079,1.7224388,76,81,112,121,0.93333334,0.95
61,2015-05-11 18:45:00+00:00,2.4050093,1.779657,1.9360867,13,22,94,103,0.63932294,-0.5765625
61,2015-05-11 18:45:00+00:00,2.359412,1.9201266,1.9551358,13,22,103,112,0.78333336,-0.575
61,2015-05-11 18:45:00+00:00,1.863707,1.9104387,1.9223558,22,31,103,112,0.78333336,-0.35000002
61,2015-05-11 18:45:00+00:00,1.9762725,1.9179689,1.910427,22,31,112,121,0.9330729,-0.3503906
61,2015-05-11 18:45:00+00:00,1.9922864,1.7531004,2.121194,31,40,85,94,0.48333335,-0.125
61,2015-05-11 18:45:00+00:00,1.9057422,1.5327663,1.9223489,31,40,94,103,0.6333333,-0.125
61,2015-05-11 18:45:00+00:00,1.8839412,1.6193992,1.8861268,31,40,103,112,0.78333336,-0.125
61,2015-05-11 18:45:00+00:00,1.8553652,1.5815816,1.8288234,31,40,112,121,0.93333334,-0.125
61,2015-05-11 18:45:00+00:00,1.9857146,2.1661682,2.1715176,40,49,85,94,0.49010414,0.08984375
61,2015-05-11 18:45:00+00:00,1.976047,1.868801,2.0069237,40,49,94,103,0.6333333,0.099999994
61,2015-05-11 18:45:00+00:00,1.8955907,1.8912003,1.9237599,40,49,103,112,0.78333336,0.099999994
61,2015-05-11 18:45:00+00:00,1.7974249,1.8377419,1.8456115,40,49,112,121,0.93333334,0.099999994
61,2015-05-11 18:45:00+00:00,2.179543,1.8768028,2.0749352,49,58,49,58,-0.1125,0.3292969
61,2015-05-11 18:45:00+00:00,2.125846,2.0535867,2.1306708,49,58,58,67,0.032031253,0.3296875
61,2015-05-11 18:45:00+00:00,2.0666542,2.428401,2.4110548,49,58,67,76,0.18333334,0.325
61,2015-05-11 18:45:00+00:00,2.20454,1.8560344,2.0160244,49,58,94,103,0.6333333,0.325
61,2015-05-11 18:45:00+00:00,2.0362484,1.9525505,1.9796542,49,58,103,112,0.78333336,0.325
61,2015-05-11 18:45:00+00:00,1.9543467,1.8736665,1.8364,49,58,112,121,0.93333334,0.325
61,2015-05-11 18:45:00+00:00,2.453376,2.125791,2.0486963,58,67,58,67,0.033333335,0.55
61,2015-05-11 18:45:00+00:00,2.2150574,2.3213675,2.2307386,58,67,67,76,0.18333334,0.55
61,2015-05-11 18:45:00+00:00,2.2241368,2.8535295,2.2878745,58,67,76,85,0.3333333,0.55
61,2015-05-11 18:45:00+00:00,2.259117,2.2849312,2.1042747,58,67,85,94,0.48333335,0.55
61,2015-05-11 18:45:00+00:00,1.9742694,2.013927,1.9785585,58,67,103,112,0.78333336,0.55
61,2015-05-11 18:45:00+00:00,1.9400071,1.9726298,1.8664297,58,67,112,121,0.93333334,0.55
61,2015-05-11 18:45:00+00:00,1.9510098,1.8270476,1.8709043,67,76,103,112,0.78333336,0.775
61,2015-05-11 18:45:00+00:00,1.8219178,1.7412399,1.7461087,67,76,112,121,0.93333334,0.775
61,2015-05-11 18:45:00+00:00,1.9813324,1.6946076,1.7260902,76,81,112,121,0.93333334,0.95
62,2015-05-23 19:10:00+00:00,2.1696637,1.7306558,1.9147507,13,22,94,103,0.6333333,-0.575
62,2015-05-23 19:10:00+00:00,2.251516,1.6995133,1.8520324,13,22,103,112,0.7783854,-0.5628906
62,2015-05-23 19:10:00+00:00,2.4349394,2.2399204,2.3189962,22,31,85,94,0.48333335,-0.35000002
62,2015-05-23 19:10:00+00:00,1.9104049,1.809629,1.9631743,22,31,94,103,0.6333333,-0.35000002
62,2015-05-23 19:10:00+00:00,1.7847189,1.8298577,1.8652495,22,31,103,112,0.78333336,-0.35000002
62,2015-05-23 19:10:00+00:00,1.826219,1.8641704,1.8677248,22,31,112,121,0.93333334,-0.35000002
62,2015-05-23 19:10:00+00:00,2.7657,2.2229283,2.6693532,31,40,40,49,-0.26171875,-0.12109375
62,2015-05-23 19:10:00+00:00,2.406506,1.7672937,2.465158,31,40,49,58,-0.11666667,-0.125
62,2015-05-23 19:10:00+00:00,2.1926632,1.8710247,2.3110204,31,40,85,94,0.48333335,-0.125
62,2015-05-23 19:10:00+00:00,1.9619126,1.5850825,1.9652832,31,40,94,103,0.6333333,-0.125
62,2015-05-23 19:10:00+00:00,1.8774648,1.5749499,1.8215572,31,40,103,112,0.78333336,-0.125
62,2015-05-23 19:10:00+00:00,1.750967,1.5790895,1.7865875,31,40,112,121,0.93333334,-0.125
62,2015-05-23 19:10:00+00:00,3.069394,3.1703317,3.4325585,40,49,22,31,-0.56666666,0.099999994
62,2015-05-23 19:10:00+00:00,2.3685377,3.3627844,3.031193,40,49,31,40,-0.4171875,0.1
62,2015-05-23 19:10:00+00:00,2.2066648,2.517314,2.5959172,40,49,40,49,-0.26666665,0.099999994
62,2015-05-23 19:10:00+00:00,2.1799245,2.0296032,2.3971534,40,49,49,58,-0.11666667,0.099999994
62,2015-05-23 19:10:00+00:00,2.344829,2.1420677,2.3879,40,49,58,67,0.031510416,0.10429688
62,2015-05-23 19:10:00+00:00,2.2137885,2.4532645,2.5757868,40,49,67,76,0.18723959,0.10703125
62,2015-05-23 19:10:00+00:00,2.0083778,2.2128212,2.353966,40,49,85,94,0.49036455,0.087890625
62,2015-05-23 19:10:00+00:00,2.007837,1.8757033,2.0201895,40,49,94,103,0.6333333,0.099999994
62,2015-05-23 19:10:00+00:00,1.9356595,1.8005376,1.8297735,40,49,103,112,0.78333336,0.099999994
62,2015-05-23 19:10:00+00:00,1.8218365,1.7935526,1.7844678,40,49,112,121,0.93333334,0.099999994
62,2015-05-23 19:10:00+00:00,2.7236292,3.015199,3.1024084,49,58,13,22,-0.71666664,0.325
62,2015-05-23 19:10:00+00:00,2.1352603,2.8064017,2.8303256,49,58,22,31,-0.56666666,0.325
62,2015-05-23 19:10:00+00:00,2.1123874,2.898469,2.4694715,49,58,31,40,-0.4166667,0.325
62,2015-05-23 19:10:00+00:00,2.1160932,2.221215,2.2025695,49,58,40,49,-0.26666665,0.325
62,2015-05-23 19:10:00+00:00,2.143959,1.8172407,2.02729,49,58,49,58,-0.11666667,0.325
62,2015-05-23 19:10:00+00:00,2.1202703,1.9803569,2.0924397,49,58,58,67,0.033333335,0.325
62,2015-05-23 19:10:00+00:00,2.074639,2.3265069,2.341874,49,58,67,76,0.18333334,0.325
62,2015-05-23 19:10:00+00:00,2.0307777,1.7071694,1.8783257,49,58,94,103,0.6333333,0.325
62,2015-05-23 19:10:00+00:00,1.930856,1.717148,1.7638,49,58,103,112,0.78333336,0.325
62,2015-05-23 19:10:00+00:00,1.742894,1.7057804,1.679311,49,58,112,121,0.93333334,0.325
62,2015-05-23 19:10:00+00:00,2.141061,2.8892028,2.5887756,58,67,22,31,-0.5611979,0.5402344
62,2015-05-23 19:10:00+00:00,1.960305,2.923561,2.2839658,58,67,31,40,-0.4166667,0.55
62,2015-05-23 19:10:00+00:00,1.9417144,2.2755005,2.05403,58,67,40,49,-0.26666665,0.55
62,2015-05-23 19:10:00+00:00,2.2371368,1.972794,1.9480165,58,67,49,58,-0.11666667,0.55
62,2015-05-23 19:10:00+00:00,2.339824,2.043312,1.9674375,58,67,58,67,0.033333335,0.55
62,2015-05-23 19:10:00+00:00,2.2035832,2.222051,2.1246548,58,67,67,76,0.18333334,0.55
62,2015-05-23 19:10:00+00:00,2.1935654,2.8283706,2.2154324,58,67,76,85,0.3333333,0.55
62,2015-05-23 19:10:00+00:00,2.2108662,2.2082474,2.0570242,58,67,85,94,0.48333335,0.55
62,2015-05-23 19:10:00+00:00,1.7455542,1.8587238,1.7844368,58,67,103,112,0.78333336,0.55
62,2015-05-23 19:10:00+00:00,1.6708742,1.8549924,1.7192365,58,67,112,121,0.93333334,0.55
62,2015-05-23 19:10:00+00:00,1.5881456,1.6844542,1.6669884,67,76,103,112,0.7835938,0.77382815
62,2015-05-23 19:10:00+00:00,1.5956364,1.6477023,1.5894213,67,76,112,121,0.93333334,0.775
62,2015-05-23 19:10:00+00:00,1.5361923,1.5633212,1.5791525,76,81,112,121,0.93333334,0.95
63,2015-06-03 18:50:00+00:00,2.7110832,2.161312,2.4666774,31,40,103,112,0.78333336,-0.125
63,2015-06-03 18:50:00+00:00,2.45401,2.1399825,2.3153687,31,40,112,121,0.93333334,-0.125
63,2015-06-03 18:50:00+00:00,2.2957597,2.2183852,2.5424933,40,49,58,67,0.029687501,0.1046875
63,2015-06-03 18:50:00+00:00,2.0852537,2.6724222,2.8319075,40,49,67,76,0.19114584,0.111328125
63,2015-06-03 18:50:00+00:00,2.6051402,3.0958042,3.0263796,49,58,22,31,-0.5653646,0.32617188
63,2015-06-03 18:50:00+00:00,2.2809463,3.2900085,2.7194128,49,58,31,40,-0.4166667,0.325
63,2015-06-03 18:50:00+00:00,2.3892884,2.7015915,2.449691,49,58,40,49,-0.26666665,0.325
63,2015-06-03 18:50:00+00:00,2.3413725,2.1079879,2.312193,49,58,49,58,-0.11666667,0.325
63,2015-06-03 18:50:00+00:00,2.1068518,2.1952941,2.3299508,49,58,58,67,0.032552086,0.32539064
63,2015-06-03 18:50:00+00:00,2.1929617,2.677276,2.6580336,49,58,67,76,0.18333334,0.325
63,2015-06-03 18:50:00+00:00,2.4898288,2.47078,2.5874825,49,58,94,103,0.6333333,0.325
63,2015-06-03 18:50:00+00:00,2.5067139,2.4706523,2.509372,49,58,103,112,0.78333336,0.325
63,2015-06-03 18:50:00+00:00,2.1668897,2.3570983,2.2644777,49,58,112,121,0.93333334,0.325
63,2015-06-03 18:50:00+00:00,2.964586,2.9727793,2.780154,58,67,22,31,-0.5598958,0.5417969
63,2015-06-03 18:50:00+00:00,2.332391,3.1343904,2.4777803,58,67,31,40,-0.4166667,0.55
63,2015-06-03 18:50:00+00:00,2.290258,2.5633044,2.231005,58,67,40,49,-0.26666665,0.55
63,2015-06-03 18:50:00+00:00,2.2729232,2.1020832,2.1492412,58,67,49,58,-0.11666667,0.55
63,2015-06-03 18:50:00+00:00,2.2054968,2.126456,2.1293585,58,67,58,67,0.033333335,0.55
63,2015-06-03 18:50:00+00:00,2.299753,2.377347,2.3520942,58,67,67,76,0.18333334,0.55
63,2015-06-03 18:50:00+00:00,2.3444226,3.2341926,2.615919,58,67,76,85,0.3333333,0.55
63,2015-06-03 18:50:00+00:00,2.4854417,2.7364657,2.4603083,58,67,85,94,0.48333335,0.55
63,2015-06-03 18:50:00+00:00,2.7082663,2.3964097,2.400749,58,67,103,112,0.78333336,0.55
63,2015-06-03 18:50:00+00:00,2.2262595,2.297876,2.1928856,58,67,112,121,0.93333334,0.55
63,2015-06-03 18:50:00+00:00,2.952026,3.0741723,2.539096,67,76,31,40,-0.41458333,0.7671875
63,2015-06-03 18:50:00+00:00,2.525406,2.344555,2.4343076,67,76,85,94,0.47254905,0.73872554
63,2015-06-03 18:50:00+00:00,2.5911417,2.2056646,2.3567648,67,76,103,112,0.7835938,0.77382815
63,2015-06-03 18:50:00+00:00,2.2968812,2.1148899,2.1534567,67,76,112,121,0.93333334,0.775
63,2015-06-03 18:50:00+00:00,2.3780549,2.1235797,2.1620092,76,81,112,121,0.93333334,0.95
64,2015-06-10 18:55:00+00:00,3.3157465,2.3610275,2.3818114,22,31,85,94,0.48385417,-0.34921876
64,2015-06-10 18:55:00+00:00,2.2019787,1.9447061,2.0824504,22,31,94,103,0.6333333,-0.35000002
64,2015-06-10 18:55:00+00:00,2.1388128,2.0072138,2.0335445,22,31,103,112,0.78333336,-0.35000002
64,2015-06-10 18:55:00+00:00,2.030043,2.0219307,2.022762,22,31,112,121,0.93333334,-0.35000002
64,2015-06-10 18:55:00+00:00,2.0552566,1.9755758,2.3730829,31,40,85,94,0.48333335,-0.125
64,2015-06-10 18:55:00+00:00,2.103122,1.7121341,2.09523,31,40,94,103,0.6333333,-0.125
64,2015-06-10 18:55:00+00:00,2.0634043,1.7452134,2.0033543,31,40,103,112,0.78333336,-0.125
64,2015-06-10 18:55:00+00:00,1.9863867,1.729934,1.9487187,31,40,112,121,0.93333334,-0.125
64,2015-06-10 18:55:00+00:00,3.1171858,3.4572349,3.1399806,40,49,31,40,-0.41510415,0.103906244
64,2015-06-10 18:55:00+00:00,2.7588956,2.6759763,2.7765071,40,49,40,49,-0.26822916,0.107812494
64,2015-06-10 18:55:00+00:00,2.0159042,2.0396047,2.1792397,40,49,94,103,0.6333333,0.099999994
64,2015-06-10 18:55:00+00:00,1.981343,2.0036943,2.0375845,40,49,103,112,0.78333336,0.099999994
64,2015-06-10 18:55:00+00:00,1.9164798,1.9623106,1.9598906,40,49,112,121,0.93333334,0.099999994
64,2015-06-10 18:55:00+00:00,4.365589,3.362202,3.3878946,49,58,13,22,-0.7161458,0.32265624
64,2015-06-10 18:55:00+00:00,2.7599633,3.079818,3.0505912,49,58,22,31,-0.56666666,0.325
64,2015-06-10 18:55:00+00:00,2.4074588,3.2056637,2.6852136,49,58,31,40,-0.4166667,0.325
64,2015-06-10 18:55:00+00:00,2.2687943,2.5515804,2.4349623,49,58,40,49,-0.26666665,0.325
64,2015-06-10 18:55:00+00:00,2.1830404,2.0411882,2.2637944,49,58,49,58,-0.11666667,0.325
64,2015-06-10 18:55:00+00:00,2.1065786,2.1998472,2.3015826,49,58,58,67,0.033333335,0.325
64,2015-06-10 18:55:00+00:00,2.136053,2.606873,2.5809577,49,58,67,76,0.18333334,0.325
64,2015-06-10 18:55:00+00:00,1.962997,1.9864546,2.1388338,49,58,94,103,0.6333333,0.325
64,2015-06-10 18:55:00+00:00,1.9888428,2.0352356,2.0583615,49,58,103,112,0.78333336,0.325
64,2015-06-10 18:55:00+00:00,2.0056536,1.9713409,1.918399,49,58,112,121,0.93333334,0.325
64,2015-06-10 18:55:00+00:00,2.7682357,3.1197927,2.4914944,58,67,31,40,-0.4166667,0.55
64,2015-06-10 18:55:00+00:00,2.4347394,2.5182717,2.266531,58,67,40,49,-0.26666665,0.55
64,2015-06-10 18:55:00+00:00,2.288522,2.1614597,2.1609604,58,67,49,58,-0.11666667,0.55
64,2015-06-10 18:55:00+00:00,2.0690491,2.2159786,2.1579716,58,67,58,67,0.033333335,0.55
64,2015-06-10 18:55:00+00:00,1.942993,2.4116445,2.3395808,58,67,67,76,0.18333334,0.55
64,2015-06-10 18:55:00+00:00,1.948942,3.0592375,2.4615448,58,67,76,85,0.3333333,0.55
64,2015-06-10 18:55:00+00:00,2.0722568,2.4112785,2.2449687,58,67,85,94,0.48333335,0.55
64,2015-06-10 18:55:00+00:00,2.0223598,2.08898,2.045177,58,67,103,112,0.78333336,0.55
64,2015-06-10 18:55:00+00:00,1.8803105,2.0520654,1.9342583,58,67,112,121,0.93333334,0.55
64,2015-06-10 18:55:00+00:00,2.0219448,1.8682312,1.9350736,67,76,103,112,0.7835938,0.77382815
64,2015-06-10 18:55:00+00:00,1.8703638,1.8044305,1.8122848,67,76,112,121,0.93333334,0.775
64,2015-06-10 18:55:00+00:00,1.9488466,1.7816647,1.8053285,76,81,112,121,0.93333334,0.95
65,2015-07-20 18:05:00+00:00,2.372424,2.214684,2.5246892,13,22,94,103,0.6333333,-0.575
65,2015-07-20 18:05:00+00:00,2.251712,2.150319,2.2894082,13,22,103,112,0.78333336,-0.57734376
65,2015-07-20 18:05:00+00:00,2.5014865,2.7347472,2.972039,22,31,85,94,0.47994792,-0.3636719
65,2015-07-20 18:05:00+00:00,4.5314198,3.2717693,3.6451135,31,40,40,49,-0.2643229,-0.12148437
65,2015-07-20 18:05:00+00:00,4.2543063,2.7248092,3.4320395,31,40,49,58,-0.11666667,-0.125
65,2015-07-20 18:05:00+00:00,4.0324044,2.920349,3.3998907,31,40,58,67,0.025260419,-0.12695312
65,2015-07-20 18:05:00+00:00,4.1310515,4.415964,4.6843953,40,49,22,31,-0.56666666,0.099999994
65,2015-07-20 18:05:00+00:00,4.388982,4.796869,4.231846,40,49,31,40,-0.4166667,0.099999994
65,2015-07-20 18:05:00+00:00,3.6108072,3.4293742,3.617709,40,49,40,49,-0.26614583,0.099609375
65,2015-07-20 18:05:00+00:00,2.3769522,2.8731759,3.4050422,40,49,49,58,-0.11666667,0.099999994
65,2015-07-20 18:05:00+00:00,3.6688282,2.9716606,3.295793,40,49,58,67,0.033072915,0.10273437
65,2015-07-20 18:05:00+00:00,3.8997738,3.5022304,3.7226746,40,49,67,76,0.18281251,0.10859375
65,2015-07-20 18:05:00+00:00,4.4808364,4.1665344,4.292333,49,58,13,22,-0.7153646,0.32617188
65,2015-07-20 18:05:00+00:00,3.9628534,3.9113073,3.9231327,49,58,22,31,-0.56666666,0.325
65,2015-07-20 18:05:00+00:00,3.8717666,4.175767,3.4790676,49,58,31,40,-0.4166667,0.325
65,2015-07-20 18:05:00+00:00,3.1621873,3.0228882,2.9884236,49,58,40,49,-0.26666665,0.325
65,2015-07-20 18:05:00+00:00,1.9396036,2.4812303,2.8023586,49,58,49,58,-0.11666667,0.325
65,2015-07-20 18:05:00+00:00,2.1765764,2.6462204,2.8766358,49,58,58,67,0.033333335,0.325
65,2015-07-20 18:05:00+00:00,2.7352428,3.3204036,3.3174837,49,58,67,76,0.18333334,0.325
65,2015-07-20 18:05:00+00:00,2.7440236,3.4719987,3.320877,58,67,22,31,-0.56354165,0.5449219
65,2015-07-20 18:05:00+00:00,2.2822905,3.6804073,2.9616964,58,67,31,40,-0.4166667,0.55
65,2015-07-20 18:05:00+00:00,1.9003668,2.7019527,2.5513046,58,67,40,49,-0.26666665,0.55
65,2015-07-20 18:05:00+00:00,1.9313768,2.3627524,2.4446378,58,67,49,58,-0.11666667,0.55
65,2015-07-20 18:05:00+00:00,1.9409496,2.3987575,2.4578886,58,67,58,67,0.033333335,0.55
65,2015-07-20 18:05:00+00:00,2.0166304,2.728947,2.747912,58,67,67,76,0.18333334,0.55
65,2015-07-20 18:05:00+00:00,2.1348245,3.6835997,3.0137665,58,67,76,85,0.3333333,0.55
65,2015-07-20 18:05:00+00:00,2.373093,2.6708307,2.6478484,58,67,85,94,0.48333335,0.5511719
65,2015-07-20 18:05:00+00:00,1.9732862,3.8823445,3.0262144,67,76,31,40,-0.4171875,0.7710937
66,2015-07-21 18:50:00+00:00,3.616519,2.6011753,3.0072553,13,22,85,94,0.4893229,-0.5589844
66,2015-07-21 18:50:00+00:00,2.5642312,2.162033,2.461299,13,22,94,103,0.6333333,-0.575
66,2015-07-21 18:50:00+00:00,2.6026144,2.1886187,2.2370403,13,22,103,112,0.78020835,-0.5792968
66,2015-07-21 18:50:00+00:00,3.2285469,2.7748382,3.092847,22,31,85,94,0.4859375,-0.34921876
66,2015-07-21 18:50:00+00:00,2.313304,2.2027004,2.4501855,22,31,94,103,0.6333333,-0.35000002
66,2015-07-21 18:50:00+00:00,2.0512578,2.0970597,2.1547287,22,31,103,112,0.7736979,-0.35000002
66,2015-07-21 18:50:00+00:00,1.9686992,2.1591403,2.1455512,22,31,112,121,0.93645835,-0.34804687
66,2015-07-21 18:50:00+00:00,4.4732614,3.4247699,3.950808,31,40,40,49,-0.26276043,-0.1203125
66,2015-07-21 18:50:00+00:00,4.3768888,2.8549182,3.7505136,31,40,49,58,-0.11666667,-0.125
66,2015-07-21 18:50:00+00:00,4.594839,3.0874367,3.6975424,31,40,58,67,0.028125,-0.12656249
66,2015-07-21 18:50:00+00:00,4.2087293,3.5108368,3.8909922,31,40,67,76,0.18723959,-0.12851563
66,2015-07-21 18:50:00+00:00,3.1059055,3.0100057,3.3250322,31,40,85,94,0.47552085,-0.13476562
66,2015-07-21 18:50:00+00:00,2.0585015,1.8271785,2.1257858,31,40,112,121,0.9341146,-0.12382813
66,2015-07-21 18:50:00+00:00,4.6013584,4.568291,5.164911,40,49,13,22,-0.71458334,0.11289062
66,2015-07-21 18:50:00+00:00,4.4278646,4.7677484,5.0347795,40,49,22,31,-0.56666666,0.099999994
66,2015-07-21 18:50:00+00:00,3.5433648,5.149172,4.600852,40,49,31,40,-0.41796875,0.09921875
66,2015-07-21 18:50:00+00:00,3.1320574,3.1401947,3.7435362,40,49,49,58,-0.11666667,0.099999994
66,2015-07-21 18:50:00+00:00,4.14987,3.3208323,3.696907,40,49,58,67,0.032552086,0.10078125
66,2015-07-21 18:50:00+00:00,4.3230624,3.6975417,4.0124683,40,49,67,76,0.18333334,0.10859375
66,2015-07-21 18:50:00+00:00,2.565589,2.295309,2.379254,40,49,103,112,0.78333336,0.099999994
66,2015-07-21 18:50:00+00:00,2.2228472,2.1728787,2.1998327,40,49,112,121,0.93333334,0.099999994
66,2015-07-21 18:50:00+00:00,4.6059585,4.594375,4.638905,49,58,13,22,-0.71666664,0.325
66,2015-07-21 18:50:00+00:00,4.193941,4.348678,4.305218,49,58,22,31,-0.56666666,0.325
66,2015-07-21 18:50:00+00:00,3.6922858,4.6179585,3.8330805,49,58,31,40,-0.4166667,0.325
66,2015-07-21 18:50:00+00:00,2.972935,3.3895178,3.3641405,49,58,40,49,-0.26666665,0.325
66,2015-07-21 18:50:00+00:00,2.562706,2.7751813,3.1431038,49,58,49,58,-0.11666667,0.325
66,2015-07-21 18:50:00+00:00,2.8567572,3.0032988,3.1927717,49,58,58,67,0.033333335,0.325
66,2015-07-21 18:50:00+00:00,3.1221008,3.672764,3.6290822,49,58,67,76,0.18333334,0.325
66,2015-07-21 18:50:00+00:00,3.6864424,2.5208302,2.719514,49,58,94,103,0.6333333,0.325
66,2015-07-21 18:50:00+00:00,3.2657146,2.355912,2.373012,49,58,103,112,0.78333336,0.325
66,2015-07-21 18:50:00+00:00,2.2031496,2.1996527,2.1108754,49,58,112,121,0.93333334,0.325
66,2015-07-21 18:50:00+00:00,3.7215235,3.9135468,3.7414927,58,67,22,31,-0.5648438,0.5457031
66,2015-07-21 18:50:00+00:00,2.9235985,4.127606,3.3575444,58,67,31,40,-0.4166667,0.55
66,2015-07-21 18:50:00+00:00,2.446773,3.0847356,2.9567587,58,67,40,49,-0.26666665,0.55
66,2015-07-21 18:50:00+00:00,2.5634263,2.734538,2.8093681,58,67,49,58,-0.11666667,0.55
66,2015-07-21 18:50:00+00:00,2.5682795,2.7986977,2.8076828,58,67,58,67,0.033333335,0.55
66,2015-07-21 18:50:00+00:00,2.4775147,3.1072617,3.0998511,58,67,67,76,0.18333334,0.55
66,2015-07-21 18:50:00+00:00,2.4507563,4.0253153,3.2994733,58,67,76,85,0.3333333,0.55
66,2015-07-21 18:50:00+00:00,2.4148715,2.8579307,2.8582897,58,67,85,94,0.48333335,0.55
66,2015-07-21 18:50:00+00:00,2.2035255,2.2001238,2.2551234,58,67,103,112,0.78515625,0.55429685
66,2015-07-21 18:50:00+00:00,2.2617545,2.1480677,2.0509803,58,67,112,121,0.93333334,0.55
66,2015-07-21 18:50:00+00:00,2.2956944,1.954878,2.0923893,67,76,103,112,0.78333336,0.775
66,2015-07-21 18:50:00+00:00,2.2977433,1.8103974,1.8864231,67,76,112,121,0.93333334,0.775
66,2015-07-21 18:50:00+00:00,2.3107405,1.9248242,1.9103351,76,81,112,121,0.93333334,0.95
67,2015-07-23 18:35:00+00:00,4.320687,2.7018232,3.1989498,13,22,85,94,0.49140626,-0.5582031
67,2015-07-23 18:35:00+00:00,3.552383,2.3082871,2.6907566,13,22,94,103,0.6333333,-0.575
67,2015-07-23 18:35:00+00:00,3.1073935,2.1757092,2.3506072,13,22,103,112,0.78307295,-0.5738281
67,2015-07-23 18:35:00+00:00,3.8055472,2.8959715,3.290014,22,31,85,94,0.4859375,-0.35078126
67,2015-07-23 18:35:00+00:00,2.7410882,2.364041,2.6875594,22,31,94,103,0.6333333,-0.35000002
67,2015-07-23 18:35:00+00:00,2.185608,2.2002938,2.3294978,22,31,103,112,0.78333336,-0.35000002
67,2015-07-23 18:35:00+00:00,2.114135,2.2254095,2.2673945,22,31,112,121,0.93333334,-0.35000002
67,2015-07-23 18:35:00+00:00,4.548082,3.4021049,3.88991,31,40,40,49,-0.26276043,-0.1203125
67,2015-07-23 18:35:00+00:00,4.0618186,2.9210548,3.7159674,31,40,49,58,-0.11666667,-0.125
67,2015-07-23 18:35:00+00:00,4.4816723,3.1574404,3.6846328,31,40,58,67,0.025,-0.1265625
67,2015-07-23 18:35:00+00:00,4.456864,3.74391,3.9691694,31,40,67,76,0.18723959,-0.13046874
67,2015-07-23 18:35:00+00:00,3.971177,2.7918925,3.5133078,31,40,85,94,0.48645836,-0.123046875
67,2015-07-23 18:35:00+00:00,2.6747286,2.3661387,2.8977628,31,40,94,103,0.6333333,-0.125
67,2015-07-23 18:35:00+00:00,2.07778,2.0330575,2.4090748,31,40,103,112,0.78333336,-0.125
67,2015-07-23 18:35:00+00:00,1.99786,2.0425527,2.2669182,31,40,112,121,0.93333334,-0.125
67,2015-07-23 18:35:00+00:00,4.4323826,4.545002,5.232426,40,49,13,22,-0.7140625,0.111328125
67,2015-07-23 18:35:00+00:00,4.4017034,4.7509756,5.048935,40,49,22,31,-0.56666666,0.099999994
67,2015-07-23 18:35:00+00:00,4.153913,5.112169,4.568179,40,49,31,40,-0.4166667,0.099999994
67,2015-07-23 18:35:00+00:00,3.8054132,3.6126928,3.8674426,40,49,40,49,-0.26666665,0.099999994
67,2015-07-23 18:35:00+00:00,3.2923484,3.0486002,3.680258,40,49,49,58,-0.11666667,0.099999994
67,2015-07-23 18:35:00+00:00,3.818265,3.2099476,3.6831403,40,49,58,67,0.032552086,0.10078125
67,2015-07-23 18:35:00+00:00,3.867644,3.9337075,4.0031953,40,49,67,76,0.18776041,0.1046875
67,2015-07-23 18:35:00+00:00,2.889207,2.817055,3.0699131,40,49,94,103,0.6333333,0.099999994
67,2015-07-23 18:35:00+00:00,2.4434986,2.3958297,2.4941807,40,49,103,112,0.78333336,0.099999994
67,2015-07-23 18:35:00+00:00,2.0484567,2.352916,2.3164248,40,49,112,121,0.93333334,0.099999994
67,2015-07-23 18:35:00+00:00,3.9504833,4.3692875,4.4900928,49,58,13,22,-0.7161458,0.32265624
67,2015-07-23 18:35:00+00:00,3.1322794,4.188698,4.1614203,49,58,22,31,-0.56666666,0.325
67,2015-07-23 18:35:00+00:00,2.3123856,3.1330163,3.1406074,49,58,40,49,-0.26666665,0.325
67,2015-07-23 18:35:00+00:00,2.3064048,2.5997612,2.9477296,49,58,49,58,-0.11666667,0.325
67,2015-07-23 18:35:00+00:00,2.6154888,2.8032374,3.0321417,49,58,58,67,0.033333335,0.325
67,2015-07-23 18:35:00+00:00,2.7712772,3.512654,3.4811113,49,58,67,76,0.18333334,0.325
67,2015-07-23 18:35:00+00:00,4.1771193,2.9906392,3.1254332,49,58,85,94,0.4903646,0.33203125
67,2015-07-23 18:35:00+00:00,3.8891644,2.5626154,2.7706232,49,58,94,103,0.6333333,0.325
67,2015-07-23 18:35:00+00:00,3.184697,2.292254,2.3440816,49,58,103,112,0.78333336,0.325
67,2015-07-23 18:35:00+00:00,2.0277674,2.2275138,2.1108065,49,58,112,121,0.93333334,0.325
67,2015-07-23 18:35:00+00:00,2.6839333,3.8296773,3.5914145,58,67,22,31,-0.56041664,0.5414063
67,2015-07-23 18:35:00+00:00,2.0242217,3.9563546,3.1645093,58,67,31,40,-0.4166667,0.55
67,2015-07-23 18:35:00+00:00,2.250282,2.846265,2.7056274,58,67,40,49,-0.26666665,0.55
67,2015-07-23 18:35:00+00:00,2.3659048,2.5096297,2.5862386,58,67,49,58,-0.11666667,0.55
67,2015-07-23 18:35:00+00:00,2.4661279,2.569864,2.6114914,58,67,58,67,0.033333335,0.55
67,2015-07-23 18:35:00+00:00,2.470609,2.9311583,2.9095674,58,67,67,76,0.18333334,0.55
67,2015-07-23 18:35:00+00:00,2.7104533,3.9649298,3.2084785,58,67,76,85,0.3333333,0.55
67,2015-07-23 18:35:00+00:00,2.9575574,2.8787184,2.8494565,58,67,85,94,0.48333335,0.55
67,2015-07-23 18:35:00+00:00,2.3953233,2.4086316,2.569795,58,67,94,103,0.63177085,0.53945315
67,2015-07-23 18:35:00+00:00,3.1445398,2.199607,2.206077,58,67,103,112,0.78333336,0.55
67,2015-07-23 18:35:00+00:00,2.1387312,2.1734195,2.0379329,58,67,112,121,0.93333334,0.55
67,2015-07-23 18:35:00+00:00,2.3950496,2.6502178,2.7816222,67,76,85,94,0.47320262,0.73774517
67,2015-07-23 18:35:00+00:00,2.1091855,1.9977896,2.0738065,67,76,103,112,0.78333336,0.775
67,2015-07-23 18:35:00+00:00,2.064404,1.9234314,1.8939271,67,76,112,121,0.93333334,0.775
67,2015-07-23 18:35:00+00:00,2.1071322,1.9648736,1.93955,76,81,112,121,0.93333334,0.95
68,2015-07-27 16:26:00+00:00,4.070871,2.4104025,2.7603312,13,22,85,94,0.4875,-0.5601562
68,2015-07-27 16:26:00+00:00,3.3252048,2.0882883,2.3860464,13,22,94,103,0.6333333,-0.575
68,2015-07-27 16:26:00+00:00,2.6849213,1.9904705,2.140908,13,22,103,112,0.78307295,-0.5738281
68,2015-07-27 16:26:00+00:00,3.391862,2.5804882,2.8019512,22,31,85,94,0.48333335,-0.35000002
68,2015-07-27 16:26:00+00:00,2.0223665,2.1118505,2.3722374,22,31,94,103,0.6333333,-0.35000002
68,2015-07-27 16:26:00+00:00,1.8327143,1.9963762,2.1131153,22,31,103,112,0.78333336,-0.35000002
68,2015-07-27 16:26:00+00:00,1.8340052,2.0137691,2.0658922,22,31,112,121,0.93333334,-0.35000002
68,2015-07-27 16:26:00+00:00,4.360957,2.9129922,3.2167728,31,40,40,49,-0.26510417,-0.12109375
68,2015-07-27 16:26:00+00:00,4.16683,2.3960307,3.0342839,31,40,49,58,-0.11666667,-0.125
68,2015-07-27 16:26:00+00:00,4.231202,2.617032,3.0450125,31,40,58,67,0.026302084,-0.12539062
68,2015-07-27 16:26:00+00:00,4.424407,3.1326184,3.3304622,31,40,67,76,0.1875,-0.12773438
68,2015-07-27 16:26:00+00:00,4.135117,2.4932468,2.9885352,31,40,85,94,0.48333335,-0.125
68,2015-07-27 16:26:00+00:00,2.7716167,2.116899,2.535875,31,40,94,103,0.6333333,-0.125
68,2015-07-27 16:26:00+00:00,1.6572016,1.8716807,2.1675014,31,40,103,112,0.78333336,-0.125
68,2015-07-27 16:26:00+00:00,1.6601597,1.8957467,2.0658402,31,40,112,121,0.93333334,-0.125
68,2015-07-27 16:26:00+00:00,4.273268,3.8664482,4.465239,40,49,13,22,-0.7140625,0.11054687
68,2015-07-27 16:26:00+00:00,3.9910123,3.9819162,4.2788863,40,49,22,31,-0.56666666,0.099999994
68,2015-07-27 16:26:00+00:00,3.483567,4.3082833,3.8223536,40,49,31,40,-0.4166667,0.099999994
68,2015-07-27 16:26:00+00:00,2.937856,3.015228,3.1696103,40,49,40,49,-0.26666665,0.099999994
68,2015-07-27 16:26:00+00:00,2.7347198,2.4812865,2.9841633,40,49,49,58,-0.11666667,0.099999994
68,2015-07-27 16:26:00+00:00,3.4148593,2.6028225,2.998573,40,49,58,67,0.03046875,0.10195312
68,2015-07-27 16:26:00+00:00,4.387763,3.3070319,3.3516405,40,49,67,76,0.18854168,0.103125
68,2015-07-27 16:26:00+00:00,4.2353315,2.8824005,3.0950541,40,49,85,94,0.48723957,0.09414062
68,2015-07-27 16:26:00+00:00,3.2974544,2.4922423,2.6674209,40,49,94,103,0.6333333,0.099999994
68,2015-07-27 16:26:00+00:00,1.8554469,2.1613586,2.22834,40,49,103,112,0.78333336,0.099999994
68,2015-07-27 16:26:00+00:00,1.6506015,2.1363769,2.099018,40,49,112,121,0.93333334,0.099999994
68,2015-07-27 16:26:00+00:00,4.148303,3.6571093,3.8011127,49,58,13,22,-0.71666664,0.325
68,2015-07-27 16:26:00+00:00,2.8053806,3.4493084,3.4741712,49,58,22,31,-0.56666666,0.325
68,2015-07-27 16:26:00+00:00,1.7476246,3.6528003,3.0440571,49,58,31,40,-0.4166667,0.325
68,2015-07-27 16:26:00+00:00,1.7414124,2.603869,2.5726554,49,58,40,49,-0.26666665,0.325
68,2015-07-27 16:26:00+00:00,1.8584725,2.1378393,2.404178,49,58,49,58,-0.11666667,0.325
68,2015-07-27 16:26:00+00:00,1.9946636,2.2932394,2.4966807,49,58,58,67,0.033333335,0.325
68,2015-07-27 16:26:00+00:00,3.2358205,2.8829885,2.89656,49,58,67,76,0.18333334,0.325
68,2015-07-27 16:26:00+00:00,3.086081,2.5614257,2.6528513,49,58,85,94,0.4903646,0.33203125
68,2015-07-27 16:26:00+00:00,2.593236,2.2208757,2.4115849,49,58,94,103,0.6333333,0.325
68,2015-07-27 16:26:00+00:00,2.4346995,2.021013,2.0968065,49,58,103,112,0.78333336,0.325
68,2015-07-27 16:26:00+00:00,1.7722193,1.9938159,1.9299971,49,58,112,121,0.93333334,0.325
68,2015-07-27 16:26:00+00:00,2.3349059,3.1449485,2.9609249,58,67,22,31,-0.5625,0.5433594
68,2015-07-27 16:26:00+00:00,1.840418,3.302341,2.6034312,58,67,31,40,-0.4166667,0.55
68,2015-07-27 16:26:00+00:00,1.684367,2.3941422,2.2167993,58,67,40,49,-0.26666665,0.55
68,2015-07-27 16:26:00+00:00,1.7822045,2.0702217,2.1246586,58,67,49,58,-0.11666667,0.55
68,2015-07-27 16:26:00+00:00,1.7740176,2.119604,2.1541588,58,67,58,67,0.033333335,0.55
68,2015-07-27 16:26:00+00:00,1.8237629,2.4272623,2.4138122,58,67,67,76,0.18333334,0.55
68,2015-07-27 16:26:00+00:00,2.1339862,3.3607724,2.6860197,58,67,76,85,0.3333333,0.55
68,2015-07-27 16:26:00+00:00,1.7930182,2.5154393,2.4311793,58,67,85,94,0.48333335,0.55
68,2015-07-27 16:26:00+00:00,1.8030512,2.1606371,2.249488,58,67,94,103,0.6330729,0.53828126
68,2015-07-27 16:26:00+00:00,2.4515939,2.006074,1.9987383,58,67,103,112,0.78333336,0.55
68,2015-07-27 16:26:00+00:00,2.001127,1.9819646,1.8741249,58,67,112,121,0.93333334,0.55
68,2015-07-27 16:26:00+00:00,1.7446328,3.4568758,2.6942866,67,76,31,40,-0.42031252,0.7714844
68,2015-07-27 16:26:00+00:00,2.548707,1.8586907,1.883117,67,76,103,112,0.78333336,0.775
68,2015-07-27 16:26:00+00:00,1.9698676,1.8092455,1.7602726,67,76,112,121,0.93333334,0.775
68,2015-07-27 16:26:00+00:00,1.9010141,1.8079038,1.8084247,76,81,112,121,0.93333334,0.95
69,2015-07-27 18:10:00+00:00,3.3604493,1.7980525,1.9761999,13,22,94,103,0.6333333,-0.575
69,2015-07-27 18:10:00+00:00,2.7032835,1.8536904,1.913556,13,22,103,112,0.78307295,-0.5738281
70,2015-07-27 18:15:00+00:00,3.391862,2.576266,2.8271873,22,31,85,94,0.48333335,-0.35000002
70,2015-07-27 18:15:00+00:00,2.0194278,2.0814888,2.3239787,22,31,94,103,0.6333333,-0.35000002
70,2015-07-27 18:15:00+00:00,1.8081523,1.9479303,2.0293238,22,31,103,112,0.78333336,-0.35000002
70,2015-07-27 18:15:00+00:00,1.7910244,1.9729606,1.9827679,22,31,112,121,0.93098956,-0.34609377
70,2015-07-27 18:15:00+00:00,4.360957,2.9923685,3.382002,31,40,40,49,-0.26510417,-0.12109375
70,2015-07-27 18:15:00+00:00,4.16683,2.4118176,3.1602466,31,40,49,58,-0.11666667,-0.125
70,2015-07-27 18:15:00+00:00,4.231202,2.6760895,3.1750503,31,40,58,67,0.026302084,-0.12539062
70,2015-07-27 18:15:00+00:00,4.424407,3.2541757,3.501178,31,40,67,76,0.1875,-0.12773438
70,2015-07-27 18:15:00+00:00,4.135117,2.4269557,3.014329,31,40,85,94,0.48333335,-0.125
70,2015-07-27 18:15:00+00:00,2.7716167,2.0506403,2.5087173,31,40,94,103,0.6333333,-0.125
70,2015-07-27 18:15:00+00:00,1.6572016,1.7729686,2.0936723,31,40,103,112,0.78333336,-0.125
70,2015-07-27 18:15:00+00:00,1.6601597,1.7674612,1.9696252,31,40,112,121,0.93333334,-0.125
70,2015-07-27 18:15:00+00:00,4.273268,4.08433,4.669493,40,49,13,22,-0.7140625,0.11054687
70,2015-07-27 18:15:00+00:00,3.9910123,4.216429,4.4607925,40,49,22,31,-0.56666666,0.099999994
70,2015-07-27 18:15:00+00:00,3.483567,4.543029,4.013366,40,49,31,40,-0.4166667,0.099999994
70,2015-07-27 18:15:00+00:00,2.937856,3.2151792,3.3838537,40,49,40,49,-0.26666665,0.099999994
70,2015-07-27 18:15:00+00:00,2.7347198,2.649764,3.1593695,40,49,49,58,-0.11666667,0.099999994
70,2015-07-27 18:15:00+00:00,3.4148593,2.812411,3.1843927,40,49,58,67,0.03046875,0.10195312
70,2015-07-27 18:15:00+00:00,4.387763,3.584184,3.5740824,40,49,67,76,0.18854168,0.103125
70,2015-07-27 18:15:00+00:00,4.2353315,2.9197917,3.161277,40,49,85,94,0.48723957,0.09414062
70,2015-07-27 18:15:00+00:00,3.2974544,2.5127475,2.6890457,40,49,94,103,0.6333333,0.099999994
70,2015-07-27 18:15:00+00:00,1.8554469,2.1399713,2.194003,40,49,103,112,0.78333336,0.099999994
70,2015-07-27 18:15:00+00:00,1.6506015,2.0987368,2.040478,40,49,112,121,0.93333334,0.099999994
70,2015-07-27 18:15:00+00:00,4.148303,3.9370873,4.0577273,49,58,13,22,-0.71666664,0.325
70,2015-07-27 18:15:00+00:00,2.8053806,3.702366,3.6942453,49,58,22,31,-0.56666666,0.325
70,2015-07-27 18:15:00+00:00,1.7476246,3.9104383,3.2620707,49,58,31,40,-0.4166667,0.325
70,2015-07-27 18:15:00+00:00,1.7414124,2.7828696,2.7957015,49,58,40,49,-0.26666665,0.325
70,2015-07-27 18:15:00+00:00,1.8584725,2.2765348,2.5833008,49,58,49,58,-0.11666667,0.325
70,2015-07-27 18:15:00+00:00,1.9946636,2.4843802,2.6995907,49,58,58,67,0.033333335,0.325
70,2015-07-27 18:15:00+00:00,3.2358205,3.176345,3.1547081,49,58,67,76,0.18333334,0.325
70,2015-07-27 18:15:00+00:00,3.086081,2.6457074,2.7581148,49,58,85,94,0.4903646,0.33203125
70,2015-07-27 18:15:00+00:00,2.593236,2.271308,2.4795814,49,58,94,103,0.6333333,0.325
70,2015-07-27 18:15:00+00:00,2.4346995,2.0329568,2.1084957,49,58,103,112,0.78333336,0.325
70,2015-07-27 18:15:00+00:00,1.7722193,1.9771417,1.9010264,49,58,112,121,0.93333334,0.325
70,2015-07-27 18:15:00+00:00,2.3349059,3.3648531,3.161335,58,67,22,31,-0.5625,0.5433594
70,2015-07-27 18:15:00+00:00,1.840418,3.4951181,2.8027256,58,67,31,40,-0.4166667,0.55
70,2015-07-27 18:15:00+00:00,1.684367,2.549631,2.4184453,58,67,40,49,-0.26666665,0.55
70,2015-07-27 18:15:00+00:00,1.7822045,2.233453,2.2904875,58,67,49,58,-0.11666667,0.55
70,2015-07-27 18:15:00+00:00,1.7740176,2.3049552,2.3398972,58,67,58,67,0.033333335,0.55
70,2015-07-27 18:15:00+00:00,1.8237629,2.6629426,2.6390355,58,67,67,76,0.18333334,0.55
70,2015-07-27 18:15:00+00:00,2.1339862,3.5279915,2.8620503,58,67,76,85,0.3333333,0.55
70,2015-07-27 18:15:00+00:00,1.7930182,2.5330033,2.5299466,58,67,85,94,0.48333335,0.55
70,2015-07-27 18:15:00+00:00,1.8030512,2.1914084,2.3048701,58,67,94,103,0.6330729,0.53828126
70,2015-07-27 18:15:00+00:00,2.4515939,1.9800555,2.0004396,58,67,103,112,0.78333336,0.55
70,2015-07-27 18:15:00+00:00,2.001127,1.9646945,1.8567982,58,67,112,121,0.93333334,0.55
70,2015-07-27 18:15:00+00:00,1.7446328,3.632812,2.8478007,67,76,31,40,-0.42031252,0.7714844
70,2015-07-27 18:15:00+00:00,2.548707,1.8192223,1.8586348,67,76,103,112,0.78333336,0.775
70,2015-07-27 18:15:00+00:00,1.9698676,1.7474179,1.7006192,67,76,112,121,0.93333334,0.775
70,2015-07-27 18:15:00+00:00,1.9010141,1.7767423,1.7556107,76,81,112,121,0.93333334,0.95
71,2015-07-28 18:55:00+00:00,3.1426098,2.1668181,2.4244337,13,22,94,103,0.6333333,-0.575
71,2015-07-28 18:55:00+00:00,2.6238163,2.0544834,2.1268644,13,22,103,112,0.78307295,-0.5738281
71,2015-07-28 18:55:00+00:00,3.4799292,2.741016,3.0206351,22,31,85,94,0.48333335,-0.35000002
71,2015-07-28 18:55:00+00:00,2.218602,2.1567578,2.3876173,22,31,94,103,0.6333333,-0.35000002
71,2015-07-28 18:55:00+00:00,1.946515,2.0126548,2.0686443,22,31,103,112,0.78333336,-0.35000002
71,2015-07-28 18:55:00+00:00,1.9356384,2.0351586,2.0333667,22,31,112,121,0.93333334,-0.35000002
71,2015-07-28 18:55:00+00:00,4.6019,3.3974137,3.7968779,31,40,40,49,-0.26510417,-0.12109375
71,2015-07-28 18:55:00+00:00,4.5553317,2.8974302,3.6375427,31,40,49,58,-0.11666667,-0.125
71,2015-07-28 18:55:00+00:00,4.540661,3.1165323,3.5858371,31,40,58,67,0.026562503,-0.12578124
71,2015-07-28 18:55:00+00:00,4.524593,3.6870031,3.8848877,31,40,67,76,0.18828127,-0.13242188
71,2015-07-28 18:55:00+00:00,4.0855827,2.5501032,3.2511566,31,40,85,94,0.48333335,-0.125
71,2015-07-28 18:55:00+00:00,2.8048189,2.0860271,2.6045644,31,40,94,103,0.6333333,-0.125
71,2015-07-28 18:55:00+00:00,1.7927663,1.7766794,2.1514611,31,40,103,112,0.78333336,-0.125
71,2015-07-28 18:55:00+00:00,1.7000736,1.7368996,2.0133169,31,40,112,121,0.93333334,-0.125
71,2015-07-28 18:55:00+00:00,4.4769344,4.61218,5.191397,40,49,13,22,-0.71510416,0.111328125
71,2015-07-28 18:55:00+00:00,4.5659385,4.7411346,4.941696,40,49,22,31,-0.56666666,0.099999994
71,2015-07-28 18:55:00+00:00,4.3460555,5.123926,4.490625,40,49,31,40,-0.4171875,0.1
71,2015-07-28 18:55:00+00:00,3.8847368,3.6762073,3.8303375,40,49,40,49,-0.26666665,0.099999994
71,2015-07-28 18:55:00+00:00,3.6525233,3.1688163,3.672515,40,49,49,58,-0.11666667,0.099999994
71,2015-07-28 18:55:00+00:00,4.501404,3.3084326,3.6342573,40,49,58,67,0.029687501,0.10117188
71,2015-07-28 18:55:00+00:00,4.4802814,3.858922,3.9927535,40,49,67,76,0.18385416,0.107812494
71,2015-07-28 18:55:00+00:00,4.2630258,3.144799,3.431655,40,49,85,94,0.48984373,0.08945312
71,2015-07-28 18:55:00+00:00,3.479137,2.6828713,2.8624363,40,49,94,103,0.6333333,0.099999994
71,2015-07-28 18:55:00+00:00,2.1510842,2.266041,2.3199532,40,49,103,112,0.78333336,0.099999994
71,2015-07-28 18:55:00+00:00,1.748973,2.1842868,2.1356611,40,49,112,121,0.93333334,0.099999994
71,2015-07-28 18:55:00+00:00,4.5366197,4.551489,4.6157894,49,58,13,22,-0.71666664,0.325
71,2015-07-28 18:55:00+00:00,3.8319912,4.3113785,4.2462378,49,58,22,31,-0.56666666,0.325
71,2015-07-28 18:55:00+00:00,2.3951747,4.5892444,3.7902808,49,58,31,40,-0.4166667,0.325
71,2015-07-28 18:55:00+00:00,2.0133839,3.3007312,3.2727747,49,58,40,49,-0.26666665,0.325
71,2015-07-28 18:55:00+00:00,2.3181705,2.7961917,3.1094387,49,58,49,58,-0.11666667,0.325
71,2015-07-28 18:55:00+00:00,3.3600645,2.9885488,3.1966023,49,58,58,67,0.033333335,0.325
71,2015-07-28 18:55:00+00:00,4.372958,3.7343826,3.659325,49,58,67,76,0.18333334,0.325
71,2015-07-28 18:55:00+00:00,4.0496836,2.9957352,3.1200175,49,58,85,94,0.4921875,0.33164063
71,2015-07-28 18:55:00+00:00,3.2208023,2.5919466,2.7710118,49,58,94,103,0.6333333,0.325
71,2015-07-28 18:55:00+00:00,2.8282607,2.3083482,2.3506978,49,58,103,112,0.78333336,0.325
71,2015-07-28 18:55:00+00:00,2.0435581,2.1940553,2.0863984,49,58,112,121,0.93333334,0.325
71,2015-07-28 18:55:00+00:00,3.6515665,3.7976737,3.6475742,58,67,22,31,-0.5598959,0.5425781
71,2015-07-28 18:55:00+00:00,2.3639402,3.9455569,3.2539954,58,67,31,40,-0.4166667,0.55
71,2015-07-28 18:55:00+00:00,2.1112394,2.886361,2.8077395,58,67,40,49,-0.26666665,0.55
71,2015-07-28 18:55:00+00:00,2.0358288,2.5899153,2.7136846,58,67,49,58,-0.11666667,0.55
71,2015-07-28 18:55:00+00:00,2.2109168,2.631614,2.7397256,58,67,58,67,0.033333335,0.55
71,2015-07-28 18:55:00+00:00,3.1766946,3.0044003,3.0602834,58,67,67,76,0.18333334,0.55
71,2015-07-28 18:55:00+00:00,3.7794802,3.994215,3.34828,58,67,76,85,0.3333333,0.55
71,2015-07-28 18:55:00+00:00,2.7356486,2.7984743,2.8712068,58,67,85,94,0.48333335,0.55
71,2015-07-28 18:55:00+00:00,2.470119,2.3262742,2.5729034,58,67,94,103,0.63124996,0.54062504
71,2015-07-28 18:55:00+00:00,2.7050219,2.125277,2.2110517,58,67,103,112,0.78333336,0.55
71,2015-07-28 18:55:00+00:00,2.2807863,2.0906496,2.0250833,58,67,112,121,0.93333334,0.55
71,2015-07-28 18:55:00+00:00,2.1978106,4.086502,3.273786,67,76,31,40,-0.41614586,0.7710937
71,2015-07-28 18:55:00+00:00,2.1078157,2.556799,2.759429,67,76,85,94,0.47371796,0.7389424
71,2015-07-28 18:55:00+00:00,3.208584,1.8643826,2.0389104,67,76,103,112,0.78333336,0.775
71,2015-07-28 18:55:00+00:00,2.347815,1.7619468,1.8376218,67,76,112,121,0.93333334,0.775
71,2015-07-28 18:55:00+00:00,2.433433,1.9703734,1.8997627,76,81,112,121,0.93333334,0.95
72,2015-08-02 19:15:00+00:00,3.9668596,2.9262128,3.3805804,13,22,85,94,0.49270833,-0.5601562
72,2015-08-02 19:15:00+00:00,2.8815022,2.6519647,3.0985034,13,22,94,103,0.6333333,-0.575
72,2015-08-02 19:15:00+00:00,2.5789976,2.4955056,2.7600431,13,22,103,112,0.78333336,-0.575
72,2015-08-02 19:15:00+00:00,2.5838933,2.4187777,2.5022123,13,22,112,121,0.9325521,-0.5617187
72,2015-08-02 19:15:00+00:00,3.6016421,3.1451955,3.4082613,22,31,85,94,0.48333335,-0.35000002
72,2015-08-02 19:15:00+00:00,2.874209,2.6265543,2.9813778,22,31,94,103,0.6333333,-0.35000002
72,2015-08-02 19:15:00+00:00,2.8151011,2.442142,2.6353452,22,31,103,112,0.78333336,-0.35000002
72,2015-08-02 19:15:00+00:00,2.1993303,2.3835979,2.4813356,22,31,112,121,0.93333334,-0.35000002
72,2015-08-02 19:15:00+00:00,4.5465164,3.7233708,3.945589,31,40,40,49,-0.26458335,-0.11875
72,2015-08-02 19:15:00+00:00,4.447104,3.111298,3.782626,31,40,49,58,-0.11666667,-0.125
72,2015-08-02 19:15:00+00:00,4.4937863,3.267083,3.7622375,31,40,58,67,0.026822919,-0.12539062
72,2015-08-02 19:15:00+00:00,4.4710097,3.9734175,4.091685,31,40,67,76,0.18776041,-0.13046876
72,2015-08-02 19:15:00+00:00,3.974019,3.2540934,3.739474,31,40,85,94,0.48333335,-0.125
72,2015-08-02 19:15:00+00:00,3.9675546,2.8403935,3.3012245,31,40,94,103,0.6333333,-0.125
72,2015-08-02 19:15:00+00:00,3.4972422,2.4548368,2.8179939,31,40,103,112,0.78333336,-0.125
72,2015-08-02 19:15:00+00:00,2.4142668,2.4007053,2.57475,31,40,112,121,0.93333334,-0.125
72,2015-08-02 19:15:00+00:00,4.6062846,4.67032,5.2782717,40,49,13,22,-0.71458334,0.11289062
72,2015-08-02 19:15:00+00:00,4.620056,4.7763495,5.0990205,40,49,22,31,-0.56666666,0.099999994
72,2015-08-02 19:15:00+00:00,4.5384154,5.221729,4.652175,40,49,31,40,-0.4166667,0.099999994
72,2015-08-02 19:15:00+00:00,3.9572906,3.757254,3.9495862,40,49,40,49,-0.26666665,0.099999994
72,2015-08-02 19:15:00+00:00,3.220065,3.116824,3.7612157,40,49,49,58,-0.11666667,0.099999994
72,2015-08-02 19:15:00+00:00,3.8668873,3.1510153,3.6381056,40,49,58,67,0.028385416,0.10429688
72,2015-08-02 19:15:00+00:00,4.0451746,4.0845428,4.1250463,40,49,67,76,0.1888021,0.10585937
72,2015-08-02 19:15:00+00:00,4.3564067,3.5302076,3.8664076,40,49,85,94,0.49296874,0.09257813
72,2015-08-02 19:15:00+00:00,4.1559286,3.2707727,3.5038314,40,49,94,103,0.6333333,0.099999994
72,2015-08-02 19:15:00+00:00,3.5216246,2.8015192,2.937914,40,49,103,112,0.78333336,0.099999994
72,2015-08-02 19:15:00+00:00,2.7480211,2.662624,2.6460645,40,49,112,121,0.93333334,0.099999994
72,2015-08-02 19:15:00+00:00,4.6193085,4.5035195,4.6402535,49,58,13,22,-0.71666664,0.325
72,2015-08-02 19:15:00+00:00,4.3636246,4.2465715,4.246286,49,58,22,31,-0.56666666,0.325
72,2015-08-02 19:15:00+00:00,3.219508,4.5711007,3.792699,49,58,31,40,-0.4166667,0.325
72,2015-08-02 19:15:00+00:00,2.6723177,3.3173635,3.2296104,49,58,40,49,-0.26666665,0.325
72,2015-08-02 19:15:00+00:00,2.3507106,2.6935534,3.044312,49,58,49,58,-0.11666667,0.325
72,2015-08-02 19:15:00+00:00,2.3908334,2.8312964,3.113034,49,58,58,67,0.033333335,0.325
72,2015-08-02 19:15:00+00:00,2.7611353,3.6614442,3.6478055,49,58,67,76,0.18333334,0.325
72,2015-08-02 19:15:00+00:00,4.427769,3.318536,3.399301,49,58,85,94,0.4924479,0.33359373
72,2015-08-02 19:15:00+00:00,4.210116,3.0536346,3.2202866,49,58,94,103,0.6333333,0.325
72,2015-08-02 19:15:00+00:00,3.6623588,2.736201,2.794128,49,58,103,112,0.78333336,0.325
72,2015-08-02 19:15:00+00:00,2.73014,2.5708468,2.4456887,49,58,112,121,0.93333334,0.325
72,2015-08-02 19:15:00+00:00,3.2571762,3.7117882,3.536663,58,67,22,31,-0.5609375,0.5445312
72,2015-08-02 19:15:00+00:00,2.5228627,3.940919,3.1763756,58,67,31,40,-0.4166667,0.55
72,2015-08-02 19:15:00+00:00,2.4194343,2.8643417,2.699596,58,67,40,49,-0.26666665,0.55
72,2015-08-02 19:15:00+00:00,2.3199244,2.4484,2.5683844,58,67,49,58,-0.11588542,0.5492188
72,2015-08-02 19:15:00+00:00,2.3436913,2.466517,2.5931375,58,67,58,67,0.033333335,0.546875
72,2015-08-02 19:15:00+00:00,2.449231,2.9086971,2.9669766,58,67,67,76,0.18333334,0.55
72,2015-08-02 19:15:00+00:00,3.25727,4.100108,3.386423,58,67,76,85,0.3333333,0.55
72,2015-08-02 19:15:00+00:00,3.668332,3.1505907,3.0176466,58,67,85,94,0.48072916,0.5476563
72,2015-08-02 19:15:00+00:00,2.5102348,2.4593105,2.5411112,58,67,103,112,0.78333336,0.55
72,2015-08-02 19:15:00+00:00,2.2459428,2.344702,2.27206,58,67,112,121,0.93333334,0.55
72,2015-08-02 19:15:00+00:00,2.5879693,4.2001643,3.2750516,67,76,31,40,-0.4184896,0.7667969
72,2015-08-02 19:15:00+00:00,2.5210276,2.3202014,2.4542081,67,76,103,112,0.78333336,0.775
72,2015-08-02 19:15:00+00:00,2.2966847,2.1779366,2.1817455,67,76,112,121,0.93333334,0.775
72,2015-08-02 19:15:00+00:00,2.312655,2.2784452,2.2810922,76,81,112,121,0.93333334,0.95
73,2015-08-13 18:55:00+00:00,4.1104755,2.9436696,3.3324673,13,22,85,94,0.48906252,-0.5613281
73,2015-08-13 18:55:00+00:00,3.68979,2.6101272,3.031469,13,22,94,103,0.6333333,-0.575
73,2015-08-13 18:55:00+00:00,3.0593054,2.5359561,2.7899668,13,22,103,112,0.78333336,-0.575
73,2015-08-13 18:55:00+00:00,3.6326964,3.1638765,3.3349035,22,31,85,94,0.48333335,-0.35000002
73,2015-08-13 18:55:00+00:00,3.3324826,2.604719,2.9399314,22,31,94,103,0.6333333,-0.35000002
73,2015-08-13 18:55:00+00:00,2.6381285,2.5016565,2.6848037,22,31,103,112,0.78333336,-0.35000002
73,2015-08-13 18:55:00+00:00,2.2214901,2.45171,2.552841,22,31,112,121,0.93333334,-0.35000002
73,2015-08-13 18:55:00+00:00,4.6032205,3.7240248,3.9279544,31,40,40,49,-0.26510417,-0.12109375
73,2015-08-13 18:55:00+00:00,4.1683707,3.0716002,3.7589133,31,40,49,58,-0.11666667,-0.125
73,2015-08-13 18:55:00+00:00,4.1225834,3.1995072,3.7035463,31,40,58,67,0.028125,-0.12656249
73,2015-08-13 18:55:00+00:00,3.9591322,3.757601,3.9369311,31,40,67,76,0.1875,-0.12773438
73,2015-08-13 18:55:00+00:00,3.5028095,4.7289386,4.0431633,31,40,76,85,0.33723956,-0.11054687
73,2015-08-13 18:55:00+00:00,3.6244886,3.1963122,3.5952883,31,40,85,94,0.48333335,-0.125
73,2015-08-13 18:55:00+00:00,3.5112367,2.735887,3.1871147,31,40,94,103,0.6333333,-0.125
73,2015-08-13 18:55:00+00:00,3.0598898,2.4809918,2.8228517,31,40,103,112,0.78333336,-0.125
73,2015-08-13 18:55:00+00:00,2.6025982,2.4590075,2.6247864,31,40,112,121,0.93333334,-0.125
73,2015-08-13 18:55:00+00:00,4.571545,4.527071,5.154591,40,49,13,22,-0.71510416,0.110156246
73,2015-08-13 18:55:00+00:00,4.550122,4.6101317,4.9556985,40,49,22,31,-0.56666666,0.099999994
73,2015-08-13 18:55:00+00:00,4.485984,5.0478015,4.49965,40,49,31,40,-0.4166667,0.099999994
73,2015-08-13 18:55:00+00:00,4.209953,3.6920023,3.841591,40,49,40,49,-0.26666665,0.099999994
73,2015-08-13 18:55:00+00:00,3.8163831,3.0164251,3.6732845,40,49,49,58,-0.11666667,0.099999994
73,2015-08-13 18:55:00+00:00,3.2276485,3.09143,3.6089802,40,49,58,67,0.032552086,0.10078125
73,2015-08-13 18:55:00+00:00,2.7790096,3.7754128,3.9004421,40,49,67,76,0.18645833,0.103515625
73,2015-08-13 18:55:00+00:00,3.6672184,3.3752577,3.666783,40,49,85,94,0.49296874,0.09257813
73,2015-08-13 18:55:00+00:00,3.4852943,3.0890129,3.3259578,40,49,94,103,0.6333333,0.099999994
73,2015-08-13 18:55:00+00:00,3.1338294,2.752831,2.8913035,40,49,103,112,0.78333336,0.099999994
73,2015-08-13 18:55:00+00:00,3.2214766,2.6428678,2.647527,40,49,112,121,0.93333334,0.099999994
73,2015-08-13 18:55:00+00:00,4.1204433,4.326934,4.4566054,49,58,13,22,-0.71666664,0.325
73,2015-08-13 18:55:00+00:00,2.9085445,4.0865235,4.100994,49,58,22,31,-0.56666666,0.325
73,2015-08-13 18:55:00+00:00,2.7891881,4.409422,3.6432214,49,58,31,40,-0.4166667,0.325
73,2015-08-13 18:55:00+00:00,2.518489,3.2600567,3.1260622,49,58,40,49,-0.26666665,0.325
73,2015-08-13 18:55:00+00:00,2.4128685,2.6078703,2.958382,49,58,49,58,-0.11666667,0.325
73,2015-08-13 18:55:00+00:00,2.3193622,2.733092,2.9838207,49,58,58,67,0.033333335,0.325
73,2015-08-13 18:55:00+00:00,2.2688076,3.4063385,3.4201248,49,58,67,76,0.18333334,0.325
73,2015-08-13 18:55:00+00:00,3.5019553,3.2382174,3.254373,49,58,85,94,0.4890625,0.33007812
73,2015-08-13 18:55:00+00:00,3.1448247,2.8722231,3.0397925,49,58,94,103,0.6333333,0.325
73,2015-08-13 18:55:00+00:00,2.5156627,2.6786237,2.7328436,49,58,103,112,0.78333336,0.325
73,2015-08-13 18:55:00+00:00,2.5223172,2.5467896,2.4353428,49,58,112,121,0.93333334,0.325
73,2015-08-13 18:55:00+00:00,2.520859,3.624222,3.4758985,58,67,22,31,-0.56354165,0.5449219
73,2015-08-13 18:55:00+00:00,2.485782,3.908804,3.094346,58,67,31,40,-0.4166667,0.55
73,2015-08-13 18:55:00+00:00,2.5583239,2.891287,2.652548,58,67,40,49,-0.26666665,0.55
73,2015-08-13 18:55:00+00:00,2.2492015,2.437742,2.554527,58,67,49,58,-0.11666667,0.55
73,2015-08-13 18:55:00+00:00,2.3406546,2.451208,2.5263336,58,67,58,67,0.033333335,0.55
73,2015-08-13 18:55:00+00:00,2.325956,2.7876344,2.8184469,58,67,67,76,0.18333334,0.55
73,2015-08-13 18:55:00+00:00,2.7349572,3.9468098,3.1929402,58,67,76,85,0.3333333,0.55
73,2015-08-13 18:55:00+00:00,2.709728,3.0481982,2.8958824,58,67,85,94,0.48333335,0.55
73,2015-08-13 18:55:00+00:00,2.819765,2.5763624,2.733617,58,67,94,103,0.63697916,0.5425781
73,2015-08-13 18:55:00+00:00,2.8137147,2.4750967,2.5141613,58,67,103,112,0.78333336,0.55
73,2015-08-13 18:55:00+00:00,2.185716,2.3687203,2.2784016,58,67,112,121,0.93333334,0.55
73,2015-08-13 18:55:00+00:00,2.4413414,4.201663,3.2271287,67,76,31,40,-0.4171875,0.7722656
73,2015-08-13 18:55:00+00:00,2.5929716,2.7897363,2.8527339,67,76,85,94,0.47371796,0.7389424
73,2015-08-13 18:55:00+00:00,2.7728584,2.3253834,2.4436924,67,76,103,112,0.78333336,0.775
73,2015-08-13 18:55:00+00:00,2.0774243,2.2076223,2.2120795,67,76,112,121,0.93333334,0.775
73,2015-08-13 18:55:00+00:00,2.128493,2.2383635,2.277881,76,81,112,121,0.93333334,0.95
74,2015-08-22 18:50:00+00:00,3.3734925,3.246258,3.512504,13,22,85,94,0.4893229,-0.5589844
74,2015-08-22 18:50:00+00:00,3.0498257,2.9499242,3.3347535,13,22,94,103,0.63098955,-0.5714843
74,2015-08-22 18:50:00+00:00,3.3147137,3.2678285,3.4412277,22,31,85,94,0.48333335,-0.35000002
74,2015-08-22 18:50:00+00:00,3.0857606,2.8335154,3.1385696,22,31,94,103,0.63411456,-0.3480469
74,2015-08-22 18:50:00+00:00,2.9027317,2.6644797,2.8620725,22,31,103,112,0.78333336,-0.35000002
74,2015-08-22 18:50:00+00:00,2.3671184,2.5732715,2.6618066,22,31,112,121,0.93333334,-0.35000002
74,2015-08-22 18:50:00+00:00,4.421132,3.9103072,4.053702,31,40,40,49,-0.26015627,-0.11054687
74,2015-08-22 18:50:00+00:00,4.563365,3.3349364,3.9230556,31,40,49,58,-0.11666667,-0.125
74,2015-08-22 18:50:00+00:00,4.451058,3.3579226,3.8344135,31,40,58,67,0.026041668,-0.12734374
74,2015-08-22 18:50:00+00:00,4.3878503,4.213893,4.2179985,31,40,67,76,0.19166666,-0.1296875
74,2015-08-22 18:50:00+00:00,4.0270367,3.402756,3.8211923,31,40,85,94,0.48333335,-0.125
74,2015-08-22 18:50:00+00:00,4.014228,3.1372626,3.5318482,31,40,94,103,0.6333333,-0.125
74,2015-08-22 18:50:00+00:00,3.7678256,2.7495112,3.1310678,31,40,103,112,0.78333336,-0.125
74,2015-08-22 18:50:00+00:00,2.1780474,2.6455543,2.8213713,31,40,112,121,0.93333334,-0.125
74,2015-08-22 18:50:00+00:00,4.130421,4.800956,5.422985,40,49,13,22,-0.71458334,0.111718744
74,2015-08-22 18:50:00+00:00,3.8618765,4.8532987,5.094968,40,49,22,31,-0.56666666,0.099999994
74,2015-08-22 18:50:00+00:00,4.079609,5.337852,4.718644,40,49,31,40,-0.4171875,0.1
74,2015-08-22 18:50:00+00:00,4.1571083,4.022074,4.098634,40,49,40,49,-0.26666665,0.099999994
74,2015-08-22 18:50:00+00:00,4.1233706,3.3819268,3.935404,40,49,49,58,-0.11666667,0.099999994
74,2015-08-22 18:50:00+00:00,4.3725796,3.3792157,3.8740592,40,49,58,67,0.032552086,0.10078125
74,2015-08-22 18:50:00+00:00,4.4089065,4.1031137,4.3118777,40,49,67,76,0.18333334,0.10859375
74,2015-08-22 18:50:00+00:00,4.1684957,3.91227,4.0402994,40,49,85,94,0.4888021,0.091796875
74,2015-08-22 18:50:00+00:00,4.195579,3.6516852,3.8057814,40,49,94,103,0.6333333,0.099999994
74,2015-08-22 18:50:00+00:00,4.0897613,3.1802251,3.3336818,40,49,103,112,0.78333336,0.099999994
74,2015-08-22 18:50:00+00:00,3.7909842,2.9835775,2.9602025,40,49,112,121,0.93333334,0.099999994
74,2015-08-22 18:50:00+00:00,4.4254637,4.8052945,4.8837614,49,58,13,22,-0.71666664,0.325
74,2015-08-22 18:50:00+00:00,3.759988,4.5100174,4.425341,49,58,22,31,-0.5674479,0.325
74,2015-08-22 18:50:00+00:00,3.3484342,4.9102273,4.075919,49,58,31,40,-0.41458336,0.325
74,2015-08-22 18:50:00+00:00,3.4382348,3.744946,3.5317662,49,58,40,49,-0.26666665,0.325
74,2015-08-22 18:50:00+00:00,3.147392,3.0793414,3.3707623,49,58,49,58,-0.11666667,0.325
74,2015-08-22 18:50:00+00:00,3.3471463,3.1369858,3.4003966,49,58,58,67,0.033333335,0.325
74,2015-08-22 18:50:00+00:00,3.8411136,4.053699,3.9592218,49,58,67,76,0.18333334,0.325
74,2015-08-22 18:50:00+00:00,4.1279407,3.8451283,3.7388356,49,58,85,94,0.4903646,0.33203125
74,2015-08-22 18:50:00+00:00,3.8748474,3.6467443,3.68692,49,58,94,103,0.6333333,0.325
74,2015-08-22 18:50:00+00:00,3.8207877,3.2986202,3.3218014,49,58,103,112,0.78333336,0.325
74,2015-08-22 18:50:00+00:00,4.113784,3.060316,2.8753264,49,58,112,121,0.93333334,0.325
74,2015-08-22 18:50:00+00:00,3.6307373,3.876966,3.7711594,58,67,22,31,-0.5572916,0.5425781
74,2015-08-22 18:50:00+00:00,3.4972866,4.0744033,3.4190285,58,67,31,40,-0.4166667,0.55
74,2015-08-22 18:50:00+00:00,3.5466926,3.0993981,2.9660268,58,67,40,49,-0.26666665,0.55
74,2015-08-22 18:50:00+00:00,2.9447181,2.6543317,2.8674731,58,67,49,58,-0.11666667,0.55
74,2015-08-22 18:50:00+00:00,2.7364511,2.606077,2.8385508,58,67,58,67,0.033333335,0.55
74,2015-08-22 18:50:00+00:00,2.7582347,3.1033716,3.254153,58,67,67,76,0.18333334,0.55
74,2015-08-22 18:50:00+00:00,2.7096565,4.2961035,3.7277155,58,67,76,85,0.3333333,0.55
74,2015-08-22 18:50:00+00:00,2.8217945,3.3248618,3.330672,58,67,85,94,0.48333335,0.55
74,2015-08-22 18:50:00+00:00,2.6929135,2.9576454,3.3137107,58,67,94,103,0.6330729,0.5390625
74,2015-08-22 18:50:00+00:00,2.7699063,2.7723851,3.00123,58,67,103,112,0.78333336,0.55
74,2015-08-22 18:50:00+00:00,3.445652,2.6112332,2.638771,58,67,112,121,0.93333334,0.55
74,2015-08-22 18:50:00+00:00,2.7039065,4.4498205,3.5882041,67,76,31,40,-0.4166667,0.7714844
74,2015-08-22 18:50:00+00:00,2.9096012,3.1801217,3.2803571,67,76,85,94,0.47371796,0.7389424
74,2015-08-22 18:50:00+00:00,2.5844154,2.6434808,2.9432337,67,76,103,112,0.78333336,0.775
74,2015-08-22 18:50:00+00:00,3.4519129,2.4521465,2.575447,67,76,112,121,0.93333334,0.775
74,2015-08-22 18:50:00+00:00,2.826308,2.7573543,2.714193,76,81,112,121,0.93333334,0.95
75,2015-09-06 18:05:00+00:00,1.5461308,1.7964711,1.8846396,13,22,85,94,0.48906252,-0.5613281
75,2015-09-06 18:05:00+00:00,1.4398004,1.5848427,1.665246,13,22,94,103,0.6333333,-0.575
75,2015-09-06 18:05:00+00:00,1.3882625,1.6631174,1.658857,13,22,103,112,0.78307295,-0.5738281
75,2015-09-06 18:05:00+00:00,1.5374035,1.8892965,1.9103615,22,31,85,94,0.48333335,-0.35000002
75,2015-09-06 18:05:00+00:00,1.4992455,1.6132975,1.637463,22,31,94,103,0.6333333,-0.35000002
75,2015-09-06 18:05:00+00:00,1.460685,1.6435049,1.5987808,22,31,103,112,0.78333336,-0.35000002
75,2015-09-06 18:05:00+00:00,1.4530289,1.6527021,1.5985081,22,31,112,121,0.93333334,-0.35000002
75,2015-09-06 18:05:00+00:00,2.7214348,2.118109,2.4067898,31,40,40,49,-0.26276043,-0.1203125
75,2015-09-06 18:05:00+00:00,2.4908133,1.6267488,2.2061105,31,40,49,58,-0.11666667,-0.125
75,2015-09-06 18:05:00+00:00,2.3349648,1.8156905,2.2151163,31,40,58,67,0.024479168,-0.125
75,2015-09-06 18:05:00+00:00,1.8510622,2.056632,2.4354029,31,40,67,76,0.1875,-0.12890625
75,2015-09-06 18:05:00+00:00,1.5646735,1.4955993,1.9228048,31,40,85,94,0.48333335,-0.125
75,2015-09-06 18:05:00+00:00,1.5527271,1.3932724,1.6984737,31,40,94,103,0.6333333,-0.125
75,2015-09-06 18:05:00+00:00,1.5340142,1.3847233,1.6049149,31,40,103,112,0.78333336,-0.125
75,2015-09-06 18:05:00+00:00,1.5110391,1.3113817,1.5366051,31,40,112,121,0.93333334,-0.125
75,2015-09-06 18:05:00+00:00,2.960565,3.0391457,3.36791,40,49,13,22,-0.7171875,0.10898437
75,2015-09-06 18:05:00+00:00,3.421009,2.9906054,3.071815,40,49,22,31,-0.56666666,0.099999994
75,2015-09-06 18:05:00+00:00,2.9341931,3.1953988,2.7663603,40,49,31,40,-0.4166667,0.099999994
75,2015-09-06 18:05:00+00:00,2.627642,2.5631058,2.481653,40,49,40,49,-0.26666665,0.099999994
75,2015-09-06 18:05:00+00:00,2.557183,2.0833936,2.291107,40,49,49,58,-0.11666667,0.099999994
75,2015-09-06 18:05:00+00:00,2.874521,2.2166378,2.3367867,40,49,58,67,0.033333335,0.099999994
75,2015-09-06 18:05:00+00:00,2.7731566,2.6222553,2.608583,40,49,67,76,0.18802084,0.10429688
75,2015-09-06 18:05:00+00:00,2.0197623,2.0960307,2.1232698,40,49,85,94,0.48671874,0.09531249
75,2015-09-06 18:05:00+00:00,1.6841015,1.867918,1.9255034,40,49,94,103,0.6333333,0.099999994
75,2015-09-06 18:05:00+00:00,1.57974,1.7666851,1.7685794,40,49,103,112,0.78333336,0.099999994
75,2015-09-06 18:05:00+00:00,1.5045013,1.688262,1.6649842,40,49,112,121,0.93333334,0.099999994
75,2015-09-06 18:05:00+00:00,3.536515,3.3284822,3.3264277,49,58,13,22,-0.71666664,0.325
75,2015-09-06 18:05:00+00:00,2.928296,2.9845245,2.9051487,49,58,22,31,-0.56666666,0.325
75,2015-09-06 18:05:00+00:00,2.0921307,3.0993044,2.5951915,49,58,31,40,-0.4166667,0.325
75,2015-09-06 18:05:00+00:00,1.554565,2.5073185,2.3823586,49,58,40,49,-0.26666665,0.325
75,2015-09-06 18:05:00+00:00,2.0476842,2.031538,2.2099504,49,58,49,58,-0.11666667,0.325
75,2015-09-06 18:05:00+00:00,2.9137661,2.1882927,2.2884433,49,58,58,67,0.033333335,0.325
75,2015-09-06 18:05:00+00:00,3.2864244,2.7426736,2.6552737,49,58,67,76,0.18333334,0.325
75,2015-09-06 18:05:00+00:00,3.1480343,2.269043,2.2059462,49,58,85,94,0.48828125,0.3296875
75,2015-09-06 18:05:00+00:00,3.034525,1.9630783,2.0829718,49,58,94,103,0.6333333,0.325
75,2015-09-06 18:05:00+00:00,2.7672725,1.9155276,1.956172,49,58,103,112,0.78333336,0.325
75,2015-09-06 18:05:00+00:00,2.3188136,1.8047743,1.7672501,49,58,112,121,0.93333334,0.325
75,2015-09-06 18:05:00+00:00,1.8512324,2.687657,2.6287065,58,67,22,31,-0.56354165,0.5449219
75,2015-09-06 18:05:00+00:00,1.2192626,2.7523406,2.3894215,58,67,31,40,-0.4166667,0.55
75,2015-09-06 18:05:00+00:00,1.2860092,2.2989078,2.1965685,58,67,40,49,-0.26666665,0.55
75,2015-09-06 18:05:00+00:00,1.3354094,2.031582,2.0933235,58,67,49,58,-0.11666667,0.55
75,2015-09-06 18:05:00+00:00,2.0511186,2.066965,2.122118,58,67,58,67,0.033333335,0.55
75,2015-09-06 18:05:00+00:00,3.01983,2.3295553,2.3763876,58,67,67,76,0.18333334,0.55
75,2015-09-06 18:05:00+00:00,3.2155533,2.8191268,2.4802318,58,67,76,85,0.3333333,0.55
75,2015-09-06 18:05:00+00:00,3.066083,2.0808198,2.150921,58,67,85,94,0.48333335,0.55
75,2015-09-06 18:05:00+00:00,2.703164,1.8519806,2.0398602,58,67,94,103,0.6351562,0.5410156
75,2015-09-06 18:05:00+00:00,1.5239527,1.8128299,1.9349301,58,67,103,112,0.78333336,0.55
75,2015-09-06 18:05:00+00:00,2.2118332,1.772484,1.7938942,58,67,112,121,0.93333334,0.55
75,2015-09-06 18:05:00+00:00,1.267741,2.6224616,2.3185804,67,76,31,40,-0.42031252,0.771875
75,2015-09-06 18:05:00+00:00,1.7572546,1.6370659,1.7881492,67,76,103,112,0.78333336,0.775
75,2015-09-06 18:05:00+00:00,1.8905256,1.5352346,1.633799,67,76,112,121,0.93333334,0.775
75,2015-09-06 18:05:00+00:00,1.6776239,1.7227982,1.6643939,76,81,112,121,0.93333334,0.95
76,2015-09-14 18:55:00+00:00,3.8946805,3.4605129,3.700101,13,22,85,94,0.48880208,-0.55859375
76,2015-09-14 18:55:00+00:00,3.6797335,3.1272612,3.5782447,13,22,94,103,0.6333333,-0.575
76,2015-09-14 18:55:00+00:00,3.838817,2.967664,3.2928212,13,22,103,112,0.7828125,-0.5726563
76,2015-09-14 18:55:00+00:00,3.550129,3.4096656,3.5877447,22,31,85,94,0.48333335,-0.35000002
76,2015-09-14 18:55:00+00:00,3.2220163,2.9646928,3.3134742,22,31,94,103,0.6333333,-0.35000002
76,2015-09-14 18:55:00+00:00,2.8594038,2.797531,3.041554,22,31,103,112,0.78333336,-0.35000002
76,2015-09-14 18:55:00+00:00,2.7626374,2.6600568,2.797689,22,31,112,121,0.93333334,-0.35000002
76,2015-09-14 18:55:00+00:00,4.620059,4.0544996,4.200915,31,40,40,49,-0.26276043,-0.1203125
76,2015-09-14 18:55:00+00:00,4.6193566,3.4798286,4.0468173,31,40,49,58,-0.11666667,-0.125
76,2015-09-14 18:55:00+00:00,4.5358233,3.497144,3.9630194,31,40,58,67,0.026041668,-0.12734374
76,2015-09-14 18:55:00+00:00,4.44323,4.502943,4.4363265,31,40,67,76,0.19322917,-0.13125
76,2015-09-14 18:55:00+00:00,4.2585826,3.6781166,4.0105925,31,40,85,94,0.48333335,-0.125
76,2015-09-14 18:55:00+00:00,4.0209193,3.3747282,3.7509604,31,40,94,103,0.6333333,-0.125
76,2015-09-14 18:55:00+00:00,3.7427537,2.9904454,3.3529477,31,40,103,112,0.78333336,-0.125
76,2015-09-14 18:55:00+00:00,3.2720814,2.8349574,2.995893,31,40,112,121,0.929427,-0.13476562
76,2015-09-14 18:55:00+00:00,4.607475,4.988287,5.569094,40,49,13,22,-0.7153646,0.1140625
76,2015-09-14 18:55:00+00:00,4.6151576,4.978612,5.2393456,40,49,22,31,-0.56666666,0.099999994
76,2015-09-14 18:55:00+00:00,4.5198493,5.48877,4.8322506,40,49,31,40,-0.4166667,0.099999994
76,2015-09-14 18:55:00+00:00,4.4466124,4.1716347,4.2187643,40,49,40,49,-0.26666665,0.099999994
76,2015-09-14 18:55:00+00:00,4.151475,3.464913,4.0615005,40,49,49,58,-0.11666667,0.099999994
76,2015-09-14 18:55:00+00:00,4.417616,3.4637136,4.0092697,40,49,58,67,0.032552086,0.10078125
76,2015-09-14 18:55:00+00:00,4.452787,4.313229,4.4626856,40,49,67,76,0.18359375,0.10703125
76,2015-09-14 18:55:00+00:00,3.6208909,3.8538718,4.030738,40,49,94,103,0.6333333,0.099999994
76,2015-09-14 18:55:00+00:00,3.4890614,3.3884165,3.5612512,40,49,103,112,0.78333336,0.099999994
76,2015-09-14 18:55:00+00:00,4.61742,5.0261164,5.092938,49,58,13,22,-0.71666664,0.325
76,2015-09-14 18:55:00+00:00,3.7778137,4.6856194,4.602554,49,58,22,31,-0.56666666,0.325
76,2015-09-14 18:55:00+00:00,3.0788314,5.0727267,4.174689,49,58,31,40,-0.4166667,0.325
76,2015-09-14 18:55:00+00:00,3.1281807,3.9345064,3.656653,49,58,40,49,-0.26666665,0.325
76,2015-09-14 18:55:00+00:00,2.8073606,3.1961634,3.5013967,49,58,49,58,-0.11666667,0.325
76,2015-09-14 18:55:00+00:00,3.103655,3.256905,3.5410616,49,58,58,67,0.033333335,0.325
76,2015-09-14 18:55:00+00:00,3.868146,4.261543,4.1607695,49,58,67,76,0.18333334,0.325
76,2015-09-14 18:55:00+00:00,4.132679,4.074644,3.9409277,49,58,85,94,0.4903646,0.33203125
76,2015-09-14 18:55:00+00:00,3.6263864,3.882639,3.918924,49,58,94,103,0.6333333,0.325
76,2015-09-14 18:55:00+00:00,3.6926146,3.5354967,3.5537472,49,58,103,112,0.78333336,0.325
76,2015-09-14 18:55:00+00:00,2.6288261,3.2640333,3.0710409,49,58,112,121,0.9309896,0.32851562
76,2015-09-14 18:55:00+00:00,3.019671,3.8122969,3.869905,58,67,22,31,-0.5648438,0.5457031
76,2015-09-14 18:55:00+00:00,2.4805746,4.184016,3.4978218,58,67,31,40,-0.4166667,0.55
76,2015-09-14 18:55:00+00:00,2.5729146,3.2035692,3.0345166,58,67,40,49,-0.26666665,0.55
76,2015-09-14 18:55:00+00:00,2.8317294,2.7055764,2.9411983,58,67,49,58,-0.11666667,0.55
76,2015-09-14 18:55:00+00:00,2.7899268,2.6548007,2.915468,58,67,58,67,0.033333335,0.55
76,2015-09-14 18:55:00+00:00,4.058065,3.2204075,3.3892026,58,67,67,76,0.18333334,0.55
76,2015-09-14 18:55:00+00:00,4.054652,4.5092826,3.907374,58,67,76,85,0.3333333,0.55
76,2015-09-14 18:55:00+00:00,4.154726,3.4970496,3.4725554,58,67,85,94,0.48333335,0.55
76,2015-09-14 18:55:00+00:00,3.7239928,3.0924587,3.4747386,58,67,94,103,0.63307285,0.5414063
76,2015-09-14 18:55:00+00:00,3.8809175,2.9321604,3.1706352,58,67,103,112,0.78333336,0.55
76,2015-09-14 18:55:00+00:00,2.6144884,2.725884,2.7634432,58,67,112,121,0.93333334,0.55
76,2015-09-14 18:55:00+00:00,2.4311194,4.537643,3.6815498,67,76,31,40,-0.41744792,0.77304685
76,2015-09-14 18:55:00+00:00,3.8879778,3.3305078,3.4396753,67,76,85,94,0.47421387,0.74150944
76,2015-09-14 18:55:00+00:00,3.6914494,2.7835763,3.122373,67,76,103,112,0.78333336,0.775
76,2015-09-14 18:55:00+00:00,2.3520918,2.558288,2.7156608,67,76,112,121,0.93333334,0.775
76,2015-09-14 18:55:00+00:00,2.929092,2.8818145,2.861886,76,81,112,121,0.93333334,0.95
77,2015-09-17 17:50:00+00:00,1.6875004,1.6983672,1.6997919,13,22,85,94,0.4921875,-0.56562495
77,2015-09-17 17:50:00+00:00,1.7037264,1.6426883,1.6898247,13,22,94,103,0.6333333,-0.575
77,2015-09-17 17:50:00+00:00,1.6617777,1.7375067,1.7431332,13,22,103,112,0.78307295,-0.5726563
77,2015-09-17 17:50:00+00:00,1.4570383,1.8146387,1.7338593,22,31,85,94,0.48333335,-0.35000002
77,2015-09-17 17:50:00+00:00,1.4224713,1.6189307,1.6876059,22,31,94,103,0.6333333,-0.35000002
77,2015-09-17 17:50:00+00:00,1.4540207,1.6945698,1.7224964,22,31,103,112,0.78333336,-0.35000002
77,2015-09-17 17:50:00+00:00,1.5207949,1.6929394,1.7009835,22,31,112,121,0.93333334,-0.35000002
77,2015-09-17 17:50:00+00:00,1.9897285,1.7490612,1.8079125,31,40,40,49,-0.2625,-0.11679687
77,2015-09-17 17:50:00+00:00,1.8507,1.4630058,1.7004507,31,40,49,58,-0.11666667,-0.125
77,2015-09-17 17:50:00+00:00,1.819859,1.5298935,1.709611,31,40,58,67,0.022916667,-0.1296875
77,2015-09-17 17:50:00+00:00,1.8468839,1.6055512,1.7928385,31,40,67,76,0.18411458,-0.12460938
77,2015-09-17 17:50:00+00:00,1.6195453,1.5900011,1.6904635,31,40,85,94,0.48333335,-0.125
77,2015-09-17 17:50:00+00:00,1.7475073,1.5101217,1.6733407,31,40,94,103,0.6333333,-0.125
77,2015-09-17 17:50:00+00:00,1.8326277,1.5744727,1.69982,31,40,103,112,0.78333336,-0.125
77,2015-09-17 17:50:00+00:00,1.625734,1.5778158,1.6657199,31,40,112,121,0.93333334,-0.125
77,2015-09-17 17:50:00+00:00,2.0548952,2.0615613,2.1982257,40,49,13,22,-0.7164062,0.10273437
77,2015-09-17 17:50:00+00:00,1.7698421,1.9521914,2.0368485,40,49,22,31,-0.56666666,0.099999994
77,2015-09-17 17:50:00+00:00,1.66744,2.0224106,1.8728398,40,49,31,40,-0.4166667,0.099999994
77,2015-09-17 17:50:00+00:00,1.6815797,1.8298523,1.7472224,40,49,40,49,-0.26666665,0.099999994
77,2015-09-17 17:50:00+00:00,1.7417321,1.536277,1.6647115,40,49,49,58,-0.11666667,0.099999994
77,2015-09-17 17:50:00+00:00,1.8984672,1.5486329,1.6478541,40,49,58,67,0.0296875,0.103125
77,2015-09-17 17:50:00+00:00,2.0583076,1.7342286,1.7646196,40,49,67,76,0.1856771,0.10117187
77,2015-09-17 17:50:00+00:00,2.5906672,1.7432424,1.7077696,40,49,85,94,0.48828125,0.09921875
77,2015-09-17 17:50:00+00:00,2.4113564,1.6460589,1.6964166,40,49,94,103,0.6333333,0.099999994
77,2015-09-17 17:50:00+00:00,1.9704767,1.6730115,1.7016547,40,49,103,112,0.78333336,0.099999994
77,2015-09-17 17:50:00+00:00,1.6036621,1.6465617,1.6513895,40,49,112,121,0.93333334,0.099999994
77,2015-09-17 17:50:00+00:00,1.7017537,2.0866134,2.125958,49,58,13,22,-0.71666664,0.325
77,2015-09-17 17:50:00+00:00,1.6612499,1.8915867,1.9044598,49,58,22,31,-0.56666666,0.325
77,2015-09-17 17:50:00+00:00,1.3771734,1.9018089,1.7512916,49,58,31,40,-0.4166667,0.325
77,2015-09-17 17:50:00+00:00,1.3027753,1.7933961,1.6691425,49,58,40,49,-0.26666665,0.325
77,2015-09-17 17:50:00+00:00,1.2858701,1.5172375,1.5927509,49,58,49,58,-0.11666667,0.325
77,2015-09-17 17:50:00+00:00,1.4372859,1.569224,1.613666,49,58,58,67,0.033333335,0.325
77,2015-09-17 17:50:00+00:00,1.7791903,1.7444907,1.7467102,49,58,67,76,0.18333334,0.325
77,2015-09-17 17:50:00+00:00,2.7836807,1.7536898,1.6880301,49,58,85,94,0.48802084,0.32890624
77,2015-09-17 17:50:00+00:00,2.5833857,1.6136115,1.7015326,49,58,94,103,0.6333333,0.325
77,2015-09-17 17:50:00+00:00,2.2808638,1.7045747,1.7341267,49,58,103,112,0.78333336,0.325
77,2015-09-17 17:50:00+00:00,1.823737,1.6761025,1.6583261,49,58,112,121,0.93333334,0.325
77,2015-09-17 17:50:00+00:00,1.0803341,2.038283,1.7214614,58,67,31,40,-0.4166667,0.55
77,2015-09-17 17:50:00+00:00,1.1106845,1.8437477,1.6199743,58,67,40,49,-0.26666665,0.55
77,2015-09-17 17:50:00+00:00,1.1707383,1.5818477,1.5795313,58,67,49,58,-0.11666667,0.55
77,2015-09-17 17:50:00+00:00,1.3770605,1.6016394,1.572898,58,67,58,67,0.033333335,0.55
77,2015-09-17 17:50:00+00:00,1.5231081,1.7180562,1.6758317,58,67,67,76,0.18333334,0.55
77,2015-09-17 17:50:00+00:00,2.0465782,2.0485504,1.7532452,58,67,76,85,0.3333333,0.55
77,2015-09-17 17:50:00+00:00,2.5124993,1.8916394,1.7093681,58,67,85,94,0.48333335,0.55
77,2015-09-17 17:50:00+00:00,2.2935598,1.7171564,1.7164503,58,67,94,103,0.6330729,0.54375
77,2015-09-17 17:50:00+00:00,2.0839896,1.7859677,1.7523514,58,67,103,112,0.78333336,0.55
77,2015-09-17 17:50:00+00:00,1.8847747,1.7537692,1.676171,58,67,112,121,0.93333334,0.55
77,2015-09-17 17:50:00+00:00,1.1348333,1.8111459,1.7058544,67,76,31,40,-0.41953126,0.7644531
77,2015-09-17 17:50:00+00:00,2.0241804,1.6568089,1.7100137,67,76,103,112,0.7841146,0.7738281
77,2015-09-17 17:50:00+00:00,1.571949,1.6275268,1.6451204,67,76,112,121,0.93333334,0.775
77,2015-09-17 17:50:00+00:00,2.0967438,1.6609051,1.721889,76,81,103,112,0.78690463,0.9464286
77,2015-09-17 17:50:00+00:00,2.014143,1.6239862,1.6413006,76,81,112,121,0.93333334,0.95
78,2015-09-17 19:25:00+00:00,3.0746284,2.4152098,2.6024256,13,22,94,103,0.6325521,-0.5738281
78,2015-09-17 19:25:00+00:00,3.036842,2.3615046,2.517871,13,22,103,112,0.78229165,-0.5652343
78,2015-09-17 19:25:00+00:00,2.3169324,2.6068006,2.6201036,22,31,85,94,0.48333335,-0.35000002
78,2015-09-17 19:25:00+00:00,2.295298,2.2830253,2.4636734,22,31,94,103,0.6333333,-0.35000002
78,2015-09-17 19:25:00+00:00,2.3095043,2.251112,2.3702717,22,31,103,112,0.78333336,-0.35000002
78,2015-09-17 19:25:00+00:00,2.2617989,2.1960926,2.2469118,22,31,112,121,0.93333334,-0.35000002
78,2015-09-17 19:25:00+00:00,3.6103735,2.9827886,2.986911,31,40,40,49,-0.2653646,-0.11601562
78,2015-09-17 19:25:00+00:00,3.2152946,2.339445,2.8225179,31,40,49,58,-0.11666667,-0.125
78,2015-09-17 19:25:00+00:00,3.103561,2.9362857,3.0983057,31,40,67,76,0.18932292,-0.123046875
78,2015-09-17 19:25:00+00:00,2.8752472,3.489332,3.1768773,31,40,76,85,0.3380208,-0.11757813
78,2015-09-17 19:25:00+00:00,2.6533678,2.4914548,2.782806,31,40,85,94,0.48333335,-0.125
78,2015-09-17 19:25:00+00:00,2.843687,2.3253002,2.6565208,31,40,94,103,0.6333333,-0.125
78,2015-09-17 19:25:00+00:00,2.7521,2.1911712,2.4837265,31,40,103,112,0.78333336,-0.125
78,2015-09-17 19:25:00+00:00,2.3774989,2.135248,2.2938368,31,40,112,121,0.93333334,-0.125
78,2015-09-17 19:25:00+00:00,4.4120026,3.5364766,4.0543723,40,49,13,22,-0.7151041,0.11601563
78,2015-09-17 19:25:00+00:00,3.739119,3.561764,3.721938,40,49,22,31,-0.56666666,0.099999994
78,2015-09-17 19:25:00+00:00,3.149206,3.9000084,3.3754308,40,49,31,40,-0.4166667,0.099999994
78,2015-09-17 19:25:00+00:00,2.8228173,3.0621226,2.9699183,40,49,40,49,-0.2674479,0.10195313
78,2015-09-17 19:25:00+00:00,2.737994,2.4514074,2.808363,40,49,49,58,-0.11666667,0.099999994
78,2015-09-17 19:25:00+00:00,2.7523637,2.4028707,2.732665,40,49,58,67,0.02890625,0.10585937
78,2015-09-17 19:25:00+00:00,3.0890546,3.187438,3.1418965,40,49,67,76,0.1888021,0.10078125
78,2015-09-17 19:25:00+00:00,3.686574,2.9595573,2.9661043,40,49,85,94,0.4893229,0.09335937
78,2015-09-17 19:25:00+00:00,3.4881818,2.7837188,2.8782418,40,49,94,103,0.6333333,0.099999994
78,2015-09-17 19:25:00+00:00,3.0961037,2.5524244,2.6477404,40,49,103,112,0.78333336,0.099999994
78,2015-09-17 19:25:00+00:00,2.3740816,2.4228902,2.399289,40,49,112,121,0.93333334,0.099999994
78,2015-09-17 19:25:00+00:00,4.0773573,3.757747,3.809611,49,58,13,22,-0.7164062,0.32382813
78,2015-09-17 19:25:00+00:00,3.2712648,3.4391143,3.360303,49,58,22,31,-0.56666666,0.325
78,2015-09-17 19:25:00+00:00,2.3094294,3.669336,3.0084472,49,58,31,40,-0.4166667,0.325
78,2015-09-17 19:25:00+00:00,2.0786183,2.9585142,2.673235,49,58,40,49,-0.26666665,0.325
78,2015-09-17 19:25:00+00:00,2.0400136,2.3474555,2.5384035,49,58,49,58,-0.11666667,0.325
78,2015-09-17 19:25:00+00:00,2.1656437,2.4064028,2.575878,49,58,58,67,0.033333335,0.325
78,2015-09-17 19:25:00+00:00,2.5125573,3.1137705,3.029426,49,58,67,76,0.18333334,0.325
78,2015-09-17 19:25:00+00:00,3.6308653,3.0586262,2.8817236,49,58,85,94,0.4903646,0.33203125
78,2015-09-17 19:25:00+00:00,3.524735,2.8644533,2.9152727,49,58,94,103,0.6333333,0.325
78,2015-09-17 19:25:00+00:00,3.2135217,2.7118561,2.7424078,49,58,103,112,0.78333336,0.325
78,2015-09-17 19:25:00+00:00,2.423329,2.5487728,2.4206004,49,58,112,121,0.93333334,0.325
78,2015-09-17 19:25:00+00:00,3.2031617,2.9756782,2.9401777,58,67,22,31,-0.56119794,0.54375
78,2015-09-17 19:25:00+00:00,1.9804208,3.1847217,2.642091,58,67,31,40,-0.4166667,0.55
78,2015-09-17 19:25:00+00:00,1.7908095,2.5774922,2.3391051,58,67,40,49,-0.26666665,0.55
78,2015-09-17 19:25:00+00:00,1.7863878,2.1521702,2.2649283,58,67,49,58,-0.11666667,0.55
78,2015-09-17 19:25:00+00:00,1.8753562,2.127642,2.2503443,58,67,58,67,0.033333335,0.55
78,2015-09-17 19:25:00+00:00,1.9499007,2.509778,2.579579,58,67,67,76,0.18333334,0.55
78,2015-09-17 19:25:00+00:00,2.6878517,3.4349096,2.9383695,58,67,76,85,0.3333333,0.55
78,2015-09-17 19:25:00+00:00,3.2865746,2.8258383,2.6643193,58,67,85,94,0.48098958,0.5484375
78,2015-09-17 19:25:00+00:00,2.810789,2.4359295,2.5699592,58,67,103,112,0.78333336,0.55
78,2015-09-17 19:25:00+00:00,2.4223752,2.3149061,2.301267,58,67,112,121,0.93333334,0.55
78,2015-09-17 19:25:00+00:00,2.2108421,3.072171,2.7560992,67,76,31,40,-0.42682296,0.7714844
78,2015-09-17 19:25:00+00:00,2.9890964,2.2366567,2.4933019,67,76,103,112,0.7869792,0.7707031
78,2015-09-17 19:25:00+00:00,2.293684,2.1128242,2.2359877,67,76,112,121,0.93333334,0.775
78,2015-09-17 19:25:00+00:00,2.6737976,2.314402,2.3044238,76,81,112,121,0.93565893,0.9476744
79,2015-09-21 19:00:00+00:00,4.083893,3.664525,3.836733,13,22,85,94,0.4901042,-0.55859375
79,2015-09-21 19:00:00+00:00,3.6884108,3.3929608,3.8406565,13,22,94,103,0.6333333,-0.575
79,2015-09-21 19:00:00+00:00,3.5102355,3.1956563,3.5576837,13,22,103,112,0.78307295,-0.5738281
79,2015-09-21 19:00:00+00:00,3.3347325,3.0560262,3.122599,13,22,112,121,0.9341146,-0.56093746
79,2015-09-21 19:00:00+00:00,3.737046,3.5659835,3.715952,22,31,85,94,0.48333335,-0.35000002
79,2015-09-21 19:00:00+00:00,3.2290213,3.1752923,3.5247838,22,31,94,103,0.6333333,-0.35000002
79,2015-09-21 19:00:00+00:00,3.0590138,2.9721625,3.2539625,22,31,103,112,0.78333336,-0.35000002
79,2015-09-21 19:00:00+00:00,3.0221372,2.811598,2.9636335,22,31,112,121,0.93333334,-0.35000002
79,2015-09-21 19:00:00+00:00,4.620059,4.284937,4.297506,31,40,40,49,-0.26510417,-0.12109375
79,2015-09-21 19:00:00+00:00,4.620059,3.6201682,4.1432276,31,40,49,58,-0.11666667,-0.125
79,2015-09-21 19:00:00+00:00,4.40501,3.5461428,4.00636,31,40,58,67,0.024479168,-0.12890625
79,2015-09-21 19:00:00+00:00,4.3464866,4.5653977,4.529014,31,40,67,76,0.19140625,-0.1328125
79,2015-09-21 19:00:00+00:00,3.7161808,3.8977504,4.187425,31,40,85,94,0.48333335,-0.125
79,2015-09-21 19:00:00+00:00,3.335334,3.6691952,4.021783,31,40,94,103,0.6333333,-0.125
79,2015-09-21 19:00:00+00:00,3.4148445,3.2355053,3.626598,31,40,103,112,0.78333336,-0.125
79,2015-09-21 19:00:00+00:00,3.0475543,3.0838585,3.2226028,31,40,112,121,0.93333334,-0.125
79,2015-09-21 19:00:00+00:00,4.6168227,5.168226,5.6830525,40,49,13,22,-0.71458334,0.109375
79,2015-09-21 19:00:00+00:00,4.6193237,5.1133523,5.3229504,40,49,22,31,-0.56666666,0.099999994
79,2015-09-21 19:00:00+00:00,4.525862,5.610189,4.9536552,40,49,31,40,-0.41770834,0.10039063
79,2015-09-21 19:00:00+00:00,4.40944,4.3601947,4.338481,40,49,40,49,-0.26666665,0.099999994
79,2015-09-21 19:00:00+00:00,4.3622317,3.6417584,4.1902122,40,49,49,58,-0.11666667,0.099999994
79,2015-09-21 19:00:00+00:00,4.4465814,3.552407,4.0760355,40,49,58,67,0.03046875,0.10195312
79,2015-09-21 19:00:00+00:00,4.4510913,4.6762495,4.6423016,40,49,67,76,0.18932292,0.10507812
79,2015-09-21 19:00:00+00:00,4.4341464,4.4104505,4.4457974,40,49,85,94,0.4893229,0.09101562
79,2015-09-21 19:00:00+00:00,4.057721,4.2212706,4.3539295,40,49,94,103,0.6333333,0.099999994
79,2015-09-21 19:00:00+00:00,4.0724945,3.7080657,3.8938615,40,49,103,112,0.78333336,0.099999994
79,2015-09-21 19:00:00+00:00,3.4548202,3.4383683,3.4156613,40,49,112,121,0.93333334,0.099999994
79,2015-09-21 19:00:00+00:00,4.620059,5.2037168,5.2693,49,58,13,22,-0.71666664,0.325
79,2015-09-21 19:00:00+00:00,4.507996,4.8779025,4.7649245,49,58,22,31,-0.56666666,0.325
79,2015-09-21 19:00:00+00:00,3.274647,5.277553,4.3568044,49,58,31,40,-0.4166667,0.325
79,2015-09-21 19:00:00+00:00,2.8073246,4.1709704,3.8347166,49,58,40,49,-0.26666665,0.325
79,2015-09-21 19:00:00+00:00,2.939554,3.4137163,3.689926,49,58,49,58,-0.11666667,0.325
79,2015-09-21 19:00:00+00:00,3.2356353,3.4162567,3.7165303,49,58,58,67,0.033333335,0.325
79,2015-09-21 19:00:00+00:00,3.8321981,4.51129,4.37246,49,58,67,76,0.18333334,0.325
79,2015-09-21 19:00:00+00:00,4.4087114,4.5913053,4.270462,49,58,85,94,0.48515627,0.33203125
79,2015-09-21 19:00:00+00:00,4.5464725,4.319157,4.293755,49,58,94,103,0.6333333,0.325
79,2015-09-21 19:00:00+00:00,4.4816184,3.9129748,3.928337,49,58,103,112,0.78333336,0.325
79,2015-09-21 19:00:00+00:00,3.4188752,3.6031933,3.3780065,49,58,112,121,0.93333334,0.325
79,2015-09-21 19:00:00+00:00,4.5010414,3.9225547,4.036459,58,67,22,31,-0.5648438,0.5457031
79,2015-09-21 19:00:00+00:00,2.9767883,4.3040276,3.6711059,58,67,31,40,-0.4166667,0.55
79,2015-09-21 19:00:00+00:00,2.340727,3.3480432,3.191734,58,67,40,49,-0.26666665,0.55
79,2015-09-21 19:00:00+00:00,2.5671325,2.8130374,3.07909,58,67,49,58,-0.11562501,0.5492188
79,2015-09-21 19:00:00+00:00,2.4965146,2.7299955,3.063937,58,67,58,67,0.033333335,0.55
79,2015-09-21 19:00:00+00:00,2.8037715,3.376449,3.5869584,58,67,67,76,0.18333334,0.55
79,2015-09-21 19:00:00+00:00,3.1120114,4.7037587,4.1762495,58,67,76,85,0.3333333,0.55
79,2015-09-21 19:00:00+00:00,4.0499716,3.741319,3.7399423,58,67,85,94,0.48333335,0.55
79,2015-09-21 19:00:00+00:00,4.3085423,3.350957,3.8216808,58,67,94,103,0.63411456,0.5402344
79,2015-09-21 19:00:00+00:00,4.200726,3.1827023,3.5107017,58,67,103,112,0.78333336,0.55
79,2015-09-21 19:00:00+00:00,3.2710688,2.944382,3.0408869,58,67,112,121,0.93333334,0.55
79,2015-09-21 19:00:00+00:00,2.6031697,4.662946,3.8608205,67,76,31,40,-0.4166667,0.7714844
79,2015-09-21 19:00:00+00:00,4.217395,3.0180728,3.466042,67,76,103,112,0.78333336,0.775
79,2015-09-21 19:00:00+00:00,3.3512418,2.7697747,3.0018027,67,76,112,121,0.93333334,0.775
79,2015-09-21 19:00:00+00:00,3.5220826,3.217296,3.1741946,76,81,112,121,0.93333334,0.95
80,2015-09-22 18:05:00+00:00,3.2765188,2.5128531,2.8214345,13,22,85,94,0.4921875,-0.5617187
80,2015-09-22 18:05:00+00:00,2.8153024,2.2753985,2.5527375,13,22,94,103,0.6333333,-0.575
80,2015-09-22 18:05:00+00:00,2.6059353,2.2092373,2.3458278,13,22,103,112,0.78307295,-0.5738281
80,2015-09-22 18:05:00+00:00,2.6906216,2.6852558,2.8646681,22,31,85,94,0.48333335,-0.35000002
80,2015-09-22 18:05:00+00:00,2.2845876,2.237391,2.4577365,22,31,94,103,0.6333333,-0.35000002
80,2015-09-22 18:05:00+00:00,2.1156244,2.1453345,2.236852,22,31,103,112,0.78333336,-0.35000002
80,2015-09-22 18:05:00+00:00,2.1504612,2.1239436,2.14942,22,31,112,121,0.93333334,-0.35000002
80,2015-09-22 18:05:00+00:00,4.110927,3.0805204,3.4803727,31,40,40,49,-0.26171875,-0.11992188
80,2015-09-22 18:05:00+00:00,4.1494718,2.589687,3.2696671,31,40,49,58,-0.11666667,-0.125
80,2015-09-22 18:05:00+00:00,3.3872898,3.3041928,3.5473,31,40,67,76,0.18723959,-0.12929687
80,2015-09-22 18:05:00+00:00,2.7465217,2.5110388,3.0763834,31,40,85,94,0.48515624,-0.124218754
80,2015-09-22 18:05:00+00:00,2.2875903,2.2546077,2.6797085,31,40,94,103,0.6333333,-0.125
80,2015-09-22 18:05:00+00:00,2.2478044,2.0227554,2.348409,31,40,103,112,0.78333336,-0.125
80,2015-09-22 18:05:00+00:00,2.006813,1.9595827,2.1709356,31,40,112,121,0.93333334,-0.125
80,2015-09-22 18:05:00+00:00,4.588157,4.1500316,4.730116,40,49,13,22,-0.71406245,0.111718744
80,2015-09-22 18:05:00+00:00,4.227918,4.228212,4.4388847,40,49,22,31,-0.56666666,0.099999994
80,2015-09-22 18:05:00+00:00,3.8353183,4.5883512,4.0201726,40,49,31,40,-0.4166667,0.099999994
80,2015-09-22 18:05:00+00:00,3.4208226,3.3818712,3.46474,40,49,40,49,-0.26666665,0.099999994
80,2015-09-22 18:05:00+00:00,3.5199912,2.8013427,3.2692544,40,49,49,58,-0.11666667,0.099999994
80,2015-09-22 18:05:00+00:00,3.745382,3.0880036,3.246667,40,49,85,94,0.48619792,0.096093744
80,2015-09-22 18:05:00+00:00,2.300186,2.3003995,2.2617652,40,49,112,121,0.93333334,0.099999994
80,2015-09-22 18:05:00+00:00,4.514688,4.1618156,4.2347527,49,58,13,22,-0.71666664,0.325
80,2015-09-22 18:05:00+00:00,4.0333014,3.8732908,3.8281243,49,58,22,31,-0.56666666,0.325
80,2015-09-22 18:05:00+00:00,2.7942681,4.118031,3.4139512,49,58,31,40,-0.4166667,0.325
80,2015-09-22 18:05:00+00:00,2.178938,3.0809917,2.983766,49,58,40,49,-0.26666665,0.325
80,2015-09-22 18:05:00+00:00,2.254719,2.5182137,2.7976294,49,58,49,58,-0.11666667,0.325
80,2015-09-22 18:05:00+00:00,2.4942448,2.659592,2.862411,49,58,58,67,0.033333335,0.325
80,2015-09-22 18:05:00+00:00,2.6662798,3.4028933,3.307684,49,58,67,76,0.18307292,0.32617188
80,2015-09-22 18:05:00+00:00,3.1485364,3.0049813,3.010747,49,58,85,94,0.48880208,0.33046874
80,2015-09-22 18:05:00+00:00,3.5708547,2.532503,2.5155938,49,58,103,112,0.7825521,0.33320314
80,2015-09-22 18:05:00+00:00,2.3798382,2.3117292,2.2067616,49,58,112,121,0.93333334,0.325
80,2015-09-22 18:05:00+00:00,3.614375,3.4005222,3.2936819,58,67,22,31,-0.5627604,0.54375
80,2015-09-22 18:05:00+00:00,2.1725423,3.585342,2.9447174,58,67,31,40,-0.4166667,0.55
80,2015-09-22 18:05:00+00:00,1.8707951,2.7215524,2.57731,58,67,40,49,-0.26666665,0.55
80,2015-09-22 18:05:00+00:00,1.9255431,2.3666842,2.4656863,58,67,49,58,-0.11666667,0.55
80,2015-09-22 18:05:00+00:00,1.864996,2.3831174,2.4716675,58,67,58,67,0.033333335,0.55
80,2015-09-22 18:05:00+00:00,1.9815545,2.7651544,2.8035648,58,67,67,76,0.18333334,0.55
80,2015-09-22 18:05:00+00:00,2.1121805,3.6964676,3.1006708,58,67,76,85,0.3333333,0.55
80,2015-09-22 18:05:00+00:00,2.9231682,2.7389472,2.731425,58,67,85,94,0.48333335,0.55
80,2015-09-22 18:05:00+00:00,3.3525112,2.3856876,2.589465,58,67,94,103,0.63385415,0.53945315
80,2015-09-22 18:05:00+00:00,3.4580493,2.2438743,2.3305836,58,67,103,112,0.78333336,0.55
80,2015-09-22 18:05:00+00:00,2.447301,2.167412,2.1109006,58,67,112,121,0.93333334,0.55
80,2015-09-22 18:05:00+00:00,1.8144388,3.7451851,2.9938617,67,76,31,40,-0.41822916,0.7722656
80,2015-09-22 18:05:00+00:00,3.6010194,2.0627189,2.2113788,67,76,103,112,0.78333336,0.775
80,2015-09-22 18:05:00+00:00,2.3596373,1.9383802,1.981489,67,76,112,121,0.93333334,0.775
80,2015-09-22 18:05:00+00:00,3.0232658,2.0837216,2.0509186,76,81,112,121,0.93333334,0.95
81,2015-09-23 18:50:00+00:00,3.8529816,3.1660047,3.2854583,13,22,85,94,0.49114585,-0.5582031
81,2015-09-23 18:50:00+00:00,3.6844466,2.9551184,3.261921,13,22,94,103,0.6333333,-0.575
81,2015-09-23 18:50:00+00:00,3.316994,2.862855,3.1012826,13,22,103,112,0.78307295,-0.5738281
81,2015-09-23 18:50:00+00:00,3.4322088,3.1275034,3.1739442,22,31,85,94,0.48333335,-0.35000002
81,2015-09-23 18:50:00+00:00,2.9960315,2.7606034,2.9981916,22,31,94,103,0.6333333,-0.35000002
81,2015-09-23 18:50:00+00:00,2.7398293,2.6608424,2.842969,22,31,103,112,0.78333336,-0.35000002
81,2015-09-23 18:50:00+00:00,2.727826,2.548815,2.6310153,22,31,112,121,0.93333334,-0.35000002
81,2015-09-23 18:50:00+00:00,4.133779,2.9887671,3.4246697,31,40,58,67,0.0265625,-0.12773436
81,2015-09-23 18:50:00+00:00,4.0434794,3.65123,3.8528523,31,40,67,76,0.1859375,-0.12695312
81,2015-09-23 18:50:00+00:00,3.5932662,3.1812904,3.4974945,31,40,85,94,0.48307294,-0.12968749
81,2015-09-23 18:50:00+00:00,2.9666789,2.9934494,3.3527708,31,40,94,103,0.6333333,-0.125
81,2015-09-23 18:50:00+00:00,2.8106525,2.7305648,3.0934887,31,40,103,112,0.78333336,-0.125
81,2015-09-23 18:50:00+00:00,2.5265312,2.6172407,2.7836258,31,40,112,121,0.93333334,-0.125
81,2015-09-23 18:50:00+00:00,4.5998945,4.394367,4.96511,40,49,13,22,-0.71458334,0.111718744
81,2015-09-23 18:50:00+00:00,4.494919,4.373073,4.558442,40,49,22,31,-0.56666666,0.099999994
81,2015-09-23 18:50:00+00:00,4.0972314,4.8161154,4.1934543,40,49,31,40,-0.4166667,0.099999994
81,2015-09-23 18:50:00+00:00,3.8901496,3.7901525,3.7149963,40,49,40,49,-0.26666665,0.099999994
81,2015-09-23 18:50:00+00:00,3.8303225,3.0547569,3.5531015,40,49,49,58,-0.11796875,0.10507812
81,2015-09-23 18:50:00+00:00,4.06468,3.902467,3.9159555,40,49,67,76,0.1875,0.10585937
81,2015-09-23 18:50:00+00:00,3.8075497,3.5109093,3.6376917,40,49,94,103,0.6333333,0.099999994
81,2015-09-23 18:50:00+00:00,3.6047142,3.1568863,3.3162434,40,49,103,112,0.78333336,0.099999994
81,2015-09-23 18:50:00+00:00,2.6820526,2.947073,2.9335973,40,49,112,121,0.93333334,0.099999994
81,2015-09-23 18:50:00+00:00,4.6063824,4.6042776,4.637105,49,58,13,22,-0.71666664,0.325
81,2015-09-23 18:50:00+00:00,4.358551,4.280895,4.1537786,49,58,22,31,-0.56666666,0.325
81,2015-09-23 18:50:00+00:00,3.6852787,4.6081076,3.772403,49,58,31,40,-0.4166667,0.325
81,2015-09-23 18:50:00+00:00,2.998845,3.7204175,3.369382,49,58,40,49,-0.26666665,0.325
81,2015-09-23 18:50:00+00:00,2.8758724,3.0023894,3.2216995,49,58,49,58,-0.11666667,0.325
81,2015-09-23 18:50:00+00:00,3.0979426,3.02147,3.2403286,49,58,58,67,0.033333335,0.325
81,2015-09-23 18:50:00+00:00,3.4476035,3.9507658,3.8100438,49,58,67,76,0.18333334,0.325
81,2015-09-23 18:50:00+00:00,3.9049635,3.868275,3.6331756,49,58,85,94,0.4903646,0.33203125
81,2015-09-23 18:50:00+00:00,4.1773415,3.6992066,3.6869175,49,58,94,103,0.6333333,0.325
81,2015-09-23 18:50:00+00:00,4.142536,3.4272888,3.4360323,49,58,103,112,0.78333336,0.325
81,2015-09-23 18:50:00+00:00,3.5039103,3.172116,2.9736574,49,58,112,121,0.93333334,0.325
81,2015-09-23 18:50:00+00:00,3.7034693,3.5069165,3.571128,58,67,22,31,-0.5627604,0.54375
81,2015-09-23 18:50:00+00:00,2.5741696,3.8152769,3.2348213,58,67,31,40,-0.4166667,0.55
81,2015-09-23 18:50:00+00:00,2.447011,3.062807,2.8647687,58,67,40,49,-0.26666665,0.55
81,2015-09-23 18:50:00+00:00,2.4012005,2.5802248,2.777885,58,67,49,58,-0.11666667,0.55
81,2015-09-23 18:50:00+00:00,2.4055445,2.5062845,2.7400444,58,67,58,67,0.033333335,0.55
81,2015-09-23 18:50:00+00:00,2.457395,3.0167813,3.173323,58,67,67,76,0.18333334,0.55
81,2015-09-23 18:50:00+00:00,2.710623,4.1472454,3.6419902,58,67,76,85,0.3333333,0.55
81,2015-09-23 18:50:00+00:00,3.6865401,3.3218524,3.2699082,58,67,85,94,0.48333335,0.55
81,2015-09-23 18:50:00+00:00,4.174166,2.9805954,3.3430214,58,67,94,103,0.63177085,0.5390625
81,2015-09-23 18:50:00+00:00,4.239296,2.872795,3.1230319,58,67,103,112,0.78333336,0.55
81,2015-09-23 18:50:00+00:00,3.8419602,2.6866236,2.7367074,58,67,112,121,0.93333334,0.55
81,2015-09-23 18:50:00+00:00,2.2883537,4.052588,3.3726332,67,76,31,40,-0.4166667,0.7714844
81,2015-09-23 18:50:00+00:00,3.1652355,3.0847108,3.2067685,67,76,85,94,0.47371796,0.7389424
81,2015-09-23 18:50:00+00:00,4.212082,2.6890426,3.06459,67,76,103,112,0.78333336,0.775
81,2015-09-23 18:50:00+00:00,3.4426503,2.4882066,2.6818376,67,76,112,121,0.93333334,0.775
81,2015-09-23 18:50:00+00:00,4.073578,2.838347,2.7958944,76,81,112,121,0.93333334,0.95
82,2015-09-24 17:55:00+00:00,3.2772002,2.8011212,2.9392915,13,22,85,94,0.48776042,-0.5613281
82,2015-09-24 17:55:00+00:00,2.8359997,2.5399485,2.81776,13,22,94,103,0.6333333,-0.5738281
82,2015-09-24 17:55:00+00:00,2.8277247,2.4570603,2.6641781,13,22,103,112,0.7833333,-0.56914055
82,2015-09-24 17:55:00+00:00,2.6186326,2.8046541,2.8707738,22,31,85,94,0.48333335,-0.35000002
82,2015-09-24 17:55:00+00:00,2.4846487,2.431644,2.6652937,22,31,94,103,0.6333333,-0.35000002
82,2015-09-24 17:55:00+00:00,2.4330637,2.3485084,2.5060806,22,31,103,112,0.78333336,-0.35000002
82,2015-09-24 17:55:00+00:00,2.419108,2.27471,2.3598444,22,31,112,121,0.93333334,-0.35000002
82,2015-09-24 17:55:00+00:00,4.3447,4.3928037,3.8076103,31,40,31,40,-0.41015625,-0.11796875
82,2015-09-24 17:55:00+00:00,4.1688433,3.251218,3.3241,31,40,40,49,-0.26510417,-0.12109375
82,2015-09-24 17:55:00+00:00,3.8988013,2.6508534,3.1693077,31,40,49,58,-0.11666667,-0.125
82,2015-09-24 17:55:00+00:00,3.8661766,2.72406,3.129877,31,40,58,67,0.026822917,-0.124609366
82,2015-09-24 17:55:00+00:00,3.835849,3.2696166,3.4344323,31,40,67,76,0.18723959,-0.12929688
82,2015-09-24 17:55:00+00:00,3.646053,4.0151467,3.5509202,31,40,76,85,0.3380208,-0.11757813
82,2015-09-24 17:55:00+00:00,2.9264195,2.824334,3.128582,31,40,85,94,0.48333335,-0.125
82,2015-09-24 17:55:00+00:00,2.4946995,2.5999596,2.9387555,31,40,94,103,0.6333333,-0.125
82,2015-09-24 17:55:00+00:00,2.3203197,2.3706539,2.6800132,31,40,103,112,0.78333336,-0.125
82,2015-09-24 17:55:00+00:00,2.2673345,2.3089292,2.4582171,31,40,112,121,0.93333334,-0.125
82,2015-09-24 17:55:00+00:00,4.144025,3.960136,4.1862187,40,49,22,31,-0.56666666,0.099999994
82,2015-09-24 17:55:00+00:00,3.373576,4.4006305,3.8169646,40,49,31,40,-0.4166667,0.099999994
82,2015-09-24 17:55:00+00:00,3.0669003,3.3212373,3.2857583,40,49,40,49,-0.26666665,0.099999994
82,2015-09-24 17:55:00+00:00,3.0821471,2.6917775,3.1393366,40,49,49,58,-0.11666667,0.099999994
82,2015-09-24 17:55:00+00:00,3.341176,2.7276785,3.1125097,40,49,58,67,0.033333335,0.099999994
82,2015-09-24 17:55:00+00:00,3.5783372,3.361778,3.479651,40,49,67,76,0.1859375,0.10820312
82,2015-09-24 17:55:00+00:00,3.886982,3.1988144,3.2596111,40,49,85,94,0.48906252,0.09765625
82,2015-09-24 17:55:00+00:00,3.2203922,3.035508,3.1534376,40,49,94,103,0.6333333,0.099999994
82,2015-09-24 17:55:00+00:00,2.6740234,2.7139082,2.832422,40,49,103,112,0.78333336,0.099999994
82,2015-09-24 17:55:00+00:00,2.2494004,2.5653718,2.551424,40,49,112,121,0.93333334,0.099999994
82,2015-09-24 17:55:00+00:00,3.397981,3.7152576,3.674621,49,58,22,31,-0.56875,0.32265624
82,2015-09-24 17:55:00+00:00,2.842288,4.0479736,3.302108,49,58,31,40,-0.4166667,0.325
82,2015-09-24 17:55:00+00:00,2.4444072,3.1411195,2.8744905,49,58,40,49,-0.26666665,0.325
82,2015-09-24 17:55:00+00:00,2.405617,2.5054102,2.7409978,49,58,49,58,-0.11666667,0.325
82,2015-09-24 17:55:00+00:00,2.5681024,2.5776627,2.789685,49,58,58,67,0.033333335,0.325
82,2015-09-24 17:55:00+00:00,2.6458416,3.3214042,3.2666917,49,58,67,76,0.18333334,0.325
82,2015-09-24 17:55:00+00:00,3.5740843,3.290107,3.124115,49,58,85,94,0.4885417,0.32851562
82,2015-09-24 17:55:00+00:00,3.6284988,3.0518677,3.1088777,49,58,94,103,0.6333333,0.325
82,2015-09-24 17:55:00+00:00,3.4525397,2.8290431,2.866355,49,58,103,112,0.78333336,0.325
82,2015-09-24 17:55:00+00:00,2.7013524,2.6466022,2.5159063,49,58,112,121,0.93333334,0.325
82,2015-09-24 17:55:00+00:00,1.8543044,3.407366,2.846721,58,67,31,40,-0.41901046,0.54648435
82,2015-09-24 17:55:00+00:00,1.9736112,2.6671228,2.4468403,58,67,40,49,-0.26666665,0.55
82,2015-09-24 17:55:00+00:00,1.9956727,2.2821171,2.3763728,58,67,49,58,-0.12109375,0.54609376
82,2015-09-24 17:55:00+00:00,2.0605016,2.2240999,2.3849435,58,67,58,67,0.034895834,0.54375005
82,2015-09-24 17:55:00+00:00,2.050896,2.6032326,2.7059653,58,67,67,76,0.18333334,0.55
82,2015-09-24 17:55:00+00:00,2.2859988,3.67024,3.1135707,58,67,76,85,0.3333333,0.55
82,2015-09-24 17:55:00+00:00,2.8563628,2.9360714,2.8072333,58,67,85,94,0.4820313,0.5488281
82,2015-09-24 17:55:00+00:00,3.6612942,2.47971,2.6305473,58,67,103,112,0.78333336,0.55
82,2015-09-24 17:55:00+00:00,3.4192631,2.345082,2.3445797,58,67,112,121,0.93333334,0.55
82,2015-09-24 17:55:00+00:00,3.1325464,2.3327348,2.5794535,67,76,103,112,0.78333336,0.775
82,2015-09-24 17:55:00+00:00,2.4782307,2.1889594,2.2998922,67,76,112,121,0.93333334,0.775
82,2015-09-24 17:55:00+00:00,2.7560215,2.3872802,2.384392,76,81,112,121,0.93333334,0.95
83,2016-04-16 19:00:00+00:00,4.341586,2.1679773,2.435515,13,22,94,103,0.6359375,-0.5726563
83,2016-04-16 19:00:00+00:00,4.124111,2.1476681,2.3447673,13,22,103,112,0.7791667,-0.5640625
83,2016-04-16 19:00:00+00:00,3.4969778,2.2267644,2.449634,22,31,94,103,0.6333333,-0.35000002
83,2016-04-16 19:00:00+00:00,3.1191816,2.258213,2.3230999,22,31,103,112,0.78333336,-0.35000002
83,2016-04-16 19:00:00+00:00,2.967222,2.2713811,2.2952604,22,31,112,121,0.93333334,-0.35000002
83,2016-04-16 19:00:00+00:00,4.205454,3.345162,3.5013862,31,40,40,49,-0.26484376,-0.1109375
83,2016-04-16 19:00:00+00:00,3.837108,2.611306,3.2029898,31,40,49,58,-0.11171875,-0.11601563
83,2016-04-16 19:00:00+00:00,3.1969323,2.9542713,3.4080005,31,40,67,76,0.18776041,-0.12851563
83,2016-04-16 19:00:00+00:00,2.8844852,2.4112542,2.9259887,31,40,85,94,0.48333335,-0.125
83,2016-04-16 19:00:00+00:00,2.771584,1.9809968,2.5104742,31,40,94,103,0.6333333,-0.125
83,2016-04-16 19:00:00+00:00,2.7565818,1.9465053,2.3156073,31,40,103,112,0.78333336,-0.125
83,2016-04-16 19:00:00+00:00,2.183599,1.9356682,2.2305424,31,40,112,121,0.93333334,-0.125
83,2016-04-16 19:00:00+00:00,4.3162594,4.132102,4.281998,40,49,22,31,-0.55598956,0.107812494
83,2016-04-16 19:00:00+00:00,4.0858364,4.3733735,3.9217486,40,49,31,40,-0.4169271,0.099999994
83,2016-04-16 19:00:00+00:00,3.6289241,3.3240063,3.4166548,40,49,40,49,-0.26666665,0.099999994
83,2016-04-16 19:00:00+00:00,3.1020737,2.652451,3.2233338,40,49,49,58,-0.11666667,0.099999994
83,2016-04-16 19:00:00+00:00,2.1649334,2.6682236,3.0869548,40,49,58,67,0.027343752,0.10859375
83,2016-04-16 19:00:00+00:00,1.4079112,3.2576754,3.3797145,40,49,67,76,0.18671876,0.10273437
83,2016-04-16 19:00:00+00:00,2.1709485,2.8675716,2.9731948,40,49,85,94,0.4846354,0.09726562
83,2016-04-16 19:00:00+00:00,2.4746294,2.3583608,2.5981426,40,49,94,103,0.6333333,0.099999994
83,2016-04-16 19:00:00+00:00,2.3981905,2.2488654,2.342168,40,49,103,112,0.78333336,0.099999994
83,2016-04-16 19:00:00+00:00,1.7828159,2.199086,2.226179,40,49,112,121,0.93333334,0.099999994
83,2016-04-16 19:00:00+00:00,3.836611,3.7201812,3.678912,49,58,22,31,-0.56666666,0.325
83,2016-04-16 19:00:00+00:00,3.292765,3.944008,3.2490451,49,58,31,40,-0.4166667,0.325
83,2016-04-16 19:00:00+00:00,3.4978414,3.031153,2.9002066,49,58,40,49,-0.26666665,0.325
83,2016-04-16 19:00:00+00:00,3.1796896,2.3913689,2.7052233,49,58,49,58,-0.11666667,0.325
83,2016-04-16 19:00:00+00:00,2.5581064,2.608683,2.7489,49,58,58,67,0.033333335,0.325
83,2016-04-16 19:00:00+00:00,1.803187,3.10095,3.0688634,49,58,67,76,0.18333334,0.325
83,2016-04-16 19:00:00+00:00,1.5986766,2.61511,2.6808007,49,58,85,94,0.49296874,0.33632812
83,2016-04-16 19:00:00+00:00,2.3641307,2.2713172,2.4565465,49,58,94,103,0.6333333,0.325
83,2016-04-16 19:00:00+00:00,2.251322,2.272975,2.2961674,49,58,103,112,0.78333336,0.325
83,2016-04-16 19:00:00+00:00,2.1378756,2.1927133,2.1111002,49,58,112,121,0.93333334,0.325
83,2016-04-16 19:00:00+00:00,4.586074,3.4759684,3.624542,58,67,13,22,-0.6989797,0.51989794
83,2016-04-16 19:00:00+00:00,4.015485,3.5396814,3.294137,58,67,22,31,-0.5648438,0.5457031
83,2016-04-16 19:00:00+00:00,3.8184385,3.7346017,2.968065,58,67,31,40,-0.41796875,0.5488281
83,2016-04-16 19:00:00+00:00,3.407296,2.92785,2.6382232,58,67,40,49,-0.26640624,0.5488281
83,2016-04-16 19:00:00+00:00,3.529053,2.5125692,2.4947019,58,67,49,58,-0.11796875,0.5488281
83,2016-04-16 19:00:00+00:00,3.3277614,2.8028593,2.7184203,58,67,67,76,0.18333334,0.55
83,2016-04-16 19:00:00+00:00,2.2587304,3.614634,2.8640468,58,67,76,85,0.3333333,0.55
83,2016-04-16 19:00:00+00:00,1.7691739,2.7710888,2.5801053,58,67,85,94,0.48333335,0.55
83,2016-04-16 19:00:00+00:00,2.022591,2.2882078,2.2385662,58,67,103,112,0.78333336,0.55
83,2016-04-16 19:00:00+00:00,2.086183,2.2478495,2.0985675,58,67,112,121,0.93333334,0.55
83,2016-04-16 19:00:00+00:00,2.88831,3.137957,2.8395338,67,76,76,85,0.33255208,0.7644531
83,2016-04-16 19:00:00+00:00,1.6307161,2.0535228,2.1258392,67,76,103,112,0.78333336,0.775
83,2016-04-16 19:00:00+00:00,1.7821797,1.963454,1.9718866,67,76,112,121,0.93333334,0.775
83,2016-04-16 19:00:00+00:00,2.2509096,2.000338,2.1679263,76,81,103,112,0.78690463,0.9464286
83,2016-04-16 19:00:00+00:00,1.5002578,1.9380128,1.9689623,76,81,112,121,0.93333334,0.95
84,2016-04-23 19:10:00+00:00,4.40045,1.4967915,1.6461939,13,22,103,112,0.7815104,-0.5597656
84,2016-04-23 19:10:00+00:00,3.3174422,3.8678935,3.265526,22,31,76,85,0.3359375,-0.3453125
84,2016-04-23 19:10:00+00:00,3.0146403,2.450313,2.7486737,22,31,85,94,0.48333335,-0.35000002
84,2016-04-23 19:10:00+00:00,2.8968616,1.7205781,1.9836427,22,31,94,103,0.6333333,-0.35000002
84,2016-04-23 19:10:00+00:00,2.9864054,1.6817528,1.684332,22,31,103,112,0.78333336,-0.35000002
84,2016-04-23 19:10:00+00:00,2.9412518,1.7059821,1.698294,22,31,112,121,0.93333334,-0.35000002
84,2016-04-23 19:10:00+00:00,4.49202,2.8296597,3.4657538,31,40,40,49,-0.26328126,-0.11679687
84,2016-04-23 19:10:00+00:00,4.4046826,2.1408386,3.2273796,31,40,49,58,-0.11666667,-0.125
84,2016-04-23 19:10:00+00:00,1.2603251,2.0174787,2.8255496,31,40,85,94,0.48333335,-0.125
84,2016-04-23 19:10:00+00:00,1.3555481,1.4359802,2.0713181,31,40,94,103,0.6333333,-0.125
84,2016-04-23 19:10:00+00:00,1.5181938,1.2989945,1.6626449,31,40,103,112,0.78333336,-0.125
84,2016-04-23 19:10:00+00:00,1.5175091,1.2335658,1.5889354,31,40,112,121,0.93333334,-0.125
84,2016-04-23 19:10:00+00:00,4.23765,3.0409741,3.4389238,40,49,40,49,-0.26328123,0.10195313
84,2016-04-23 19:10:00+00:00,3.7973518,2.570894,3.2137914,40,49,49,58,-0.11666667,0.099999994
84,2016-04-23 19:10:00+00:00,1.5871388,3.6076818,3.5771005,40,49,67,76,0.19166666,0.103125
84,2016-04-23 19:10:00+00:00,1.2275829,2.617853,2.9508948,40,49,85,94,0.4869792,0.08984375
84,2016-04-23 19:10:00+00:00,1.7597508,1.9272285,2.2194574,40,49,94,103,0.6333333,0.099999994
84,2016-04-23 19:10:00+00:00,1.5700868,1.6948779,1.7199653,40,49,103,112,0.78333336,0.099999994
84,2016-04-23 19:10:00+00:00,1.6008475,1.6123946,1.6245623,40,49,112,121,0.93333334,0.099999994
84,2016-04-23 19:10:00+00:00,3.8498833,4.0972657,4.1860456,49,58,13,22,-0.71666664,0.325
84,2016-04-23 19:10:00+00:00,3.1190667,3.8154793,3.8440092,49,58,22,31,-0.56666666,0.325
84,2016-04-23 19:10:00+00:00,3.8873358,3.993139,3.3235269,49,58,31,40,-0.4166667,0.325
84,2016-04-23 19:10:00+00:00,3.8926024,2.693078,2.8284695,49,58,40,49,-0.26666665,0.325
84,2016-04-23 19:10:00+00:00,3.0521555,2.1233563,2.571143,49,58,49,58,-0.11666667,0.325
84,2016-04-23 19:10:00+00:00,2.5958667,2.48654,2.6926305,49,58,58,67,0.033333335,0.325
84,2016-04-23 19:10:00+00:00,2.1263518,3.0599117,3.1031075,49,58,67,76,0.18333334,0.325
84,2016-04-23 19:10:00+00:00,2.0526915,2.4321225,2.55427,49,58,85,94,0.48463544,0.33242187
84,2016-04-23 19:10:00+00:00,1.9349324,1.6645063,2.0105255,49,58,94,103,0.6333333,0.325
84,2016-04-23 19:10:00+00:00,1.5589292,1.5807177,1.652614,49,58,103,112,0.78333336,0.325
84,2016-04-23 19:10:00+00:00,1.8016766,1.4813758,1.4929943,49,58,112,121,0.93333334,0.325
84,2016-04-23 19:10:00+00:00,2.7960794,3.5590317,3.7184503,58,67,13,22,-0.7010205,0.51989794
84,2016-04-23 19:10:00+00:00,2.1897452,3.7323706,3.3726318,58,67,22,31,-0.5625,0.5433594
84,2016-04-23 19:10:00+00:00,3.7784188,3.7937534,2.937602,58,67,31,40,-0.4166667,0.55
84,2016-04-23 19:10:00+00:00,4.1260915,2.706624,2.5395665,58,67,40,49,-0.26666665,0.55
84,2016-04-23 19:10:00+00:00,3.2873719,2.3776703,2.3667068,58,67,49,58,-0.11666667,0.55
84,2016-04-23 19:10:00+00:00,2.7653449,2.5517209,2.4274845,58,67,58,67,0.033333335,0.55
84,2016-04-23 19:10:00+00:00,2.6432593,2.8241913,2.682463,58,67,67,76,0.18333334,0.55
84,2016-04-23 19:10:00+00:00,2.612051,3.6488225,2.7989202,58,67,76,85,0.3333333,0.55
84,2016-04-23 19:10:00+00:00,2.6073866,2.4268453,2.3806248,58,67,85,94,0.48333335,0.55
84,2016-04-23 19:10:00+00:00,0.9094066,1.7388802,1.6324595,58,67,103,112,0.78333336,0.55
84,2016-04-23 19:10:00+00:00,1.7163512,1.7192953,1.5380094,58,67,112,121,0.93333334,0.55
84,2016-04-23 19:10:00+00:00,4.043315,3.679881,2.8667495,67,76,31,40,-0.41640627,0.7691406
84,2016-04-23 19:10:00+00:00,3.4598427,2.4628062,2.4268417,67,76,40,49,-0.27161458,0.76093745
84,2016-04-23 19:10:00+00:00,3.057842,2.543691,2.6162188,67,76,67,76,0.19551285,0.7447115
84,2016-04-23 19:10:00+00:00,3.1026251,3.157997,2.684966,67,76,76,85,0.33489585,0.765625
84,2016-04-23 19:10:00+00:00,0.27432603,1.4722446,1.4471639,67,76,103,112,0.78333336,0.775
84,2016-04-23 19:10:00+00:00,1.5973312,1.3599185,1.3255898,67,76,112,121,0.93333334,0.775
84,2016-04-23 19:10:00+00:00,1.2106516,1.2751565,1.3104801,76,81,112,121,0.93333334,0.95
85,2016-05-06 18:00:00+00:00,3.2063878,2.0388029,2.2206972,13,22,94,103,0.6333333,-0.575
85,2016-05-06 18:00:00+00:00,2.942948,2.0697095,2.1761665,13,22,103,112,0.78151035,-0.5703125
85,2016-05-06 18:00:00+00:00,2.4789855,2.4841726,2.5452113,22,31,85,94,0.48333335,-0.35000002
85,2016-05-06 18:00:00+00:00,2.2606697,2.0335267,2.20455,22,31,94,103,0.6333333,-0.35000002
85,2016-05-06 18:00:00+00:00,2.2424905,2.0684643,2.1331496,22,31,103,112,0.78333336,-0.35000002
85,2016-05-06 18:00:00+00:00,2.192455,2.0970998,2.1219695,22,31,112,121,0.93333334,-0.35000002
85,2016-05-06 18:00:00+00:00,3.4474096,2.2159853,2.906386,31,40,49,58,-0.11666667,-0.125
85,2016-05-06 18:00:00+00:00,3.6458278,2.3753011,2.867363,31,40,58,67,0.025260417,-0.1265625
85,2016-05-06 18:00:00+00:00,3.0395966,2.662446,3.032483,31,40,67,76,0.18671876,-0.12773438
85,2016-05-06 18:00:00+00:00,2.1908054,2.1727297,2.5855708,31,40,85,94,0.48333335,-0.125
85,2016-05-06 18:00:00+00:00,2.090803,1.8634607,2.2587447,31,40,94,103,0.6333333,-0.125
85,2016-05-06 18:00:00+00:00,1.8638923,1.8494872,2.133656,31,40,103,112,0.78333336,-0.125
85,2016-05-06 18:00:00+00:00,1.8118021,1.8648164,2.0767379,31,40,112,121,0.93333334,-0.125
85,2016-05-06 18:00:00+00:00,4.382323,3.452327,3.7867851,40,49,22,31,-0.5700521,0.107812494
85,2016-05-06 18:00:00+00:00,3.581834,2.418859,2.8207967,40,49,49,58,-0.11484375,0.09921875
85,2016-05-06 18:00:00+00:00,3.1540713,2.4765406,2.7518828,40,49,58,67,0.029166669,0.103515625
85,2016-05-06 18:00:00+00:00,2.6495798,2.9714282,3.0139823,40,49,67,76,0.18854168,0.103125
85,2016-05-06 18:00:00+00:00,2.146728,3.5535834,3.047881,40,49,76,85,0.32578123,0.084374994
85,2016-05-06 18:00:00+00:00,2.4424095,2.590297,2.6508107,40,49,85,94,0.48333335,0.099999994
85,2016-05-06 18:00:00+00:00,2.2047818,2.2101047,2.35109,40,49,94,103,0.6333333,0.099999994
85,2016-05-06 18:00:00+00:00,2.301199,2.1203868,2.1740136,40,49,103,112,0.78333336,0.099999994
85,2016-05-06 18:00:00+00:00,2.25506,2.1008308,2.0889082,40,49,112,121,0.93333334,0.099999994
85,2016-05-06 18:00:00+00:00,3.7586577,3.6295764,3.670046,49,58,13,22,-0.71666664,0.325
85,2016-05-06 18:00:00+00:00,2.8483014,3.3547451,3.320043,49,58,22,31,-0.56666666,0.325
85,2016-05-06 18:00:00+00:00,2.3145177,3.5129678,2.9098372,49,58,31,40,-0.4166667,0.325
85,2016-05-06 18:00:00+00:00,2.899894,2.3543124,2.4776301,49,58,58,67,0.032552086,0.32539064
85,2016-05-06 18:00:00+00:00,2.6371891,2.825088,2.7929015,49,58,67,76,0.18333334,0.325
85,2016-05-06 18:00:00+00:00,2.2420373,2.5634336,2.4955592,49,58,85,94,0.48645836,0.33046874
85,2016-05-06 18:00:00+00:00,2.24626,2.1520073,2.2987347,49,58,94,103,0.6333333,0.325
85,2016-05-06 18:00:00+00:00,2.1874034,2.1540332,2.189431,49,58,103,112,0.78333336,0.325
85,2016-05-06 18:00:00+00:00,2.1988919,2.1111681,2.0385919,49,58,112,121,0.93333334,0.325
85,2016-05-06 18:00:00+00:00,1.1348414,3.1439698,2.9564943,58,67,22,31,-0.5625,0.5433594
85,2016-05-06 18:00:00+00:00,2.3080351,3.247264,2.6224751,58,67,31,40,-0.41901043,0.5496094
85,2016-05-06 18:00:00+00:00,2.6498659,2.490341,2.4479692,58,67,67,76,0.18333334,0.55
85,2016-05-06 18:00:00+00:00,2.492307,3.2368524,2.6092594,58,67,76,85,0.3333333,0.55
85,2016-05-06 18:00:00+00:00,2.463765,2.5096312,2.3581645,58,67,85,94,0.48333335,0.55
85,2016-05-06 18:00:00+00:00,2.260643,2.1317616,2.2114177,58,67,94,103,0.6333333,0.54062504
85,2016-05-06 18:00:00+00:00,2.1664038,2.1362803,2.123845,58,67,103,112,0.78333336,0.55
85,2016-05-06 18:00:00+00:00,2.0765417,2.1150606,2.008282,58,67,112,121,0.93333334,0.55
85,2016-05-06 18:00:00+00:00,2.328168,2.64244,2.5955164,67,76,76,85,0.33072916,0.759375
85,2016-05-06 18:00:00+00:00,2.6423564,2.1298196,2.2875338,67,76,85,94,0.4740741,0.7412037
85,2016-05-06 18:00:00+00:00,2.0486364,1.9283475,2.0184371,67,76,103,112,0.78333336,0.775
85,2016-05-06 18:00:00+00:00,2.193392,1.8736176,1.8989933,67,76,112,121,0.93333334,0.775
85,2016-05-06 18:00:00+00:00,2.043131,1.9299927,2.0414748,76,81,103,112,0.7918803,0.9448718
85,2016-05-06 18:00:00+00:00,2.0834033,1.889959,1.8996152,76,81,112,121,0.93333334,0.95
86,2016-05-18 19:00:00+00:00,2.3697999,1.8493112,2.1059628,13,22,94,103,0.6333333,-0.575
86,2016-05-18 19:00:00+00:00,2.0132122,1.9053065,1.9949468,13,22,103,112,0.78098965,-0.57109374
86,2016-05-18 19:00:00+00:00,3.2032025,2.4734943,2.613179,22,31,85,94,0.48333335,-0.35000002
86,2016-05-18 19:00:00+00:00,2.2886634,1.920275,2.1228533,22,31,94,103,0.6333333,-0.35000002
86,2016-05-18 19:00:00+00:00,2.1808236,1.9636434,1.98549,22,31,103,112,0.78333336,-0.35000002
86,2016-05-18 19:00:00+00:00,2.099407,1.9617198,1.9725174,22,31,112,121,0.93333334,-0.35000002
86,2016-05-18 19:00:00+00:00,3.7021978,2.7760878,3.2036269,31,40,40,49,-0.2627604,-0.11796875
86,2016-05-18 19:00:00+00:00,3.960362,2.1722653,3.025662,31,40,49,58,-0.11666667,-0.125
86,2016-05-18 19:00:00+00:00,2.7014256,2.1244395,2.6518931,31,40,85,94,0.48333335,-0.125
86,2016-05-18 19:00:00+00:00,2.3319747,1.7234173,2.178673,31,40,94,103,0.6333333,-0.125
86,2016-05-18 19:00:00+00:00,2.180877,1.705471,1.9723136,31,40,103,112,0.78333336,-0.125
86,2016-05-18 19:00:00+00:00,2.072849,1.6497757,1.8959514,31,40,112,121,0.93333334,-0.125
86,2016-05-18 19:00:00+00:00,4.3639145,3.6863549,4.311866,40,49,13,22,-0.7125,0.11445312
86,2016-05-18 19:00:00+00:00,3.5121822,3.8159227,4.112346,40,49,22,31,-0.56666666,0.099999994
86,2016-05-18 19:00:00+00:00,3.2455764,4.0871973,3.7040584,40,49,31,40,-0.4197917,0.0984375
86,2016-05-18 19:00:00+00:00,3.3356287,3.0322058,3.1588094,40,49,40,49,-0.26666665,0.099999994
86,2016-05-18 19:00:00+00:00,3.3447156,2.4407058,2.9713197,40,49,49,58,-0.11666667,0.099999994
86,2016-05-18 19:00:00+00:00,3.7551637,3.0468857,3.1650076,40,49,67,76,0.19218752,0.11054687
86,2016-05-18 19:00:00+00:00,2.4925385,2.5408645,2.7309778,40,49,85,94,0.48802084,0.0890625
86,2016-05-18 19:00:00+00:00,2.3437192,2.0565422,2.281138,40,49,94,103,0.6333333,0.099999994
86,2016-05-18 19:00:00+00:00,2.1077669,1.9712323,2.0091033,40,49,103,112,0.78333336,0.099999994
86,2016-05-18 19:00:00+00:00,2.0531795,1.8955715,1.9121433,40,49,112,121,0.93333334,0.099999994
86,2016-05-18 19:00:00+00:00,3.6300232,3.450772,3.3607135,49,58,4,13,-0.84444445,0.30490196
86,2016-05-18 19:00:00+00:00,2.729465,3.8027878,3.8278673,49,58,13,22,-0.71666664,0.325
86,2016-05-18 19:00:00+00:00,2.3057601,3.4585834,3.45446,49,58,22,31,-0.56666666,0.325
86,2016-05-18 19:00:00+00:00,2.4163203,3.6424303,3.0217533,49,58,31,40,-0.4166667,0.325
86,2016-05-18 19:00:00+00:00,2.5006611,2.7092915,2.677663,49,58,40,49,-0.26666665,0.325
86,2016-05-18 19:00:00+00:00,2.555924,2.1678376,2.489514,49,58,49,58,-0.11666667,0.325
86,2016-05-18 19:00:00+00:00,2.9831836,2.4248714,2.5608306,49,58,58,67,0.033333335,0.325
86,2016-05-18 19:00:00+00:00,3.2000682,2.9048595,2.9009616,49,58,67,76,0.18333334,0.325
86,2016-05-18 19:00:00+00:00,2.3188558,2.2664056,2.4196787,49,58,85,94,0.4934896,0.3316406
86,2016-05-18 19:00:00+00:00,2.3340142,1.9271054,2.156694,49,58,94,103,0.6333333,0.325
86,2016-05-18 19:00:00+00:00,2.094928,1.9499869,1.9773263,49,58,103,112,0.78333336,0.325
86,2016-05-18 19:00:00+00:00,1.9182439,1.8489208,1.8162242,49,58,112,121,0.93333334,0.325
86,2016-05-18 19:00:00+00:00,0.9217872,3.3062484,3.0667505,58,67,22,31,-0.56640625,0.5488281
86,2016-05-18 19:00:00+00:00,2.0637743,3.4782116,2.735022,58,67,31,40,-0.4166667,0.55
86,2016-05-18 19:00:00+00:00,2.5613666,2.665554,2.446978,58,67,40,49,-0.26666665,0.55
86,2016-05-18 19:00:00+00:00,2.6076105,2.3187563,2.328139,58,67,49,58,-0.11666667,0.55
86,2016-05-18 19:00:00+00:00,2.6577861,2.431074,2.3485506,58,67,58,67,0.033333335,0.55
86,2016-05-18 19:00:00+00:00,2.9047592,2.6502817,2.5655122,58,67,67,76,0.18333334,0.55
86,2016-05-18 19:00:00+00:00,3.0987353,3.4217792,2.6973357,58,67,76,85,0.3333333,0.55
86,2016-05-18 19:00:00+00:00,2.6542368,2.4709673,2.3591442,58,67,85,94,0.48333335,0.55
86,2016-05-18 19:00:00+00:00,1.7739238,2.0145173,1.9490029,58,67,103,112,0.78333336,0.55
86,2016-05-18 19:00:00+00:00,1.6551391,1.968481,1.8343989,58,67,112,121,0.93333334,0.55
86,2016-05-18 19:00:00+00:00,0.8453995,3.3970919,2.708154,67,76,31,40,-0.41640627,0.76953125
86,2016-05-18 19:00:00+00:00,0.21396843,1.7983736,1.8101441,67,76,103,112,0.78333336,0.775
86,2016-05-18 19:00:00+00:00,0.93323207,1.6919196,1.6774746,67,76,112,121,0.93333334,0.775
86,2016-05-18 19:00:00+00:00,2.7755576e-17,1.6475519,1.679274,76,81,112,121,0.93333334,0.95
87,2016-05-23 17:40:00+00:00,2.884672,1.8608913,2.0682697,13,22,85,94,0.4921875,-0.56210935
87,2016-05-23 17:40:00+00:00,2.6162052,1.6664393,1.8754855,13,22,94,103,0.6302083,-0.5695312
87,2016-05-23 17:40:00+00:00,2.2224886,2.0852058,2.0991373,22,31,85,94,0.48333335,-0.35000002
87,2016-05-23 17:40:00+00:00,2.0740912,1.7501209,1.8695111,22,31,94,103,0.6333333,-0.35000002
87,2016-05-23 17:40:00+00:00,1.9405174,1.812845,1.8348994,22,31,103,112,0.78333336,-0.35000002
87,2016-05-23 17:40:00+00:00,1.8792232,1.8278466,1.824196,22,31,112,121,0.93333334,-0.35000002
87,2016-05-23 17:40:00+00:00,2.2990494,2.1096992,2.3134193,31,40,40,49,-0.25859374,-0.11328125
87,2016-05-23 17:40:00+00:00,2.574172,1.622284,2.1664908,31,40,49,58,-0.11666667,-0.125
87,2016-05-23 17:40:00+00:00,2.0148282,1.74811,2.0720901,31,40,85,94,0.48333335,-0.125
87,2016-05-23 17:40:00+00:00,1.932139,1.5558985,1.8728603,31,40,94,103,0.6333333,-0.125
87,2016-05-23 17:40:00+00:00,1.8410779,1.6014787,1.8037777,31,40,103,112,0.78333336,-0.125
87,2016-05-23 17:40:00+00:00,1.7625988,1.5942394,1.7584907,31,40,112,121,0.93333334,-0.125
87,2016-05-23 17:40:00+00:00,3.3384538,2.8840287,3.1733143,40,49,13,22,-0.71197915,0.103906244
87,2016-05-23 17:40:00+00:00,2.4924731,2.7773943,2.9535534,40,49,22,31,-0.56666666,0.099999994
87,2016-05-23 17:40:00+00:00,2.2466538,2.925395,2.628244,40,49,31,40,-0.4166667,0.099999994
87,2016-05-23 17:40:00+00:00,2.1028996,2.3391447,2.317393,40,49,40,49,-0.26666665,0.099999994
87,2016-05-23 17:40:00+00:00,2.0715837,1.8693203,2.137009,40,49,49,58,-0.11666667,0.099999994
87,2016-05-23 17:40:00+00:00,2.0673335,1.9140075,2.1486962,40,49,58,67,0.031510416,0.10859375
87,2016-05-23 17:40:00+00:00,2.004698,2.0552077,2.1162345,40,49,85,94,0.4820313,0.103906244
87,2016-05-23 17:40:00+00:00,1.9191428,1.8336762,1.9449191,40,49,94,103,0.6333333,0.099999994
87,2016-05-23 17:40:00+00:00,1.8154078,1.8178035,1.8324236,40,49,103,112,0.78333336,0.099999994
87,2016-05-23 17:40:00+00:00,1.7311368,1.792612,1.7723373,40,49,112,121,0.93333334,0.099999994
87,2016-05-23 17:40:00+00:00,2.383755,2.883957,2.9166045,49,58,13,22,-0.71666664,0.325
87,2016-05-23 17:40:00+00:00,2.2783515,2.6002138,2.5776606,49,58,22,31,-0.56666666,0.325
87,2016-05-23 17:40:00+00:00,2.078094,2.6562834,2.2772303,49,58,31,40,-0.4166667,0.325
87,2016-05-23 17:40:00+00:00,2.0730395,2.1766758,2.0823703,49,58,40,49,-0.26666665,0.325
87,2016-05-23 17:40:00+00:00,2.0536313,1.7544042,1.9234319,49,58,49,58,-0.11666667,0.325
87,2016-05-23 17:40:00+00:00,2.0911517,1.9103113,1.990306,49,58,58,67,0.033333335,0.325
87,2016-05-23 17:40:00+00:00,2.009598,2.2780778,2.2190351,49,58,67,76,0.18151042,0.32890624
87,2016-05-23 17:40:00+00:00,2.0664852,1.9888079,1.9973015,49,58,85,94,0.49296874,0.33359373
87,2016-05-23 17:40:00+00:00,1.8861039,1.7405219,1.900077,49,58,94,103,0.6333333,0.325
87,2016-05-23 17:40:00+00:00,1.7029892,1.7985029,1.8363025,49,58,103,112,0.78333336,0.325
87,2016-05-23 17:40:00+00:00,1.6850303,1.7609247,1.728683,49,58,112,121,0.93333334,0.325
87,2016-05-23 17:40:00+00:00,2.1544428,2.6542995,2.1448762,58,67,31,40,-0.4166667,0.55
87,2016-05-23 17:40:00+00:00,2.2042482,2.1908593,1.9653478,58,67,40,49,-0.26666665,0.55
87,2016-05-23 17:40:00+00:00,2.3087473,1.8734069,1.8692064,58,67,49,58,-0.11666667,0.55
87,2016-05-23 17:40:00+00:00,2.2080367,1.9541702,1.8993077,58,67,58,67,0.032552086,0.5433594
87,2016-05-23 17:40:00+00:00,2.1571672,2.1473577,2.070038,58,67,67,76,0.18463543,0.5445312
87,2016-05-23 17:40:00+00:00,2.1689875,2.653142,2.1522582,58,67,76,85,0.3333333,0.55
87,2016-05-23 17:40:00+00:00,2.0604749,2.209212,1.9858916,58,67,85,94,0.4796875,0.5496094
87,2016-05-23 17:40:00+00:00,1.6297556,1.8908675,1.8499475,58,67,103,112,0.78333336,0.55
87,2016-05-23 17:40:00+00:00,1.627342,1.8654708,1.7612561,58,67,112,121,0.93333334,0.55
87,2016-05-23 17:40:00+00:00,2.2546678,1.6955323,1.8006066,67,76,58,67,0.033333335,0.7125
87,2016-05-23 17:40:00+00:00,1.96433,1.8946298,2.0564125,67,76,67,76,0.19121212,0.7495455
87,2016-05-23 17:40:00+00:00,1.5478435,1.7217817,1.736124,67,76,103,112,0.78515625,0.7714844
87,2016-05-23 17:40:00+00:00,1.5518959,1.681194,1.6465493,67,76,112,121,0.93333334,0.775
87,2016-05-23 17:40:00+00:00,1.6408185,1.6402406,1.6536258,76,81,112,121,0.93333334,0.95
88,2016-06-12 18:55:00+00:00,2.3703487,1.8654898,2.0693238,13,22,94,103,0.6333333,-0.575
88,2016-06-12 18:55:00+00:00,2.580524,1.9738196,2.0414104,13,22,103,112,0.78307295,-0.5738281
88,2016-06-12 18:55:00+00:00,2.5035508,2.4162772,2.3975773,22,31,85,94,0.48307294,-0.3480469
88,2016-06-12 18:55:00+00:00,2.0089524,1.9590633,2.0632172,22,31,94,103,0.6377604,-0.34570312
88,2016-06-12 18:55:00+00:00,1.9954414,2.001744,2.0349782,22,31,103,112,0.78333336,-0.35000002
88,2016-06-12 18:55:00+00:00,2.1108737,2.014738,2.0139403,22,31,112,121,0.93333334,-0.35000002
88,2016-06-12 18:55:00+00:00,2.86529,2.4180086,2.7362757,31,40,40,49,-0.26510417,-0.12109375
88,2016-06-12 18:55:00+00:00,2.4115357,1.8108438,2.5337858,31,40,49,58,-0.11666667,-0.125
88,2016-06-12 18:55:00+00:00,2.7219052,2.0292287,2.5391154,31,40,58,67,0.028645834,-0.125
88,2016-06-12 18:55:00+00:00,2.9313583,2.23257,2.679428,31,40,67,76,0.18723959,-0.12851563
88,2016-06-12 18:55:00+00:00,2.266579,1.9797039,2.3703728,31,40,85,94,0.48333335,-0.125
88,2016-06-12 18:55:00+00:00,2.0533934,1.6860222,2.0918016,31,40,94,103,0.6333333,-0.125
88,2016-06-12 18:55:00+00:00,1.966431,1.722517,1.9928849,31,40,103,112,0.78333336,-0.125
88,2016-06-12 18:55:00+00:00,1.9124488,1.7119803,1.9324703,31,40,112,121,0.93333334,-0.125
88,2016-06-12 18:55:00+00:00,3.6550703,3.0223503,3.6257699,40,49,13,22,-0.71406245,0.111718744
88,2016-06-12 18:55:00+00:00,2.6116989,3.1518445,3.4054666,40,49,22,31,-0.56666666,0.099999994
88,2016-06-12 18:55:00+00:00,2.3350618,3.357188,3.025646,40,49,31,40,-0.4166667,0.099999994
88,2016-06-12 18:55:00+00:00,2.2107153,2.6138294,2.6451159,40,49,40,49,-0.26666665,0.099999994
88,2016-06-12 18:55:00+00:00,2.091941,2.0600796,2.4505484,40,49,49,58,-0.11666667,0.099999994
88,2016-06-12 18:55:00+00:00,2.2196743,2.2242177,2.4612505,40,49,58,67,0.032031253,0.10039063
88,2016-06-12 18:55:00+00:00,2.4542482,2.5094416,2.643819,40,49,67,76,0.18776041,0.1046875
88,2016-06-12 18:55:00+00:00,2.1825893,2.283044,2.403355,40,49,85,94,0.4903646,0.09296875
88,2016-06-12 18:55:00+00:00,1.9942436,1.9675453,2.1395924,40,49,94,103,0.6333333,0.099999994
88,2016-06-12 18:55:00+00:00,1.8673761,1.9455081,1.9949151,40,49,103,112,0.78333336,0.099999994
88,2016-06-12 18:55:00+00:00,1.8322136,1.9099766,1.9173429,40,49,112,121,0.93333334,0.099999994
88,2016-06-12 18:55:00+00:00,3.0429287,3.1770957,3.2108598,49,58,13,22,-0.71666664,0.325
88,2016-06-12 18:55:00+00:00,2.525246,2.913148,2.8940864,49,58,22,31,-0.56666666,0.325
88,2016-06-12 18:55:00+00:00,2.3976362,3.0174289,2.5367649,49,58,31,40,-0.4166667,0.325
88,2016-06-12 18:55:00+00:00,2.2326434,2.3948164,2.3007033,49,58,40,49,-0.26666665,0.325
88,2016-06-12 18:55:00+00:00,2.1171257,1.893397,2.1195474,49,58,49,58,-0.11666667,0.325
88,2016-06-12 18:55:00+00:00,2.051877,2.0770938,2.174645,49,58,58,67,0.033333335,0.325
88,2016-06-12 18:55:00+00:00,2.0627391,2.4455264,2.4351695,49,58,67,76,0.18333334,0.325
88,2016-06-12 18:55:00+00:00,2.2546823,2.1936722,2.1847823,49,58,85,94,0.4903646,0.33203125
88,2016-06-12 18:55:00+00:00,2.0809956,1.865258,2.0352442,49,58,94,103,0.6333333,0.325
88,2016-06-12 18:55:00+00:00,1.9244454,1.9306419,1.9589376,49,58,103,112,0.78333336,0.325
88,2016-06-12 18:55:00+00:00,1.8241512,1.8750318,1.8303897,49,58,112,121,0.93333334,0.325
88,2016-06-12 18:55:00+00:00,2.7290168,3.030355,2.7043395,58,67,22,31,-0.5598959,0.5425781
88,2016-06-12 18:55:00+00:00,2.3632007,3.0628762,2.4000192,58,67,31,40,-0.4166667,0.55
88,2016-06-12 18:55:00+00:00,2.0291119,2.4655046,2.1891878,58,67,40,49,-0.26666665,0.55
88,2016-06-12 18:55:00+00:00,2.1179688,2.0948725,2.0710258,58,67,49,58,-0.11666667,0.55
88,2016-06-12 18:55:00+00:00,2.1255546,2.1818433,2.0850117,58,67,58,67,0.033333335,0.55
88,2016-06-12 18:55:00+00:00,2.0806046,2.3703456,2.2546177,58,67,67,76,0.18333334,0.55
88,2016-06-12 18:55:00+00:00,2.1444676,2.9989703,2.3590229,58,67,76,85,0.3333333,0.55
88,2016-06-12 18:55:00+00:00,2.211263,2.397688,2.1867096,58,67,85,94,0.48333335,0.55
88,2016-06-12 18:55:00+00:00,2.2324688,2.0408373,2.0612624,58,67,94,103,0.6328125,0.53828126
88,2016-06-12 18:55:00+00:00,1.9010836,2.051182,1.974957,58,67,103,112,0.78333336,0.55
88,2016-06-12 18:55:00+00:00,1.7773231,2.0173018,1.8708816,58,67,112,121,0.93333334,0.55
88,2016-06-12 18:55:00+00:00,2.575163,2.9516957,2.3451023,67,76,31,40,-0.41614586,0.7710937
88,2016-06-12 18:55:00+00:00,2.43047,1.9634647,2.1143706,67,76,85,94,0.47320262,0.73774517
88,2016-06-12 18:55:00+00:00,1.9472877,1.8569067,1.8635968,67,76,103,112,0.78333336,0.775
88,2016-06-12 18:55:00+00:00,1.7712106,1.7853365,1.7513921,67,76,112,121,0.93333334,0.775
88,2016-06-12 18:55:00+00:00,1.853233,1.6987332,1.7349646,76,81,112,121,0.93333334,0.95
89,2016-06-17 19:15:00+00:00,2.9680042,1.8608527,2.181871,13,22,85,94,0.49166667,-0.55859375
89,2016-06-17 19:15:00+00:00,2.5099192,1.6656153,1.8701711,13,22,94,103,0.6333333,-0.575
89,2016-06-17 19:15:00+00:00,2.3775914,1.7514564,1.8421841,13,22,103,112,0.7828125,-0.5726563
89,2016-06-17 19:15:00+00:00,2.2097542,2.2445786,2.2827861,22,31,85,94,0.48333335,-0.35000002
89,2016-06-17 19:15:00+00:00,2.0227194,1.7779281,1.9363762,22,31,94,103,0.6333333,-0.35000002
89,2016-06-17 19:15:00+00:00,1.9654071,1.8403093,1.8743285,22,31,103,112,0.78333336,-0.35000002
89,2016-06-17 19:15:00+00:00,1.9349836,1.891486,1.9033662,22,31,112,121,0.93333334,-0.35000002
89,2016-06-17 19:15:00+00:00,3.0080929,2.2119977,2.6460497,31,40,40,49,-0.2643229,-0.12148437
89,2016-06-17 19:15:00+00:00,2.6204772,1.6402519,2.4152727,31,40,49,58,-0.11666667,-0.125
89,2016-06-17 19:15:00+00:00,2.749085,1.9101658,2.4240582,31,40,58,67,0.024739584,-0.12265625
89,2016-06-17 19:15:00+00:00,2.548648,2.060883,2.5511239,31,40,67,76,0.1875,-0.12773438
89,2016-06-17 19:15:00+00:00,2.2891223,2.541035,2.4164975,31,40,76,85,0.33697915,-0.115234375
89,2016-06-17 19:15:00+00:00,1.9506181,1.7933904,2.2232695,31,40,85,94,0.48333335,-0.125
89,2016-06-17 19:15:00+00:00,1.8375,1.4947305,1.9017153,31,40,94,103,0.6333333,-0.125
89,2016-06-17 19:15:00+00:00,1.7968029,1.5408038,1.8062801,31,40,103,112,0.78333336,-0.125
89,2016-06-17 19:15:00+00:00,1.7774142,1.5670413,1.8059614,31,40,112,121,0.93333334,-0.125
89,2016-06-17 19:15:00+00:00,3.309538,3.0425332,3.3021219,40,49,22,31,-0.56354165,0.10195313
89,2016-06-17 19:15:00+00:00,2.7799287,3.2114198,2.935997,40,49,31,40,-0.4166667,0.099999994
89,2016-06-17 19:15:00+00:00,2.2643275,2.4486232,2.5169318,40,49,40,49,-0.26666665,0.099999994
89,2016-06-17 19:15:00+00:00,2.1739447,1.9214841,2.3081641,40,49,49,58,-0.11666667,0.099999994
89,2016-06-17 19:15:00+00:00,2.2053778,2.1085155,2.3446903,40,49,58,67,0.033854168,0.10117187
89,2016-06-17 19:15:00+00:00,2.121668,2.3710082,2.4700258,40,49,67,76,0.1861979,0.1015625
89,2016-06-17 19:15:00+00:00,1.8707432,2.0501678,2.2370486,40,49,85,94,0.49036458,0.09414062
89,2016-06-17 19:15:00+00:00,1.8006365,1.7402809,1.9032108,40,49,94,103,0.6333333,0.099999994
89,2016-06-17 19:15:00+00:00,1.703537,1.7350117,1.7682143,40,49,103,112,0.78333336,0.099999994
89,2016-06-17 19:15:00+00:00,1.7017452,1.7523369,1.7625148,40,49,112,121,0.93333334,0.099999994
89,2016-06-17 19:15:00+00:00,2.5831823,2.93718,3.0077972,49,58,13,22,-0.7153646,0.3234375
89,2016-06-17 19:15:00+00:00,2.1811452,2.700695,2.7395873,49,58,22,31,-0.56666666,0.325
89,2016-06-17 19:15:00+00:00,2.0954523,2.7648878,2.365392,49,58,31,40,-0.4166667,0.325
89,2016-06-17 19:15:00+00:00,1.9898164,2.15223,2.1284585,49,58,40,49,-0.26666665,0.325
89,2016-06-17 19:15:00+00:00,1.9857368,1.7135082,1.9422239,49,58,49,58,-0.11666667,0.325
89,2016-06-17 19:15:00+00:00,2.006682,1.9117423,2.0124497,49,58,58,67,0.033333335,0.325
89,2016-06-17 19:15:00+00:00,1.9631556,2.1854782,2.2205749,49,58,67,76,0.18333334,0.325
89,2016-06-17 19:15:00+00:00,2.006666,1.9195654,1.9555838,49,58,85,94,0.48776042,0.33164063
89,2016-06-17 19:15:00+00:00,1.8363997,1.5540622,1.7436397,49,58,94,103,0.6333333,0.325
89,2016-06-17 19:15:00+00:00,1.7065611,1.6306355,1.6814206,49,58,103,112,0.78333336,0.325
89,2016-06-17 19:15:00+00:00,1.6251664,1.641941,1.6378026,49,58,112,121,0.93333334,0.325
89,2016-06-17 19:15:00+00:00,2.28937,2.9437861,2.5616665,58,67,22,31,-0.5604167,0.540625
89,2016-06-17 19:15:00+00:00,1.963832,2.9328072,2.2437754,58,67,31,40,-0.4166667,0.55
89,2016-06-17 19:15:00+00:00,1.8086201,2.3166957,2.0412185,58,67,40,49,-0.26666665,0.55
89,2016-06-17 19:15:00+00:00,1.7998161,2.0192282,1.9057003,58,67,49,58,-0.118229166,0.5449219
89,2016-06-17 19:15:00+00:00,1.8870425,2.1114132,1.9500353,58,67,58,67,0.033854168,0.5476563
89,2016-06-17 19:15:00+00:00,1.8543742,2.227507,2.0749376,58,67,67,76,0.18333334,0.55
89,2016-06-17 19:15:00+00:00,1.8410705,2.7489338,2.0936258,58,67,76,85,0.3333333,0.55
89,2016-06-17 19:15:00+00:00,1.908605,2.1805878,1.9612828,58,67,85,94,0.48333335,0.55
89,2016-06-17 19:15:00+00:00,1.8615936,1.84841,1.7894993,58,67,94,103,0.6341146,0.5421875
89,2016-06-17 19:15:00+00:00,1.6450049,1.842816,1.7274253,58,67,103,112,0.78333336,0.55
89,2016-06-17 19:15:00+00:00,1.5887375,1.8585151,1.6955974,58,67,112,121,0.93333334,0.55
89,2016-06-17 19:15:00+00:00,2.4671228,2.6992118,2.199219,67,76,31,40,-0.42083335,0.76953125
89,2016-06-17 19:15:00+00:00,1.8109134,1.6756545,1.6087943,67,76,103,112,0.78333336,0.775
89,2016-06-17 19:15:00+00:00,1.5598086,1.6461179,1.5667734,67,76,112,121,0.93333334,0.775
89,2016-06-17 19:15:00+00:00,1.6276658,1.4792606,1.532985,76,81,112,121,0.93484855,0.94943184
90,2016-06-19 19:00:00+00:00,1.7783697,1.3499051,1.4729466,13,22,94,103,0.6348958,-0.5726563
90,2016-06-19 19:00:00+00:00,1.759152,1.4613647,1.5235822,13,22,103,112,0.7833333,-0.57109374
90,2016-06-19 19:00:00+00:00,1.5309063,1.4832186,1.5441049,22,31,94,103,0.6333333,-0.35000002
90,2016-06-19 19:00:00+00:00,1.6058315,1.5643072,1.555791,22,31,103,112,0.78333336,-0.35000002
90,2016-06-19 19:00:00+00:00,1.5283594,1.6497235,1.5821564,22,31,112,121,0.92890626,-0.3386719
90,2016-06-19 19:00:00+00:00,1.9386101,1.45291,1.8347102,31,40,58,67,0.025781251,-0.12734374
90,2016-06-19 19:00:00+00:00,1.5840523,1.3624939,1.6730024,31,40,85,94,0.48333335,-0.125
90,2016-06-19 19:00:00+00:00,1.4921012,1.2204226,1.4729152,31,40,94,103,0.6333333,-0.125
90,2016-06-19 19:00:00+00:00,1.4939438,1.3182878,1.4777424,31,40,103,112,0.78333336,-0.125
90,2016-06-19 19:00:00+00:00,1.4733223,1.3411193,1.5058557,31,40,112,121,0.93333334,-0.125
90,2016-06-19 19:00:00+00:00,1.682781,1.7248403,1.7986516,40,49,58,67,0.032552086,0.10078125
90,2016-06-19 19:00:00+00:00,1.8009194,1.8302691,1.8748741,40,49,67,76,0.1875,0.10585937
90,2016-06-19 19:00:00+00:00,1.647283,1.6882836,1.7026249,40,49,85,94,0.48802084,0.090625
90,2016-06-19 19:00:00+00:00,1.4720105,1.4528388,1.4910382,40,49,94,103,0.6333333,0.099999994
90,2016-06-19 19:00:00+00:00,1.4258386,1.5014204,1.4669331,40,49,103,112,0.78333336,0.099999994
90,2016-06-19 19:00:00+00:00,1.3985792,1.5316391,1.4984192,40,49,112,121,0.93333334,0.099999994
90,2016-06-19 19:00:00+00:00,2.2310135,2.2511387,2.3247874,49,58,13,22,-0.71666664,0.325
90,2016-06-19 19:00:00+00:00,1.8489957,2.055994,2.0996916,49,58,22,31,-0.56666666,0.325
90,2016-06-19 19:00:00+00:00,1.7017585,1.9902087,1.834929,49,58,31,40,-0.4166667,0.325
90,2016-06-19 19:00:00+00:00,1.6541352,1.7244552,1.7395229,49,58,40,49,-0.26666665,0.325
90,2016-06-19 19:00:00+00:00,1.6517497,1.461207,1.5996996,49,58,49,58,-0.11666667,0.325
90,2016-06-19 19:00:00+00:00,1.6552387,1.5949839,1.6601477,49,58,58,67,0.033333335,0.325
90,2016-06-19 19:00:00+00:00,1.6815615,1.7698827,1.8027359,49,58,67,76,0.18333334,0.325
90,2016-06-19 19:00:00+00:00,1.5561306,1.2767093,1.4274153,49,58,94,103,0.6333333,0.325
90,2016-06-19 19:00:00+00:00,1.4443662,1.384079,1.4385728,49,58,103,112,0.78333336,0.325
90,2016-06-19 19:00:00+00:00,1.3882802,1.4208628,1.4402285,49,58,112,121,0.93333334,0.325
90,2016-06-19 19:00:00+00:00,2.0932274,2.3424408,2.0401719,58,67,22,31,-0.5598958,0.5417969
90,2016-06-19 19:00:00+00:00,1.8156943,2.236428,1.8170518,58,67,31,40,-0.4166667,0.55
90,2016-06-19 19:00:00+00:00,1.7389538,1.9103199,1.7216913,58,67,40,49,-0.26666665,0.55
90,2016-06-19 19:00:00+00:00,1.7537223,1.6963426,1.6361376,58,67,49,58,-0.11666667,0.55
90,2016-06-19 19:00:00+00:00,1.7056184,1.7643119,1.6622932,58,67,58,67,0.033333335,0.55
90,2016-06-19 19:00:00+00:00,1.6718982,1.8663024,1.7536144,58,67,67,76,0.18333334,0.55
90,2016-06-19 19:00:00+00:00,1.6320752,2.1229355,1.7191775,58,67,76,85,0.3333333,0.55
90,2016-06-19 19:00:00+00:00,1.5710713,1.7620317,1.6416601,58,67,85,94,0.48333335,0.55
90,2016-06-19 19:00:00+00:00,1.6055412,1.5855922,1.5289973,58,67,94,103,0.6333333,0.5410156
90,2016-06-19 19:00:00+00:00,1.3884724,1.5969473,1.519983,58,67,103,112,0.78333336,0.55
90,2016-06-19 19:00:00+00:00,1.3519161,1.6303256,1.5204848,58,67,112,121,0.93333334,0.55
90,2016-06-19 19:00:00+00:00,2.0632079,2.0210676,1.7109585,67,76,31,40,-0.4166667,0.7714844
90,2016-06-19 19:00:00+00:00,1.4096322,1.45639,1.3991624,67,76,103,112,0.7838542,0.7726562
90,2016-06-19 19:00:00+00:00,1.3755677,1.4597912,1.390394,67,76,112,121,0.93333334,0.775
90,2016-06-19 19:00:00+00:00,1.3650808,1.3503785,1.3700109,76,81,112,121,0.93333334,0.95
91,2016-06-21 18:50:00+00:00,2.2936127,1.8072621,1.9358059,13,22,94,103,0.6333333,-0.575
91,2016-06-21 18:50:00+00:00,2.3642533,1.9133061,1.9654243,13,22,103,112,0.78307295,-0.5738281
91,2016-06-21 18:50:00+00:00,2.1159532,2.1462705,2.0856628,22,31,85,94,0.48333335,-0.35000002
91,2016-06-21 18:50:00+00:00,1.9988482,1.8209707,1.9370528,22,31,94,103,0.6333333,-0.35000002
91,2016-06-21 18:50:00+00:00,2.0590217,1.8976074,1.9433559,22,31,103,112,0.78333336,-0.35000002
91,2016-06-21 18:50:00+00:00,2.0736659,1.9120255,1.9207363,22,31,112,121,0.93333334,-0.35000002
91,2016-06-21 18:50:00+00:00,2.582175,2.0569797,2.2782865,31,40,40,49,-0.26354167,-0.123046875
91,2016-06-21 18:50:00+00:00,2.3394728,1.6340592,2.1024718,31,40,49,58,-0.11666667,-0.125
91,2016-06-21 18:50:00+00:00,2.4048529,1.7645988,2.1334608,31,40,58,67,0.028125,-0.12656249
91,2016-06-21 18:50:00+00:00,2.5122025,2.0046065,2.2677515,31,40,67,76,0.19322917,-0.13125
91,2016-06-21 18:50:00+00:00,2.021718,1.8155625,2.0417714,31,40,85,94,0.48333335,-0.125
91,2016-06-21 18:50:00+00:00,1.8819188,1.6387063,1.9263277,31,40,94,103,0.6333333,-0.125
91,2016-06-21 18:50:00+00:00,1.8949733,1.6976304,1.9109708,31,40,103,112,0.78333336,-0.125
91,2016-06-21 18:50:00+00:00,1.9442587,1.711094,1.8660718,31,40,112,121,0.93333334,-0.125
91,2016-06-21 18:50:00+00:00,1.9229361,2.6683912,2.4211173,40,49,31,40,-0.4166667,0.099999994
91,2016-06-21 18:50:00+00:00,1.9541531,2.2463977,2.1844916,40,49,40,49,-0.26666665,0.099999994
91,2016-06-21 18:50:00+00:00,1.9906096,1.8005779,2.0352294,40,49,49,58,-0.11666667,0.099999994
91,2016-06-21 18:50:00+00:00,2.040753,1.8808545,2.0455453,40,49,58,67,0.032552086,0.10078125
91,2016-06-21 18:50:00+00:00,2.0381343,2.0774577,2.2146096,40,49,67,76,0.19010417,0.10859375
91,2016-06-21 18:50:00+00:00,2.3340757,2.0961583,2.0707014,40,49,85,94,0.4888021,0.091796875
91,2016-06-21 18:50:00+00:00,1.9123033,1.8557056,1.9568332,40,49,94,103,0.6333333,0.099999994
91,2016-06-21 18:50:00+00:00,1.8714817,1.8655351,1.9105008,40,49,103,112,0.78333336,0.099999994
91,2016-06-21 18:50:00+00:00,1.8429661,1.8484131,1.8478047,40,49,112,121,0.93333334,0.099999994
91,2016-06-21 18:50:00+00:00,1.7053373,2.4550047,2.1470375,49,58,31,40,-0.4166667,0.32382813
91,2016-06-21 18:50:00+00:00,1.779725,2.1339545,1.993112,49,58,40,49,-0.26666665,0.325
91,2016-06-21 18:50:00+00:00,1.850663,1.7220433,1.8606339,49,58,49,58,-0.11666667,0.325
91,2016-06-21 18:50:00+00:00,1.9199667,1.8278861,1.9007721,49,58,58,67,0.033333335,0.325
91,2016-06-21 18:50:00+00:00,1.9687059,2.1104157,2.1028113,49,58,67,76,0.18333334,0.325
91,2016-06-21 18:50:00+00:00,2.366583,2.029192,1.9545374,49,58,85,94,0.4903646,0.33203125
91,2016-06-21 18:50:00+00:00,1.9668707,1.7945355,1.9195703,49,58,94,103,0.6333333,0.325
91,2016-06-21 18:50:00+00:00,1.9363866,1.8755776,1.915135,49,58,103,112,0.78333336,0.325
91,2016-06-21 18:50:00+00:00,1.7916358,1.8511443,1.8134028,49,58,112,121,0.93333334,0.325
91,2016-06-21 18:50:00+00:00,1.8131036,2.605221,2.051784,58,67,31,40,-0.41041666,0.54726565
91,2016-06-21 18:50:00+00:00,1.8462679,2.1806521,1.9063255,58,67,40,49,-0.26666665,0.55
91,2016-06-21 18:50:00+00:00,1.7983817,1.8393031,1.8264922,58,67,49,58,-0.11666667,0.55
91,2016-06-21 18:50:00+00:00,1.8279158,1.8860049,1.8306944,58,67,58,67,0.033333335,0.55
91,2016-06-21 18:50:00+00:00,1.8877102,2.047999,1.9703182,58,67,67,76,0.18333334,0.55
91,2016-06-21 18:50:00+00:00,1.9851937,2.5275402,2.054112,58,67,76,85,0.3333333,0.55
91,2016-06-21 18:50:00+00:00,1.918207,2.1918128,1.967582,58,67,85,94,0.48333335,0.55
91,2016-06-21 18:50:00+00:00,2.0118332,1.9285549,1.9342797,58,67,94,103,0.6315104,0.5402344
91,2016-06-21 18:50:00+00:00,1.9133148,1.9691409,1.9232876,58,67,103,112,0.78333336,0.55
91,2016-06-21 18:50:00+00:00,1.7281517,1.9448742,1.8320755,58,67,112,121,0.93333334,0.55
91,2016-06-21 18:50:00+00:00,2.0804656,1.8233247,1.9153695,67,76,85,94,0.47371796,0.7389424
91,2016-06-21 18:50:00+00:00,1.8523093,1.8151559,1.8464617,67,76,103,112,0.78333336,0.775
91,2016-06-21 18:50:00+00:00,1.7412028,1.7735238,1.7600486,67,76,112,121,0.93333334,0.775
91,2016-06-21 18:50:00+00:00,1.7890058,1.7244959,1.7489693,76,81,112,121,0.93333334,0.95
92,2016-06-24 17:40:00+00:00,2.130402,1.4850447,1.6690152,13,22,94,103,0.6359375,-0.57109374
92,2016-06-24 17:40:00+00:00,1.960588,1.6605576,1.7034554,13,22,103,112,0.7833333,-0.57421875
92,2016-06-24 17:40:00+00:00,1.9231898,1.6595007,1.6930104,13,22,112,121,0.93151045,-0.5605469
92,2016-06-24 17:40:00+00:00,1.7965243,1.9313759,1.8957739,22,31,85,94,0.48333335,-0.35000002
92,2016-06-24 17:40:00+00:00,1.6842797,1.608386,1.7005978,22,31,94,103,0.6333333,-0.35000002
92,2016-06-24 17:40:00+00:00,1.6882299,1.7114402,1.7166792,22,31,103,112,0.78333336,-0.35000002
92,2016-06-24 17:40:00+00:00,1.6950343,1.7427083,1.7321467,22,31,112,121,0.93333334,-0.35000002
92,2016-06-24 17:40:00+00:00,2.364128,1.8120583,2.0310373,31,40,40,49,-0.26510417,-0.12109375
92,2016-06-24 17:40:00+00:00,2.0810313,1.3786343,1.8492695,31,40,49,58,-0.11666667,-0.125
92,2016-06-24 17:40:00+00:00,2.1538813,1.5688967,1.9054322,31,40,58,67,0.027083334,-0.12578124
92,2016-06-24 17:40:00+00:00,2.1001737,1.6208736,1.9810226,31,40,67,76,0.18307292,-0.12539062
92,2016-06-24 17:40:00+00:00,1.8825017,1.8558903,1.8826386,31,40,76,85,0.334375,-0.115234375
92,2016-06-24 17:40:00+00:00,1.7156838,1.5758089,1.8119593,31,40,85,94,0.48333335,-0.125
92,2016-06-24 17:40:00+00:00,1.6217719,1.4006338,1.6505195,31,40,94,103,0.6333333,-0.125
92,2016-06-24 17:40:00+00:00,1.5897095,1.5008858,1.6558665,31,40,103,112,0.78333336,-0.125
92,2016-06-24 17:40:00+00:00,1.6032522,1.5109524,1.6511987,31,40,112,121,0.93333334,-0.125
92,2016-06-24 17:40:00+00:00,2.2536964,2.3021703,2.4666226,40,49,22,31,-0.56666666,0.099999994
92,2016-06-24 17:40:00+00:00,1.8113282,2.351337,2.1837382,40,49,31,40,-0.4166667,0.099999994
92,2016-06-24 17:40:00+00:00,1.7479852,2.0072148,1.9759504,40,49,40,49,-0.26666665,0.099999994
92,2016-06-24 17:40:00+00:00,1.7459869,1.6257583,1.8174281,40,49,49,58,-0.11666667,0.099999994
92,2016-06-24 17:40:00+00:00,1.9031649,1.7155854,1.8522129,40,49,58,67,0.025260417,0.103125
92,2016-06-24 17:40:00+00:00,1.8547293,1.9086608,1.9594042,40,49,67,76,0.18463542,0.10117187
92,2016-06-24 17:40:00+00:00,1.6460652,1.5812413,1.6634808,40,49,94,103,0.6333333,0.099999994
92,2016-06-24 17:40:00+00:00,1.5862805,1.6423863,1.6404204,40,49,103,112,0.78333336,0.099999994
92,2016-06-24 17:40:00+00:00,1.5445619,1.6421115,1.6316514,40,49,112,121,0.93333334,0.099999994
92,2016-06-24 17:40:00+00:00,2.2035055,2.3223784,2.3695352,49,58,13,22,-0.7151041,0.31640625
92,2016-06-24 17:40:00+00:00,1.70117,2.1013403,2.1307383,49,58,22,31,-0.56666666,0.325
92,2016-06-24 17:40:00+00:00,1.6568978,2.075962,1.8855035,49,58,31,40,-0.4166667,0.325
92,2016-06-24 17:40:00+00:00,1.6637452,1.8238956,1.7884388,49,58,40,49,-0.26666665,0.325
92,2016-06-24 17:40:00+00:00,1.597387,1.5099026,1.6478866,49,58,49,58,-0.11666667,0.325
92,2016-06-24 17:40:00+00:00,1.6625051,1.6505065,1.7035702,49,58,58,67,0.033333335,0.325
92,2016-06-24 17:40:00+00:00,1.6887501,1.8222733,1.8467367,49,58,67,76,0.18333334,0.325
92,2016-06-24 17:40:00+00:00,1.99627,1.6934197,1.6829522,49,58,85,94,0.48645836,0.32734373
92,2016-06-24 17:40:00+00:00,1.727306,1.4400802,1.5812865,49,58,94,103,0.6333333,0.325
92,2016-06-24 17:40:00+00:00,1.6460522,1.5682448,1.6002383,49,58,103,112,0.78333336,0.325
92,2016-06-24 17:40:00+00:00,1.5031842,1.5663172,1.5637643,49,58,112,121,0.93333334,0.325
92,2016-06-24 17:40:00+00:00,1.7960106,2.360934,2.0849042,58,67,22,31,-0.5627604,0.54257816
92,2016-06-24 17:40:00+00:00,1.7176089,2.3173177,1.8741648,58,67,31,40,-0.4166667,0.55
92,2016-06-24 17:40:00+00:00,1.7054926,1.9994909,1.7751477,58,67,40,49,-0.26666665,0.55
92,2016-06-24 17:40:00+00:00,1.6545361,1.7564573,1.6774358,58,67,49,58,-0.11979167,0.5457031
92,2016-06-24 17:40:00+00:00,1.6246246,1.8266313,1.7066407,58,67,58,67,0.035677083,0.54609376
92,2016-06-24 17:40:00+00:00,1.6427435,1.9103372,1.801471,58,67,67,76,0.18333334,0.55
92,2016-06-24 17:40:00+00:00,1.7019811,2.2298148,1.8042563,58,67,76,85,0.3333333,0.55
92,2016-06-24 17:40:00+00:00,1.7632036,1.9521301,1.7383158,58,67,85,94,0.4820313,0.5488281
92,2016-06-24 17:40:00+00:00,1.7851455,1.6778356,1.6526855,58,67,94,103,0.6333333,0.5464844
92,2016-06-24 17:40:00+00:00,1.5614535,1.7467811,1.6621277,58,67,103,112,0.78333336,0.55
92,2016-06-24 17:40:00+00:00,1.4732054,1.7448651,1.6275406,58,67,112,121,0.93333334,0.55
92,2016-06-24 17:40:00+00:00,1.7794892,2.1337159,1.7853671,67,76,31,40,-0.4190104,0.7722657
92,2016-06-24 17:40:00+00:00,1.6346291,1.6115083,1.5559373,67,76,103,112,0.78333336,0.775
92,2016-06-24 17:40:00+00:00,1.4491597,1.5806472,1.5198873,67,76,112,121,0.93333334,0.775
92,2016-06-24 17:40:00+00:00,1.4780954,1.4736682,1.5055317,76,81,112,121,0.93333334,0.95
93,2016-06-30 18:45:00+00:00,1.9392778,1.6333047,1.7635225,13,22,94,103,0.6333333,-0.575
93,2016-06-30 18:45:00+00:00,1.985688,1.7803048,1.8190572,13,22,103,112,0.78307295,-0.5738281
93,2016-06-30 18:45:00+00:00,1.865053,1.9769812,1.9274749,22,31,85,94,0.48333335,-0.35000002
93,2016-06-30 18:45:00+00:00,1.7912954,1.6921499,1.7819885,22,31,94,103,0.6333333,-0.35000002
93,2016-06-30 18:45:00+00:00,1.7567961,1.7933687,1.8086641,22,31,103,112,0.78333336,-0.35000002
93,2016-06-30 18:45:00+00:00,1.7848049,1.8091564,1.8042984,22,31,112,121,0.93333334,-0.35000002
93,2016-06-30 18:45:00+00:00,2.069546,1.9230791,2.117028,31,40,40,49,-0.26276043,-0.1203125
93,2016-06-30 18:45:00+00:00,2.1067364,1.5067567,1.954474,31,40,49,58,-0.11666667,-0.125
93,2016-06-30 18:45:00+00:00,2.2825465,1.6565747,1.993189,31,40,58,67,0.026041668,-0.12734374
93,2016-06-30 18:45:00+00:00,2.1712236,1.8053199,2.1068726,31,40,67,76,0.18984374,-0.13164063
93,2016-06-30 18:45:00+00:00,1.7243649,1.6623291,1.8661007,31,40,85,94,0.48333335,-0.125
93,2016-06-30 18:45:00+00:00,1.6489387,1.5233319,1.7623513,31,40,94,103,0.6333333,-0.125
93,2016-06-30 18:45:00+00:00,1.6601633,1.6112452,1.7719877,31,40,103,112,0.78333336,-0.125
93,2016-06-30 18:45:00+00:00,1.654542,1.606541,1.7412031,31,40,112,121,0.93333334,-0.125
93,2016-06-30 18:45:00+00:00,2.7274444,2.3511872,2.7457252,40,49,13,22,-0.71458334,0.111718744
93,2016-06-30 18:45:00+00:00,2.261654,2.378344,2.5180295,40,49,22,31,-0.56666666,0.099999994
93,2016-06-30 18:45:00+00:00,1.888122,2.477712,2.262238,40,49,31,40,-0.4166667,0.099999994
93,2016-06-30 18:45:00+00:00,1.8205303,2.1418426,2.0716975,40,49,40,49,-0.26666665,0.099999994
93,2016-06-30 18:45:00+00:00,1.7983677,1.7306685,1.9277405,40,49,49,58,-0.11666667,0.099999994
93,2016-06-30 18:45:00+00:00,1.9036165,1.831478,1.9497912,40,49,58,67,0.032552086,0.10078125
93,2016-06-30 18:45:00+00:00,1.9668128,1.9543501,2.0674284,40,49,67,76,0.18619794,0.107812494
93,2016-06-30 18:45:00+00:00,1.878209,1.9385258,1.9076227,40,49,85,94,0.4888021,0.091796875
93,2016-06-30 18:45:00+00:00,1.7306967,1.7289814,1.8050781,40,49,94,103,0.6333333,0.099999994
93,2016-06-30 18:45:00+00:00,1.6741515,1.7738266,1.7831342,40,49,103,112,0.78333336,0.099999994
93,2016-06-30 18:45:00+00:00,1.624494,1.7504319,1.7395492,40,49,112,121,0.93333334,0.099999994
93,2016-06-30 18:45:00+00:00,2.3498106,2.5295095,2.5598998,49,58,13,22,-0.71666664,0.325
93,2016-06-30 18:45:00+00:00,2.0180705,2.2648005,2.2660666,49,58,22,31,-0.56666666,0.325
93,2016-06-30 18:45:00+00:00,1.8730587,2.2903936,2.0276651,49,58,31,40,-0.4166667,0.325
93,2016-06-30 18:45:00+00:00,1.7732397,2.026086,1.9212593,49,58,40,49,-0.26666665,0.325
93,2016-06-30 18:45:00+00:00,1.7783188,1.6479882,1.7884455,49,58,49,58,-0.11666667,0.325
93,2016-06-30 18:45:00+00:00,1.8346711,1.7750453,1.8310947,49,58,58,67,0.032552086,0.32539064
93,2016-06-30 18:45:00+00:00,1.8097054,2.0210385,2.0180728,49,58,67,76,0.18333334,0.325
93,2016-06-30 18:45:00+00:00,1.9294636,1.8752894,1.821625,49,58,85,94,0.4903646,0.33203125
93,2016-06-30 18:45:00+00:00,1.8335798,1.6563503,1.782872,49,58,94,103,0.6333333,0.325
93,2016-06-30 18:45:00+00:00,1.8154064,1.7695718,1.7969735,49,58,103,112,0.78333336,0.325
93,2016-06-30 18:45:00+00:00,1.69345,1.7348689,1.7132286,49,58,112,121,0.93333334,0.325
93,2016-06-30 18:45:00+00:00,2.3674424,2.4237494,2.1928508,58,67,22,31,-0.5596354,0.5421875
93,2016-06-30 18:45:00+00:00,2.159287,2.411817,1.98585,58,67,31,40,-0.4166667,0.55
93,2016-06-30 18:45:00+00:00,1.788181,2.1117136,1.8751161,58,67,40,49,-0.26666665,0.55
93,2016-06-30 18:45:00+00:00,1.8261093,1.8108231,1.7919493,58,67,49,58,-0.11666667,0.55
93,2016-06-30 18:45:00+00:00,1.8541036,1.8728571,1.8046836,58,67,58,67,0.033333335,0.55
93,2016-06-30 18:45:00+00:00,1.7459884,2.010412,1.9312888,58,67,67,76,0.18333334,0.55
93,2016-06-30 18:45:00+00:00,1.7445885,2.383124,1.9697105,58,67,76,85,0.3333333,0.55
93,2016-06-30 18:45:00+00:00,1.8568953,2.0341427,1.8673993,58,67,85,94,0.48333335,0.55
93,2016-06-30 18:45:00+00:00,2.0420823,1.809999,1.8266541,58,67,94,103,0.6322917,0.5417969
93,2016-06-30 18:45:00+00:00,1.9187734,1.8722601,1.8300482,58,67,103,112,0.78333336,0.55
93,2016-06-30 18:45:00+00:00,1.8192377,1.8485724,1.7563435,58,67,112,121,0.93333334,0.55
93,2016-06-30 18:45:00+00:00,2.2215266,2.2637033,1.934118,67,76,31,40,-0.4166667,0.7714844
93,2016-06-30 18:45:00+00:00,1.9608171,1.717447,1.8030999,67,76,85,94,0.47371796,0.7389424
93,2016-06-30 18:45:00+00:00,1.783781,1.7279449,1.743025,67,76,103,112,0.78333336,0.775
93,2016-06-30 18:45:00+00:00,1.7640389,1.6801524,1.6679273,67,76,112,121,0.93333334,0.775
93,2016-06-30 18:45:00+00:00,1.8126122,1.6399627,1.6596677,76,81,112,121,0.93333334,0.95
94,2016-07-05 19:00:00+00:00,1.0109643,1.2038863,1.3298243,13,22,94,103,0.63177085,-0.5671875
94,2016-07-05 19:00:00+00:00,1.2820998,1.545101,1.4782743,22,31,85,94,0.48333335,-0.35000002
94,2016-07-05 19:00:00+00:00,1.2494262,1.3743511,1.3760958,22,31,94,103,0.6333333,-0.35000002
94,2016-07-05 19:00:00+00:00,1.2215502,1.5003058,1.4543463,22,31,103,112,0.78333336,-0.35000002
94,2016-07-05 19:00:00+00:00,1.1699867,1.5165594,1.4901358,22,31,112,121,0.93333334,-0.35000002
94,2016-07-05 19:00:00+00:00,1.4982754,1.1921922,1.5344006,31,40,67,76,0.19166666,-0.1296875
94,2016-07-05 19:00:00+00:00,1.2851186,1.1813025,1.3700396,31,40,85,94,0.48333335,-0.125
94,2016-07-05 19:00:00+00:00,1.2504958,1.1493183,1.311288,31,40,94,103,0.6333333,-0.125
94,2016-07-05 19:00:00+00:00,1.351565,1.3016701,1.3931183,31,40,103,112,0.78333336,-0.125
94,2016-07-05 19:00:00+00:00,1.3931098,1.2688885,1.4102654,31,40,112,121,0.93333334,-0.125
94,2016-07-05 19:00:00+00:00,1.5132782,1.6714337,1.6544925,40,49,31,40,-0.415625,0.10234375
94,2016-07-05 19:00:00+00:00,1.4724462,1.619703,1.5940129,40,49,40,49,-0.27109376,0.1078125
94,2016-07-05 19:00:00+00:00,1.4174051,1.3806665,1.4591024,40,49,49,58,-0.114843756,0.1015625
94,2016-07-05 19:00:00+00:00,1.5341203,1.51366,1.5238109,40,49,58,67,0.032552086,0.10078125
94,2016-07-05 19:00:00+00:00,1.5370188,1.5054278,1.5712076,40,49,67,76,0.18671875,0.10429688
94,2016-07-05 19:00:00+00:00,1.437389,1.4736638,1.4155169,40,49,85,94,0.48984373,0.08945312
94,2016-07-05 19:00:00+00:00,1.3197409,1.3304801,1.345984,40,49,94,103,0.6333333,0.099999994
94,2016-07-05 19:00:00+00:00,1.3674238,1.4485043,1.4038564,40,49,103,112,0.78333336,0.099999994
94,2016-07-05 19:00:00+00:00,1.4696505,1.4272938,1.4233685,40,49,112,121,0.93333334,0.099999994
94,2016-07-05 19:00:00+00:00,1.4856569,1.6091895,1.6932987,49,58,22,31,-0.5658854,0.32187498
94,2016-07-05 19:00:00+00:00,1.5274699,1.5790876,1.5621862,49,58,31,40,-0.4166667,0.325
94,2016-07-05 19:00:00+00:00,1.5899739,1.564618,1.5557171,49,58,40,49,-0.26666665,0.325
94,2016-07-05 19:00:00+00:00,1.5065225,1.3262239,1.4296017,49,58,49,58,-0.11666667,0.325
94,2016-07-05 19:00:00+00:00,1.5417377,1.4609823,1.4889815,49,58,58,67,0.033333335,0.325
94,2016-07-05 19:00:00+00:00,1.546609,1.5227436,1.5784976,49,58,67,76,0.18333334,0.325
94,2016-07-05 19:00:00+00:00,1.6312754,1.4229727,1.3869648,49,58,85,94,0.48671877,0.33242187
94,2016-07-05 19:00:00+00:00,1.4697487,1.2241507,1.3430817,49,58,94,103,0.6333333,0.325
94,2016-07-05 19:00:00+00:00,1.5311995,1.3926047,1.4217892,49,58,103,112,0.78333336,0.325
94,2016-07-05 19:00:00+00:00,1.4785265,1.3646278,1.4104272,49,58,112,121,0.93333334,0.325
94,2016-07-05 19:00:00+00:00,1.4141783,1.7680438,1.6043677,58,67,40,49,-0.26406252,0.5457031
94,2016-07-05 19:00:00+00:00,1.4110703,1.5605756,1.515127,58,67,49,58,-0.11666667,0.55
94,2016-07-05 19:00:00+00:00,1.53614,1.6286608,1.5454186,58,67,58,67,0.033333335,0.55
94,2016-07-05 19:00:00+00:00,1.5474178,1.6854659,1.6127133,58,67,67,76,0.18333334,0.55
94,2016-07-05 19:00:00+00:00,1.4955775,1.7604085,1.5392557,58,67,76,85,0.3333333,0.55
94,2016-07-05 19:00:00+00:00,1.5490273,1.5979749,1.501539,58,67,85,94,0.48333335,0.55
94,2016-07-05 19:00:00+00:00,1.7251232,1.5078219,1.4652823,58,67,94,103,0.63124996,0.54062504
94,2016-07-05 19:00:00+00:00,1.6358043,1.5721985,1.5156342,58,67,103,112,0.78333336,0.55
94,2016-07-05 19:00:00+00:00,1.510188,1.5580219,1.5009575,58,67,112,121,0.93333334,0.55
94,2016-07-05 19:00:00+00:00,1.6973677,1.3466183,1.4185326,67,76,85,94,0.47287583,0.73872554
94,2016-07-05 19:00:00+00:00,1.6911985,1.4668452,1.4062992,67,76,103,112,0.78333336,0.775
94,2016-07-05 19:00:00+00:00,1.6239555,1.4243703,1.3859202,67,76,112,121,0.93333334,0.775
94,2016-07-05 19:00:00+00:00,1.6361222,1.3507048,1.3799162,76,81,112,121,0.93333334,0.95
95,2016-07-12 19:05:00+00:00,1.3988512,1.6228447,1.6167339,22,31,103,112,0.78515625,-0.34921876
95,2016-07-12 19:05:00+00:00,1.5482359,1.6328543,1.6197538,22,31,112,121,0.93359375,-0.3484375
95,2016-07-12 19:05:00+00:00,1.422814,1.6021928,1.6527283,31,40,85,94,0.4796875,-0.114062496
95,2016-07-12 19:05:00+00:00,1.4241681,1.4816314,1.58606,31,40,103,112,0.78333336,-0.125
95,2016-07-12 19:05:00+00:00,1.5861378,1.4841857,1.5746071,31,40,112,121,0.93333334,-0.125
95,2016-07-12 19:05:00+00:00,1.4202768,1.7392637,1.7472756,40,49,40,49,-0.2658854,0.11054687
95,2016-07-12 19:05:00+00:00,1.4657038,1.5397724,1.6518528,40,49,49,58,-0.114843756,0.1015625
95,2016-07-12 19:05:00+00:00,1.6017132,1.5916036,1.6739632,40,49,58,67,0.03046875,0.103125
95,2016-07-12 19:05:00+00:00,1.7542061,1.7843214,1.7884146,40,49,67,76,0.1875,0.10195312
95,2016-07-12 19:05:00+00:00,1.8285083,1.6854587,1.6708946,40,49,85,94,0.49296874,0.09257813
95,2016-07-12 19:05:00+00:00,1.5590808,1.5843397,1.6095448,40,49,94,103,0.6333333,0.099999994
95,2016-07-12 19:05:00+00:00,1.5663706,1.6027621,1.5923041,40,49,103,112,0.78333336,0.099999994
95,2016-07-12 19:05:00+00:00,1.6141651,1.5917912,1.5735042,40,49,112,121,0.93333334,0.099999994
95,2016-07-12 19:05:00+00:00,1.6289616,1.9137325,1.8879112,49,58,22,31,-0.5611979,0.3296875
95,2016-07-12 19:05:00+00:00,1.5483359,1.8335302,1.7406526,49,58,31,40,-0.41822916,0.32304686
95,2016-07-12 19:05:00+00:00,1.4902687,1.6923863,1.667644,49,58,40,49,-0.2653646,0.3203125
95,2016-07-12 19:05:00+00:00,1.5064837,1.4833335,1.5624247,49,58,49,58,-0.11666667,0.325
95,2016-07-12 19:05:00+00:00,1.5524061,1.5614665,1.6045289,49,58,58,67,0.033333335,0.325
95,2016-07-12 19:05:00+00:00,1.6343347,1.7336022,1.7422466,49,58,67,76,0.18333334,0.325
95,2016-07-12 19:05:00+00:00,1.8318876,1.628831,1.6046888,49,58,85,94,0.4903646,0.33203125
95,2016-07-12 19:05:00+00:00,1.6239359,1.469745,1.572273,49,58,94,103,0.6333333,0.325
95,2016-07-12 19:05:00+00:00,1.5750757,1.553112,1.5864027,49,58,103,112,0.78333336,0.325
95,2016-07-12 19:05:00+00:00,1.6209155,1.5473278,1.5452121,49,58,112,121,0.93333334,0.325
95,2016-07-12 19:05:00+00:00,2.1127324,2.0198832,1.8545523,58,67,22,31,-0.5648438,0.5457031
95,2016-07-12 19:05:00+00:00,1.8189969,1.9659748,1.7159913,58,67,31,40,-0.41875,0.55390626
95,2016-07-12 19:05:00+00:00,1.6069425,1.577488,1.5607535,58,67,49,58,-0.114843756,0.5515625
95,2016-07-12 19:05:00+00:00,1.6371185,1.618986,1.5741338,58,67,58,67,0.033333335,0.55
95,2016-07-12 19:05:00+00:00,1.595573,1.7362304,1.6776166,58,67,67,76,0.18333334,0.55
95,2016-07-12 19:05:00+00:00,1.5900054,1.9866524,1.7035326,58,67,76,85,0.3333333,0.55
95,2016-07-12 19:05:00+00:00,1.6130965,1.7772031,1.653567,58,67,85,94,0.48333335,0.55
95,2016-07-12 19:05:00+00:00,1.7651063,1.645402,1.6282734,58,67,94,103,0.6322917,0.53945315
95,2016-07-12 19:05:00+00:00,1.6784502,1.6736898,1.6300966,58,67,103,112,0.78333336,0.55
95,2016-07-12 19:05:00+00:00,1.6343018,1.6641815,1.5870354,58,67,112,121,0.93333334,0.55
95,2016-07-12 19:05:00+00:00,2.1484745,1.8859204,1.668968,67,76,31,40,-0.4192708,0.7726562
95,2016-07-12 19:05:00+00:00,1.7164589,1.5673624,1.5505272,67,76,103,112,0.78333336,0.775
95,2016-07-12 19:05:00+00:00,1.6519852,1.5411831,1.5147023,67,76,112,121,0.93333334,0.775
95,2016-07-12 19:05:00+00:00,1.7119381,1.5084295,1.5165145,76,81,112,121,0.93333334,0.95
96,2016-08-01 18:45:00+00:00,2.4061959,1.7640399,2.0051017,13,22,85,94,0.49140626,-0.5582031
96,2016-08-01 18:45:00+00:00,2.0238047,1.5692233,1.7135768,13,22,94,103,0.6333333,-0.575
96,2016-08-01 18:45:00+00:00,2.068375,1.637891,1.6818416,13,22,103,112,0.78307295,-0.5738281
96,2016-08-01 18:45:00+00:00,2.03755,2.0006108,2.081015,22,31,85,94,0.48333335,-0.35000002
96,2016-08-01 18:45:00+00:00,1.7348745,1.6478167,1.758978,22,31,94,103,0.6333333,-0.35000002
96,2016-08-01 18:45:00+00:00,1.7250216,1.6802522,1.6933906,22,31,103,112,0.78333336,-0.35000002
96,2016-08-01 18:45:00+00:00,1.7111267,1.7276015,1.7249898,22,31,112,121,0.93333334,-0.35000002
96,2016-08-01 18:45:00+00:00,2.8655045,2.0787058,2.4398324,31,40,40,49,-0.26276043,-0.1203125
96,2016-08-01 18:45:00+00:00,2.5532873,1.6291624,2.2497141,31,40,49,58,-0.11666667,-0.125
96,2016-08-01 18:45:00+00:00,2.4649034,1.878578,2.2996502,31,40,58,67,0.026302086,-0.12578124
96,2016-08-01 18:45:00+00:00,2.0563931,1.6364137,2.0507524,31,40,85,94,0.48333335,-0.125
96,2016-08-01 18:45:00+00:00,1.7222644,1.4190484,1.7459296,31,40,94,103,0.6333333,-0.125
96,2016-08-01 18:45:00+00:00,1.6979786,1.4410206,1.6428084,31,40,103,112,0.78333336,-0.125
96,2016-08-01 18:45:00+00:00,1.6622033,1.4467561,1.6388049,31,40,112,121,0.93333334,-0.125
96,2016-08-01 18:45:00+00:00,3.8374243,2.849299,3.3142188,40,49,13,22,-0.71458334,0.11289062
96,2016-08-01 18:45:00+00:00,3.368552,2.998164,3.1841905,40,49,22,31,-0.56666666,0.099999994
96,2016-08-01 18:45:00+00:00,3.0213947,3.1832407,2.8072207,40,49,31,40,-0.4166667,0.099999994
96,2016-08-01 18:45:00+00:00,2.6871881,2.4021528,2.4155924,40,49,40,49,-0.26666665,0.099999994
96,2016-08-01 18:45:00+00:00,2.5149426,1.9514388,2.2349167,40,49,49,58,-0.11666667,0.099999994
96,2016-08-01 18:45:00+00:00,2.332034,2.1009467,2.2741659,40,49,58,67,0.03046875,0.10195312
96,2016-08-01 18:45:00+00:00,2.230149,2.4141874,2.4522092,40,49,67,76,0.18776041,0.1046875
96,2016-08-01 18:45:00+00:00,2.1764135,2.0057821,2.121524,40,49,85,94,0.49114585,0.091796875
96,2016-08-01 18:45:00+00:00,1.8278421,1.7477007,1.8328207,40,49,94,103,0.6333333,0.099999994
96,2016-08-01 18:45:00+00:00,1.8418174,1.6934621,1.6804343,40,49,103,112,0.78333336,0.099999994
96,2016-08-01 18:45:00+00:00,1.8032968,1.7016186,1.6687568,40,49,112,121,0.93333334,0.099999994
96,2016-08-01 18:45:00+00:00,2.8294687,2.891977,2.9772422,49,58,13,22,-0.71666664,0.325
96,2016-08-01 18:45:00+00:00,2.1593623,2.6569457,2.685665,49,58,22,31,-0.56666666,0.325
96,2016-08-01 18:45:00+00:00,2.1336432,2.7398887,2.3503985,49,58,31,40,-0.4166667,0.325
96,2016-08-01 18:45:00+00:00,2.1886575,2.1226144,2.1054335,49,58,40,49,-0.26666665,0.325
96,2016-08-01 18:45:00+00:00,2.2564437,1.751445,1.9467988,49,58,49,58,-0.11666667,0.325
96,2016-08-01 18:45:00+00:00,2.1957915,1.9216963,2.0280898,49,58,58,67,0.033333335,0.325
96,2016-08-01 18:45:00+00:00,2.1010346,2.2469728,2.2636757,49,58,67,76,0.18333334,0.325
96,2016-08-01 18:45:00+00:00,2.2004,1.9656888,1.957258,49,58,85,94,0.48489588,0.33242187
96,2016-08-01 18:45:00+00:00,1.9122429,1.5677555,1.7492958,49,58,94,103,0.6333333,0.325
96,2016-08-01 18:45:00+00:00,1.9537902,1.5933509,1.6552353,49,58,103,112,0.78333336,0.325
96,2016-08-01 18:45:00+00:00,1.7996086,1.5998615,1.6003618,49,58,112,121,0.93333334,0.325
96,2016-08-01 18:45:00+00:00,1.9598433,2.6613357,2.4349794,58,67,22,31,-0.5638021,0.5445312
96,2016-08-01 18:45:00+00:00,1.8150417,2.7195075,2.1699793,58,67,31,40,-0.4166667,0.55
96,2016-08-01 18:45:00+00:00,1.8159969,2.1411297,1.9560851,58,67,40,49,-0.26666665,0.55
96,2016-08-01 18:45:00+00:00,1.8619107,1.8793508,1.8685409,58,67,49,58,-0.11666667,0.55
96,2016-08-01 18:45:00+00:00,1.8680384,1.9515237,1.8998688,58,67,58,67,0.033333335,0.55
96,2016-08-01 18:45:00+00:00,1.8881503,2.116098,2.0475693,58,67,67,76,0.18333334,0.55
96,2016-08-01 18:45:00+00:00,1.7306186,2.6192338,2.096751,58,67,76,85,0.3333333,0.55
96,2016-08-01 18:45:00+00:00,1.7355597,2.0147831,1.9265487,58,67,85,94,0.48333335,0.55
96,2016-08-01 18:45:00+00:00,1.9036614,1.767851,1.7803379,58,67,94,103,0.63411456,0.5402344
96,2016-08-01 18:45:00+00:00,1.7694533,1.7320129,1.6871833,58,67,103,112,0.78333336,0.55
96,2016-08-01 18:45:00+00:00,1.7430385,1.7455267,1.6474922,58,67,112,121,0.93333334,0.55
96,2016-08-01 18:45:00+00:00,1.5347892,2.5973854,2.113138,67,76,31,40,-0.4169271,0.7699219
96,2016-08-01 18:45:00+00:00,1.4400337,1.559896,1.5484419,67,76,103,112,0.7838542,0.7714844
96,2016-08-01 18:45:00+00:00,1.462103,1.5466163,1.5030901,67,76,112,121,0.93333334,0.775
96,2016-08-01 18:45:00+00:00,1.3646687,1.497298,1.511718,76,81,112,121,0.9361111,0.9488095
97,2016-08-07 18:05:00+00:00,2.4089828,1.7312489,1.9464414,13,22,85,94,0.49088544,-0.5625
97,2016-08-07 18:05:00+00:00,1.9631162,1.5727974,1.7051624,13,22,94,103,0.6333333,-0.575
97,2016-08-07 18:05:00+00:00,2.0138407,1.6671082,1.7045716,13,22,103,112,0.78307295,-0.5738281
97,2016-08-07 18:05:00+00:00,1.8384348,1.9883413,2.023137,22,31,85,94,0.48333335,-0.35000002
97,2016-08-07 18:05:00+00:00,1.6820405,1.6559798,1.746289,22,31,94,103,0.6333333,-0.35000002
97,2016-08-07 18:05:00+00:00,1.6071829,1.6661688,1.7172531,22,31,103,112,0.7809896,-0.35664064
97,2016-08-07 18:05:00+00:00,1.7244503,1.715405,1.7523539,22,31,112,121,0.9320313,-0.3589844
97,2016-08-07 18:05:00+00:00,2.5191154,2.0432067,2.3349776,31,40,40,49,-0.26510417,-0.12109375
97,2016-08-07 18:05:00+00:00,2.3102,1.5675844,2.1605785,31,40,49,58,-0.11770834,-0.12578125
97,2016-08-07 18:05:00+00:00,1.6788075,1.471224,1.658629,31,40,112,121,0.92994785,-0.13007812
97,2016-08-07 18:05:00+00:00,3.8561857,2.6768906,3.1445928,40,49,13,22,-0.7153646,0.11210937
97,2016-08-07 18:05:00+00:00,2.943558,2.7798033,2.9534066,40,49,22,31,-0.56666666,0.099999994
97,2016-08-07 18:05:00+00:00,2.6095304,2.8354573,2.548002,40,49,31,40,-0.41328126,0.1046875
97,2016-08-07 18:05:00+00:00,2.4650064,2.2828352,2.3164275,40,49,40,49,-0.26692706,0.10117187
97,2016-08-07 18:05:00+00:00,2.2868183,1.8635263,2.1271818,40,49,49,58,-0.11536458,0.10117187
97,2016-08-07 18:05:00+00:00,2.1525605,1.91995,2.1411839,40,49,58,67,0.0265625,0.107812494
97,2016-08-07 18:05:00+00:00,2.023193,2.2431636,2.2743833,40,49,67,76,0.18854168,0.10546875
97,2016-08-07 18:05:00+00:00,1.9692245,1.8823138,2.0027664,40,49,85,94,0.49062496,0.097265616
97,2016-08-07 18:05:00+00:00,1.7746435,1.6075194,1.6688948,40,49,103,112,0.7869792,0.10703125
97,2016-08-07 18:05:00+00:00,1.8138297,1.6918957,1.6658363,40,49,112,121,0.93333334,0.099999994
97,2016-08-07 18:05:00+00:00,3.1134062,2.8132071,2.8501253,49,58,13,22,-0.7132813,0.32578123
97,2016-08-07 18:05:00+00:00,2.051208,2.5511532,2.5484884,49,58,22,31,-0.56666666,0.325
97,2016-08-07 18:05:00+00:00,2.0302238,2.5961459,2.2359688,49,58,31,40,-0.4166667,0.325
97,2016-08-07 18:05:00+00:00,2.0422688,2.0840702,2.0449693,49,58,40,49,-0.26666665,0.325
97,2016-08-07 18:05:00+00:00,2.007692,1.7216586,1.8970958,49,58,49,58,-0.11666667,0.325
97,2016-08-07 18:05:00+00:00,2.0178452,1.8840107,1.9609678,49,58,58,67,0.033333335,0.325
97,2016-08-07 18:05:00+00:00,1.9820443,2.1793158,2.1744595,49,58,67,76,0.18333334,0.325
97,2016-08-07 18:05:00+00:00,2.060563,2.489288,2.180108,49,58,76,85,0.32291666,0.34140623
97,2016-08-07 18:05:00+00:00,2.0555887,1.8283205,1.8770874,49,58,85,94,0.48880208,0.32890624
97,2016-08-07 18:05:00+00:00,1.8289629,1.5654585,1.7191544,49,58,94,103,0.6333333,0.325
97,2016-08-07 18:05:00+00:00,1.7608132,1.6229426,1.6640575,49,58,103,112,0.78333336,0.325
97,2016-08-07 18:05:00+00:00,1.6379627,1.6214519,1.6110305,49,58,112,121,0.93333334,0.325
97,2016-08-07 18:05:00+00:00,1.879467,2.6504178,2.3815696,58,67,22,31,-0.5596354,0.5414063
97,2016-08-07 18:05:00+00:00,1.716394,2.637294,2.1234553,58,67,31,40,-0.4166667,0.55
97,2016-08-07 18:05:00+00:00,1.8596748,2.1477458,1.9512233,58,67,40,49,-0.26666665,0.55
97,2016-08-07 18:05:00+00:00,1.7206419,1.8905047,1.8642442,58,67,49,58,-0.11666667,0.55
97,2016-08-07 18:05:00+00:00,1.7223123,1.9838841,1.888238,58,67,58,67,0.032812502,0.5421875
97,2016-08-07 18:05:00+00:00,1.7516712,2.5739968,2.0704575,58,67,76,85,0.33359373,0.5488281
97,2016-08-07 18:05:00+00:00,1.8632864,2.00553,1.8960533,58,67,85,94,0.48333335,0.55
97,2016-08-07 18:05:00+00:00,1.7231472,1.7606982,1.7070879,58,67,103,112,0.78333336,0.55
97,2016-08-07 18:05:00+00:00,1.6060864,1.7701354,1.6667376,58,67,112,121,0.93333334,0.55
97,2016-08-07 18:05:00+00:00,1.831522,1.6045046,1.5811058,67,76,103,112,0.78333336,0.775
97,2016-08-07 18:05:00+00:00,1.7022969,1.5710917,1.5337973,67,76,112,121,0.93333334,0.775
97,2016-08-07 18:05:00+00:00,1.9325454,1.511217,1.5268773,76,81,112,121,0.93333334,0.95
98,2016-08-10 18:35:00+00:00,1.5204471,1.3921415,1.486787,13,22,94,103,0.634375,-0.5726563
98,2016-08-10 18:35:00+00:00,1.2954472,1.4753941,1.5210658,13,22,103,112,0.78125,-0.5683594
98,2016-08-10 18:35:00+00:00,1.6095989,1.7377639,1.7646416,22,31,85,94,0.48515627,-0.34960938
98,2016-08-10 18:35:00+00:00,1.4352219,1.5016272,1.521101,22,31,94,103,0.6333333,-0.35000002
98,2016-08-10 18:35:00+00:00,1.2798939,1.568309,1.5217557,22,31,103,112,0.78333336,-0.35000002
98,2016-08-10 18:35:00+00:00,1.3263478,1.59692,1.5482768,22,31,112,121,0.93333334,-0.35000002
98,2016-08-10 18:35:00+00:00,1.7605205,1.3062139,1.6848335,31,40,85,94,0.48333335,-0.125
98,2016-08-10 18:35:00+00:00,1.5628287,1.2160552,1.4892733,31,40,94,103,0.6333333,-0.125
98,2016-08-10 18:35:00+00:00,1.4463645,1.2892348,1.4648873,31,40,103,112,0.78333336,-0.125
98,2016-08-10 18:35:00+00:00,1.4487096,1.2470268,1.4487786,31,40,112,121,0.93333334,-0.125
98,2016-08-10 18:35:00+00:00,2.6115139,2.578266,2.6687374,40,49,22,31,-0.56666666,0.099999994
98,2016-08-10 18:35:00+00:00,2.371828,2.7028055,2.3862453,40,49,31,40,-0.4166667,0.099999994
98,2016-08-10 18:35:00+00:00,2.3085191,2.2150414,2.1457813,40,49,40,49,-0.26666665,0.099999994
98,2016-08-10 18:35:00+00:00,2.1966312,1.7885323,1.9591169,40,49,49,58,-0.11666667,0.099999994
98,2016-08-10 18:35:00+00:00,1.9842985,1.931275,2.0122733,40,49,58,67,0.032552086,0.10078125
98,2016-08-10 18:35:00+00:00,2.01391,2.1978965,2.1708612,40,49,67,76,0.18645833,0.102343746
98,2016-08-10 18:35:00+00:00,1.994547,1.7544205,1.7823985,40,49,85,94,0.49296874,0.09257813
98,2016-08-10 18:35:00+00:00,1.7225317,1.5832539,1.6172403,40,49,94,103,0.6333333,0.099999994
98,2016-08-10 18:35:00+00:00,1.6578428,1.5810114,1.5452513,40,49,103,112,0.78333336,0.099999994
98,2016-08-10 18:35:00+00:00,1.5942304,1.5525625,1.519174,40,49,112,121,0.93333334,0.099999994
98,2016-08-10 18:35:00+00:00,1.949021,2.4483244,2.15722,49,58,31,40,-0.41119793,0.3171875
98,2016-08-10 18:35:00+00:00,1.9901551,2.059036,2.0134764,49,58,40,49,-0.26666665,0.325
98,2016-08-10 18:35:00+00:00,2.0556366,1.680422,1.8481219,49,58,49,58,-0.11666667,0.325
98,2016-08-10 18:35:00+00:00,1.9890088,1.8407812,1.9214202,49,58,58,67,0.033333335,0.325
98,2016-08-10 18:35:00+00:00,1.9371662,2.170256,2.1583111,49,58,67,76,0.18333334,0.325
98,2016-08-10 18:35:00+00:00,1.9083092,2.4686677,2.1351445,49,58,76,85,0.321875,0.340625
98,2016-08-10 18:35:00+00:00,2.0220368,1.8731856,1.8066671,49,58,85,94,0.48489588,0.33242187
98,2016-08-10 18:35:00+00:00,1.8455381,1.5151718,1.6679735,49,58,94,103,0.6333333,0.325
98,2016-08-10 18:35:00+00:00,1.775051,1.5706116,1.6247896,49,58,103,112,0.78333336,0.325
98,2016-08-10 18:35:00+00:00,1.7281692,1.5323132,1.5412712,49,58,112,121,0.93333334,0.325
98,2016-08-10 18:35:00+00:00,1.7834015,2.4401138,2.070241,58,67,31,40,-0.41510418,0.5535157
98,2016-08-10 18:35:00+00:00,1.9375038,2.0849698,1.9276056,58,67,40,49,-0.26666665,0.55
98,2016-08-10 18:35:00+00:00,2.0864153,1.8401474,1.830148,58,67,49,58,-0.11666667,0.55
98,2016-08-10 18:35:00+00:00,2.0422754,1.89817,1.8606219,58,67,58,67,0.033333335,0.55
98,2016-08-10 18:35:00+00:00,1.9695852,2.038669,2.0087316,58,67,67,76,0.18125,0.5546875
98,2016-08-10 18:35:00+00:00,2.1148186,2.4412007,2.0302176,58,67,76,85,0.33749998,0.5503906
98,2016-08-10 18:35:00+00:00,1.8832049,1.8608636,1.8341963,58,67,85,94,0.48333335,0.55
98,2016-08-10 18:35:00+00:00,1.9989908,1.6844703,1.7314966,58,67,94,103,0.6333333,0.5410156
98,2016-08-10 18:35:00+00:00,1.7089902,1.6730245,1.6804978,58,67,103,112,0.78333336,0.55
98,2016-08-10 18:35:00+00:00,1.6189718,1.6649612,1.617299,58,67,112,121,0.93333334,0.55
98,2016-08-10 18:35:00+00:00,2.0813215,2.2978566,1.9805517,67,76,31,40,-0.4166667,0.7714844
98,2016-08-10 18:35:00+00:00,2.442191,1.5848974,1.7390708,67,76,85,94,0.47371796,0.7389424
98,2016-08-10 18:35:00+00:00,1.8149022,1.5224799,1.5367677,67,76,103,112,0.78333336,0.775
98,2016-08-10 18:35:00+00:00,1.6856143,1.4611852,1.4613807,67,76,112,121,0.93333334,0.775
98,2016-08-10 18:35:00+00:00,1.6776086,1.4776561,1.464678,76,81,112,121,0.93333334,0.95
99,2016-08-19 18:30:00+00:00,1.752305,1.7332326,1.7765439,22,31,94,103,0.63385415,-0.3472656
99,2016-08-19 18:30:00+00:00,1.4779052,1.7717105,1.7428942,22,31,103,112,0.78333336,-0.35000002
99,2016-08-19 18:30:00+00:00,1.3849621,1.7704661,1.7330079,22,31,112,121,0.93333334,-0.35000002
99,2016-08-19 18:30:00+00:00,1.8088019,1.4750185,1.8265615,31,40,94,103,0.6333333,-0.125
99,2016-08-19 18:30:00+00:00,1.6605678,1.4952872,1.7472572,31,40,103,112,0.78333336,-0.125
99,2016-08-19 18:30:00+00:00,1.6182722,1.4136685,1.6677045,31,40,112,121,0.93333334,-0.125
99,2016-08-19 18:30:00+00:00,2.622994,2.3090928,2.480858,40,49,58,67,0.03046875,0.10195312
99,2016-08-19 18:30:00+00:00,2.3952909,2.1966152,2.2309847,40,49,85,94,0.4888021,0.091796875
99,2016-08-19 18:30:00+00:00,2.1164794,1.93438,2.0258708,40,49,94,103,0.6333333,0.099999994
99,2016-08-19 18:30:00+00:00,2.0242863,1.8660798,1.8850682,40,49,103,112,0.78333336,0.099999994
99,2016-08-19 18:30:00+00:00,1.9598916,1.7739413,1.770437,40,49,112,121,0.93333334,0.099999994
99,2016-08-19 18:30:00+00:00,3.1922133,3.1841805,3.1071239,49,58,22,31,-0.56666666,0.325
99,2016-08-19 18:30:00+00:00,2.5766926,3.333883,2.7601588,49,58,31,40,-0.4166667,0.325
99,2016-08-19 18:30:00+00:00,2.2831466,2.9336991,2.533467,49,58,40,49,-0.27421874,0.33085936
99,2016-08-19 18:30:00+00:00,2.4784768,2.3077006,2.4108577,49,58,58,67,0.033333335,0.325
99,2016-08-19 18:30:00+00:00,2.7024083,2.8513744,2.7711647,49,58,67,76,0.18333334,0.325
99,2016-08-19 18:30:00+00:00,2.4704504,2.0473104,2.1738188,49,58,94,103,0.6333333,0.325
99,2016-08-19 18:30:00+00:00,2.6091614,2.0393271,2.069841,49,58,103,112,0.78333336,0.325
99,2016-08-19 18:30:00+00:00,2.7259524,1.9128836,1.8692204,49,58,112,121,0.93333334,0.325
99,2016-08-19 18:30:00+00:00,2.4464607,2.4650872,2.3114762,58,67,40,49,-0.26666665,0.55
99,2016-08-19 18:30:00+00:00,2.3349547,2.1464481,2.2109325,58,67,49,58,-0.11744792,0.55195314
99,2016-08-19 18:30:00+00:00,2.3101225,2.189929,2.2230668,58,67,58,67,0.033333335,0.55
99,2016-08-19 18:30:00+00:00,2.5535736,2.4439986,2.469409,58,67,67,76,0.18333334,0.55
99,2016-08-19 18:30:00+00:00,2.552091,3.027444,2.5876672,58,67,76,85,0.3333333,0.55
99,2016-08-19 18:30:00+00:00,2.4884915,2.260183,2.2288465,58,67,85,94,0.48203126,0.55507815
99,2016-08-19 18:30:00+00:00,2.207502,1.9422717,2.0344353,58,67,103,112,0.78333336,0.55
99,2016-08-19 18:30:00+00:00,2.4735675,1.8880863,1.8840232,58,67,112,121,0.93333334,0.55
99,2016-08-19 18:30:00+00:00,1.9695815,1.7265153,1.8976145,67,76,103,112,0.78515625,0.7714844
99,2016-08-19 18:30:00+00:00,2.397433,1.6288786,1.7321284,67,76,112,121,0.93333334,0.775
99,2016-08-19 18:30:00+00:00,2.2365885,1.7942431,1.7566205,76,81,112,121,0.93333334,0.95
100,2016-09-27 18:35:00+00:00,4.368002,3.742613,3.9056304,13,22,85,94,0.48984376,-0.5601562
100,2016-09-27 18:35:00+00:00,3.998107,3.4517655,3.8279428,13,22,94,103,0.6333333,-0.575
100,2016-09-27 18:35:00+00:00,3.8888738,3.4087377,3.6586583,13,22,103,112,0.78333336,-0.575
100,2016-09-27 18:35:00+00:00,3.635956,3.2719176,3.2362225,13,22,112,121,0.93281245,-0.5589844
100,2016-09-27 18:35:00+00:00,4.108844,3.709949,3.7919161,22,31,85,94,0.48333335,-0.35000002
100,2016-09-27 18:35:00+00:00,3.6395938,3.2525408,3.5382,22,31,94,103,0.6333333,-0.35000002
100,2016-09-27 18:35:00+00:00,3.692073,3.1779163,3.3532073,22,31,103,112,0.78333336,-0.35000002
100,2016-09-27 18:35:00+00:00,3.3831987,3.0289662,3.1008708,22,31,112,121,0.93333334,-0.35000002
100,2016-09-27 18:35:00+00:00,4.584903,4.4306064,4.560476,31,40,40,49,-0.26510417,-0.12109375
100,2016-09-27 18:35:00+00:00,4.579937,3.6602178,4.382436,31,40,49,58,-0.11666667,-0.125
100,2016-09-27 18:35:00+00:00,4.419829,3.6351929,4.2231827,31,40,58,67,0.025781251,-0.1265625
100,2016-09-27 18:35:00+00:00,3.9977927,4.4832315,4.6216288,31,40,67,76,0.19166668,-0.13085938
100,2016-09-27 18:35:00+00:00,4.071936,3.727365,4.115063,31,40,85,94,0.48333335,-0.125
100,2016-09-27 18:35:00+00:00,4.1639585,3.4160514,3.906142,31,40,94,103,0.6333333,-0.125
100,2016-09-27 18:35:00+00:00,4.0830607,3.1895776,3.6186454,31,40,103,112,0.78333336,-0.125
100,2016-09-27 18:35:00+00:00,3.5468822,3.0098352,3.253303,31,40,112,121,0.93333334,-0.125
100,2016-09-27 18:35:00+00:00,4.57183,5.195679,5.7490816,40,49,13,22,-0.71510416,0.110156246
100,2016-09-27 18:35:00+00:00,4.609542,5.188096,5.389058,40,49,22,31,-0.56666666,0.099999994
100,2016-09-27 18:35:00+00:00,4.6196256,5.640673,5.0283775,40,49,31,40,-0.4166667,0.099999994
100,2016-09-27 18:35:00+00:00,4.584945,4.583374,4.582822,40,49,40,49,-0.26666665,0.099999994
100,2016-09-27 18:35:00+00:00,4.3214173,3.8352144,4.4082685,40,49,49,58,-0.11666667,0.099999994
100,2016-09-27 18:35:00+00:00,4.485759,3.8465343,4.283911,40,49,58,67,0.033333335,0.099999994
100,2016-09-27 18:35:00+00:00,4.1216006,4.6489196,4.742231,40,49,67,76,0.18645835,0.1046875
100,2016-09-27 18:35:00+00:00,4.0240645,3.9981258,4.219852,40,49,94,103,0.6333333,0.099999994
100,2016-09-27 18:35:00+00:00,4.1259484,3.678997,3.8634653,40,49,103,112,0.78333336,0.099999994
100,2016-09-27 18:35:00+00:00,2.8859584,3.4100487,3.4257662,40,49,112,121,0.93333334,0.099999994
100,2016-09-27 18:35:00+00:00,4.620059,5.442033,5.390033,49,58,13,22,-0.71666664,0.325
100,2016-09-27 18:35:00+00:00,4.620059,5.114174,4.9093575,49,58,22,31,-0.56666666,0.325
100,2016-09-27 18:35:00+00:00,4.6195836,5.447643,4.529995,49,58,31,40,-0.4166667,0.325
100,2016-09-27 18:35:00+00:00,4.6153297,4.5227213,4.157428,49,58,40,49,-0.26666665,0.325
100,2016-09-27 18:35:00+00:00,4.517626,3.7496862,3.9820564,49,58,49,58,-0.11666667,0.325
100,2016-09-27 18:35:00+00:00,4.328535,3.80183,3.9618182,49,58,58,67,0.033333335,0.325
100,2016-09-27 18:35:00+00:00,4.567018,4.775891,4.5393624,49,58,67,76,0.18333334,0.325
100,2016-09-27 18:35:00+00:00,4.3072324,5.5812535,4.8963857,49,58,76,85,0.32421875,0.33867186
100,2016-09-27 18:35:00+00:00,4.0175486,4.4331217,4.2096257,49,58,85,94,0.4903646,0.33203125
100,2016-09-27 18:35:00+00:00,3.8950331,4.271053,4.2309628,49,58,94,103,0.6333333,0.325
100,2016-09-27 18:35:00+00:00,3.8505926,4.0300107,3.9590466,49,58,103,112,0.78333336,0.325
100,2016-09-27 18:35:00+00:00,3.7394998,3.726095,3.4473805,49,58,112,121,0.93333334,0.325
100,2016-09-27 18:35:00+00:00,4.6008015,4.3497386,4.3602386,58,67,22,31,-0.56041664,0.5414063
100,2016-09-27 18:35:00+00:00,4.6133757,4.649401,4.00938,58,67,31,40,-0.4166667,0.55
100,2016-09-27 18:35:00+00:00,4.595673,3.8309438,3.6531243,58,67,40,49,-0.26666665,0.55
100,2016-09-27 18:35:00+00:00,4.569098,3.3044105,3.5305603,58,67,49,58,-0.11666667,0.55
100,2016-09-27 18:35:00+00:00,4.566679,3.248239,3.4636583,58,67,58,67,0.033333335,0.55
100,2016-09-27 18:35:00+00:00,4.6071873,3.7958472,3.9195251,58,67,67,76,0.18333334,0.55
100,2016-09-27 18:35:00+00:00,4.5904455,4.8864937,4.3345895,58,67,76,85,0.3333333,0.55
100,2016-09-27 18:35:00+00:00,4.4593806,3.8901198,3.8664825,58,67,85,94,0.48333335,0.55
100,2016-09-27 18:35:00+00:00,4.533646,3.4776416,3.9017937,58,67,94,103,0.632552,0.54062504
100,2016-09-27 18:35:00+00:00,4.104872,3.400862,3.6444583,58,67,103,112,0.78333336,0.55
100,2016-09-27 18:35:00+00:00,3.3188655,3.1744547,3.2070818,58,67,112,121,0.93333334,0.55
100,2016-09-27 18:35:00+00:00,4.123345,4.848033,4.0719233,67,76,31,40,-0.4138021,0.76992184
100,2016-09-27 18:35:00+00:00,4.620059,3.547395,3.7888136,67,76,85,94,0.47371796,0.7389424
100,2016-09-27 18:35:00+00:00,3.8827844,3.1546226,3.572174,67,76,103,112,0.78333336,0.775
100,2016-09-27 18:35:00+00:00,2.4686472,2.889305,3.1293404,67,76,112,121,0.93333334,0.775
100,2016-09-27 18:35:00+00:00,3.3507419,4.3439713,4.468411,76,81,31,40,-0.435,0.94250005
100,2016-09-27 18:35:00+00:00,3.7147563,3.3533878,3.2547846,76,81,112,121,0.93333334,0.95
101,2016-10-17 18:10:00+00:00,2.8604562,2.1536233,2.3640807,13,22,94,103,0.6333333,-0.575
101,2016-10-17 18:10:00+00:00,2.650053,2.143844,2.3078444,13,22,103,112,0.78151035,-0.5703125
101,2016-10-17 18:10:00+00:00,2.7127888,2.4471977,2.411078,22,31,85,94,0.48333335,-0.35000002
101,2016-10-17 18:10:00+00:00,2.512516,2.0820484,2.2911599,22,31,94,103,0.6333333,-0.35000002
101,2016-10-17 18:10:00+00:00,2.4138374,2.0987005,2.2294497,22,31,103,112,0.78333336,-0.35000002
101,2016-10-17 18:10:00+00:00,2.476949,2.049308,2.1189606,22,31,112,121,0.93333334,-0.35000002
101,2016-10-17 18:10:00+00:00,2.232043,2.5001013,2.5734215,31,40,40,49,-0.26406252,-0.11679687
101,2016-10-17 18:10:00+00:00,2.6437595,1.9797662,2.426858,31,40,49,58,-0.11666667,-0.125
101,2016-10-17 18:10:00+00:00,2.455776,2.3531651,2.621318,31,40,67,76,0.18489584,-0.1265625
101,2016-10-17 18:10:00+00:00,2.7069013,2.3037674,2.498571,31,40,85,94,0.48333335,-0.125
101,2016-10-17 18:10:00+00:00,2.440752,2.0610745,2.3985057,31,40,94,103,0.6333333,-0.125
101,2016-10-17 18:10:00+00:00,2.3778982,2.0126336,2.2844732,31,40,103,112,0.78333336,-0.125
101,2016-10-17 18:10:00+00:00,2.2553568,1.9991574,2.1433702,31,40,112,121,0.93333334,-0.125
101,2016-10-17 18:10:00+00:00,3.662162,2.958144,3.2020879,40,49,22,31,-0.56666666,0.099999994
101,2016-10-17 18:10:00+00:00,2.845331,3.1959164,2.8745854,40,49,31,40,-0.41848958,0.099999994
101,2016-10-17 18:10:00+00:00,2.7480576,2.51417,2.4640338,40,49,40,49,-0.26666665,0.099999994
101,2016-10-17 18:10:00+00:00,2.1821487,1.9650651,2.318671,40,49,49,58,-0.11666667,0.099999994
101,2016-10-17 18:10:00+00:00,2.0683327,1.9308047,2.219402,40,49,58,67,0.02734375,0.10859375
101,2016-10-17 18:10:00+00:00,2.0860589,2.4416173,2.5366256,40,49,67,76,0.18776041,0.10546875
101,2016-10-17 18:10:00+00:00,2.6157045,2.5895054,2.5483809,40,49,85,94,0.48802084,0.0890625
101,2016-10-17 18:10:00+00:00,2.502615,2.3045943,2.459123,40,49,94,103,0.6333333,0.099999994
101,2016-10-17 18:10:00+00:00,2.4305532,2.19356,2.3075516,40,49,103,112,0.78333336,0.099999994
101,2016-10-17 18:10:00+00:00,2.1454995,2.1077874,2.1296887,40,49,112,121,0.93333334,0.099999994
101,2016-10-17 18:10:00+00:00,3.048447,3.0201845,3.1119928,49,58,13,22,-0.71666664,0.325
101,2016-10-17 18:10:00+00:00,2.08521,2.757566,2.75994,49,58,22,31,-0.56666666,0.325
101,2016-10-17 18:10:00+00:00,2.0534883,2.9233472,2.4362042,49,58,31,40,-0.4166667,0.325
101,2016-10-17 18:10:00+00:00,1.8649632,2.3813634,2.1599274,49,58,40,49,-0.26666665,0.325
101,2016-10-17 18:10:00+00:00,1.7634416,1.8670295,2.0380044,49,58,49,58,-0.11666667,0.325
101,2016-10-17 18:10:00+00:00,1.850121,1.9329652,2.0643618,49,58,58,67,0.033333335,0.325
101,2016-10-17 18:10:00+00:00,1.9058075,2.3761244,2.3796532,49,58,67,76,0.18333334,0.325
101,2016-10-17 18:10:00+00:00,2.4686944,2.2549777,2.376069,49,58,94,103,0.6333333,0.325
101,2016-10-17 18:10:00+00:00,2.530984,2.2311375,2.286403,49,58,103,112,0.78333336,0.325
101,2016-10-17 18:10:00+00:00,2.3395836,2.136392,2.0700328,49,58,112,121,0.93333334,0.325
101,2016-10-17 18:10:00+00:00,3.6154714,2.6849551,2.7582715,58,67,13,22,-0.69829935,0.5214286
101,2016-10-17 18:10:00+00:00,2.3870075,2.6113057,2.4700356,58,67,22,31,-0.56614584,0.5476563
101,2016-10-17 18:10:00+00:00,1.8850393,2.8003635,2.1964226,58,67,31,40,-0.4166667,0.55
101,2016-10-17 18:10:00+00:00,1.7002022,2.2569969,1.9494659,58,67,40,49,-0.26666665,0.55
101,2016-10-17 18:10:00+00:00,1.7884076,1.8378366,1.8815918,58,67,49,58,-0.11666667,0.55
101,2016-10-17 18:10:00+00:00,1.8041099,1.8532281,1.8670949,58,67,58,67,0.033333335,0.55
101,2016-10-17 18:10:00+00:00,1.7929072,2.107425,2.0862105,58,67,67,76,0.18333334,0.55
101,2016-10-17 18:10:00+00:00,1.8389305,2.931431,2.3535805,58,67,76,85,0.3333333,0.55
101,2016-10-17 18:10:00+00:00,2.1425898,2.513486,2.2336116,58,67,85,94,0.48333335,0.55
101,2016-10-17 18:10:00+00:00,2.5573082,2.1901188,2.1846747,58,67,103,112,0.78333336,0.55
101,2016-10-17 18:10:00+00:00,2.4636948,2.0951624,1.9971733,58,67,112,121,0.93333334,0.55
101,2016-10-17 18:10:00+00:00,2.0056734,2.8520758,2.2831564,67,76,31,40,-0.4143229,0.77070314
101,2016-10-17 18:10:00+00:00,2.509169,2.044868,2.147063,67,76,103,112,0.78333336,0.775
101,2016-10-17 18:10:00+00:00,2.1954281,1.955448,1.9769605,67,76,112,121,0.93333334,0.775
101,2016-10-17 18:10:00+00:00,2.3423145,2.0596328,2.176884,76,81,103,112,0.78943086,0.9469512
101,2016-10-17 18:10:00+00:00,2.1113467,1.9447246,1.9897138,76,81,112,121,0.93333334,0.95
