t,date,target,pred,post,y0,y1,x0,x1,cx,cy
0,2014-05-24 18:45:00+00:00,3.1589394,2.6278415,2.6278415,25,42,42,59,-0.16119793,-0.15703125
0,2014-05-24 18:45:00+00:00,2.4999332,2.61171,2.61171,25,42,76,93,0.41458333,-0.171875
0,2014-05-24 18:45:00+00:00,1.8914814,1.965787,1.965787,25,42,93,110,0.68333334,-0.175
0,2014-05-24 18:45:00+00:00,1.7527999,1.9274611,1.9274611,25,42,110,121,0.9138021,-0.16835937
0,2014-05-24 18:45:00+00:00,3.3414035,2.6498137,2.6498137,42,59,8,25,-0.7309896,0.24882811
0,2014-05-24 18:45:00+00:00,2.384798,3.0967276,3.0967276,42,59,25,42,-0.4518229,0.25195312
0,2014-05-24 18:45:00+00:00,2.1884964,2.6349497,2.6349497,42,59,42,59,-0.16666667,0.25
0,2014-05-24 18:45:00+00:00,2.2764347,2.3909433,2.3909433,42,59,59,76,0.12760417,0.25585938
0,2014-05-24 18:45:00+00:00,1.9019107,1.8771714,1.8771714,42,59,93,110,0.68333334,0.25
0,2014-05-24 18:45:00+00:00,2.596593,2.5542402,2.5542402,59,76,25,42,-0.43411458,0.6527344
1,2014-05-25 17:50:00+00:00,1.6497904,1.2433528,1.2433528,8,25,93,110,0.6817708,-0.5582031
1,2014-05-25 17:50:00+00:00,1.7829505,1.5118603,1.5118603,25,42,42,59,-0.1591146,-0.15390626
1,2014-05-25 17:50:00+00:00,1.5502101,1.6353879,1.6353879,25,42,76,93,0.40729165,-0.1734375
1,2014-05-25 17:50:00+00:00,1.3073186,1.2607594,1.2607594,25,42,93,110,0.68333334,-0.175
1,2014-05-25 17:50:00+00:00,1.3622596,1.2441113,1.2441113,25,42,110,121,0.9166666,-0.175
1,2014-05-25 17:50:00+00:00,2.1069818,1.4540311,1.4540311,42,59,8,25,-0.71484375,0.24296877
1,2014-05-25 17:50:00+00:00,1.5364697,1.7035687,1.7035687,42,59,25,42,-0.45,0.25
1,2014-05-25 17:50:00+00:00,1.3976078,1.5131596,1.5131596,42,59,42,59,-0.16666667,0.25
1,2014-05-25 17:50:00+00:00,1.5519278,1.3740969,1.3740969,42,59,59,76,0.112500004,0.25429687
1,2014-05-25 17:50:00+00:00,1.3498125,1.1751717,1.1751717,42,59,93,110,0.68333334,0.25
1,2014-05-25 17:50:00+00:00,1.3619993,1.217366,1.217366,42,59,110,121,0.9166666,0.25
1,2014-05-25 17:50:00+00:00,1.9384726,1.4031806,1.4031806,59,76,25,42,-0.4440104,0.6503906
1,2014-05-25 17:50:00+00:00,1.6409158,1.3216163,1.3216163,59,76,42,59,-0.18177083,0.6207031
1,2014-05-25 17:50:00+00:00,1.6317258,1.4337347,1.4337347,59,76,76,93,0.38958335,0.6402344
1,2014-05-25 17:50:00+00:00,1.3532175,1.2129,1.2129,59,76,110,121,0.9166666,0.67499995
2,2014-05-30 18:05:00+00:00,2.2024329,1.3970618,1.3970618,8,25,93,110,0.6830729,-0.5582031
2,2014-05-30 18:05:00+00:00,2.1594603,1.8384035,1.8384035,25,42,42,59,-0.15989584,-0.15625
2,2014-05-30 18:05:00+00:00,1.8163791,2.038858,2.038858,25,42,76,93,0.4125,-0.16679686
2,2014-05-30 18:05:00+00:00,1.6276062,1.4954524,1.4954524,25,42,93,110,0.68333334,-0.175
2,2014-05-30 18:05:00+00:00,1.725749,1.4689655,1.4689655,25,42,110,121,0.9166666,-0.175
2,2014-05-30 18:05:00+00:00,3.495361,1.8724372,1.8724372,42,59,8,25,-0.7229166,0.24101563
2,2014-05-30 18:05:00+00:00,1.8145039,2.2630315,2.2630315,42,59,25,42,-0.45,0.25
2,2014-05-30 18:05:00+00:00,1.525844,1.8252344,1.8252344,42,59,42,59,-0.16666667,0.25
2,2014-05-30 18:05:00+00:00,1.6707691,1.6623398,1.6623398,42,59,59,76,0.11979167,0.25234374
2,2014-05-30 18:05:00+00:00,1.5370882,1.3967165,1.3967165,42,59,93,110,0.68333334,0.25
2,2014-05-30 18:05:00+00:00,1.4223471,1.4519687,1.4519687,42,59,110,121,0.9166666,0.25
2,2014-05-30 18:05:00+00:00,2.0363772,1.7417239,1.7417239,59,76,25,42,-0.4403646,0.6484375
2,2014-05-30 18:05:00+00:00,1.7085677,1.4665639,1.4665639,59,76,42,59,-0.17682292,0.6191406
2,2014-05-30 18:05:00+00:00,1.6785672,1.8112369,1.8112369,59,76,76,93,0.39166665,0.640625
2,2014-05-30 18:05:00+00:00,1.5462905,1.2988882,1.2988882,59,76,93,110,0.7164062,0.63984376
2,2014-05-30 18:05:00+00:00,1.3337973,1.4267509,1.4267509,59,76,110,121,0.9166666,0.67499995
3,2014-05-31 18:50:00+00:00,2.625607,1.767334,1.767334,8,25,93,110,0.68567705,-0.55898434
3,2014-05-31 18:50:00+00:00,2.6173186,2.1918387,2.1918387,25,42,42,59,-0.15677084,-0.1546875
3,2014-05-31 18:50:00+00:00,2.1964855,2.4722433,2.4722433,25,42,76,93,0.40390626,-0.16640624
3,2014-05-31 18:50:00+00:00,1.9760298,1.8948368,1.8948368,25,42,93,110,0.68333334,-0.175
3,2014-05-31 18:50:00+00:00,1.9650844,1.859043,1.859043,25,42,110,121,0.9166666,-0.175
3,2014-05-31 18:50:00+00:00,3.8204799,2.2067978,2.2067978,42,59,8,25,-0.7359375,0.23984376
3,2014-05-31 18:50:00+00:00,2.2280734,2.599856,2.599856,42,59,25,42,-0.45,0.25
3,2014-05-31 18:50:00+00:00,1.8857095,2.1647537,2.1647537,42,59,42,59,-0.16666667,0.25
3,2014-05-31 18:50:00+00:00,2.1040533,2.0194268,2.0194268,42,59,59,76,0.11692709,0.25312498
3,2014-05-31 18:50:00+00:00,1.8627001,1.7547668,1.7547668,42,59,93,110,0.68333334,0.25
3,2014-05-31 18:50:00+00:00,1.6899246,1.8066583,1.8066583,42,59,110,121,0.9166666,0.25
3,2014-05-31 18:50:00+00:00,2.4234385,2.0422215,2.0422215,59,76,25,42,-0.43515623,0.6507813
3,2014-05-31 18:50:00+00:00,2.079997,1.7395908,1.7395908,59,76,42,59,-0.1809896,0.62109375
3,2014-05-31 18:50:00+00:00,2.094999,2.1386597,2.1386597,59,76,76,93,0.39635417,0.6441406
3,2014-05-31 18:50:00+00:00,1.8558929,1.6470648,1.6470648,59,76,93,110,0.70781255,0.6425781
3,2014-05-31 18:50:00+00:00,1.681373,1.7842728,1.7842728,59,76,110,121,0.9166666,0.67499995
4,2014-06-03 19:20:00+00:00,3.851595,2.9930208,2.9930208,25,42,42,59,-0.14557292,-0.15273437
4,2014-06-03 19:20:00+00:00,2.8421023,2.9087737,2.9087737,25,42,76,93,0.40859377,-0.16367188
4,2014-06-03 19:20:00+00:00,2.0051465,1.9871824,1.9871824,25,42,93,110,0.68385416,-0.17148438
4,2014-06-03 19:20:00+00:00,1.8186675,1.894976,1.894976,25,42,110,121,0.9166666,-0.175
4,2014-06-03 19:20:00+00:00,4.6077833,3.1893299,3.1893299,42,59,8,25,-0.73359376,0.24492186
4,2014-06-03 19:20:00+00:00,3.2642121,3.6926239,3.6926239,42,59,25,42,-0.45,0.25
4,2014-06-03 19:20:00+00:00,2.3323944,3.1860225,3.1860225,42,59,42,59,-0.16666667,0.25
4,2014-06-03 19:20:00+00:00,2.323748,2.7339046,2.7339046,42,59,59,76,0.11927083,0.2535156
4,2014-06-03 19:20:00+00:00,2.160376,2.035309,2.035309,42,59,93,110,0.68333334,0.25
4,2014-06-03 19:20:00+00:00,1.9048176,2.1038582,2.1038582,42,59,110,121,0.9166666,0.25
4,2014-06-03 19:20:00+00:00,4.243922,3.0666304,3.0666304,59,76,25,42,-0.4401042,0.6449219
4,2014-06-03 19:20:00+00:00,1.8620746,2.104407,2.104407,59,76,110,121,0.9166666,0.67499995
5,2014-06-05 19:10:00+00:00,2.6027539,1.7003576,1.7003576,8,25,93,110,0.68541664,-0.5589844
5,2014-06-05 19:10:00+00:00,3.2202249,2.448773,2.448773,25,42,42,59,-0.15416667,-0.15625
5,2014-06-05 19:10:00+00:00,2.389358,2.4313538,2.4313538,25,42,76,93,0.4091146,-0.16757813
5,2014-06-05 19:10:00+00:00,1.8925261,1.7604393,1.7604393,25,42,93,110,0.68333334,-0.175
5,2014-06-05 19:10:00+00:00,1.8094822,1.7386041,1.7386041,25,42,110,121,0.9166666,-0.175
5,2014-06-05 19:10:00+00:00,4.0231814,2.5798361,2.5798361,42,59,8,25,-0.73541665,0.23945314
5,2014-06-05 19:10:00+00:00,2.467836,3.020999,3.020999,42,59,25,42,-0.45,0.25
5,2014-06-05 19:10:00+00:00,2.1310475,2.5288615,2.5288615,42,59,42,59,-0.16666667,0.25
5,2014-06-05 19:10:00+00:00,2.0806873,2.2417068,2.2417068,42,59,59,76,0.11953125,0.2515625
5,2014-06-05 19:10:00+00:00,1.9418893,1.7269168,1.7269168,42,59,93,110,0.68333334,0.25
5,2014-06-05 19:10:00+00:00,1.7416404,1.828068,1.828068,42,59,110,121,0.9166666,0.25
5,2014-06-05 19:10:00+00:00,2.7483938,2.5102856,2.5102856,59,76,25,42,-0.4359375,0.65000004
5,2014-06-05 19:10:00+00:00,2.5462384,2.065034,2.065034,59,76,42,59,-0.178125,0.61796874
5,2014-06-05 19:10:00+00:00,2.0629144,2.346242,2.346242,59,76,76,93,0.40026042,0.6402344
5,2014-06-05 19:10:00+00:00,1.6080759,1.8464178,1.8464178,59,76,110,121,0.9166666,0.67499995
6,2014-06-07 18:55:00+00:00,2.2187986,1.6401974,1.6401974,8,25,93,110,0.68359375,-0.5601562
6,2014-06-07 18:55:00+00:00,2.2378721,1.8039799,1.8039799,25,42,42,59,-0.15885417,-0.15429688
6,2014-06-07 18:55:00+00:00,2.018814,2.0432682,2.0432682,25,42,76,93,0.40963542,-0.16953126
6,2014-06-07 18:55:00+00:00,1.8063504,1.6995096,1.6995096,25,42,93,110,0.68333334,-0.175
6,2014-06-07 18:55:00+00:00,1.6764504,1.7318269,1.7318269,25,42,110,121,0.9166666,-0.175
6,2014-06-07 18:55:00+00:00,2.4955363,1.8797636,1.8797636,42,59,8,25,-0.73046875,0.22265625
6,2014-06-07 18:55:00+00:00,1.8903332,2.1965365,2.1965365,42,59,25,42,-0.45416665,0.2359375
6,2014-06-07 18:55:00+00:00,1.750292,1.6981189,1.6981189,42,59,59,76,0.1171875,0.26601565
6,2014-06-07 18:55:00+00:00,1.9988598,1.6765094,1.6765094,42,59,93,110,0.68333334,0.25
6,2014-06-07 18:55:00+00:00,1.8092943,1.8006395,1.8006395,42,59,110,121,0.9166666,0.25
6,2014-06-07 18:55:00+00:00,2.1441667,1.5914074,1.5914074,59,76,42,59,-0.17916667,0.6179688
6,2014-06-07 18:55:00+00:00,2.0753436,1.9825174,1.9825174,59,76,76,93,0.39661455,0.6437501
6,2014-06-07 18:55:00+00:00,1.9426683,1.6248162,1.6248162,59,76,93,110,0.7117188,0.64218754
6,2014-06-07 18:55:00+00:00,1.7152052,1.8101655,1.8101655,59,76,110,121,0.9166666,0.67499995
7,2014-06-14 19:00:00+00:00,2.716485,2.5757763,2.5757763,25,42,42,59,-0.15286459,-0.15546875
7,2014-06-14 19:00:00+00:00,2.304533,2.4356449,2.4356449,25,42,76,93,0.4143229,-0.16718751
7,2014-06-14 19:00:00+00:00,1.8134154,1.7486504,1.7486504,25,42,93,110,0.68333334,-0.175
7,2014-06-14 19:00:00+00:00,1.6607461,1.7075781,1.7075781,25,42,110,121,0.9166666,-0.175
7,2014-06-14 19:00:00+00:00,3.4716473,2.5066552,2.5066552,42,59,8,25,-0.7328125,0.24023438
7,2014-06-14 19:00:00+00:00,2.452115,2.9899151,2.9899151,42,59,25,42,-0.45,0.25
7,2014-06-14 19:00:00+00:00,2.2856185,2.619854,2.619854,42,59,42,59,-0.16666667,0.25
7,2014-06-14 19:00:00+00:00,2.2607138,2.3111954,2.3111954,42,59,59,76,0.11692709,0.25312498
7,2014-06-14 19:00:00+00:00,1.839064,1.7030194,1.7030194,42,59,93,110,0.68333334,0.25
7,2014-06-14 19:00:00+00:00,1.6026051,1.7800635,1.7800635,42,59,110,121,0.9166666,0.25
7,2014-06-14 19:00:00+00:00,2.6494832,2.5703323,2.5703323,59,76,25,42,-0.43906248,0.6484375
7,2014-06-14 19:00:00+00:00,2.37064,2.2351737,2.2351737,59,76,42,59,-0.18072918,0.62109375
7,2014-06-14 19:00:00+00:00,2.2998028,2.1406558,2.1406558,59,76,59,76,0.12526041,0.6082031
7,2014-06-14 19:00:00+00:00,2.1750453,2.38297,2.38297,59,76,76,93,0.39661458,0.6429688
7,2014-06-14 19:00:00+00:00,1.9585986,1.6741353,1.6741353,59,76,93,110,0.70963544,0.6429688
7,2014-06-14 19:00:00+00:00,1.5229948,1.84874,1.84874,59,76,110,121,0.9166666,0.67499995
8,2014-06-16 18:50:00+00:00,1.7424804,1.9505056,1.9505056,25,42,76,93,0.415625,-0.16484375
8,2014-06-16 18:50:00+00:00,1.4201604,1.6036309,1.6036309,25,42,93,110,0.6825521,-0.17265625
8,2014-06-16 18:50:00+00:00,1.3672969,1.5964001,1.5964001,25,42,110,121,0.91822916,-0.17265624
8,2014-06-16 18:50:00+00:00,2.087611,2.184408,2.184408,42,59,25,42,-0.45156252,0.25
8,2014-06-16 18:50:00+00:00,1.8379942,1.9512922,1.9512922,42,59,42,59,-0.16666667,0.25
8,2014-06-16 18:50:00+00:00,1.934773,1.7760763,1.7760763,42,59,59,76,0.11640626,0.25312498
8,2014-06-16 18:50:00+00:00,1.7167665,1.5163635,1.5163635,42,59,93,110,0.68333334,0.25
8,2014-06-16 18:50:00+00:00,1.5713041,1.5893866,1.5893866,42,59,110,121,0.9166666,0.25
8,2014-06-16 18:50:00+00:00,2.0696998,1.8449366,1.8449366,59,76,76,93,0.39635417,0.6441406
8,2014-06-16 18:50:00+00:00,1.900117,1.5024673,1.5024673,59,76,93,110,0.71197915,0.6425781
8,2014-06-16 18:50:00+00:00,1.6132233,1.6291683,1.6291683,59,76,110,121,0.9166666,0.67499995
9,2014-06-21 19:10:00+00:00,1.5935704,1.5693108,1.5693108,25,42,93,110,0.68645835,-0.15976562
9,2014-06-21 19:10:00+00:00,1.8188308,1.4975873,1.4975873,25,42,110,121,0.9153646,-0.1703125
9,2014-06-21 19:10:00+00:00,2.723995,3.3442245,3.3442245,42,59,25,42,-0.4453125,0.26835936
9,2014-06-21 19:10:00+00:00,2.3213556,2.9830577,2.9830577,42,59,42,59,-0.16666667,0.25
9,2014-06-21 19:10:00+00:00,2.3910043,2.654409,2.654409,42,59,59,76,0.115625,0.25625
9,2014-06-21 19:10:00+00:00,1.8868246,1.6326472,1.6326472,42,59,93,110,0.68333334,0.25
9,2014-06-21 19:10:00+00:00,1.3404129,1.6024419,1.6024419,42,59,110,121,0.9166666,0.25
9,2014-06-21 19:10:00+00:00,2.4279373,2.1656246,2.1656246,59,76,59,76,0.12526041,0.61835945
9,2014-06-21 19:10:00+00:00,1.2186133,1.5760263,1.5760263,59,76,110,121,0.9195312,0.66875
10,2014-06-28 19:15:00+00:00,1.5916728,1.6439346,1.6439346,25,42,93,110,0.68645835,-0.16796875
10,2014-06-28 19:15:00+00:00,1.5547613,1.547624,1.547624,25,42,110,121,0.9166666,-0.175
10,2014-06-28 19:15:00+00:00,2.04701,2.6602147,2.6602147,42,59,42,59,-0.15598959,0.2667969
10,2014-06-28 19:15:00+00:00,2.0940232,2.344008,2.344008,42,59,59,76,0.11484375,0.26992187
10,2014-06-28 19:15:00+00:00,1.9259784,1.5960686,1.5960686,42,59,93,110,0.68333334,0.25
10,2014-06-28 19:15:00+00:00,1.5955751,1.5958853,1.5958853,42,59,110,121,0.9166666,0.25
10,2014-06-28 19:15:00+00:00,2.205477,2.0321257,2.0321257,59,76,59,76,0.13515624,0.61757815
10,2014-06-28 19:15:00+00:00,1.3328466,1.5916349,1.5916349,59,76,110,121,0.9166666,0.67499995
11,2014-07-02 18:50:00+00:00,1.783654,1.7802162,1.7802162,42,59,110,121,0.9166666,0.25
12,2014-07-04 18:35:00+00:00,2.0244586,1.7030684,1.7030684,8,25,93,110,0.68385416,-0.5570313
12,2014-07-04 18:35:00+00:00,2.145559,2.2537456,2.2537456,25,42,42,59,-0.159375,-0.15703124
12,2014-07-04 18:35:00+00:00,1.6926237,1.7065073,1.7065073,25,42,93,110,0.68333334,-0.175
12,2014-07-04 18:35:00+00:00,1.6564461,1.6908497,1.6908497,25,42,110,121,0.9166666,-0.175
12,2014-07-04 18:35:00+00:00,2.3475542,2.4821224,2.4821224,42,59,25,42,-0.45,0.25
12,2014-07-04 18:35:00+00:00,2.277639,2.270097,2.270097,42,59,42,59,-0.1734375,0.2453125
12,2014-07-04 18:35:00+00:00,1.9127655,1.6488593,1.6488593,42,59,93,110,0.68333334,0.25
12,2014-07-04 18:35:00+00:00,1.8517647,1.7235619,1.7235619,42,59,110,121,0.9166666,0.25
12,2014-07-04 18:35:00+00:00,1.8781832,1.7921541,1.7921541,59,76,110,121,0.9166666,0.67499995
15,2014-07-07 19:10:00+00:00,2.9675202,3.2166271,3.2166271,42,59,42,59,-0.16718751,0.2589844
15,2014-07-07 19:10:00+00:00,2.8405883,2.811273,2.811273,42,59,59,76,0.13802084,0.26093748
15,2014-07-07 19:10:00+00:00,2.181002,1.9660877,1.9660877,42,59,93,110,0.68333334,0.25
15,2014-07-07 19:10:00+00:00,1.8171675,2.0452285,2.0452285,42,59,110,121,0.9166666,0.25
15,2014-07-07 19:10:00+00:00,2.1462066,2.1098602,2.1098602,59,76,110,121,0.9166666,0.67499995
16,2014-07-09 18:55:00+00:00,2.224105,3.3532324,3.3532324,42,59,25,42,-0.45234376,0.27851564
16,2014-07-09 18:55:00+00:00,2.2910144,3.0445004,3.0445004,42,59,42,59,-0.16848959,0.26093748
16,2014-07-09 18:55:00+00:00,1.6626722,1.6944835,1.6944835,42,59,110,121,0.9164063,0.25859374
17,2014-07-11 18:45:00+00:00,1.9294068,1.9904284,1.9904284,25,42,76,93,0.4041667,-0.16289063
17,2014-07-11 18:45:00+00:00,1.4076087,1.6044896,1.6044896,25,42,110,121,0.9166666,-0.17929688
17,2014-07-11 18:45:00+00:00,2.3101273,1.6098365,1.6098365,42,59,110,121,0.91822916,0.24765626
18,2014-07-14 19:15:00+00:00,1.4934237,1.1984481,1.1984481,8,25,93,110,0.68151045,-0.5582031
18,2014-07-14 19:15:00+00:00,1.4480864,1.6559104,1.6559104,25,42,42,59,-0.15598959,-0.15625
18,2014-07-14 19:15:00+00:00,1.4790148,1.5006185,1.5006185,25,42,76,93,0.4140625,-0.16835937
18,2014-07-14 19:15:00+00:00,1.2997459,1.1799529,1.1799529,25,42,93,110,0.68333334,-0.175
18,2014-07-14 19:15:00+00:00,1.2864429,1.1524484,1.1524484,25,42,110,121,0.9166666,-0.175
18,2014-07-14 19:15:00+00:00,2.0692883,1.5687766,1.5687766,42,59,8,25,-0.7367187,0.24101563
18,2014-07-14 19:15:00+00:00,1.7074416,1.9050971,1.9050971,42,59,25,42,-0.45,0.25
18,2014-07-14 19:15:00+00:00,1.740484,1.7044444,1.7044444,42,59,42,59,-0.16666667,0.25
18,2014-07-14 19:15:00+00:00,1.6736411,1.4843377,1.4843377,42,59,59,76,0.11510417,0.25390625
18,2014-07-14 19:15:00+00:00,1.4489224,1.1299367,1.1299367,42,59,93,110,0.68333334,0.25
18,2014-07-14 19:15:00+00:00,1.378961,1.1701789,1.1701789,42,59,110,121,0.9166666,0.25
18,2014-07-14 19:15:00+00:00,1.7636659,1.676065,1.676065,59,76,25,42,-0.4401042,0.6507813
18,2014-07-14 19:15:00+00:00,1.9875171,1.5503076,1.5503076,59,76,42,59,-0.17682292,0.6203125
18,2014-07-14 19:15:00+00:00,1.8263152,1.5180495,1.5180495,59,76,76,93,0.39453125,0.6359376
18,2014-07-14 19:15:00+00:00,1.2502555,1.2180294,1.2180294,59,76,110,121,0.9166666,0.67499995
19,2014-07-17 18:05:00+00:00,1.6919409,1.4423602,1.4423602,8,25,93,110,0.68437505,-0.55898434
19,2014-07-17 18:05:00+00:00,1.9862615,2.014676,2.014676,25,42,42,59,-0.15625,-0.15507813
19,2014-07-17 18:05:00+00:00,1.781328,2.0530019,2.0530019,25,42,76,93,0.4005208,-0.16757813
19,2014-07-17 18:05:00+00:00,1.5356845,1.4880307,1.4880307,25,42,93,110,0.68333334,-0.175
19,2014-07-17 18:05:00+00:00,1.545398,1.4726076,1.4726076,25,42,110,121,0.9166666,-0.175
19,2014-07-17 18:05:00+00:00,2.0910873,2.095209,2.095209,42,59,8,25,-0.72447914,0.23085937
19,2014-07-17 18:05:00+00:00,1.8018564,2.459421,2.459421,42,59,25,42,-0.45,0.25
19,2014-07-17 18:05:00+00:00,1.968064,2.0367143,2.0367143,42,59,42,59,-0.16666667,0.25
19,2014-07-17 18:05:00+00:00,1.9495709,1.7827088,1.7827088,42,59,59,76,0.11692709,0.25312498
19,2014-07-17 18:05:00+00:00,2.0528736,2.0811293,2.0811293,42,59,76,93,0.4049479,0.26484376
19,2014-07-17 18:05:00+00:00,1.7326237,1.4277946,1.4277946,42,59,93,110,0.68333334,0.25
19,2014-07-17 18:05:00+00:00,1.5867189,1.5087916,1.5087916,42,59,110,121,0.9166666,0.25
19,2014-07-17 18:05:00+00:00,1.8626419,1.9237643,1.9237643,59,76,76,93,0.39895833,0.6425781
19,2014-07-17 18:05:00+00:00,1.6082157,1.3682715,1.3682715,59,76,93,110,0.7125,0.6394531
19,2014-07-17 18:05:00+00:00,1.4553741,1.4730172,1.4730172,59,76,110,121,0.91536456,0.6730468
20,2014-07-31 18:20:00+00:00,0.77524745,1.6718681,1.6718681,8,25,93,110,0.6846354,-0.5570313
21,2014-08-03 18:50:00+00:00,1.7687145,1.6920037,1.6920037,25,42,42,59,-0.15182292,-0.15585938
21,2014-08-03 18:50:00+00:00,1.418051,1.8237424,1.8237424,25,42,76,93,0.40572917,-0.16718751
21,2014-08-03 18:50:00+00:00,1.497819,1.0575076,1.0575076,25,42,93,110,0.68333334,-0.175
21,2014-08-03 18:50:00+00:00,1.259771,1.0349466,1.0349466,25,42,110,121,0.9166666,-0.175
21,2014-08-03 18:50:00+00:00,2.8006518,1.9562917,1.9562917,42,59,8,25,-0.73828125,0.23984376
21,2014-08-03 18:50:00+00:00,2.5082154,2.430621,2.430621,42,59,25,42,-0.44635415,0.2484375
21,2014-08-03 18:50:00+00:00,1.4845015,1.8001395,1.8001395,42,59,42,59,-0.16666667,0.25
21,2014-08-03 18:50:00+00:00,1.6341398,1.4618713,1.4618713,42,59,59,76,0.11692709,0.25312498
21,2014-08-03 18:50:00+00:00,1.4586236,1.0471295,1.0471295,42,59,93,110,0.68333334,0.25
21,2014-08-03 18:50:00+00:00,1.2296333,1.1179485,1.1179485,42,59,110,121,0.9166666,0.25
21,2014-08-03 18:50:00+00:00,1.1618124,1.7674483,1.7674483,59,76,25,42,-0.43359375,0.6546875
21,2014-08-03 18:50:00+00:00,1.3864138,1.2539277,1.2539277,59,76,42,59,-0.18229166,0.62421876
21,2014-08-03 18:50:00+00:00,1.4450924,1.6472601,1.6472601,59,76,76,93,0.39947915,0.64453125
21,2014-08-03 18:50:00+00:00,1.2750105,0.941925,0.941925,59,76,93,110,0.7083333,0.6421875
21,2014-08-03 18:50:00+00:00,1.1589153,1.085945,1.085945,59,76,110,121,0.9166666,0.67499995
22,2014-08-07 18:25:00+00:00,1.6318583,1.6243206,1.6243206,25,42,42,59,-0.159375,-0.15703124
22,2014-08-07 18:25:00+00:00,0.9643683,1.0111579,1.0111579,25,42,110,121,0.9166666,-0.175
22,2014-08-07 18:25:00+00:00,1.5691257,1.6808525,1.6808525,42,59,42,59,-0.16901042,0.24804688
22,2014-08-07 18:25:00+00:00,1.2486848,1.0536178,1.0536178,42,59,93,110,0.69453126,0.26367188
22,2014-08-07 18:25:00+00:00,0.99127537,1.0403458,1.0403458,42,59,110,121,0.9166666,0.25
23,2014-08-09 18:15:00+00:00,1.0031643,0.8967165,0.8967165,8,25,93,110,0.68932295,-0.5582031
23,2014-08-09 18:15:00+00:00,1.4395317,1.8339802,1.8339802,25,42,42,59,-0.15286459,-0.15546875
23,2014-08-09 18:15:00+00:00,1.4908624,1.6217599,1.6217599,25,42,76,93,0.41458333,-0.16640624
23,2014-08-09 18:15:00+00:00,1.3718934,0.9641623,0.9641623,25,42,93,110,0.68333334,-0.175
23,2014-08-09 18:15:00+00:00,1.3936753,0.922353,0.922353,25,42,110,121,0.9166666,-0.175
23,2014-08-09 18:15:00+00:00,2.756787,1.7853254,1.7853254,42,59,8,25,-0.72552085,0.24023438
23,2014-08-09 18:15:00+00:00,2.244991,2.3231878,2.3231878,42,59,25,42,-0.45,0.25
23,2014-08-09 18:15:00+00:00,1.9610717,1.9093487,1.9093487,42,59,42,59,-0.16666667,0.25
23,2014-08-09 18:15:00+00:00,1.7832419,1.542624,1.542624,42,59,59,76,0.10182292,0.24257813
24,2014-08-10 18:55:00+00:00,1.400731,1.488112,1.488112,25,42,42,59,-0.15442708,-0.15625
24,2014-08-10 18:55:00+00:00,1.488358,1.7710595,1.7710595,25,42,76,93,0.41067708,-0.16718751
24,2014-08-10 18:55:00+00:00,1.184712,1.1159512,1.1159512,25,42,93,110,0.68333334,-0.175
24,2014-08-10 18:55:00+00:00,1.2240086,1.0964537,1.0964537,25,42,110,121,0.9166666,-0.175
24,2014-08-10 18:55:00+00:00,2.4964247,1.6215792,1.6215792,42,59,8,25,-0.7328125,0.24023438
24,2014-08-10 18:55:00+00:00,1.9699198,2.0530722,2.0530722,42,59,25,42,-0.45,0.25
24,2014-08-10 18:55:00+00:00,1.5541852,1.5427039,1.5427039,42,59,42,59,-0.16666667,0.25
24,2014-08-10 18:55:00+00:00,1.4397485,1.3414726,1.3414726,42,59,59,76,0.11692709,0.25312498
24,2014-08-10 18:55:00+00:00,1.2935685,1.063278,1.063278,42,59,93,110,0.68333334,0.25
24,2014-08-10 18:55:00+00:00,1.2283132,1.1174804,1.1174804,42,59,110,121,0.9166666,0.25
24,2014-08-10 18:55:00+00:00,1.0910313,1.4644661,1.4644661,59,76,25,42,-0.4403646,0.6492188
24,2014-08-10 18:55:00+00:00,1.1870542,1.0942546,1.0942546,59,76,42,59,-0.20000002,0.6265625
24,2014-08-10 18:55:00+00:00,1.362015,1.5337886,1.5337886,59,76,76,93,0.39713544,0.64531255
24,2014-08-10 18:55:00+00:00,1.2839811,0.9501384,0.9501384,59,76,93,110,0.7083333,0.64335936
24,2014-08-10 18:55:00+00:00,1.1734213,1.0712396,1.0712396,59,76,110,121,0.9166666,0.67499995
25,2014-08-13 17:50:00+00:00,3.3710582,2.1051369,2.1051369,8,25,93,110,0.68333334,-0.5605469
25,2014-08-13 17:50:00+00:00,3.7985733,3.418975,3.418975,25,42,42,59,-0.16171876,-0.14960937
25,2014-08-13 17:50:00+00:00,3.0207515,3.517415,3.517415,25,42,76,93,0.41197917,-0.16484375
25,2014-08-13 17:50:00+00:00,2.5353558,2.4363573,2.4363573,25,42,93,110,0.68333334,-0.175
25,2014-08-13 17:50:00+00:00,2.2734444,2.2219024,2.2219024,25,42,110,121,0.9166666,-0.175
25,2014-08-13 17:50:00+00:00,4.3707466,3.4311857,3.4311857,42,59,8,25,-0.72187495,0.24804688
25,2014-08-13 17:50:00+00:00,3.734083,3.9036276,3.9036276,42,59,25,42,-0.45,0.25
25,2014-08-13 17:50:00+00:00,3.140698,3.5115848,3.5115848,42,59,42,59,-0.16666667,0.25
25,2014-08-13 17:50:00+00:00,2.7461681,3.230054,3.230054,42,59,59,76,0.120572925,0.25273436
25,2014-08-13 17:50:00+00:00,2.30584,2.3707087,2.3707087,42,59,93,110,0.68333334,0.25
25,2014-08-13 17:50:00+00:00,2.1425145,2.276778,2.276778,42,59,110,121,0.9166666,0.25
25,2014-08-13 17:50:00+00:00,2.8249955,2.9982922,2.9982922,59,76,25,42,-0.44166666,0.6484375
25,2014-08-13 17:50:00+00:00,2.4978766,2.4472303,2.4472303,59,76,59,76,0.13151042,0.6117188
25,2014-08-13 17:50:00+00:00,2.5410357,2.9419863,2.9419863,59,76,76,93,0.39114583,0.6359376
25,2014-08-13 17:50:00+00:00,1.8956177,2.1455748,2.1455748,59,76,110,121,0.9166666,0.67499995
26,2014-08-17 19:00:00+00:00,1.5453671,1.2878397,1.2878397,59,76,110,121,0.91223955,0.7007812
27,2014-08-18 18:05:00+00:00,2.8268437,1.8486615,1.8486615,42,59,8,25,-0.7265625,0.24257812
27,2014-08-18 18:05:00+00:00,1.657228,2.1369534,2.1369534,42,59,25,42,-0.47135416,0.24023438
27,2014-08-18 18:05:00+00:00,1.5269301,1.7026541,1.7026541,42,59,42,59,-0.16666667,0.25
27,2014-08-18 18:05:00+00:00,1.2216457,1.4919925,1.4919925,59,76,25,42,-0.4372396,0.65
27,2014-08-18 18:05:00+00:00,1.3372432,1.2096031,1.2096031,59,76,42,59,-0.18125,0.62187505
27,2014-08-18 18:05:00+00:00,1.3787966,1.2041792,1.2041792,59,76,59,76,0.124479175,0.6085937
27,2014-08-18 18:05:00+00:00,1.5284799,1.5801618,1.5801618,59,76,76,93,0.3934896,0.6425781
27,2014-08-18 18:05:00+00:00,1.3821404,0.9769703,0.9769703,59,76,93,110,0.7085937,0.6429688
27,2014-08-18 18:05:00+00:00,1.26538,1.09753,1.09753,59,76,110,121,0.9166666,0.67499995
28,2014-08-25 18:15:00+00:00,2.514214,2.3476746,2.3476746,25,42,42,59,-0.15442708,-0.15546875
28,2014-08-25 18:15:00+00:00,2.6899383,2.7144563,2.7144563,25,42,76,93,0.4088542,-0.16640624
28,2014-08-25 18:15:00+00:00,2.1158388,1.9240842,1.9240842,25,42,93,110,0.6822917,-0.16875
28,2014-08-25 18:15:00+00:00,3.0568748,2.522419,2.522419,42,59,8,25,-0.7367187,0.23984376
28,2014-08-25 18:15:00+00:00,2.453036,2.9092524,2.9092524,42,59,25,42,-0.45,0.25
28,2014-08-25 18:15:00+00:00,1.9771061,2.4243965,2.4243965,42,59,42,59,-0.16666667,0.25
28,2014-08-25 18:15:00+00:00,2.3381395,2.2536612,2.2536612,42,59,59,76,0.11692709,0.25312498
28,2014-08-25 18:15:00+00:00,2.04386,1.8300347,1.8300347,42,59,93,110,0.68333334,0.25
28,2014-08-25 18:15:00+00:00,1.8957272,1.808159,1.808159,42,59,110,121,0.9166666,0.25
28,2014-08-25 18:15:00+00:00,1.9197409,2.059945,2.059945,59,76,25,42,-0.43828124,0.6496094
28,2014-08-25 18:15:00+00:00,1.8331746,1.647892,1.647892,59,76,42,59,-0.17838542,0.6199219
28,2014-08-25 18:15:00+00:00,1.9375006,2.202565,2.202565,59,76,76,93,0.39973956,0.64453125
28,2014-08-25 18:15:00+00:00,1.6827462,1.5288523,1.5288523,59,76,93,110,0.7111979,0.64140624
28,2014-08-25 18:15:00+00:00,1.5675129,1.6626177,1.6626177,59,76,110,121,0.9166666,0.67499995
29,2014-08-26 18:55:00+00:00,2.0350418,1.6196132,1.6196132,8,25,93,110,0.68437505,-0.5558594
29,2014-08-26 18:55:00+00:00,2.4329908,2.3555999,2.3555999,25,42,42,59,-0.14895833,-0.16210938
29,2014-08-26 18:55:00+00:00,2.7433393,2.9770617,2.9770617,25,42,76,93,0.4138021,-0.16796875
29,2014-08-26 18:55:00+00:00,2.226823,1.9303864,1.9303864,25,42,93,110,0.68333334,-0.175
29,2014-08-26 18:55:00+00:00,1.7772651,1.8228807,1.8228807,25,42,110,121,0.9166666,-0.175
29,2014-08-26 18:55:00+00:00,2.2718508,3.0058389,3.0058389,42,59,25,42,-0.43385416,0.23984376
29,2014-08-26 18:55:00+00:00,2.218225,2.319945,2.319945,42,59,59,76,0.12760416,0.25
29,2014-08-26 18:55:00+00:00,2.0009272,1.8827307,1.8827307,42,59,93,110,0.68333334,0.25
29,2014-08-26 18:55:00+00:00,1.930791,1.8796101,1.8796101,42,59,110,121,0.9166666,0.25
29,2014-08-26 18:55:00+00:00,2.033474,2.410927,2.410927,59,76,76,93,0.39947915,0.64453125
29,2014-08-26 18:55:00+00:00,1.7587044,1.5874631,1.5874631,59,76,93,110,0.6976563,0.6441406
29,2014-08-26 18:55:00+00:00,1.4492342,1.7272297,1.7272297,59,76,110,121,0.9166666,0.67499995
30,2014-08-27 18:00:00+00:00,1.748828,1.4495957,1.4495957,25,42,93,110,0.68177086,-0.17421874
30,2014-08-27 18:00:00+00:00,1.363656,1.4373611,1.4373611,25,42,110,121,0.9148438,-0.16757813
30,2014-08-27 18:00:00+00:00,2.604171,1.7798365,1.7798365,42,59,8,25,-0.7231771,0.24921875
30,2014-08-27 18:00:00+00:00,1.7943137,1.400757,1.400757,42,59,59,76,0.12552084,0.240625
30,2014-08-27 18:00:00+00:00,1.5173537,1.3632264,1.3632264,42,59,93,110,0.68125,0.24804688
30,2014-08-27 18:00:00+00:00,1.5665635,1.461752,1.461752,42,59,110,121,0.9166666,0.25
31,2014-08-28 18:45:00+00:00,3.359993,3.0609841,3.0609841,25,42,42,59,-0.16067709,-0.15390626
31,2014-08-28 18:45:00+00:00,4.213802,3.2964962,3.2964962,42,59,8,25,-0.72760415,0.24140625
31,2014-08-28 18:45:00+00:00,3.115383,3.7754745,3.7754745,42,59,25,42,-0.45,0.25
31,2014-08-28 18:45:00+00:00,2.6270437,3.2978618,3.2978618,42,59,42,59,-0.175,0.24375
31,2014-08-28 18:45:00+00:00,2.2578716,2.4100718,2.4100718,42,59,93,110,0.6867187,0.26796874
31,2014-08-28 18:45:00+00:00,2.5008228,2.3502305,2.3502305,42,59,110,121,0.9125,0.2515625
31,2014-08-28 18:45:00+00:00,2.6178308,2.9779305,2.9779305,59,76,76,93,0.3986979,0.6449219
31,2014-08-28 18:45:00+00:00,2.279166,2.0005798,2.0005798,59,76,93,110,0.7085937,0.64140624
31,2014-08-28 18:45:00+00:00,1.8514695,2.1901338,2.1901338,59,76,110,121,0.9166666,0.67499995
32,2014-09-03 18:05:00+00:00,2.83058,3.1366258,3.1366258,25,42,76,93,0.4119792,-0.17265625
32,2014-09-03 18:05:00+00:00,1.9390426,2.2780895,2.2780895,25,42,93,110,0.68333334,-0.175
32,2014-09-03 18:05:00+00:00,1.3435707,2.2770896,2.2770896,25,42,110,121,0.9166666,-0.175
32,2014-09-03 18:05:00+00:00,2.785842,3.6559758,3.6559758,42,59,25,42,-0.45052084,0.25078124
32,2014-09-03 18:05:00+00:00,2.6820383,3.0580642,3.0580642,42,59,42,59,-0.16666667,0.25
32,2014-09-03 18:05:00+00:00,3.0759163,2.774076,2.774076,42,59,59,76,0.11901042,0.25507814
32,2014-09-03 18:05:00+00:00,3.2311318,2.413307,2.413307,42,59,93,110,0.68333334,0.25
32,2014-09-03 18:05:00+00:00,3.2474813,2.5717683,2.5717683,42,59,110,121,0.9166666,0.25
32,2014-09-03 18:05:00+00:00,3.4490826,2.9469247,2.9469247,59,76,25,42,-0.4434896,0.646875
32,2014-09-03 18:05:00+00:00,2.4939673,2.3100176,2.3100176,59,76,42,59,-0.17838542,0.62109375
32,2014-09-03 18:05:00+00:00,2.5002475,2.2844784,2.2844784,59,76,59,76,0.12994792,0.615625
32,2014-09-03 18:05:00+00:00,2.4986577,3.0529788,3.0529788,59,76,76,93,0.3955729,0.64453125
32,2014-09-03 18:05:00+00:00,2.54314,2.2398808,2.2398808,59,76,93,110,0.703125,0.6472656
32,2014-09-03 18:05:00+00:00,3.058481,2.5454733,2.5454733,59,76,110,121,0.9166666,0.67499995
33,2014-09-04 18:50:00+00:00,3.273305,3.6302948,3.6302948,25,42,76,93,0.41458333,-0.17265625
33,2014-09-04 18:50:00+00:00,2.0746162,2.4623706,2.4623706,25,42,93,110,0.6893229,-0.16835937
33,2014-09-04 18:50:00+00:00,1.4901983,2.3371036,2.3371036,25,42,110,121,0.9166666,-0.175
33,2014-09-04 18:50:00+00:00,3.4357157,2.5844307,2.5844307,42,59,93,110,0.6963542,0.23867187
33,2014-09-04 18:50:00+00:00,3.121584,2.6332476,2.6332476,42,59,110,121,0.9145833,0.240625
33,2014-09-04 18:50:00+00:00,2.8980482,2.275491,2.275491,59,76,93,110,0.70703125,0.6507813
34,2014-09-07 17:40:00+00:00,2.030106,1.7450336,1.7450336,8,25,93,110,0.6822917,-0.5636718
34,2014-09-07 17:40:00+00:00,2.083631,1.9091265,1.9091265,8,25,110,121,0.9138021,-0.52812505
34,2014-09-07 17:40:00+00:00,3.4439008,2.9369264,2.9369264,25,42,42,59,-0.16302083,-0.15820312
34,2014-09-07 17:40:00+00:00,2.5605128,3.0147977,3.0147977,25,42,76,93,0.41458333,-0.16679688
34,2014-09-07 17:40:00+00:00,1.979162,1.9531903,1.9531903,25,42,93,110,0.68333334,-0.175
34,2014-09-07 17:40:00+00:00,1.7481984,1.961595,1.961595,25,42,110,121,0.9166666,-0.175
34,2014-09-07 17:40:00+00:00,4.071545,3.3393703,3.3393703,42,59,8,25,-0.7213541,0.23632812
34,2014-09-07 17:40:00+00:00,3.1563947,3.780847,3.780847,42,59,25,42,-0.45,0.25
34,2014-09-07 17:40:00+00:00,2.7185042,3.1693053,3.1693053,42,59,42,59,-0.16666667,0.25
34,2014-09-07 17:40:00+00:00,2.9437418,2.6915402,2.6915402,42,59,59,76,0.11640625,0.253125
34,2014-09-07 17:40:00+00:00,2.8354018,2.1792493,2.1792493,42,59,93,110,0.68437505,0.24921876
34,2014-09-07 17:40:00+00:00,2.079617,2.4009092,2.4009092,42,59,110,121,0.9166666,0.25
34,2014-09-07 17:40:00+00:00,3.4651926,3.2910402,3.2910402,59,76,25,42,-0.43880206,0.6484375
34,2014-09-07 17:40:00+00:00,2.960661,2.4872887,2.4872887,59,76,110,121,0.9166666,0.67499995
35,2014-09-08 18:25:00+00:00,4.190935,3.6230671,3.6230671,25,42,42,59,-0.15208334,-0.15546875
35,2014-09-08 18:25:00+00:00,2.9046018,3.5685647,3.5685647,25,42,76,93,0.41328126,-0.16992188
35,2014-09-08 18:25:00+00:00,1.6026249,2.4232914,2.4232914,25,42,93,110,0.68333334,-0.175
35,2014-09-08 18:25:00+00:00,0.74561155,2.430495,2.430495,25,42,110,121,0.9166666,-0.175
35,2014-09-08 18:25:00+00:00,4.4244423,4.1144505,4.1144505,42,59,8,25,-0.7231771,0.240625
35,2014-09-08 18:25:00+00:00,4.0546846,4.5664515,4.5664515,42,59,25,42,-0.44583333,0.25078124
35,2014-09-08 18:25:00+00:00,3.4247885,4.015765,4.015765,42,59,42,59,-0.16666667,0.25
35,2014-09-08 18:25:00+00:00,3.5410366,3.6059158,3.6059158,42,59,59,76,0.11536459,0.25625
35,2014-09-08 18:25:00+00:00,3.3449626,2.896701,2.896701,42,59,93,110,0.68333334,0.25
35,2014-09-08 18:25:00+00:00,1.4707277,3.151805,3.151805,42,59,110,121,0.9166666,0.25
35,2014-09-08 18:25:00+00:00,3.6994338,4.1039953,4.1039953,59,76,25,42,-0.43359375,0.65117186
35,2014-09-08 18:25:00+00:00,3.1215243,3.3761663,3.3761663,59,76,42,59,-0.17864583,0.6285156
35,2014-09-08 18:25:00+00:00,3.248,3.2334287,3.2334287,59,76,59,76,0.12786458,0.61640626
35,2014-09-08 18:25:00+00:00,3.552597,3.9967835,3.9967835,59,76,76,93,0.3986979,0.6539063
35,2014-09-08 18:25:00+00:00,3.3378928,2.8779795,2.8779795,59,76,93,110,0.7052083,0.6464844
35,2014-09-08 18:25:00+00:00,3.192857,3.2695303,3.2695303,59,76,110,121,0.9166666,0.67499995
36,2014-09-16 17:35:00+00:00,1.5718966,1.7127855,1.7127855,42,59,110,121,0.9091146,0.25117186
36,2014-09-16 17:35:00+00:00,1.2967646,1.691889,1.691889,59,76,110,121,0.92057294,0.6707031
37,2014-09-16 19:15:00+00:00,2.7014334,2.5348198,2.5348198,25,42,42,59,-0.15911457,-0.15117186
37,2014-09-16 19:15:00+00:00,2.5271463,3.079286,3.079286,42,59,25,42,-0.45,0.25
37,2014-09-16 19:15:00+00:00,2.4682903,2.612242,2.612242,42,59,42,59,-0.16666667,0.25
37,2014-09-16 19:15:00+00:00,2.631903,2.2981417,2.2981417,42,59,59,76,0.11354166,0.25429687
37,2014-09-16 19:15:00+00:00,2.0691526,1.7865947,1.7865947,42,59,93,110,0.69348955,0.2550781
37,2014-09-16 19:15:00+00:00,1.7908504,1.8380529,1.8380529,42,59,110,121,0.9135417,0.25390625
37,2014-09-16 19:15:00+00:00,1.2319388,1.7888243,1.7888243,59,76,110,121,0.9166666,0.67499995
38,2014-09-17 18:20:00+00:00,2.3305519,2.381083,2.381083,25,42,76,93,0.40677083,-0.1640625
38,2014-09-17 18:20:00+00:00,1.8335019,1.7263947,1.7263947,25,42,93,110,0.68333334,-0.175
38,2014-09-17 18:20:00+00:00,1.5695139,1.7592187,1.7592187,25,42,110,121,0.9166666,-0.175
38,2014-09-17 18:20:00+00:00,3.8801017,2.668108,2.668108,42,59,8,25,-0.726302,0.240625
38,2014-09-17 18:20:00+00:00,2.5061026,3.0629365,3.0629365,42,59,25,42,-0.45,0.25
38,2014-09-17 18:20:00+00:00,2.4381292,2.6029077,2.6029077,42,59,42,59,-0.16666667,0.25
38,2014-09-17 18:20:00+00:00,2.484088,2.3184006,2.3184006,42,59,59,76,0.11692709,0.25312498
38,2014-09-17 18:20:00+00:00,2.3320315,1.8914802,1.8914802,42,59,93,110,0.68333334,0.25
38,2014-09-17 18:20:00+00:00,2.0389392,2.0870817,2.0870817,42,59,110,121,0.9166666,0.25
38,2014-09-17 18:20:00+00:00,2.3416474,2.650489,2.650489,59,76,25,42,-0.43880206,0.6492188
38,2014-09-17 18:20:00+00:00,2.275822,2.2008338,2.2008338,59,76,42,59,-0.18229166,0.62421876
38,2014-09-17 18:20:00+00:00,2.3434625,2.1452024,2.1452024,59,76,59,76,0.12291667,0.60898435
38,2014-09-17 18:20:00+00:00,2.4283202,2.5617833,2.5617833,59,76,76,93,0.39947915,0.64453125
38,2014-09-17 18:20:00+00:00,2.3220432,1.8619317,1.8619317,59,76,93,110,0.7075521,0.6421875
38,2014-09-17 18:20:00+00:00,1.9970847,2.1631043,2.1631043,59,76,110,121,0.9166666,0.67499995
39,2014-09-18 19:00:00+00:00,2.6122997,1.9319565,1.9319565,25,42,42,59,-0.16380209,-0.15703124
39,2014-09-18 19:00:00+00:00,1.7017524,1.5552068,1.5552068,25,42,93,110,0.6825521,-0.17070313
39,2014-09-18 19:00:00+00:00,1.4941936,1.4310833,1.4310833,25,42,110,121,0.9203125,-0.1609375
39,2014-09-18 19:00:00+00:00,2.8818588,2.1457784,2.1457784,42,59,8,25,-0.7421875,0.23906249
39,2014-09-18 19:00:00+00:00,2.0873985,2.6269743,2.6269743,42,59,25,42,-0.45,0.25
39,2014-09-18 19:00:00+00:00,2.0205114,1.9708207,1.9708207,42,59,42,59,-0.16510418,0.25117186
39,2014-09-18 19:00:00+00:00,1.9080964,1.6715473,1.6715473,42,59,59,76,0.12552084,0.2589844
39,2014-09-18 19:00:00+00:00,1.6936288,1.4159563,1.4159563,42,59,93,110,0.68333334,0.25
39,2014-09-18 19:00:00+00:00,1.3821094,1.4315846,1.4315846,42,59,110,121,0.9166666,0.25
40,2014-09-19 18:05:00+00:00,2.3244302,2.2622924,2.2622924,25,42,42,59,-0.1578125,-0.15742187
40,2014-09-19 18:05:00+00:00,2.1104238,2.5771875,2.5771875,25,42,76,93,0.4138021,-0.17304687
40,2014-09-19 18:05:00+00:00,1.3393421,1.4386088,1.4386088,25,42,110,121,0.9260416,-0.19726562
40,2014-09-19 18:05:00+00:00,3.878966,2.6172228,2.6172228,42,59,8,25,-0.71666664,0.23203126
40,2014-09-19 18:05:00+00:00,2.359587,3.0232244,3.0232244,42,59,25,42,-0.45,0.25
40,2014-09-19 18:05:00+00:00,2.1176777,2.3814688,2.3814688,42,59,42,59,-0.16927084,0.25078124
40,2014-09-19 18:05:00+00:00,2.0729246,1.9767019,1.9767019,42,59,59,76,0.110677086,0.2628906
41,2014-09-20 18:50:00+00:00,3.6155922,4.060176,4.060176,25,42,76,93,0.4111979,-0.16992188
41,2014-09-20 18:50:00+00:00,2.5272543,2.7288706,2.7288706,25,42,93,110,0.68333334,-0.175
41,2014-09-20 18:50:00+00:00,2.076935,2.5978868,2.5978868,25,42,110,121,0.9166666,-0.175
41,2014-09-20 18:50:00+00:00,3.433846,3.7659988,3.7659988,42,59,59,76,0.119270846,0.2582031
41,2014-09-20 18:50:00+00:00,3.1268966,2.9562159,2.9562159,42,59,93,110,0.68333334,0.25
41,2014-09-20 18:50:00+00:00,2.6074946,3.0181055,3.0181055,42,59,110,121,0.9166666,0.25
42,2014-09-23 17:40:00+00:00,3.896322,3.3223298,3.3223298,25,42,42,59,-0.16145833,-0.1546875
42,2014-09-23 17:40:00+00:00,3.2715826,3.4947913,3.4947913,25,42,76,93,0.4143229,-0.17304689
42,2014-09-23 17:40:00+00:00,2.448196,2.3090472,2.3090472,25,42,93,110,0.68333334,-0.175
42,2014-09-23 17:40:00+00:00,2.2106266,2.1483483,2.1483483,25,42,110,121,0.9166666,-0.175
42,2014-09-23 17:40:00+00:00,4.4847097,3.4464843,3.4464843,42,59,8,25,-0.73046875,0.24609375
42,2014-09-23 17:40:00+00:00,2.9929805,3.9709606,3.9709606,42,59,25,42,-0.45,0.25
42,2014-09-23 17:40:00+00:00,2.8487303,3.5063994,3.5063994,42,59,42,59,-0.16666667,0.25
42,2014-09-23 17:40:00+00:00,3.2161903,3.08101,3.08101,42,59,59,76,0.117968746,0.25273436
42,2014-09-23 17:40:00+00:00,2.6386395,2.3914735,2.3914735,42,59,93,110,0.68333334,0.25
42,2014-09-23 17:40:00+00:00,2.4352744,2.3806574,2.3806574,42,59,110,121,0.9166666,0.25
42,2014-09-23 17:40:00+00:00,2.1954386,2.310894,2.310894,59,76,110,121,0.91276044,0.67460936
43,2014-09-23 19:20:00+00:00,2.8883934,1.9921542,1.9921542,8,25,93,110,0.6804688,-0.5609375
43,2014-09-23 19:20:00+00:00,3.8321536,3.1943216,3.1943216,25,42,42,59,-0.1609375,-0.1578125
43,2014-09-23 19:20:00+00:00,3.33406,3.598514,3.598514,25,42,76,93,0.40703124,-0.16484375
43,2014-09-23 19:20:00+00:00,2.4133818,2.4231865,2.4231865,25,42,93,110,0.68333334,-0.175
43,2014-09-23 19:20:00+00:00,2.0527947,2.2908852,2.2908852,25,42,110,121,0.9166666,-0.175
43,2014-09-23 19:20:00+00:00,4.498512,3.3639014,3.3639014,42,59,8,25,-0.72473955,0.2421875
43,2014-09-23 19:20:00+00:00,2.8888583,3.9404252,3.9404252,42,59,25,42,-0.45,0.25
43,2014-09-23 19:20:00+00:00,2.8821075,3.3671894,3.3671894,42,59,42,59,-0.16666667,0.25
43,2014-09-23 19:20:00+00:00,3.2800639,3.1332827,3.1332827,42,59,59,76,0.11328126,0.2566406
43,2014-09-23 19:20:00+00:00,2.578266,2.553327,2.553327,42,59,93,110,0.68333334,0.25
43,2014-09-23 19:20:00+00:00,2.3074875,2.5688517,2.5688517,42,59,110,121,0.9166666,0.25
43,2014-09-23 19:20:00+00:00,2.9338915,3.005674,3.005674,59,76,25,42,-0.4361979,0.64414066
43,2014-09-23 19:20:00+00:00,1.9356321,2.4337342,2.4337342,59,76,110,121,0.9166666,0.67499995
44,2014-09-24 18:25:00+00:00,3.19044,2.239638,2.239638,8,25,93,110,0.68906254,-0.5582031
44,2014-09-24 18:25:00+00:00,3.6357791,3.2565708,3.2565708,25,42,42,59,-0.15286459,-0.15546875
44,2014-09-24 18:25:00+00:00,3.521829,3.745814,3.745814,25,42,76,93,0.4166667,-0.16796875
44,2014-09-24 18:25:00+00:00,2.575469,2.607887,2.607887,25,42,93,110,0.68333334,-0.175
44,2014-09-24 18:25:00+00:00,2.3664732,2.5529506,2.5529506,25,42,110,121,0.9166666,-0.175
44,2014-09-24 18:25:00+00:00,4.3646464,3.589816,3.589816,42,59,8,25,-0.7294271,0.240625
44,2014-09-24 18:25:00+00:00,2.710248,4.0520124,4.0520124,42,59,25,42,-0.45,0.25
44,2014-09-24 18:25:00+00:00,2.8950078,3.4568522,3.4568522,42,59,42,59,-0.16666667,0.25
44,2014-09-24 18:25:00+00:00,3.4956954,3.28659,3.28659,42,59,59,76,0.11979167,0.25234374
44,2014-09-24 18:25:00+00:00,3.0208452,2.7663498,2.7663498,42,59,93,110,0.68333334,0.25
44,2014-09-24 18:25:00+00:00,2.796978,2.8834507,2.8834507,42,59,110,121,0.9166666,0.25
44,2014-09-24 18:25:00+00:00,2.891076,3.287451,3.287451,59,76,25,42,-0.4361979,0.6503906
44,2014-09-24 18:25:00+00:00,2.560025,2.5000944,2.5000944,59,76,42,59,-0.1903646,0.6269531
44,2014-09-24 18:25:00+00:00,2.8855681,3.4891195,3.4891195,59,76,76,93,0.3981771,0.6449219
44,2014-09-24 18:25:00+00:00,2.6690733,2.4490626,2.4490626,59,76,93,110,0.71250004,0.6417969
44,2014-09-24 18:25:00+00:00,2.2627428,2.827057,2.827057,59,76,110,121,0.9166666,0.67499995
46,2014-09-26 18:15:00+00:00,2.404086,2.0651858,2.0651858,8,25,93,110,0.6848958,-0.55742186
46,2014-09-26 18:15:00+00:00,3.260571,2.9829564,2.9829564,25,42,42,59,-0.153125,-0.15585938
46,2014-09-26 18:15:00+00:00,3.0158052,3.342737,3.342737,25,42,76,93,0.4109375,-0.16757813
46,2014-09-26 18:15:00+00:00,2.2687378,2.302215,2.302215,25,42,93,110,0.68333334,-0.175
46,2014-09-26 18:15:00+00:00,2.043278,2.2818615,2.2818615,25,42,110,121,0.9166666,-0.175
46,2014-09-26 18:15:00+00:00,2.4320004,3.8187768,3.8187768,42,59,25,42,-0.4533854,0.25078124
46,2014-09-26 18:15:00+00:00,2.720778,3.2046518,3.2046518,42,59,42,59,-0.16666667,0.25
46,2014-09-26 18:15:00+00:00,3.149864,2.9751399,2.9751399,42,59,59,76,0.1140625,0.25390625
46,2014-09-26 18:15:00+00:00,3.4564798,3.5830295,3.5830295,42,59,76,93,0.40625,0.26171875
46,2014-09-26 18:15:00+00:00,2.781792,2.4718273,2.4718273,42,59,93,110,0.68333334,0.25
46,2014-09-26 18:15:00+00:00,2.4184468,2.6349676,2.6349676,42,59,110,121,0.9166666,0.25
46,2014-09-26 18:15:00+00:00,2.016118,3.161016,3.161016,59,76,25,42,-0.43697917,0.6503906
46,2014-09-26 18:15:00+00:00,2.385573,2.480988,2.480988,59,76,42,59,-0.18072918,0.62187505
46,2014-09-26 18:15:00+00:00,2.7546477,3.2696023,3.2696023,59,76,76,93,0.39739582,0.6441406
46,2014-09-26 18:15:00+00:00,2.6733594,2.2630675,2.2630675,59,76,93,110,0.71510416,0.6417969
46,2014-09-26 18:15:00+00:00,2.5411906,2.6559825,2.6559825,59,76,110,121,0.9166666,0.67499995
47,2014-09-27 18:55:00+00:00,2.1751459,3.0078764,3.0078764,42,59,110,121,0.9200521,0.27304685
47,2014-09-27 18:55:00+00:00,3.145314,2.613933,2.613933,59,76,93,110,0.7054688,0.64765626
47,2014-09-27 18:55:00+00:00,2.9914021,2.989288,2.989288,59,76,110,121,0.9166666,0.67499995
48,2014-09-29 18:45:00+00:00,2.437418,1.7714393,1.7714393,8,25,93,110,0.6822916,-0.5566406
48,2014-09-29 18:45:00+00:00,3.0331078,3.2843735,3.2843735,25,42,42,59,-0.15182292,-0.15585938
48,2014-09-29 18:45:00+00:00,2.658652,3.386961,3.386961,25,42,76,93,0.40625,-0.16875
48,2014-09-29 18:45:00+00:00,2.1630793,2.0844522,2.0844522,25,42,93,110,0.68333334,-0.175
48,2014-09-29 18:45:00+00:00,1.8658113,1.942086,1.942086,25,42,110,121,0.9166666,-0.175
48,2014-09-29 18:45:00+00:00,4.4392295,3.438749,3.438749,42,59,8,25,-0.72760415,0.24140625
48,2014-09-29 18:45:00+00:00,3.5362623,4.01406,4.01406,42,59,25,42,-0.45,0.25
48,2014-09-29 18:45:00+00:00,3.7175882,3.5087476,3.5087476,42,59,42,59,-0.16666667,0.25
48,2014-09-29 18:45:00+00:00,3.716128,3.1056483,3.1056483,42,59,59,76,0.11692709,0.25312498
48,2014-09-29 18:45:00+00:00,2.4908965,2.1893544,2.1893544,42,59,93,110,0.68333334,0.25
48,2014-09-29 18:45:00+00:00,1.8058436,2.2101898,2.2101898,42,59,110,121,0.9166666,0.25
48,2014-09-29 18:45:00+00:00,2.137471,3.2342987,3.2342987,59,76,25,42,-0.434375,0.6515625
48,2014-09-29 18:45:00+00:00,2.3538735,2.6083653,2.6083653,59,76,42,59,-0.18229166,0.6304688
48,2014-09-29 18:45:00+00:00,3.38248,3.1083345,3.1083345,59,76,76,93,0.39479166,0.6496094
48,2014-09-29 18:45:00+00:00,2.5439641,1.9877708,1.9877708,59,76,93,110,0.7036458,0.6425781
48,2014-09-29 18:45:00+00:00,2.1174247,2.1779773,2.1779773,59,76,110,121,0.9166666,0.67499995
49,2014-10-12 18:05:00+00:00,4.0116677,3.1172218,3.1172218,25,42,42,59,-0.14869791,-0.15976563
49,2014-10-12 18:05:00+00:00,2.6856153,3.4270203,3.4270203,25,42,76,93,0.4078125,-0.16914062
49,2014-10-12 18:05:00+00:00,2.4847448,2.4338741,2.4338741,25,42,93,110,0.68333334,-0.175
49,2014-10-12 18:05:00+00:00,2.4365034,2.428954,2.428954,25,42,110,121,0.9158854,-0.17500001
49,2014-10-12 18:05:00+00:00,4.5207634,3.4981334,3.4981334,42,59,8,25,-0.7260417,0.2511719
49,2014-10-12 18:05:00+00:00,3.5897818,3.9513493,3.9513493,42,59,25,42,-0.45078126,0.25039062
49,2014-10-12 18:05:00+00:00,2.707399,3.3349912,3.3349912,42,59,42,59,-0.16666667,0.25
49,2014-10-12 18:05:00+00:00,2.5885785,3.0265346,3.0265346,42,59,59,76,0.11796875,0.25625
49,2014-10-12 18:05:00+00:00,3.236275,2.6303399,2.6303399,42,59,93,110,0.68333334,0.25
49,2014-10-12 18:05:00+00:00,2.615956,2.8150759,2.8150759,42,59,110,121,0.9166666,0.25
49,2014-10-12 18:05:00+00:00,3.6484363,3.2808344,3.2808344,59,76,25,42,-0.43359375,0.6542969
49,2014-10-12 18:05:00+00:00,2.5866451,2.5782197,2.5782197,59,76,42,59,-0.18411459,0.62617195
49,2014-10-12 18:05:00+00:00,2.2637968,2.567622,2.567622,59,76,59,76,0.12526043,0.6191406
49,2014-10-12 18:05:00+00:00,2.8155503,3.3986945,3.3986945,59,76,76,93,0.3955729,0.65000004
49,2014-10-12 18:05:00+00:00,3.1340647,2.497658,2.497658,59,76,93,110,0.7075521,0.6484375
49,2014-10-12 18:05:00+00:00,2.414716,2.8350205,2.8350205,59,76,110,121,0.9166666,0.67499995
50,2014-10-12 18:10:00+00:00,2.7325208,2.2124732,2.2124732,8,25,93,110,0.68437505,-0.5558594
51,2014-10-12 18:15:00+00:00,3.6366913,2.622265,2.622265,25,42,42,59,-0.15963542,-0.15429688
51,2014-10-12 18:15:00+00:00,4.566554,3.186807,3.186807,42,59,8,25,-0.7273437,0.24023438
51,2014-10-12 18:15:00+00:00,3.26335,3.679673,3.679673,42,59,25,42,-0.45,0.25
51,2014-10-12 18:15:00+00:00,2.3893902,2.8752089,2.8752089,42,59,42,59,-0.16666667,0.25
51,2014-10-12 18:15:00+00:00,2.2797039,2.608171,2.608171,42,59,59,76,0.11692709,0.25312498
51,2014-10-12 18:15:00+00:00,2.7955234,2.370697,2.370697,42,59,93,110,0.68333334,0.25
51,2014-10-12 18:15:00+00:00,2.464482,2.6436055,2.6436055,42,59,110,121,0.9166666,0.25
51,2014-10-12 18:15:00+00:00,3.5046864,3.053268,3.053268,59,76,25,42,-0.4377604,0.6492188
51,2014-10-12 18:15:00+00:00,2.1491125,2.0778134,2.0778134,59,76,42,59,-0.20026043,0.6269531
51,2014-10-12 18:15:00+00:00,2.4915936,3.2211885,3.2211885,59,76,76,93,0.39635417,0.6441406
51,2014-10-12 18:15:00+00:00,2.958209,2.1943574,2.1943574,59,76,93,110,0.7101562,0.6421875
51,2014-10-12 18:15:00+00:00,2.296717,2.6620922,2.6620922,59,76,110,121,0.9166666,0.67499995
52,2014-10-23 17:55:00+00:00,3.984829,2.9600608,2.9600608,25,42,42,59,-0.15520835,-0.14335938
52,2014-10-23 17:55:00+00:00,3.1132448,3.4575305,3.4575305,25,42,76,93,0.40442705,-0.17304687
52,2014-10-23 17:55:00+00:00,3.1878598,2.718983,2.718983,25,42,93,110,0.68125,-0.1734375
52,2014-10-23 17:55:00+00:00,2.9681246,2.715464,2.715464,25,42,110,121,0.9166666,-0.175
52,2014-10-23 17:55:00+00:00,4.1371226,3.2597027,3.2597027,42,59,8,25,-0.72786456,0.24921876
52,2014-10-23 17:55:00+00:00,2.7852716,3.68329,3.68329,42,59,25,42,-0.45,0.25
52,2014-10-23 17:55:00+00:00,3.002534,3.1153839,3.1153839,42,59,42,59,-0.16666667,0.25
52,2014-10-23 17:55:00+00:00,2.7329721,3.0297103,3.0297103,42,59,59,76,0.13489583,0.26015624
52,2014-10-23 17:55:00+00:00,2.7478588,2.7262435,2.7262435,42,59,93,110,0.68333334,0.25
52,2014-10-23 17:55:00+00:00,2.211946,2.909472,2.909472,59,76,25,42,-0.43697917,0.6542969
52,2014-10-23 17:55:00+00:00,2.2347271,2.3627102,2.3627102,59,76,42,59,-0.1734375,0.62187505
52,2014-10-23 17:55:00+00:00,2.4266536,2.402083,2.402083,59,76,59,76,0.12473959,0.62421876
52,2014-10-23 17:55:00+00:00,2.5076227,3.2025588,3.2025588,59,76,76,93,0.39505208,0.6492188
52,2014-10-23 17:55:00+00:00,2.5086336,2.4813366,2.4813366,59,76,93,110,0.70442706,0.64921874
52,2014-10-23 17:55:00+00:00,2.2623634,2.774431,2.774431,59,76,110,121,0.9164063,0.67929685
53,2014-10-26 18:25:00+00:00,3.812148,2.9756312,2.9756312,25,42,42,59,-0.15625,-0.15273437
53,2014-10-26 18:25:00+00:00,2.9984503,3.4959307,3.4959307,25,42,76,93,0.415625,-0.17148438
53,2014-10-26 18:25:00+00:00,3.274341,2.7442634,2.7442634,25,42,93,110,0.68333334,-0.175
53,2014-10-26 18:25:00+00:00,2.9548247,2.739895,2.739895,25,42,110,121,0.9166666,-0.175
53,2014-10-26 18:25:00+00:00,3.709019,3.1204002,3.1204002,42,59,8,25,-0.73072916,0.25039062
53,2014-10-26 18:25:00+00:00,2.3408566,3.5610263,3.5610263,42,59,25,42,-0.45078126,0.25039062
53,2014-10-26 18:25:00+00:00,2.5098412,3.0540953,3.0540953,42,59,42,59,-0.16666667,0.25
53,2014-10-26 18:25:00+00:00,2.8191426,2.9004006,2.9004006,42,59,59,76,0.11848958,0.25546873
53,2014-10-26 18:25:00+00:00,2.774003,2.7047565,2.7047565,42,59,93,110,0.68333334,0.25
53,2014-10-26 18:25:00+00:00,2.4643285,2.8266807,2.8266807,42,59,110,121,0.9166666,0.25
53,2014-10-26 18:25:00+00:00,2.1094263,2.80489,2.80489,59,76,25,42,-0.4348958,0.6570313
53,2014-10-26 18:25:00+00:00,2.113559,2.3347228,2.3347228,59,76,42,59,-0.17578125,0.6386719
53,2014-10-26 18:25:00+00:00,2.3264062,2.4375758,2.4375758,59,76,59,76,0.12473959,0.61679685
53,2014-10-26 18:25:00+00:00,2.5949385,3.0829742,3.0829742,59,76,76,93,0.39479166,0.65625
53,2014-10-26 18:25:00+00:00,2.7218833,2.454548,2.454548,59,76,93,110,0.7138021,0.6472656
53,2014-10-26 18:25:00+00:00,2.5378125,2.7628582,2.7628582,59,76,110,121,0.9166666,0.67499995
54,2014-11-11 18:25:00+00:00,2.4532692,1.9381859,1.9381859,25,42,93,110,0.69062495,-0.16367188
54,2014-11-11 18:25:00+00:00,2.0235493,1.8892813,1.8892813,42,59,93,110,0.68333334,0.25
54,2014-11-11 18:25:00+00:00,2.1112049,2.0209608,2.0209608,42,59,110,121,0.9166666,0.25
54,2014-11-11 18:25:00+00:00,2.2182739,2.188223,2.188223,59,76,76,93,0.39973956,0.63320315
54,2014-11-11 18:25:00+00:00,2.2385192,1.758604,1.758604,59,76,93,110,0.7132813,0.64765626
54,2014-11-11 18:25:00+00:00,2.1313927,1.9751455,1.9751455,59,76,110,121,0.9166666,0.67499995
55,2015-05-01 18:01:00+00:00,2.4646325,1.5843978,1.5843978,8,25,93,110,0.68385416,-0.5628906
55,2015-05-01 18:01:00+00:00,2.4075933,2.3217015,2.3217015,25,42,42,59,-0.15182292,-0.1546875
55,2015-05-01 18:01:00+00:00,1.7722826,2.2101665,2.2101665,25,42,76,93,0.40572917,-0.1640625
55,2015-05-01 18:01:00+00:00,1.7679957,1.6511884,1.6511884,25,42,93,110,0.68333334,-0.175
55,2015-05-01 18:01:00+00:00,1.8278668,1.6304345,1.6304345,25,42,110,121,0.9166666,-0.175
55,2015-05-01 18:01:00+00:00,2.4307678,2.8685944,2.8685944,42,59,25,42,-0.43828127,0.2421875
55,2015-05-01 18:01:00+00:00,2.0458584,2.4561489,2.4561489,42,59,42,59,-0.16666667,0.25
55,2015-05-01 18:01:00+00:00,2.039574,2.1276188,2.1276188,42,59,59,76,0.11953125,0.25585938
55,2015-05-01 18:01:00+00:00,1.8605207,1.6762772,1.6762772,42,59,93,110,0.6643229,0.24140625
55,2015-05-01 18:01:00+00:00,1.9543067,1.7226965,1.7226965,42,59,110,121,0.9174479,0.24179687
55,2015-05-01 18:01:00+00:00,2.0591042,2.0903184,2.0903184,59,76,42,59,-0.17630208,0.61679685
55,2015-05-01 18:01:00+00:00,2.2147286,1.9509068,1.9509068,59,76,59,76,0.13098958,0.6199219
55,2015-05-01 18:01:00+00:00,2.2420332,2.2194383,2.2194383,59,76,76,93,0.39973956,0.63750005
55,2015-05-01 18:01:00+00:00,1.9911976,1.7968972,1.7968972,59,76,110,121,0.9169271,0.6769531
56,2015-05-01 18:05:00+00:00,2.4646325,1.6997322,1.6997322,8,25,93,110,0.68385416,-0.5628906
56,2015-05-01 18:05:00+00:00,2.4075933,2.4449458,2.4449458,25,42,42,59,-0.15182292,-0.1546875
56,2015-05-01 18:05:00+00:00,1.7722826,2.4055026,2.4055026,25,42,76,93,0.40572917,-0.1640625
56,2015-05-01 18:05:00+00:00,1.7679957,1.7984499,1.7984499,25,42,93,110,0.68333334,-0.175
56,2015-05-01 18:05:00+00:00,1.8278668,1.7529771,1.7529771,25,42,110,121,0.9166666,-0.175
56,2015-05-01 18:05:00+00:00,2.0194035,2.5420356,2.5420356,42,59,42,59,-0.16666667,0.25
56,2015-05-01 18:05:00+00:00,2.037281,2.2646399,2.2646399,42,59,59,76,0.11953125,0.25585938
56,2015-05-01 18:05:00+00:00,1.8605207,1.7836927,1.7836927,42,59,93,110,0.6643229,0.24140625
56,2015-05-01 18:05:00+00:00,1.9543067,1.7937409,1.7937409,42,59,110,121,0.9174479,0.24179687
56,2015-05-01 18:05:00+00:00,2.1865528,2.0213187,2.0213187,59,76,59,76,0.13098958,0.6199219
56,2015-05-01 18:05:00+00:00,1.9870125,1.8542467,1.8542467,59,76,110,121,0.9169271,0.6769531
58,2015-05-02 18:50:00+00:00,2.4845226,1.7609258,1.7609258,8,25,93,110,0.6875,-0.5582031
58,2015-05-02 18:50:00+00:00,2.7027712,1.8381995,1.8381995,8,25,110,121,0.9166667,-0.525
58,2015-05-02 18:50:00+00:00,2.7065663,2.4798923,2.4798923,25,42,42,59,-0.16119792,-0.153125
58,2015-05-02 18:50:00+00:00,1.9034309,2.4599898,2.4599898,25,42,76,93,0.41770834,-0.16640624
58,2015-05-02 18:50:00+00:00,1.8451204,1.8376077,1.8376077,25,42,93,110,0.68333334,-0.175
58,2015-05-02 18:50:00+00:00,1.899037,1.7817606,1.7817606,25,42,110,121,0.9166666,-0.175
58,2015-05-02 18:50:00+00:00,3.4128451,2.4866264,2.4866264,42,59,8,25,-0.7447917,0.23906252
58,2015-05-02 18:50:00+00:00,2.1278791,2.8916934,2.8916934,42,59,25,42,-0.45,0.25078124
58,2015-05-02 18:50:00+00:00,2.0944824,2.6003535,2.6003535,42,59,42,59,-0.16666667,0.25
58,2015-05-02 18:50:00+00:00,2.1390855,2.3269491,2.3269491,42,59,59,76,0.12473959,0.25234374
58,2015-05-02 18:50:00+00:00,1.944468,1.8433642,1.8433642,42,59,93,110,0.68333334,0.25
58,2015-05-02 18:50:00+00:00,2.0945413,1.8998573,1.8998573,42,59,110,121,0.9166666,0.25
58,2015-05-02 18:50:00+00:00,2.3454854,2.4019697,2.4019697,59,76,25,42,-0.4377604,0.64453125
58,2015-05-02 18:50:00+00:00,2.2404745,2.176515,2.176515,59,76,42,59,-0.17994793,0.62226564
58,2015-05-02 18:50:00+00:00,2.2831886,2.31708,2.31708,59,76,76,93,0.40182292,0.6398438
58,2015-05-02 18:50:00+00:00,1.9979991,1.8080074,1.8080074,59,76,93,110,0.70911455,0.64375
58,2015-05-02 18:50:00+00:00,2.0399435,1.9346367,1.9346367,59,76,110,121,0.9166666,0.67499995
59,2015-05-03 17:55:00+00:00,1.6168848,1.7442077,1.7442077,25,42,93,110,0.6817708,-0.1734375
59,2015-05-03 17:55:00+00:00,1.6662993,1.689774,1.689774,25,42,110,121,0.9166666,-0.175
59,2015-05-03 17:55:00+00:00,2.1386235,2.7171912,2.7171912,42,59,25,42,-0.4348958,0.26093748
59,2015-05-03 17:55:00+00:00,2.07254,2.4429748,2.4429748,42,59,42,59,-0.16770834,0.2566406
59,2015-05-03 17:55:00+00:00,2.0673296,2.0749123,2.0749123,42,59,59,76,0.12161458,0.26054686
59,2015-05-03 17:55:00+00:00,1.704316,1.6729084,1.6729084,42,59,93,110,0.68333334,0.25
59,2015-05-03 17:55:00+00:00,1.8308792,1.703584,1.703584,42,59,110,121,0.9166666,0.25
59,2015-05-03 17:55:00+00:00,1.8045683,1.739809,1.739809,59,76,110,121,0.9166666,0.67499995
60,2015-05-07 19:10:00+00:00,2.496789,1.8097719,1.8097719,8,25,93,110,0.68072915,-0.55976564
60,2015-05-07 19:10:00+00:00,2.6632757,1.8604766,1.8604766,8,25,110,121,0.9140625,-0.5335938
60,2015-05-07 19:10:00+00:00,3.1435905,2.5083644,2.5083644,25,42,42,59,-0.15182292,-0.14960937
60,2015-05-07 19:10:00+00:00,2.174549,2.473211,2.473211,25,42,76,93,0.41458333,-0.16523439
60,2015-05-07 19:10:00+00:00,1.7993362,1.8818604,1.8818604,25,42,93,110,0.68333334,-0.175
60,2015-05-07 19:10:00+00:00,1.9634966,1.8201401,1.8201401,25,42,110,121,0.9166666,-0.175
60,2015-05-07 19:10:00+00:00,3.6240208,2.455708,2.455708,42,59,8,25,-0.72005206,0.23828125
60,2015-05-07 19:10:00+00:00,2.5586417,2.8792732,2.8792732,42,59,25,42,-0.4518229,0.25195312
60,2015-05-07 19:10:00+00:00,2.284827,2.5726273,2.5726273,42,59,42,59,-0.16666667,0.25
60,2015-05-07 19:10:00+00:00,2.096813,2.2932882,2.2932882,42,59,59,76,0.11562501,0.2566406
60,2015-05-07 19:10:00+00:00,1.8719199,1.8186584,1.8186584,42,59,93,110,0.68333334,0.25
60,2015-05-07 19:10:00+00:00,1.8865079,1.8627594,1.8627594,42,59,110,121,0.9166666,0.25
60,2015-05-07 19:10:00+00:00,2.4317164,2.187152,2.187152,59,76,42,59,-0.18385416,0.62070316
60,2015-05-07 19:10:00+00:00,2.3580244,2.3072803,2.3072803,59,76,76,93,0.3955729,0.63750005
60,2015-05-07 19:10:00+00:00,1.7864465,1.9194989,1.9194989,59,76,110,121,0.9166666,0.67499995
61,2015-05-11 18:45:00+00:00,2.1511047,2.4844978,2.4844978,25,42,76,93,0.41015625,-0.165625
61,2015-05-11 18:45:00+00:00,1.8840727,1.8406608,1.8406608,25,42,93,110,0.69166666,-0.16445312
61,2015-05-11 18:45:00+00:00,1.8734009,1.8252249,1.8252249,25,42,110,121,0.9135417,-0.17382812
61,2015-05-11 18:45:00+00:00,2.175652,2.3285284,2.3285284,42,59,59,76,0.11510417,0.26796874
61,2015-05-11 18:45:00+00:00,2.0770667,1.8348932,1.8348932,42,59,93,110,0.68333334,0.25
61,2015-05-11 18:45:00+00:00,1.9004371,1.9341291,1.9341291,42,59,110,121,0.9166666,0.25
61,2015-05-11 18:45:00+00:00,2.253181,2.4692852,2.4692852,59,76,76,93,0.3984375,0.6339844
61,2015-05-11 18:45:00+00:00,1.8677166,1.982029,1.982029,59,76,110,121,0.9166666,0.67499995
62,2015-05-23 19:10:00+00:00,2.9218802,2.3951037,2.3951037,25,42,42,59,-0.15807292,-0.15234375
62,2015-05-23 19:10:00+00:00,2.4881907,2.6297941,2.6297941,25,42,76,93,0.41510418,-0.16484375
62,2015-05-23 19:10:00+00:00,1.8988919,1.892773,1.892773,25,42,93,110,0.68333334,-0.175
62,2015-05-23 19:10:00+00:00,1.7624403,1.8349305,1.8349305,25,42,110,121,0.9166666,-0.175
62,2015-05-23 19:10:00+00:00,3.173648,2.5287864,2.5287864,42,59,8,25,-0.7216146,0.23671876
62,2015-05-23 19:10:00+00:00,2.217468,2.9978602,2.9978602,42,59,25,42,-0.4533854,0.25078124
62,2015-05-23 19:10:00+00:00,2.1503327,2.4834423,2.4834423,42,59,42,59,-0.16666667,0.25
62,2015-05-23 19:10:00+00:00,2.155489,2.2173085,2.2173085,42,59,59,76,0.116666675,0.25
62,2015-05-23 19:10:00+00:00,1.9877089,1.8293293,1.8293293,42,59,93,110,0.68333334,0.25
62,2015-05-23 19:10:00+00:00,1.7939003,1.8801949,1.8801949,42,59,110,121,0.9166666,0.25
62,2015-05-23 19:10:00+00:00,2.0602076,1.9097656,1.9097656,59,76,42,59,-0.17708333,0.61679685
62,2015-05-23 19:10:00+00:00,1.6283692,1.848226,1.848226,59,76,110,121,0.9166666,0.67499995
63,2015-06-03 18:50:00+00:00,2.7252965,2.2193565,2.2193565,25,42,110,121,0.9213542,-0.15390626
63,2015-06-03 18:50:00+00:00,2.1539173,2.2981436,2.2981436,42,59,59,76,0.11692709,0.2535156
63,2015-06-03 18:50:00+00:00,2.4158165,2.4667256,2.4667256,42,59,110,121,0.91796875,0.2667969
63,2015-06-03 18:50:00+00:00,2.894806,2.5423934,2.5423934,59,76,25,42,-0.43880206,0.6449219
63,2015-06-03 18:50:00+00:00,2.3981426,2.0672982,2.0672982,59,76,42,59,-0.18020833,0.62187505
63,2015-06-03 18:50:00+00:00,2.5025494,2.6936405,2.6936405,59,76,76,93,0.39296874,0.6433594
63,2015-06-03 18:50:00+00:00,2.2915857,2.45254,2.45254,59,76,110,121,0.9166666,0.67499995
64,2015-06-10 18:55:00+00:00,2.4577103,2.742905,2.742905,25,42,76,93,0.4114583,-0.1640625
64,2015-06-10 18:55:00+00:00,2.118571,2.0958328,2.0958328,25,42,93,110,0.68333334,-0.175
64,2015-06-10 18:55:00+00:00,1.9888095,2.0274322,2.0274322,25,42,110,121,0.9166666,-0.175
64,2015-06-10 18:55:00+00:00,2.8099015,2.995824,2.995824,42,59,25,42,-0.45,0.25
64,2015-06-10 18:55:00+00:00,2.3654099,2.6930761,2.6930761,42,59,42,59,-0.17552084,0.25742185
64,2015-06-10 18:55:00+00:00,2.1734276,2.4281783,2.4281783,42,59,59,76,0.12578125,0.27539062
64,2015-06-10 18:55:00+00:00,1.9828321,1.9887501,1.9887501,42,59,93,110,0.68333334,0.25
64,2015-06-10 18:55:00+00:00,1.9743063,2.0227952,2.0227952,42,59,110,121,0.9166666,0.25
64,2015-06-10 18:55:00+00:00,2.4173567,2.177197,2.177197,59,76,42,59,-0.18020834,0.61875
64,2015-06-10 18:55:00+00:00,2.4001393,2.4317575,2.4317575,59,76,76,93,0.39140624,0.6425781
64,2015-06-10 18:55:00+00:00,1.8820099,2.0314872,2.0314872,59,76,110,121,0.9166666,0.67499995
65,2015-07-20 18:05:00+00:00,4.3419614,3.6062768,3.6062768,25,42,42,59,-0.15572917,-0.15859374
65,2015-07-20 18:05:00+00:00,4.3992343,3.744377,3.744377,42,59,8,25,-0.7216146,0.24257813
65,2015-07-20 18:05:00+00:00,3.971982,4.192276,4.192276,42,59,25,42,-0.45,0.25
65,2015-07-20 18:05:00+00:00,2.5419166,3.7126136,3.7126136,42,59,42,59,-0.16588542,0.25039062
65,2015-07-20 18:05:00+00:00,3.1696975,3.3599133,3.3599133,42,59,59,76,0.1171875,0.25507814
65,2015-07-20 18:05:00+00:00,2.318486,3.2964356,3.2964356,59,76,25,42,-0.43854165,0.65
65,2015-07-20 18:05:00+00:00,1.9821141,2.6064444,2.6064444,59,76,42,59,-0.17552084,0.62070316
65,2015-07-20 18:05:00+00:00,2.0176222,3.3713336,3.3713336,59,76,76,93,0.3953125,0.6414063
66,2015-07-21 18:50:00+00:00,2.6180916,2.1417267,2.1417267,8,25,93,110,0.68593746,-0.55859375
66,2015-07-21 18:50:00+00:00,4.4241967,3.77606,3.77606,25,42,42,59,-0.16041668,-0.1578125
66,2015-07-21 18:50:00+00:00,2.0322795,2.4389715,2.4389715,25,42,110,121,0.9174479,-0.1734375
66,2015-07-21 18:50:00+00:00,4.544806,3.9238572,3.9238572,42,59,8,25,-0.7315104,0.24218749
66,2015-07-21 18:50:00+00:00,3.7892427,4.501771,4.501771,42,59,25,42,-0.4583333,0.2550781
66,2015-07-21 18:50:00+00:00,2.8938127,3.7990959,3.7990959,42,59,42,59,-0.15572917,0.2566406
66,2015-07-21 18:50:00+00:00,3.6258996,3.6136506,3.6136506,42,59,59,76,0.11692709,0.25312498
66,2015-07-21 18:50:00+00:00,3.2738805,2.7002482,2.7002482,42,59,93,110,0.70885414,0.26015624
66,2015-07-21 18:50:00+00:00,2.2312906,2.6955326,2.6955326,42,59,110,121,0.9166666,0.25
66,2015-07-21 18:50:00+00:00,2.9282868,3.439509,3.439509,59,76,25,42,-0.4375,0.64375
66,2015-07-21 18:50:00+00:00,2.5335748,2.6639829,2.6639829,59,76,42,59,-0.18359375,0.62460935
66,2015-07-21 18:50:00+00:00,2.40142,3.540776,3.540776,59,76,76,93,0.39453125,0.6382813
66,2015-07-21 18:50:00+00:00,2.2816072,2.5520296,2.5520296,59,76,110,121,0.9166666,0.67499995
67,2015-07-23 18:35:00+00:00,3.4998567,2.205214,2.205214,8,25,93,110,0.68828124,-0.56249994
67,2015-07-23 18:35:00+00:00,4.3476853,3.5741174,3.5741174,25,42,42,59,-0.159375,-0.15703124
67,2015-07-23 18:35:00+00:00,2.5656228,2.8581934,2.8581934,25,42,93,110,0.68333334,-0.175
67,2015-07-23 18:35:00+00:00,2.008665,2.6290653,2.6290653,25,42,110,121,0.9166666,-0.175
67,2015-07-23 18:35:00+00:00,4.1585937,3.8891373,3.8891373,42,59,8,25,-0.7427083,0.23906252
67,2015-07-23 18:35:00+00:00,3.5619826,4.4873013,4.4873013,42,59,25,42,-0.45078126,0.24414061
67,2015-07-23 18:35:00+00:00,2.884947,3.7842643,3.7842643,42,59,42,59,-0.16666667,0.25
67,2015-07-23 18:35:00+00:00,3.2015798,3.6424425,3.6424425,42,59,59,76,0.11692709,0.25312498
67,2015-07-23 18:35:00+00:00,3.370802,2.9446275,2.9446275,42,59,93,110,0.68333334,0.25
67,2015-07-23 18:35:00+00:00,2.1742458,2.8603957,2.8603957,42,59,110,121,0.9166666,0.25
67,2015-07-23 18:35:00+00:00,2.5709474,3.6131268,3.6131268,59,76,76,93,0.39635417,0.6441406
67,2015-07-23 18:35:00+00:00,2.5219898,2.3906286,2.3906286,59,76,93,110,0.7059896,0.64453125
67,2015-07-23 18:35:00+00:00,2.2065763,2.6172435,2.6172435,59,76,110,121,0.9166666,0.67499995
68,2015-07-27 16:26:00+00:00,3.143611,1.8930573,1.8930573,8,25,93,110,0.6877604,-0.56249994
68,2015-07-27 16:26:00+00:00,4.2944565,3.266809,3.266809,25,42,42,59,-0.15078124,-0.159375
68,2015-07-27 16:26:00+00:00,4.3660374,3.1074388,3.1074388,25,42,59,76,0.116666675,-0.16132814
68,2015-07-27 16:26:00+00:00,4.1775017,4.0372424,4.0372424,25,42,76,93,0.4127604,-0.16835937
68,2015-07-27 16:26:00+00:00,2.4739628,2.641333,2.641333,25,42,93,110,0.68333334,-0.175
68,2015-07-27 16:26:00+00:00,1.7039847,2.3971891,2.3971891,25,42,110,121,0.9166666,-0.175
68,2015-07-27 16:26:00+00:00,4.1884727,3.471197,3.471197,42,59,8,25,-0.7294271,0.240625
68,2015-07-27 16:26:00+00:00,2.782334,3.9767015,3.9767015,42,59,25,42,-0.45,0.25
68,2015-07-27 16:26:00+00:00,2.115157,3.344417,3.344417,42,59,42,59,-0.16666667,0.25
68,2015-07-27 16:26:00+00:00,3.420268,3.2989633,3.2989633,42,59,59,76,0.11692709,0.25312498
68,2015-07-27 16:26:00+00:00,2.8054798,2.6946952,2.6946952,42,59,93,110,0.68333334,0.25
68,2015-07-27 16:26:00+00:00,1.7831231,2.5617187,2.5617187,42,59,110,121,0.9166666,0.25
68,2015-07-27 16:26:00+00:00,1.9870136,2.67255,2.67255,59,76,25,42,-0.43932292,0.65
68,2015-07-27 16:26:00+00:00,1.7662063,1.796322,1.796322,59,76,42,59,-0.1856771,0.6214844
68,2015-07-27 16:26:00+00:00,1.8382853,3.1336212,3.1336212,59,76,76,93,0.3981771,0.6398438
68,2015-07-27 16:26:00+00:00,2.3729777,1.9333494,1.9333494,59,76,93,110,0.70703125,0.6433594
68,2015-07-27 16:26:00+00:00,2.031511,2.1386106,2.1386106,59,76,110,121,0.9166666,0.67499995
70,2015-07-27 18:15:00+00:00,4.2944565,3.3490455,3.3490455,25,42,42,59,-0.15078124,-0.159375
70,2015-07-27 18:15:00+00:00,4.3660374,3.2166507,3.2166507,25,42,59,76,0.116666675,-0.16132814
70,2015-07-27 18:15:00+00:00,4.1775017,4.1063514,4.1063514,25,42,76,93,0.4127604,-0.16835937
70,2015-07-27 18:15:00+00:00,2.4739628,2.7481947,2.7481947,25,42,93,110,0.68333334,-0.175
70,2015-07-27 18:15:00+00:00,1.6985956,2.4706175,2.4706175,25,42,110,121,0.9166666,-0.175
70,2015-07-27 18:15:00+00:00,4.1884727,3.5338774,3.5338774,42,59,8,25,-0.7294271,0.240625
70,2015-07-27 18:15:00+00:00,2.782334,3.993056,3.993056,42,59,25,42,-0.45,0.25
70,2015-07-27 18:15:00+00:00,2.115157,3.4415457,3.4415457,42,59,42,59,-0.16666667,0.25
70,2015-07-27 18:15:00+00:00,3.420268,3.4245615,3.4245615,42,59,59,76,0.11692709,0.25312498
70,2015-07-27 18:15:00+00:00,2.8054798,2.830227,2.830227,42,59,93,110,0.68333334,0.25
70,2015-07-27 18:15:00+00:00,1.7831231,2.6661422,2.6661422,42,59,110,121,0.9166666,0.25
70,2015-07-27 18:15:00+00:00,1.9870136,2.725262,2.725262,59,76,25,42,-0.43932292,0.65
70,2015-07-27 18:15:00+00:00,1.7662063,1.8939123,1.8939123,59,76,42,59,-0.1856771,0.6214844
70,2015-07-27 18:15:00+00:00,1.8382853,3.2634394,3.2634394,59,76,76,93,0.3981771,0.6398438
70,2015-07-27 18:15:00+00:00,2.3729777,2.1001246,2.1001246,59,76,93,110,0.70703125,0.6433594
70,2015-07-27 18:15:00+00:00,2.031511,2.2828696,2.2828696,59,76,110,121,0.9166666,0.67499995
71,2015-07-28 18:55:00+00:00,2.9227657,2.1920626,2.1920626,8,25,93,110,0.6804688,-0.559375
71,2015-07-28 18:55:00+00:00,4.5432196,3.8782177,3.8782177,25,42,42,59,-0.15911458,-0.15625
71,2015-07-28 18:55:00+00:00,4.2407427,4.3484755,4.3484755,25,42,76,93,0.41067708,-0.16718751
71,2015-07-28 18:55:00+00:00,2.5368574,2.835172,2.835172,25,42,93,110,0.68333334,-0.175
71,2015-07-28 18:55:00+00:00,1.7640662,2.523104,2.523104,25,42,110,121,0.9166666,-0.175
71,2015-07-28 18:55:00+00:00,4.5173817,4.109509,4.109509,42,59,8,25,-0.7328125,0.24023438
71,2015-07-28 18:55:00+00:00,3.772715,4.7242603,4.7242603,42,59,25,42,-0.4533854,0.25078124
71,2015-07-28 18:55:00+00:00,2.9741352,4.1678824,4.1678824,42,59,42,59,-0.16666667,0.25
71,2015-07-28 18:55:00+00:00,4.2380686,3.9929922,3.9929922,42,59,59,76,0.1140625,0.25390625
71,2015-07-28 18:55:00+00:00,3.1666508,3.0162096,3.0162096,42,59,93,110,0.68333334,0.25
71,2015-07-28 18:55:00+00:00,2.047893,2.8689253,2.8689253,42,59,110,121,0.9166666,0.25
71,2015-07-28 18:55:00+00:00,2.5754023,3.5375695,3.5375695,59,76,25,42,-0.43515626,0.64765626
71,2015-07-28 18:55:00+00:00,2.0598073,2.8196995,2.8196995,59,76,42,59,-0.1734375,0.62187505
71,2015-07-28 18:55:00+00:00,2.5601752,2.917671,2.917671,59,76,59,76,0.1315104,0.6105469
71,2015-07-28 18:55:00+00:00,2.9114833,3.8636382,3.8636382,59,76,76,93,0.38984376,0.6464844
71,2015-07-28 18:55:00+00:00,3.0494478,2.5094385,2.5094385,59,76,93,110,0.70182294,0.6441406
71,2015-07-28 18:55:00+00:00,2.4055398,2.676429,2.676429,59,76,110,121,0.9166666,0.67499995
72,2015-08-02 19:15:00+00:00,2.9852724,2.5963557,2.5963557,8,25,93,110,0.68437505,-0.55898434
72,2015-08-02 19:15:00+00:00,2.5204973,2.6770818,2.6770818,8,25,110,121,0.91588545,-0.52656245
72,2015-08-02 19:15:00+00:00,4.4773445,3.6084557,3.6084557,25,42,42,59,-0.15520835,-0.15703124
72,2015-08-02 19:15:00+00:00,4.2169166,4.52277,4.52277,25,42,76,93,0.4138021,-0.16757813
72,2015-08-02 19:15:00+00:00,3.6346219,3.2522125,3.2522125,25,42,93,110,0.68333334,-0.175
72,2015-08-02 19:15:00+00:00,2.48096,3.0589767,3.0589767,25,42,110,121,0.9166666,-0.175
72,2015-08-02 19:15:00+00:00,4.6035748,3.9351413,3.9351413,42,59,8,25,-0.72526044,0.24101563
72,2015-08-02 19:15:00+00:00,4.098722,4.4085107,4.4085107,42,59,25,42,-0.45,0.25
72,2015-08-02 19:15:00+00:00,2.9100394,3.8006163,3.8006163,42,59,42,59,-0.16666667,0.25
72,2015-08-02 19:15:00+00:00,3.2928326,3.7715294,3.7715294,42,59,59,76,0.11692709,0.25312498
72,2015-08-02 19:15:00+00:00,3.9749854,3.3310337,3.3310337,42,59,93,110,0.68333334,0.25
72,2015-08-02 19:15:00+00:00,2.8511605,3.2730994,3.2730994,42,59,110,121,0.9166666,0.25
72,2015-08-02 19:15:00+00:00,2.7383475,3.2472878,3.2472878,59,76,25,42,-0.44453126,0.64570314
72,2015-08-02 19:15:00+00:00,3.115453,3.7577105,3.7577105,59,76,76,93,0.39166668,0.6390625
72,2015-08-02 19:15:00+00:00,2.9300635,2.7186584,2.7186584,59,76,93,110,0.7083334,0.6453125
72,2015-08-02 19:15:00+00:00,2.300628,2.9586208,2.9586208,59,76,110,121,0.9166666,0.67499995
73,2015-08-13 18:55:00+00:00,3.5536907,2.4888477,2.4888477,8,25,93,110,0.684375,-0.5648437
73,2015-08-13 18:55:00+00:00,4.4034905,3.6539416,3.6539416,25,42,42,59,-0.15625,-0.16054687
73,2015-08-13 18:55:00+00:00,4.1165667,3.4257545,3.4257545,25,42,59,76,0.114843756,-0.1625
73,2015-08-13 18:55:00+00:00,3.6292467,4.1154604,4.1154604,25,42,76,93,0.42057288,-0.171875
73,2015-08-13 18:55:00+00:00,3.2944539,3.009855,3.009855,25,42,93,110,0.68333334,-0.175
73,2015-08-13 18:55:00+00:00,2.6451497,2.8115618,2.8115618,25,42,110,121,0.9166666,-0.175
73,2015-08-13 18:55:00+00:00,4.351356,3.7984197,3.7984197,42,59,8,25,-0.73072916,0.24140625
73,2015-08-13 18:55:00+00:00,3.8125618,4.2815375,4.2815375,42,59,25,42,-0.45,0.25
73,2015-08-13 18:55:00+00:00,3.2585468,3.7637088,3.7637088,42,59,42,59,-0.16666667,0.25
73,2015-08-13 18:55:00+00:00,2.5506775,3.6464748,3.6464748,42,59,59,76,0.11979167,0.25234374
73,2015-08-13 18:55:00+00:00,3.3593738,4.1139226,4.1139226,42,59,76,93,0.40703124,0.259375
73,2015-08-13 18:55:00+00:00,3.1160233,3.0419006,3.0419006,42,59,93,110,0.68333334,0.25
73,2015-08-13 18:55:00+00:00,2.8154356,2.976758,2.976758,42,59,110,121,0.9166666,0.25
73,2015-08-13 18:55:00+00:00,2.570264,3.1908233,3.1908233,59,76,25,42,-0.43515623,0.6511719
73,2015-08-13 18:55:00+00:00,2.5031822,2.4580693,2.4580693,59,76,42,59,-0.19166668,0.6265625
73,2015-08-13 18:55:00+00:00,2.4659595,2.5842786,2.5842786,59,76,59,76,0.12526041,0.6125
73,2015-08-13 18:55:00+00:00,2.631926,3.5094006,3.5094006,59,76,76,93,0.3986979,0.6449219
73,2015-08-13 18:55:00+00:00,3.0050633,2.525529,2.525529,59,76,93,110,0.70677084,0.64492184
73,2015-08-13 18:55:00+00:00,2.166213,2.7542193,2.7542193,59,76,110,121,0.9166666,0.67499995
74,2015-08-22 18:50:00+00:00,4.5443583,4.0099926,4.0099926,25,42,42,59,-0.15651041,-0.15546876
74,2015-08-22 18:50:00+00:00,4.066482,4.578013,4.578013,25,42,76,93,0.41067708,-0.16874999
74,2015-08-22 18:50:00+00:00,3.743345,3.490458,3.490458,25,42,93,110,0.68333334,-0.175
74,2015-08-22 18:50:00+00:00,2.6132488,3.3323271,3.3323271,25,42,110,121,0.9166666,-0.175
74,2015-08-22 18:50:00+00:00,4.274102,4.250377,4.250377,42,59,8,25,-0.7328125,0.24023438
74,2015-08-22 18:50:00+00:00,3.6508818,4.737235,4.737235,42,59,25,42,-0.45,0.24921873
74,2015-08-22 18:50:00+00:00,3.625777,4.2323775,4.2323775,42,59,42,59,-0.16666667,0.25
74,2015-08-22 18:50:00+00:00,4.0000935,4.084023,4.084023,42,59,59,76,0.11692709,0.25312498
74,2015-08-22 18:50:00+00:00,3.9506474,3.5983741,3.5983741,42,59,93,110,0.68333334,0.25
74,2015-08-22 18:50:00+00:00,3.9896986,3.5899968,3.5899968,42,59,110,121,0.9166666,0.25
74,2015-08-22 18:50:00+00:00,3.3293543,3.623821,3.623821,59,76,25,42,-0.43593752,0.65000004
74,2015-08-22 18:50:00+00:00,2.898957,2.883847,2.883847,59,76,42,59,-0.19348958,0.6265625
74,2015-08-22 18:50:00+00:00,2.7580838,4.0247326,4.0247326,59,76,76,93,0.39947915,0.64453125
74,2015-08-22 18:50:00+00:00,2.658916,3.0490353,3.0490353,59,76,93,110,0.7140625,0.6421875
74,2015-08-22 18:50:00+00:00,3.3825748,3.377023,3.377023,59,76,110,121,0.9166666,0.67499995
75,2015-09-06 18:05:00+00:00,1.4452142,1.3944111,1.3944111,8,25,93,110,0.67942715,-0.559375
75,2015-09-06 18:05:00+00:00,2.4604795,2.342717,2.342717,25,42,42,59,-0.16197917,-0.15703124
75,2015-09-06 18:05:00+00:00,2.1415603,1.9924746,1.9924746,25,42,59,76,0.11796875,-0.15898438
75,2015-09-06 18:05:00+00:00,1.6572987,2.5100894,2.5100894,25,42,76,93,0.40520835,-0.16874999
75,2015-09-06 18:05:00+00:00,1.5376006,1.5509044,1.5509044,25,42,93,110,0.68333334,-0.175
75,2015-09-06 18:05:00+00:00,1.5018278,1.5408368,1.5408368,25,42,110,121,0.9166666,-0.175
75,2015-09-06 18:05:00+00:00,3.3641622,2.7106814,2.7106814,42,59,8,25,-0.7294271,0.24335939
75,2015-09-06 18:05:00+00:00,2.7325974,3.1163933,3.1163933,42,59,25,42,-0.45,0.25
75,2015-09-06 18:05:00+00:00,2.2134824,2.544454,2.544454,42,59,42,59,-0.16666667,0.25
75,2015-09-06 18:05:00+00:00,3.0436716,2.2553408,2.2553408,42,59,59,76,0.11953125,0.2515625
75,2015-09-06 18:05:00+00:00,2.8628101,2.70194,2.70194,42,59,76,93,0.39973956,0.26054686
75,2015-09-06 18:05:00+00:00,2.5599952,1.6790781,1.6790781,42,59,93,110,0.68333334,0.25
75,2015-09-06 18:05:00+00:00,2.1448054,1.8212721,1.8212721,42,59,110,121,0.9166666,0.25
75,2015-09-06 18:05:00+00:00,1.3750447,2.5550134,2.5550134,59,76,25,42,-0.4359375,0.65
75,2015-09-06 18:05:00+00:00,1.4230086,1.933715,1.933715,59,76,42,59,-0.17864583,0.6183594
75,2015-09-06 18:05:00+00:00,2.7304528,2.5552652,2.5552652,59,76,76,93,0.39192706,0.6398438
75,2015-09-06 18:05:00+00:00,2.2256677,1.5429921,1.5429921,59,76,93,110,0.70572925,0.6441406
75,2015-09-06 18:05:00+00:00,1.9518266,1.8348439,1.8348439,59,76,110,121,0.9166666,0.67499995
76,2015-09-14 18:55:00+00:00,3.7094445,2.8342304,2.8342304,8,25,93,110,0.6822916,-0.56132805
76,2015-09-14 18:55:00+00:00,4.6162753,3.6530364,3.6530364,25,42,42,59,-0.15833333,-0.15703124
76,2015-09-14 18:55:00+00:00,4.0985847,4.4768586,4.4768586,25,42,76,93,0.40989584,-0.16953126
76,2015-09-14 18:55:00+00:00,3.7113318,3.339473,3.339473,25,42,93,110,0.68333334,-0.175
76,2015-09-14 18:55:00+00:00,3.0992143,3.316574,3.316574,25,42,110,121,0.9145833,-0.18945312
76,2015-09-14 18:55:00+00:00,4.5815744,4.1582484,4.1582484,42,59,8,25,-0.7294271,0.240625
76,2015-09-14 18:55:00+00:00,3.956093,4.5451183,4.5451183,42,59,25,42,-0.45,0.25
76,2015-09-14 18:55:00+00:00,3.613458,3.9567008,3.9567008,42,59,42,59,-0.16666667,0.25
76,2015-09-14 18:55:00+00:00,4.0162125,3.9137568,3.9137568,42,59,59,76,0.11380209,0.25390625
76,2015-09-14 18:55:00+00:00,3.6522946,3.6116579,3.6116579,42,59,93,110,0.68333334,0.25
76,2015-09-14 18:55:00+00:00,2.8324003,3.7827332,3.7827332,42,59,110,121,0.90234375,0.26874998
76,2015-09-14 18:55:00+00:00,2.631628,3.641624,3.641624,59,76,25,42,-0.43619788,0.6511719
76,2015-09-14 18:55:00+00:00,2.7389617,2.7281241,2.7281241,59,76,42,59,-0.19843751,0.6269531
76,2015-09-14 18:55:00+00:00,3.9750183,4.18704,4.18704,59,76,76,93,0.39921874,0.6464844
76,2015-09-14 18:55:00+00:00,3.8442752,3.2517276,3.2517276,59,76,93,110,0.69921875,0.64374995
76,2015-09-14 18:55:00+00:00,2.6836832,3.6199453,3.6199453,59,76,110,121,0.9166666,0.67499995
77,2015-09-17 17:50:00+00:00,1.6779588,1.5877519,1.5877519,8,25,93,110,0.6825521,-0.55625
77,2015-09-17 17:50:00+00:00,2.0225675,1.5321115,1.5321115,25,42,42,59,-0.15859376,-0.15703125
77,2015-09-17 17:50:00+00:00,1.7478081,1.9358399,1.9358399,25,42,76,93,0.4143229,-0.171875
77,2015-09-17 17:50:00+00:00,1.7032425,1.6682639,1.6682639,25,42,93,110,0.68333334,-0.175
77,2015-09-17 17:50:00+00:00,1.5983493,1.7014508,1.7014508,25,42,110,121,0.9166666,-0.175
77,2015-09-17 17:50:00+00:00,1.8621687,1.6015642,1.6015642,42,59,8,25,-0.7270833,0.24882813
77,2015-09-17 17:50:00+00:00,1.5321937,1.766144,1.766144,42,59,25,42,-0.45,0.25
77,2015-09-17 17:50:00+00:00,1.4861373,1.5138979,1.5138979,42,59,42,59,-0.16666667,0.25
77,2015-09-17 17:50:00+00:00,1.7912029,1.487227,1.487227,42,59,59,76,0.119531244,0.25273436
77,2015-09-17 17:50:00+00:00,2.4181426,1.6036866,1.6036866,42,59,93,110,0.68333334,0.25
77,2015-09-17 17:50:00+00:00,1.7864735,1.6989557,1.6989557,42,59,110,121,0.9166666,0.25
77,2015-09-17 17:50:00+00:00,1.2008222,1.3635858,1.3635858,59,76,25,42,-0.43307292,0.6464844
77,2015-09-17 17:50:00+00:00,1.5307013,1.381454,1.381454,59,76,59,76,0.125,0.6121094
77,2015-09-17 17:50:00+00:00,2.2583811,1.7328298,1.7328298,59,76,76,93,0.3934896,0.6382813
77,2015-09-17 17:50:00+00:00,2.1728203,1.4918076,1.4918076,59,76,93,110,0.7153646,0.6425781
77,2015-09-17 17:50:00+00:00,1.7725918,1.6347378,1.6347378,59,76,110,121,0.9166666,0.67499995
78,2015-09-17 19:25:00+00:00,3.0765796,2.2346556,2.2346556,8,25,93,110,0.6820313,-0.5691406
78,2015-09-17 19:25:00+00:00,3.5468557,2.6456833,2.6456833,25,42,42,59,-0.1484375,-0.16523437
78,2015-09-17 19:25:00+00:00,2.7349834,3.5526478,3.5526478,25,42,76,93,0.40703124,-0.16757813
78,2015-09-17 19:25:00+00:00,2.7133906,2.5771332,2.5771332,25,42,93,110,0.68333334,-0.175
78,2015-09-17 19:25:00+00:00,2.3718698,2.6558666,2.6558666,25,42,110,121,0.9166666,-0.175
78,2015-09-17 19:25:00+00:00,4.2604938,3.2257907,3.2257907,42,59,8,25,-0.7270833,0.24414062
78,2015-09-17 19:25:00+00:00,2.830653,3.606809,3.606809,42,59,25,42,-0.45,0.25
78,2015-09-17 19:25:00+00:00,2.3695447,2.8219087,2.8219087,42,59,42,59,-0.16666667,0.25
78,2015-09-17 19:25:00+00:00,2.620423,2.7488947,2.7488947,42,59,59,76,0.11718751,0.25312498
78,2015-09-17 19:25:00+00:00,3.413393,2.7283514,2.7283514,42,59,93,110,0.68333334,0.25
78,2015-09-17 19:25:00+00:00,2.4900637,2.9659235,2.9659235,42,59,110,121,0.9166666,0.25
78,2015-09-17 19:25:00+00:00,2.5380967,2.7686825,2.7686825,59,76,25,42,-0.4401042,0.64921874
78,2015-09-17 19:25:00+00:00,2.420373,2.8459606,2.8459606,59,76,110,121,0.9166666,0.67499995
79,2015-09-21 19:00:00+00:00,3.642934,3.141122,3.141122,8,25,93,110,0.6817708,-0.5609375
79,2015-09-21 19:00:00+00:00,3.342275,3.384528,3.384528,8,25,110,121,0.9148438,-0.52421874
79,2015-09-21 19:00:00+00:00,4.619933,3.837894,3.837894,25,42,42,59,-0.16197917,-0.15742187
79,2015-09-21 19:00:00+00:00,4.0852885,4.6138783,4.6138783,25,42,76,93,0.41145834,-0.16679688
79,2015-09-21 19:00:00+00:00,3.3685994,3.5800414,3.5800414,25,42,93,110,0.68333334,-0.175
79,2015-09-21 19:00:00+00:00,3.1493037,3.664647,3.664647,25,42,110,121,0.9166666,-0.175
79,2015-09-21 19:00:00+00:00,4.614889,4.431023,4.431023,42,59,8,25,-0.7130208,0.240625
79,2015-09-21 19:00:00+00:00,4.1831813,4.8305616,4.8305616,42,59,25,42,-0.45234373,0.25078124
79,2015-09-21 19:00:00+00:00,3.6911871,4.110909,4.110909,42,59,42,59,-0.16666667,0.25
79,2015-09-21 19:00:00+00:00,4.025662,4.0438595,4.0438595,42,59,59,76,0.11979167,0.25234374
79,2015-09-21 19:00:00+00:00,4.365804,3.8727882,3.8727882,42,59,93,110,0.68333334,0.25
79,2015-09-21 19:00:00+00:00,3.6686816,4.1551986,4.1551986,42,59,110,121,0.9166666,0.25
79,2015-09-21 19:00:00+00:00,3.4903138,3.9090333,3.9090333,59,76,25,42,-0.43020833,0.64804685
79,2015-09-21 19:00:00+00:00,2.553025,3.0946107,3.0946107,59,76,42,59,-0.17942709,0.6195313
79,2015-09-21 19:00:00+00:00,2.8090758,3.2325158,3.2325158,59,76,59,76,0.12708333,0.60976565
79,2015-09-21 19:00:00+00:00,3.5760736,4.4754934,4.4754934,59,76,76,93,0.3955729,0.6429688
79,2015-09-21 19:00:00+00:00,4.3077273,3.4981341,3.4981341,59,76,93,110,0.71276045,0.64140624
79,2015-09-21 19:00:00+00:00,3.4424632,4.089088,4.089088,59,76,110,121,0.9166666,0.67499995
80,2015-09-22 18:05:00+00:00,2.8491063,2.0574687,2.0574687,8,25,93,110,0.68072915,-0.559375
80,2015-09-22 18:05:00+00:00,4.152345,2.9445405,2.9445405,25,42,42,59,-0.16119793,-0.15703124
80,2015-09-22 18:05:00+00:00,3.1465993,3.5585268,3.5585268,25,42,76,93,0.40208334,-0.16757813
80,2015-09-22 18:05:00+00:00,2.306032,2.4763222,2.4763222,25,42,93,110,0.68333334,-0.175
80,2015-09-22 18:05:00+00:00,2.0830154,2.4239922,2.4239922,25,42,110,121,0.9166666,-0.175
80,2015-09-22 18:05:00+00:00,4.523671,3.3285081,3.3285081,42,59,8,25,-0.72526044,0.24101563
80,2015-09-22 18:05:00+00:00,3.5694382,3.8140616,3.8140616,42,59,25,42,-0.45,0.25
80,2015-09-22 18:05:00+00:00,2.87227,3.1339,3.1339,42,59,42,59,-0.16666667,0.25
80,2015-09-22 18:05:00+00:00,2.7841334,2.8306715,2.8306715,42,59,59,76,0.110677086,0.26523435
80,2015-09-22 18:05:00+00:00,2.5574467,2.6811335,2.6811335,42,59,110,121,0.9166666,0.25
80,2015-09-22 18:05:00+00:00,2.3414633,2.8952289,2.8952289,59,76,25,42,-0.4395833,0.6511719
80,2015-09-22 18:05:00+00:00,2.0144665,2.06291,2.06291,59,76,42,59,-0.178125,0.6191406
80,2015-09-22 18:05:00+00:00,1.9594232,2.1308353,2.1308353,59,76,59,76,0.12552083,0.6085937
80,2015-09-22 18:05:00+00:00,2.459915,3.1765344,3.1765344,59,76,76,93,0.3934896,0.6429688
80,2015-09-22 18:05:00+00:00,3.629549,2.248523,2.248523,59,76,93,110,0.6981771,0.6453125
80,2015-09-22 18:05:00+00:00,2.5427928,2.5140955,2.5140955,59,76,110,121,0.9166666,0.67499995
81,2015-09-23 18:50:00+00:00,3.536367,2.6731775,2.6731775,8,25,93,110,0.68385416,-0.55898434
81,2015-09-23 18:50:00+00:00,2.983716,3.1487105,3.1487105,25,42,93,110,0.68333334,-0.175
81,2015-09-23 18:50:00+00:00,2.5792153,3.2615373,3.2615373,25,42,110,121,0.9166666,-0.175
81,2015-09-23 18:50:00+00:00,4.598778,4.024116,4.024116,42,59,8,25,-0.7294271,0.240625
81,2015-09-23 18:50:00+00:00,4.020204,4.4240294,4.4240294,42,59,25,42,-0.45,0.25
81,2015-09-23 18:50:00+00:00,3.4020638,3.6268184,3.6268184,42,59,42,59,-0.16666667,0.25
81,2015-09-23 18:50:00+00:00,3.5806408,3.5357037,3.5357037,42,59,59,76,0.11536459,0.25546876
81,2015-09-23 18:50:00+00:00,4.034606,3.5084066,3.5084066,42,59,93,110,0.68333334,0.25
81,2015-09-23 18:50:00+00:00,3.445489,3.825329,3.825329,42,59,110,121,0.9166666,0.25
81,2015-09-23 18:50:00+00:00,2.6053278,3.6109164,3.6109164,59,76,25,42,-0.43880206,0.64882815
81,2015-09-23 18:50:00+00:00,2.506902,2.5740018,2.5740018,59,76,42,59,-0.20000002,0.6265625
81,2015-09-23 18:50:00+00:00,2.4847202,2.8141675,2.8141675,59,76,59,76,0.1234375,0.609375
81,2015-09-23 18:50:00+00:00,3.129013,4.1616297,4.1616297,59,76,76,93,0.39947915,0.64453125
81,2015-09-23 18:50:00+00:00,4.2694726,3.2619905,3.2619905,59,76,93,110,0.7028646,0.64375
81,2015-09-23 18:50:00+00:00,3.6770718,3.7442214,3.7442214,59,76,110,121,0.9166666,0.67499995
82,2015-09-24 17:55:00+00:00,2.8989763,2.2524252,2.2524252,8,25,93,110,0.6815104,-0.5648438
82,2015-09-24 17:55:00+00:00,4.262584,3.6561766,3.6561766,25,42,25,42,-0.4299479,-0.07851563
82,2015-09-24 17:55:00+00:00,4.001861,3.0542574,3.0542574,25,42,42,59,-0.15052083,-0.16093749
82,2015-09-24 17:55:00+00:00,3.335714,3.733754,3.733754,25,42,76,93,0.41588542,-0.16914064
82,2015-09-24 17:55:00+00:00,2.4675896,2.6706321,2.6706321,25,42,93,110,0.68333334,-0.175
82,2015-09-24 17:55:00+00:00,2.3126717,2.6415434,2.6415434,25,42,110,121,0.9166666,-0.175
82,2015-09-24 17:55:00+00:00,4.4554935,3.5151398,3.5151398,42,59,8,25,-0.72265625,0.22851562
82,2015-09-24 17:55:00+00:00,3.227282,3.91095,3.91095,42,59,25,42,-0.45208332,0.24765623
82,2015-09-24 17:55:00+00:00,2.7060814,3.2502873,3.2502873,42,59,42,59,-0.16666667,0.25
82,2015-09-24 17:55:00+00:00,2.9910553,3.1151977,3.1151977,42,59,59,76,0.115625,0.25078124
82,2015-09-24 17:55:00+00:00,3.4308531,2.8430116,2.8430116,42,59,93,110,0.68333334,0.25
82,2015-09-24 17:55:00+00:00,2.6952121,2.9733636,2.9733636,42,59,110,121,0.9166666,0.25
82,2015-09-24 17:55:00+00:00,2.5302258,3.4200144,3.4200144,59,76,76,93,0.39010417,0.6382812
82,2015-09-24 17:55:00+00:00,3.7048874,2.4200764,2.4200764,59,76,93,110,0.7161458,0.6441406
82,2015-09-24 17:55:00+00:00,3.073823,2.8449783,2.8449783,59,76,110,121,0.9166666,0.67499995
83,2016-04-16 19:00:00+00:00,2.858482,2.1526268,2.1526268,25,42,93,110,0.68333334,-0.175
83,2016-04-16 19:00:00+00:00,2.5499272,2.0154006,2.0154006,25,42,110,121,0.9166666,-0.175
83,2016-04-16 19:00:00+00:00,3.770659,3.8677907,3.8677907,42,59,25,42,-0.45156252,0.25078124
83,2016-04-16 19:00:00+00:00,3.274976,3.6294243,3.6294243,42,59,42,59,-0.16666667,0.25
83,2016-04-16 19:00:00+00:00,2.0972,3.1747835,3.1747835,42,59,59,76,0.116145834,0.25312498
83,2016-04-16 19:00:00+00:00,2.3534393,2.1679916,2.1679916,42,59,93,110,0.68333334,0.25
83,2016-04-16 19:00:00+00:00,2.0878918,2.1740646,2.1740646,42,59,110,121,0.9166666,0.25
83,2016-04-16 19:00:00+00:00,3.753569,3.0506208,3.0506208,59,76,42,59,-0.18281251,0.6261719
83,2016-04-16 19:00:00+00:00,2.3774428,2.936433,2.936433,59,76,76,93,0.39505208,0.65234375
83,2016-04-16 19:00:00+00:00,2.2532823,2.1067975,2.1067975,59,76,93,110,0.7018229,0.65
83,2016-04-16 19:00:00+00:00,1.8938373,2.2208972,2.2208972,59,76,110,121,0.9166666,0.67499995
84,2016-04-23 19:10:00+00:00,1.9250976,3.3646853,3.3646853,25,42,76,93,0.40885416,-0.171875
84,2016-04-23 19:10:00+00:00,2.0138717,1.9929237,1.9929237,25,42,93,110,0.68333334,-0.175
84,2016-04-23 19:10:00+00:00,2.0432415,1.6399322,1.6399322,25,42,110,121,0.9166666,-0.175
84,2016-04-23 19:10:00+00:00,3.9911892,4.3882365,4.3882365,42,59,25,42,-0.43828124,0.2613281
84,2016-04-23 19:10:00+00:00,3.622605,3.835164,3.835164,42,59,42,59,-0.16666667,0.25
84,2016-04-23 19:10:00+00:00,2.428453,3.3285728,3.3285728,42,59,59,76,0.11979167,0.25859374
84,2016-04-23 19:10:00+00:00,1.8264359,1.8840163,1.8840163,42,59,93,110,0.68333334,0.25
84,2016-04-23 19:10:00+00:00,1.763097,1.6556371,1.6556371,42,59,110,121,0.9166666,0.25
84,2016-04-23 19:10:00+00:00,3.6780891,3.2304857,3.2304857,59,76,25,42,-0.43671873,0.6542969
84,2016-04-23 19:10:00+00:00,3.5282526,2.8132362,2.8132362,59,76,42,59,-0.17864585,0.6273438
84,2016-04-23 19:10:00+00:00,2.8578367,2.6344864,2.6344864,59,76,59,76,0.13255209,0.62070316
84,2016-04-23 19:10:00+00:00,2.8133242,2.8940089,2.8940089,59,76,76,93,0.39010417,0.6503906
84,2016-04-23 19:10:00+00:00,1.3911862,1.6314906,1.6314906,59,76,93,110,0.70390624,0.6484375
84,2016-04-23 19:10:00+00:00,1.5549482,1.5839138,1.5839138,59,76,110,121,0.9166666,0.67499995
85,2016-05-06 18:00:00+00:00,3.432641,2.7390416,2.7390416,25,42,42,59,-0.146875,-0.16953126
85,2016-05-06 18:00:00+00:00,2.339004,2.735332,2.735332,25,42,76,93,0.40703124,-0.17070313
85,2016-05-06 18:00:00+00:00,2.1204305,2.21515,2.21515,25,42,93,110,0.68333334,-0.175
85,2016-05-06 18:00:00+00:00,2.0017524,2.2015176,2.2015176,25,42,110,121,0.9166666,-0.175
85,2016-05-06 18:00:00+00:00,3.1012259,3.1348147,3.1348147,42,59,25,42,-0.4528646,0.2578125
85,2016-05-06 18:00:00+00:00,2.8144746,2.5648253,2.5648253,42,59,59,76,0.11562501,0.25429687
85,2016-05-06 18:00:00+00:00,2.2742941,2.7619224,2.7619224,42,59,76,93,0.40989584,0.25195312
85,2016-05-06 18:00:00+00:00,2.2442455,2.162887,2.162887,42,59,93,110,0.68333334,0.25
85,2016-05-06 18:00:00+00:00,2.2381349,2.2661767,2.2661767,42,59,110,121,0.9166666,0.25
85,2016-05-06 18:00:00+00:00,2.4895895,2.5948162,2.5948162,59,76,76,93,0.3981771,0.6511719
85,2016-05-06 18:00:00+00:00,2.1670775,2.089301,2.089301,59,76,93,110,0.7096354,0.6496094
85,2016-05-06 18:00:00+00:00,2.1407294,2.294518,2.294518,59,76,110,121,0.9166666,0.67499995
86,2016-05-18 19:00:00+00:00,3.9518206,3.1062112,3.1062112,25,42,42,59,-0.14921875,-0.15546876
86,2016-05-18 19:00:00+00:00,3.285187,2.934275,2.934275,25,42,76,93,0.40989584,-0.16875002
86,2016-05-18 19:00:00+00:00,2.2720363,2.1532462,2.1532462,25,42,93,110,0.68333334,-0.175
86,2016-05-18 19:00:00+00:00,2.095284,1.9439889,1.9439889,25,42,110,121,0.9166666,-0.175
86,2016-05-18 19:00:00+00:00,3.7066948,3.182408,3.182408,42,59,8,25,-0.71875,0.24960937
86,2016-05-18 19:00:00+00:00,2.6268795,3.4877458,3.4877458,42,59,25,42,-0.44895834,0.25195312
86,2016-05-18 19:00:00+00:00,2.817515,3.2132423,3.2132423,42,59,42,59,-0.16666667,0.25
86,2016-05-18 19:00:00+00:00,3.5513568,2.910204,2.910204,42,59,59,76,0.114322916,0.25703123
86,2016-05-18 19:00:00+00:00,2.2577534,2.0604012,2.0604012,42,59,93,110,0.68333334,0.25
86,2016-05-18 19:00:00+00:00,1.9796785,1.9660825,1.9660825,42,59,110,121,0.9166666,0.25
86,2016-05-18 19:00:00+00:00,1.5809094,2.7795289,2.7795289,59,76,25,42,-0.4403646,0.65312505
86,2016-05-18 19:00:00+00:00,2.869066,2.7059689,2.7059689,59,76,76,93,0.39375,0.63789064
86,2016-05-18 19:00:00+00:00,1.6269569,1.9230562,1.9230562,59,76,93,110,0.69427085,0.65
86,2016-05-18 19:00:00+00:00,1.2930436,1.9548516,1.9548516,59,76,110,121,0.9166666,0.67499995
87,2016-05-23 17:40:00+00:00,1.9249228,1.7886511,1.7886511,25,42,93,110,0.68333334,-0.175
87,2016-05-23 17:40:00+00:00,1.7878683,1.7442411,1.7442411,25,42,110,121,0.9166666,-0.175
87,2016-05-23 17:40:00+00:00,2.9402401,2.0897274,2.0897274,42,59,8,25,-0.71718746,0.24921873
87,2016-05-23 17:40:00+00:00,2.1696982,2.379538,2.379538,42,59,25,42,-0.45,0.25
87,2016-05-23 17:40:00+00:00,2.0680945,2.1475968,2.1475968,42,59,42,59,-0.16666667,0.25
87,2016-05-23 17:40:00+00:00,2.0725772,1.9681395,1.9681395,42,59,59,76,0.11901042,0.25625
87,2016-05-23 17:40:00+00:00,1.846491,1.6886016,1.6886016,42,59,93,110,0.68333334,0.25
87,2016-05-23 17:40:00+00:00,1.7019113,1.7230536,1.7230536,42,59,110,121,0.9166666,0.25
87,2016-05-23 17:40:00+00:00,2.1457803,1.8220044,1.8220044,59,76,59,76,0.13255209,0.62968755
87,2016-05-23 17:40:00+00:00,1.5832403,1.727705,1.727705,59,76,110,121,0.9166666,0.67499995
88,2016-06-12 18:55:00+00:00,2.9751232,2.4291496,2.4291496,25,42,42,59,-0.159375,-0.15703124
88,2016-06-12 18:55:00+00:00,3.1377244,2.2232778,2.2232778,25,42,59,76,0.11302084,-0.16015625
88,2016-06-12 18:55:00+00:00,2.560445,2.6310017,2.6310017,25,42,76,93,0.40208334,-0.16874999
88,2016-06-12 18:55:00+00:00,2.0180874,2.002157,2.002157,25,42,93,110,0.68333334,-0.175
88,2016-06-12 18:55:00+00:00,1.957909,1.9768499,1.9768499,25,42,110,121,0.9166666,-0.175
88,2016-06-12 18:55:00+00:00,3.4061108,2.5215926,2.5215926,42,59,8,25,-0.7132813,0.240625
88,2016-06-12 18:55:00+00:00,2.3523586,2.9078648,2.9078648,42,59,25,42,-0.45,0.25
88,2016-06-12 18:55:00+00:00,2.133655,2.442464,2.442464,42,59,42,59,-0.16666667,0.25
88,2016-06-12 18:55:00+00:00,2.1757855,2.215469,2.215469,42,59,59,76,0.11796875,0.25234374
88,2016-06-12 18:55:00+00:00,1.9984038,1.9179986,1.9179986,42,59,93,110,0.68333334,0.25
88,2016-06-12 18:55:00+00:00,1.8281205,2.0030367,2.0030367,42,59,110,121,0.9166666,0.25
88,2016-06-12 18:55:00+00:00,2.4667442,2.3702514,2.3702514,59,76,25,42,-0.43958336,0.65
88,2016-06-12 18:55:00+00:00,2.0645096,1.9657764,1.9657764,59,76,42,59,-0.18255208,0.62460935
88,2016-06-12 18:55:00+00:00,2.1501186,1.9755292,1.9755292,59,76,59,76,0.12526041,0.6082031
88,2016-06-12 18:55:00+00:00,2.2731647,2.4216962,2.4216962,59,76,76,93,0.39635417,0.6441406
88,2016-06-12 18:55:00+00:00,2.1606934,1.8343172,1.8343172,59,76,93,110,0.7132813,0.6421875
88,2016-06-12 18:55:00+00:00,1.7818257,2.0176728,2.0176728,59,76,110,121,0.9166666,0.67499995
89,2016-06-17 19:15:00+00:00,2.615507,1.7143754,1.7143754,8,25,93,110,0.68854165,-0.55781245
89,2016-06-17 19:15:00+00:00,3.3832853,2.49426,2.49426,25,42,42,59,-0.16458334,-0.15625
89,2016-06-17 19:15:00+00:00,2.2397137,2.552767,2.552767,25,42,76,93,0.4143229,-0.1703125
89,2016-06-17 19:15:00+00:00,1.8709997,1.8380325,1.8380325,25,42,93,110,0.68333334,-0.175
89,2016-06-17 19:15:00+00:00,1.8220456,1.7694995,1.7694995,25,42,110,121,0.9166666,-0.175
89,2016-06-17 19:15:00+00:00,3.5157404,2.458354,2.458354,42,59,8,25,-0.7289063,0.24531248
89,2016-06-17 19:15:00+00:00,2.3305502,2.8804781,2.8804781,42,59,25,42,-0.45,0.25
89,2016-06-17 19:15:00+00:00,2.0588124,2.4866493,2.4866493,42,59,42,59,-0.16666667,0.25
89,2016-06-17 19:15:00+00:00,2.0543,2.2458506,2.2458506,42,59,59,76,0.118489586,0.2515625
89,2016-06-17 19:15:00+00:00,1.779838,1.7297124,1.7297124,42,59,93,110,0.68333334,0.25
89,2016-06-17 19:15:00+00:00,1.6513655,1.76051,1.76051,42,59,110,121,0.9166666,0.25
89,2016-06-17 19:15:00+00:00,2.3082812,2.2836676,2.2836676,59,76,25,42,-0.43932292,0.65
89,2016-06-17 19:15:00+00:00,1.8846077,1.9439653,1.9439653,59,76,59,76,0.128125,0.6105469
89,2016-06-17 19:15:00+00:00,1.8934546,2.237348,2.237348,59,76,76,93,0.3919271,0.64023435
89,2016-06-17 19:15:00+00:00,1.9553493,1.6079007,1.6079007,59,76,93,110,0.7005209,0.6421875
89,2016-06-17 19:15:00+00:00,1.5770273,1.7423857,1.7423857,59,76,110,121,0.9166666,0.67499995
90,2016-06-19 19:00:00+00:00,1.5086291,1.4048178,1.4048178,25,42,93,110,0.68333334,-0.175
90,2016-06-19 19:00:00+00:00,1.4829198,1.3719964,1.3719964,25,42,110,121,0.9166666,-0.175
90,2016-06-19 19:00:00+00:00,1.7641855,2.1381233,2.1381233,42,59,25,42,-0.45364583,0.2640625
90,2016-06-19 19:00:00+00:00,1.651508,1.9234991,1.9234991,42,59,42,59,-0.14791667,0.26093748
90,2016-06-19 19:00:00+00:00,1.689343,1.6643946,1.6643946,42,59,59,76,0.12057292,0.25234374
90,2016-06-19 19:00:00+00:00,1.4933987,1.2999787,1.2999787,42,59,93,110,0.68333334,0.25
90,2016-06-19 19:00:00+00:00,1.3937064,1.341583,1.341583,42,59,110,121,0.9166666,0.25
90,2016-06-19 19:00:00+00:00,2.0248158,1.7674394,1.7674394,59,76,25,42,-0.44322917,0.64804685
90,2016-06-19 19:00:00+00:00,1.7498902,1.5988772,1.5988772,59,76,42,59,-0.17447917,0.6183594
90,2016-06-19 19:00:00+00:00,1.716194,1.5644939,1.5644939,59,76,59,76,0.13020834,0.609375
90,2016-06-19 19:00:00+00:00,1.6411703,1.6993465,1.6993465,59,76,76,93,0.3953125,0.6386719
90,2016-06-19 19:00:00+00:00,1.5152959,1.252375,1.252375,59,76,93,110,0.70677084,0.64023435
90,2016-06-19 19:00:00+00:00,1.3665651,1.340088,1.340088,59,76,110,121,0.9166666,0.67499995
91,2016-06-21 18:50:00+00:00,2.33292,1.6988204,1.6988204,8,25,93,110,0.6817708,-0.5601562
91,2016-06-21 18:50:00+00:00,2.4653776,1.9713211,1.9713211,25,42,42,59,-0.1591146,-0.15585938
91,2016-06-21 18:50:00+00:00,2.2190042,2.3418112,2.3418112,25,42,76,93,0.41536456,-0.16835937
91,2016-06-21 18:50:00+00:00,1.9240171,1.7751049,1.7751049,25,42,93,110,0.68333334,-0.175
91,2016-06-21 18:50:00+00:00,1.9724861,1.85295,1.85295,25,42,110,121,0.9166666,-0.175
91,2016-06-21 18:50:00+00:00,1.7789443,2.4804966,2.4804966,42,59,25,42,-0.43645835,0.2390625
91,2016-06-21 18:50:00+00:00,1.87881,2.022313,2.022313,42,59,42,59,-0.16666667,0.25
91,2016-06-21 18:50:00+00:00,1.9753956,1.840492,1.840492,42,59,59,76,0.11692709,0.25312498
91,2016-06-21 18:50:00+00:00,1.94165,1.7637743,1.7637743,42,59,93,110,0.68333334,0.25
91,2016-06-21 18:50:00+00:00,1.8249941,1.9589909,1.9589909,42,59,110,121,0.9166666,0.25
91,2016-06-21 18:50:00+00:00,1.817632,1.6204375,1.6204375,59,76,42,59,-0.19453126,0.6265625
91,2016-06-21 18:50:00+00:00,1.9778916,2.1824589,2.1824589,59,76,76,93,0.39947915,0.64453125
91,2016-06-21 18:50:00+00:00,2.0368462,1.6821444,1.6821444,59,76,93,110,0.7007812,0.6441406
91,2016-06-21 18:50:00+00:00,1.747684,1.9601861,1.9601861,59,76,110,121,0.9166666,0.67499995
92,2016-06-24 17:40:00+00:00,2.0591235,1.5149353,1.5149353,8,25,93,110,0.68125,-0.5660156
92,2016-06-24 17:40:00+00:00,1.8890326,1.6119895,1.6119895,8,25,110,121,0.9117187,-0.5246093
92,2016-06-24 17:40:00+00:00,2.3713307,1.7926191,1.7926191,25,42,42,59,-0.15833333,-0.15585938
92,2016-06-24 17:40:00+00:00,1.8408003,2.0892978,2.0892978,25,42,76,93,0.3986979,-0.16523437
92,2016-06-24 17:40:00+00:00,1.6346518,1.5965688,1.5965688,25,42,93,110,0.68333334,-0.175
92,2016-06-24 17:40:00+00:00,1.6196179,1.5761107,1.5761107,25,42,110,121,0.9166666,-0.175
92,2016-06-24 17:40:00+00:00,2.8456526,1.8940043,1.8940043,42,59,8,25,-0.728125,0.240625
92,2016-06-24 17:40:00+00:00,1.7518431,2.1553965,2.1553965,42,59,25,42,-0.45,0.25
92,2016-06-24 17:40:00+00:00,1.6565608,1.7975342,1.7975342,42,59,42,59,-0.16666667,0.25
92,2016-06-24 17:40:00+00:00,1.7589302,1.6566777,1.6566777,42,59,59,76,0.11822917,0.25312498
92,2016-06-24 17:40:00+00:00,1.6745226,1.4861237,1.4861237,42,59,93,110,0.68437505,0.24921876
92,2016-06-24 17:40:00+00:00,1.525925,1.5439585,1.5439585,42,59,110,121,0.9166666,0.25
92,2016-06-24 17:40:00+00:00,1.799868,1.6958686,1.6958686,59,76,25,42,-0.45052084,0.65117186
92,2016-06-24 17:40:00+00:00,1.7872748,1.367191,1.367191,59,76,93,110,0.70624995,0.65
92,2016-06-24 17:40:00+00:00,1.4641942,1.5101919,1.5101919,59,76,110,121,0.9166666,0.67499995
93,2016-06-30 18:45:00+00:00,1.965324,1.5648093,1.5648093,8,25,93,110,0.6903646,-0.5582031
93,2016-06-30 18:45:00+00:00,2.179301,1.9272078,1.9272078,25,42,42,59,-0.15338543,-0.15546875
93,2016-06-30 18:45:00+00:00,1.8590338,2.0793746,2.0793746,25,42,76,93,0.3953125,-0.16640624
93,2016-06-30 18:45:00+00:00,1.6996508,1.6328667,1.6328667,25,42,93,110,0.68333334,-0.175
93,2016-06-30 18:45:00+00:00,1.6952903,1.6440896,1.6440896,25,42,110,121,0.9166666,-0.175
93,2016-06-30 18:45:00+00:00,2.6335943,2.0614634,2.0614634,42,59,8,25,-0.7184896,0.24140625
93,2016-06-30 18:45:00+00:00,1.9133787,2.2510839,2.2510839,42,59,25,42,-0.45,0.25
93,2016-06-30 18:45:00+00:00,1.7860576,1.917172,1.917172,42,59,42,59,-0.16666667,0.25
93,2016-06-30 18:45:00+00:00,1.8566225,1.7429212,1.7429212,42,59,59,76,0.118229166,0.25234374
93,2016-06-30 18:45:00+00:00,1.7993239,1.5573001,1.5573001,42,59,93,110,0.68333334,0.25
93,2016-06-30 18:45:00+00:00,1.6882126,1.6556908,1.6556908,42,59,110,121,0.9166666,0.25
93,2016-06-30 18:45:00+00:00,2.2210064,1.8541852,1.8541852,59,76,25,42,-0.43906248,0.6496094
93,2016-06-30 18:45:00+00:00,1.8397162,1.5966763,1.5966763,59,76,42,59,-0.19843751,0.6265625
93,2016-06-30 18:45:00+00:00,1.8518534,1.9144362,1.9144362,59,76,76,93,0.39947915,0.64453125
93,2016-06-30 18:45:00+00:00,1.9370344,1.5384692,1.5384692,59,76,93,110,0.6997396,0.64375
93,2016-06-30 18:45:00+00:00,1.7948077,1.685929,1.685929,59,76,110,121,0.9166666,0.67499995
94,2016-07-05 19:00:00+00:00,1.3747034,1.6563672,1.6563672,25,42,76,93,0.40963542,-0.16874999
94,2016-07-05 19:00:00+00:00,1.2773557,1.2675643,1.2675643,25,42,93,110,0.68333334,-0.175
94,2016-07-05 19:00:00+00:00,1.3447317,1.286043,1.286043,25,42,110,121,0.9166666,-0.175
94,2016-07-05 19:00:00+00:00,1.5045047,1.9527183,1.9527183,42,59,25,42,-0.45104164,0.2515625
94,2016-07-05 19:00:00+00:00,1.5016237,1.6194807,1.6194807,42,59,42,59,-0.16458334,0.25195312
94,2016-07-05 19:00:00+00:00,1.5311627,1.4081446,1.4081446,42,59,59,76,0.11979167,0.25234374
94,2016-07-05 19:00:00+00:00,1.4444284,1.2325419,1.2325419,42,59,93,110,0.68333334,0.25
94,2016-07-05 19:00:00+00:00,1.4745389,1.3303181,1.3303181,42,59,110,121,0.9166666,0.25
94,2016-07-05 19:00:00+00:00,1.5966636,1.310731,1.310731,59,76,59,76,0.13255209,0.609375
94,2016-07-05 19:00:00+00:00,1.5842782,1.5493083,1.5493083,59,76,76,93,0.3984375,0.64453125
94,2016-07-05 19:00:00+00:00,1.8481773,1.1615015,1.1615015,59,76,93,110,0.7104167,0.6429688
94,2016-07-05 19:00:00+00:00,1.5799494,1.3162445,1.3162445,59,76,110,121,0.9166666,0.67499995
95,2016-07-12 19:05:00+00:00,1.5652726,1.3976979,1.3976979,25,42,110,121,0.9166666,-0.175
95,2016-07-12 19:05:00+00:00,1.4922177,1.6600248,1.6600248,42,59,42,59,-0.16458333,0.24726562
95,2016-07-12 19:05:00+00:00,1.6296871,1.5143384,1.5143384,42,59,59,76,0.11979167,0.25234374
95,2016-07-12 19:05:00+00:00,1.5986714,1.3239231,1.3239231,42,59,93,110,0.68333334,0.25
95,2016-07-12 19:05:00+00:00,1.613873,1.3991433,1.3991433,42,59,110,121,0.9166666,0.25
95,2016-07-12 19:05:00+00:00,2.1094463,1.5792185,1.5792185,59,76,25,42,-0.44140625,0.65664065
95,2016-07-12 19:05:00+00:00,1.6387824,1.400331,1.400331,59,76,59,76,0.12604168,0.609375
95,2016-07-12 19:05:00+00:00,1.6287727,1.6948482,1.6948482,59,76,76,93,0.3963542,0.64101565
95,2016-07-12 19:05:00+00:00,1.7871885,1.2660916,1.2660916,59,76,93,110,0.70390624,0.6429688
95,2016-07-12 19:05:00+00:00,1.6484438,1.3879635,1.3879635,59,76,110,121,0.9166666,0.67499995
96,2016-08-01 18:45:00+00:00,2.1943178,1.5246524,1.5246524,8,25,93,110,0.6809896,-0.559375
96,2016-08-01 18:45:00+00:00,2.823736,2.4599078,2.4599078,25,42,42,59,-0.159375,-0.15703124
96,2016-08-01 18:45:00+00:00,2.1224356,2.5628436,2.5628436,25,42,76,93,0.41458333,-0.16679688
96,2016-08-01 18:45:00+00:00,1.7196062,1.6907685,1.6907685,25,42,93,110,0.68333334,-0.175
96,2016-08-01 18:45:00+00:00,1.6738251,1.5762637,1.5762637,25,42,110,121,0.9166666,-0.175
96,2016-08-01 18:45:00+00:00,3.4895935,2.4494271,2.4494271,42,59,8,25,-0.7328125,0.24023438
96,2016-08-01 18:45:00+00:00,2.6276286,2.9367042,2.9367042,42,59,25,42,-0.45,0.25
96,2016-08-01 18:45:00+00:00,2.3672905,2.5412543,2.5412543,42,59,42,59,-0.16666667,0.25
96,2016-08-01 18:45:00+00:00,2.1833632,2.2606876,2.2606876,42,59,59,76,0.11692709,0.25312498
96,2016-08-01 18:45:00+00:00,1.9033188,1.6320313,1.6320313,42,59,93,110,0.68333334,0.25
96,2016-08-01 18:45:00+00:00,1.8085531,1.6163958,1.6163958,42,59,110,121,0.9166666,0.25
96,2016-08-01 18:45:00+00:00,1.7436746,2.162732,2.162732,59,76,25,42,-0.43828124,0.6484375
96,2016-08-01 18:45:00+00:00,1.8253884,1.8039151,1.8039151,59,76,42,59,-0.18125,0.6238282
96,2016-08-01 18:45:00+00:00,1.6595598,2.1674335,2.1674335,59,76,76,93,0.40234375,0.63750005
96,2016-08-01 18:45:00+00:00,1.7140796,1.4656574,1.4656574,59,76,93,110,0.70911455,0.6363281
96,2016-08-01 18:45:00+00:00,1.5925815,1.5553559,1.5553559,59,76,110,121,0.9166666,0.67499995
97,2016-08-07 18:05:00+00:00,2.0271552,1.6814711,1.6814711,8,25,93,110,0.6820313,-0.5605469
97,2016-08-07 18:05:00+00:00,2.6938248,2.3019683,2.3019683,25,42,42,59,-0.15078124,-0.16132812
97,2016-08-07 18:05:00+00:00,3.5379012,2.4249344,2.4249344,42,59,8,25,-0.7234375,0.23515625
97,2016-08-07 18:05:00+00:00,2.2934642,2.805571,2.805571,42,59,25,42,-0.45416665,0.2515625
97,2016-08-07 18:05:00+00:00,2.165638,2.388163,2.388163,42,59,42,59,-0.16666667,0.25
97,2016-08-07 18:05:00+00:00,2.0221536,2.2134342,2.2134342,42,59,59,76,0.11692709,0.25312498
97,2016-08-07 18:05:00+00:00,1.8092855,1.8109697,1.8109697,42,59,93,110,0.6783854,0.26757812
97,2016-08-07 18:05:00+00:00,1.7127781,1.7867754,1.7867754,42,59,110,121,0.9135417,0.2515625
97,2016-08-07 18:05:00+00:00,1.938684,1.5736381,1.5736381,59,76,93,110,0.71406245,0.6472657
97,2016-08-07 18:05:00+00:00,1.6653055,1.7202815,1.7202815,59,76,110,121,0.9166666,0.67499995
98,2016-08-10 18:35:00+00:00,1.8094455,2.0801713,2.0801713,25,42,76,93,0.40729165,-0.165625
98,2016-08-10 18:35:00+00:00,1.4978195,1.4997727,1.4997727,25,42,93,110,0.68333334,-0.175
98,2016-08-10 18:35:00+00:00,1.4236912,1.4931449,1.4931449,25,42,110,121,0.9166666,-0.175
98,2016-08-10 18:35:00+00:00,2.1427567,2.156739,2.156739,42,59,42,59,-0.16666667,0.25
98,2016-08-10 18:35:00+00:00,1.952047,1.9117923,1.9117923,42,59,59,76,0.11692709,0.25312498
98,2016-08-10 18:35:00+00:00,2.0096128,2.1830623,2.1830623,42,59,76,93,0.39479166,0.26171875
98,2016-08-10 18:35:00+00:00,1.7812952,1.5209333,1.5209333,42,59,93,110,0.68333334,0.25
98,2016-08-10 18:35:00+00:00,1.6813791,1.6278559,1.6278559,42,59,110,121,0.9166666,0.25
98,2016-08-10 18:35:00+00:00,2.0277803,2.1087356,2.1087356,59,76,25,42,-0.4372396,0.65117186
98,2016-08-10 18:35:00+00:00,2.1934369,1.7436116,1.7436116,59,76,42,59,-0.18359375,0.62460935
98,2016-08-10 18:35:00+00:00,2.1567585,2.0629861,2.0629861,59,76,76,93,0.39999998,0.646875
98,2016-08-10 18:35:00+00:00,1.9249282,1.4781963,1.4781963,59,76,93,110,0.69739586,0.64453125
98,2016-08-10 18:35:00+00:00,1.660942,1.6473941,1.6473941,59,76,110,121,0.9166666,0.67499995
99,2016-08-19 18:30:00+00:00,1.7926701,1.9454681,1.9454681,25,42,93,110,0.68046874,-0.16992188
99,2016-08-19 18:30:00+00:00,1.5689983,1.9183283,1.9183283,25,42,110,121,0.9166666,-0.175
99,2016-08-19 18:30:00+00:00,2.6175072,2.6887815,2.6887815,42,59,59,76,0.11692709,0.25312498
99,2016-08-19 18:30:00+00:00,2.3682535,2.1104605,2.1104605,42,59,93,110,0.68671876,0.24570312
99,2016-08-19 18:30:00+00:00,2.4751568,2.290145,2.290145,42,59,110,121,0.9166666,0.25
99,2016-08-19 18:30:00+00:00,2.1825116,2.4667983,2.4667983,59,76,42,59,-0.1809896,0.6234375
99,2016-08-19 18:30:00+00:00,2.5514946,2.9054396,2.9054396,59,76,76,93,0.3971354,0.64179695
99,2016-08-19 18:30:00+00:00,2.3817863,2.3501575,2.3501575,59,76,110,121,0.9166666,0.67499995
100,2016-09-27 18:35:00+00:00,3.9125507,3.4687889,3.4687889,8,25,93,110,0.69062495,-0.56249994
100,2016-09-27 18:35:00+00:00,3.6225219,3.761504,3.761504,8,25,110,121,0.9125,-0.52421874
100,2016-09-27 18:35:00+00:00,4.509701,4.342118,4.342118,25,42,42,59,-0.16041668,-0.1578125
100,2016-09-27 18:35:00+00:00,4.1320214,4.5721025,4.5721025,25,42,76,93,0.40833333,-0.16874999
100,2016-09-27 18:35:00+00:00,4.006049,3.6624482,3.6624482,25,42,93,110,0.68333334,-0.175
100,2016-09-27 18:35:00+00:00,3.4943514,3.7695606,3.7695606,25,42,110,121,0.9166666,-0.175
100,2016-09-27 18:35:00+00:00,4.615579,4.725651,4.725651,42,59,8,25,-0.7442708,0.23945312
100,2016-09-27 18:35:00+00:00,4.6193323,5.1838994,5.1838994,42,59,25,42,-0.45,0.25
100,2016-09-27 18:35:00+00:00,4.4975944,4.634964,4.634964,42,59,42,59,-0.16666667,0.25
100,2016-09-27 18:35:00+00:00,4.4105983,4.348402,4.348402,42,59,59,76,0.11354167,0.2515625
100,2016-09-27 18:35:00+00:00,3.9839792,4.0180073,4.0180073,42,59,93,110,0.68333334,0.25
100,2016-09-27 18:35:00+00:00,3.6273658,4.339343,4.339343,42,59,110,121,0.9166666,0.25
100,2016-09-27 18:35:00+00:00,4.4682603,4.7068796,4.7068796,59,76,25,42,-0.43411458,0.6472656
100,2016-09-27 18:35:00+00:00,4.595763,4.037627,4.037627,59,76,42,59,-0.17890626,0.62187505
100,2016-09-27 18:35:00+00:00,4.587249,4.8239183,4.8239183,59,76,76,93,0.39635417,0.6441406
100,2016-09-27 18:35:00+00:00,4.2730737,4.0394454,4.0394454,59,76,93,110,0.6955729,0.64375
100,2016-09-27 18:35:00+00:00,3.143851,4.4804983,4.4804983,59,76,110,121,0.9166666,0.67499995
101,2016-10-17 18:10:00+00:00,2.7757998,2.2426844,2.2426844,25,42,42,59,-0.15703125,-0.15625
101,2016-10-17 18:10:00+00:00,2.7228308,2.8191347,2.8191347,25,42,76,93,0.403125,-0.16796875
101,2016-10-17 18:10:00+00:00,2.4469347,2.254404,2.254404,25,42,93,110,0.68333334,-0.175
101,2016-10-17 18:10:00+00:00,2.3422203,2.3363426,2.3363426,25,42,110,121,0.9166666,-0.175
101,2016-10-17 18:10:00+00:00,3.608541,2.5049434,2.5049434,42,59,8,25,-0.72786456,0.24492186
101,2016-10-17 18:10:00+00:00,2.5171854,2.8708463,2.8708463,42,59,25,42,-0.44947916,0.25195312
101,2016-10-17 18:10:00+00:00,2.0407214,2.2835007,2.2835007,42,59,42,59,-0.16666667,0.25
101,2016-10-17 18:10:00+00:00,1.9427646,2.1737928,2.1737928,42,59,59,76,0.114322916,0.25742185
101,2016-10-17 18:10:00+00:00,2.5039396,2.2342658,2.2342658,42,59,93,110,0.68333334,0.25
101,2016-10-17 18:10:00+00:00,2.3022306,2.4350035,2.4350035,42,59,110,121,0.9166666,0.25
101,2016-10-17 18:10:00+00:00,2.110994,2.247707,2.247707,59,76,25,42,-0.44036457,0.65
101,2016-10-17 18:10:00+00:00,1.8736836,1.7803034,1.7803034,59,76,42,59,-0.18125,0.628125
101,2016-10-17 18:10:00+00:00,1.9073927,1.8522247,1.8522247,59,76,59,76,0.13177083,0.62070316
101,2016-10-17 18:10:00+00:00,2.3257394,2.6032815,2.6032815,59,76,76,93,0.39427084,0.64804685
101,2016-10-17 18:10:00+00:00,2.591554,2.0994356,2.0994356,59,76,93,110,0.7028645,0.65
101,2016-10-17 18:10:00+00:00,2.3553119,2.3778076,2.3778076,59,76,110,121,0.9166666,0.67499995
