t,date,target,pred,post,y0,y1,x0,x1,cx,cy
0,2014-05-24 18:45:00+00:00,2.5931726,2.4043584,2.4599366,19,32,84,97,0.5,-0.375
0,2014-05-24 18:45:00+00:00,3.1672716,3.068314,3.3163662,32,45,32,45,-0.3645833,-0.03984375
0,2014-05-24 18:45:00+00:00,2.4746385,3.035554,3.0215049,32,45,45,58,-0.15,-0.050000004
0,2014-05-24 18:45:00+00:00,2.5509362,2.439851,2.7022138,32,45,71,84,0.28046876,-0.03984375
0,2014-05-24 18:45:00+00:00,2.1373417,2.2128532,2.2049768,32,45,84,97,0.5,-0.050000004
0,2014-05-24 18:45:00+00:00,1.7445829,1.9739983,1.8930491,32,45,97,110,0.7166667,-0.050000004
0,2014-05-24 18:45:00+00:00,1.7499595,1.8097736,1.7878364,32,45,110,121,0.9166666,-0.050000004
0,2014-05-24 18:45:00+00:00,3.2643802,2.453552,2.5488262,45,58,6,19,-0.78776044,0.2671875
0,2014-05-24 18:45:00+00:00,2.4658046,2.9215064,3.0670357,45,58,19,32,-0.5833333,0.275
0,2014-05-24 18:45:00+00:00,2.358268,2.7947268,2.6943946,45,58,32,45,-0.37187502,0.27734375
0,2014-05-24 18:45:00+00:00,2.1362355,2.672993,2.401088,45,58,45,58,-0.15,0.275
0,2014-05-24 18:45:00+00:00,2.232104,2.2485619,2.1835482,45,58,58,71,0.07630208,0.27421877
0,2014-05-24 18:45:00+00:00,2.0569317,1.6579316,1.8752809,45,58,84,97,0.5101563,0.28671876
0,2014-05-24 18:45:00+00:00,1.8907422,1.623436,1.67773,45,58,97,110,0.7166667,0.275
0,2014-05-24 18:45:00+00:00,2.61508,2.7014244,2.706974,58,71,19,32,-0.5697917,0.57421875
0,2014-05-24 18:45:00+00:00,2.4780805,2.4358137,2.4906201,58,71,32,45,-0.36666667,0.6
0,2014-05-24 18:45:00+00:00,2.3475149,2.575922,2.2917697,58,71,45,58,-0.15572916,0.5835937
0,2014-05-24 18:45:00+00:00,2.2883074,2.1014664,2.2476907,58,71,71,84,0.284375,0.5972656
1,2014-05-25 17:50:00+00:00,1.5077957,1.3074508,1.3953837,19,32,84,97,0.5,-0.375
1,2014-05-25 17:50:00+00:00,1.3769561,1.4771616,1.473147,19,32,97,110,0.7166667,-0.375
1,2014-05-25 17:50:00+00:00,1.3854364,1.4358935,1.4120791,19,32,110,121,0.9166666,-0.375
1,2014-05-25 17:50:00+00:00,1.6404147,1.7205122,1.7290722,32,45,32,45,-0.36302084,-0.03359375
1,2014-05-25 17:50:00+00:00,1.5515301,1.8622786,1.6980062,32,45,45,58,-0.15,-0.050000004
1,2014-05-25 17:50:00+00:00,1.8802419,1.6185118,1.4453188,32,45,58,71,0.05729167,-0.05078125
1,2014-05-25 17:50:00+00:00,1.6888909,1.4666175,1.4818872,32,45,71,84,0.27916667,-0.04414063
1,2014-05-25 17:50:00+00:00,1.3750097,1.3102145,1.264295,32,45,84,97,0.49114585,-0.051562503
1,2014-05-25 17:50:00+00:00,1.2938359,1.44825,1.368612,32,45,97,110,0.7166667,-0.050000004
1,2014-05-25 17:50:00+00:00,1.3703035,1.4088206,1.2886894,32,45,110,121,0.9166666,-0.050000004
1,2014-05-25 17:50:00+00:00,1.5883125,1.4421203,1.6364285,45,58,19,32,-0.5833333,0.275
1,2014-05-25 17:50:00+00:00,1.4883579,1.4298512,1.589114,45,58,32,45,-0.36666667,0.275
1,2014-05-25 17:50:00+00:00,1.3874615,1.671873,1.5700053,45,58,45,58,-0.15,0.275
1,2014-05-25 17:50:00+00:00,1.4943277,1.2795063,1.4105171,45,58,58,71,0.06666666,0.275
1,2014-05-25 17:50:00+00:00,1.5589353,0.87111324,1.2493405,45,58,84,97,0.509375,0.278125
1,2014-05-25 17:50:00+00:00,1.3507843,1.3301274,1.3541194,45,58,97,110,0.7166667,0.275
1,2014-05-25 17:50:00+00:00,1.3562243,1.2652307,1.2895181,45,58,110,121,0.9166666,0.275
1,2014-05-25 17:50:00+00:00,1.6551791,1.5509207,1.622297,58,71,32,45,-0.36666667,0.6
1,2014-05-25 17:50:00+00:00,1.5784546,1.6807021,1.6184971,58,71,45,58,-0.15598959,0.58320314
1,2014-05-25 17:50:00+00:00,1.5892786,1.4070889,1.5198622,58,71,58,71,0.07057291,0.584375
1,2014-05-25 17:50:00+00:00,1.5763836,1.4645345,1.5366458,58,71,71,84,0.28619793,0.5929687
1,2014-05-25 17:50:00+00:00,1.6171257,1.1721706,1.3956012,58,71,84,97,0.48854166,0.5800781
1,2014-05-25 17:50:00+00:00,1.4269342,1.4474573,1.4534532,58,71,97,110,0.73046875,0.58906245
1,2014-05-25 17:50:00+00:00,1.3542476,1.4088274,1.4205456,58,71,110,121,0.9166666,0.6
1,2014-05-25 17:50:00+00:00,1.253662,1.1038924,1.2904153,71,81,110,121,0.9166666,0.8875
2,2014-05-30 18:05:00+00:00,1.8474857,1.6630596,1.8383433,19,32,84,97,0.5,-0.375
2,2014-05-30 18:05:00+00:00,1.8603139,1.6860104,1.7521456,19,32,97,110,0.7166667,-0.375
2,2014-05-30 18:05:00+00:00,1.9036222,1.6004355,1.6747642,19,32,110,121,0.9166666,-0.375
2,2014-05-30 18:05:00+00:00,1.9795693,2.1996737,2.3594968,32,45,32,45,-0.35989583,-0.035937503
2,2014-05-30 18:05:00+00:00,1.8313289,2.386965,2.1881437,32,45,45,58,-0.15,-0.050000004
2,2014-05-30 18:05:00+00:00,2.1226,1.9852654,1.8455937,32,45,58,71,0.055729166,-0.051171873
2,2014-05-30 18:05:00+00:00,1.9358379,1.774882,1.9530544,32,45,71,84,0.27526042,-0.043750003
2,2014-05-30 18:05:00+00:00,1.6488578,1.4943111,1.5936013,32,45,84,97,0.5,-0.050000004
2,2014-05-30 18:05:00+00:00,1.5283374,1.5982463,1.5285764,32,45,97,110,0.7166667,-0.050000004
2,2014-05-30 18:05:00+00:00,1.5838499,1.4938662,1.4211676,32,45,110,121,0.9166666,-0.050000004
2,2014-05-30 18:05:00+00:00,3.6746523,1.7267123,1.8281553,45,58,6,19,-0.7856771,0.26210937
2,2014-05-30 18:05:00+00:00,2.0096924,2.0935853,2.3104455,45,58,19,32,-0.5833333,0.275
2,2014-05-30 18:05:00+00:00,1.6563807,1.9108155,2.0283203,45,58,32,45,-0.36666667,0.275
2,2014-05-30 18:05:00+00:00,1.4894643,2.1164765,1.8666631,45,58,45,58,-0.15,0.275
2,2014-05-30 18:05:00+00:00,1.6308112,1.6170266,1.6311804,45,58,58,71,0.06666666,0.275
2,2014-05-30 18:05:00+00:00,1.7038473,1.5038581,1.6913831,45,58,71,84,0.2671875,0.2925781
2,2014-05-30 18:05:00+00:00,1.8086975,1.1143825,1.4390863,45,58,84,97,0.5132812,0.28671876
2,2014-05-30 18:05:00+00:00,1.5117108,1.3561184,1.4321022,45,58,97,110,0.7166667,0.275
2,2014-05-30 18:05:00+00:00,1.4135512,1.2423898,1.3342434,45,58,110,121,0.9166666,0.275
2,2014-05-30 18:05:00+00:00,1.7718899,1.8879623,2.008063,58,71,32,45,-0.36666667,0.6
2,2014-05-30 18:05:00+00:00,1.6900753,2.0940387,1.9158038,58,71,45,58,-0.15416667,0.5890625
2,2014-05-30 18:05:00+00:00,1.6744857,1.6854725,1.7787035,58,71,58,71,0.069270834,0.5824219
2,2014-05-30 18:05:00+00:00,1.7051746,1.7249396,1.8735666,58,71,71,84,0.2833333,0.6
2,2014-05-30 18:05:00+00:00,1.6631075,1.2133771,1.6143668,58,71,84,97,0.4924479,0.5867188
2,2014-05-30 18:05:00+00:00,1.4909339,1.4777601,1.5947428,58,71,97,110,0.7348958,0.5878906
2,2014-05-30 18:05:00+00:00,1.3455092,1.4491533,1.5328724,58,71,110,121,0.9166666,0.6
2,2014-05-30 18:05:00+00:00,1.3404161,0.94411635,1.3214144,71,81,110,121,0.9166666,0.8875
3,2014-05-31 18:50:00+00:00,2.2378886,2.159566,2.2595878,19,32,84,97,0.5,-0.375
3,2014-05-31 18:50:00+00:00,2.3088512,1.9641571,2.0580919,19,32,97,110,0.7166667,-0.375
3,2014-05-31 18:50:00+00:00,2.2089725,1.9062036,2.0024533,19,32,110,121,0.9166666,-0.375
3,2014-05-31 18:50:00+00:00,2.4765897,2.6202097,2.879939,32,45,32,45,-0.36041668,-0.036718752
3,2014-05-31 18:50:00+00:00,2.3765302,2.7756586,2.6719775,32,45,45,58,-0.15,-0.050000004
3,2014-05-31 18:50:00+00:00,2.3630807,2.2481196,2.4803965,32,45,71,84,0.28177083,-0.043750003
3,2014-05-31 18:50:00+00:00,2.0138338,1.9510323,2.0541341,32,45,84,97,0.5,-0.050000004
3,2014-05-31 18:50:00+00:00,1.8190742,1.8621354,1.8491987,32,45,97,110,0.7166667,-0.050000004
3,2014-05-31 18:50:00+00:00,1.7955627,1.7811091,1.7566273,32,45,110,121,0.9166666,-0.050000004
3,2014-05-31 18:50:00+00:00,3.9862552,2.2441778,2.31988,45,58,6,19,-0.78307295,0.26171875
3,2014-05-31 18:50:00+00:00,2.5977259,2.6153224,2.7613833,45,58,19,32,-0.5833333,0.275
3,2014-05-31 18:50:00+00:00,2.0529826,2.4055386,2.412394,45,58,32,45,-0.36666667,0.275
3,2014-05-31 18:50:00+00:00,1.8358514,2.511226,2.202158,45,58,45,58,-0.15,0.275
3,2014-05-31 18:50:00+00:00,2.0338664,2.0528374,1.9992796,45,58,58,71,0.06666666,0.275
3,2014-05-31 18:50:00+00:00,2.228806,1.8880202,2.0993419,45,58,71,84,0.26901042,0.28945312
3,2014-05-31 18:50:00+00:00,2.4504616,1.4975365,1.7749131,45,58,84,97,0.5158854,0.28671876
3,2014-05-31 18:50:00+00:00,1.8344002,1.595042,1.6774753,45,58,97,110,0.7166667,0.275
3,2014-05-31 18:50:00+00:00,1.6842126,1.5226219,1.5938787,45,58,110,121,0.9166666,0.275
3,2014-05-31 18:50:00+00:00,2.5715935,2.4884691,2.4504087,58,71,19,32,-0.5679687,0.56640625
3,2014-05-31 18:50:00+00:00,2.1779854,2.225398,2.2655761,58,71,32,45,-0.36666667,0.6
3,2014-05-31 18:50:00+00:00,2.048231,2.3991516,2.1419055,58,71,45,58,-0.15546876,0.590625
3,2014-05-31 18:50:00+00:00,2.0400121,2.1086657,2.0126698,58,71,58,71,0.07239584,0.578125
3,2014-05-31 18:50:00+00:00,2.1191463,2.0014997,2.1561,58,71,71,84,0.2833333,0.6
3,2014-05-31 18:50:00+00:00,2.009936,1.6018068,1.8779012,58,71,84,97,0.49583334,0.5910156
3,2014-05-31 18:50:00+00:00,1.8209743,1.7034531,1.7688814,58,71,97,110,0.72968745,0.59023434
3,2014-05-31 18:50:00+00:00,1.6887293,1.6396943,1.7328856,58,71,110,121,0.9166666,0.6
3,2014-05-31 18:50:00+00:00,1.7074684,1.2371625,1.5722549,71,81,110,121,0.9166666,0.8875
4,2014-06-03 19:20:00+00:00,2.489339,3.035583,2.9854796,19,32,84,97,0.49791667,-0.37226564
4,2014-06-03 19:20:00+00:00,1.9357593,2.436818,2.5064886,19,32,97,110,0.71875,-0.3722656
4,2014-06-03 19:20:00+00:00,1.8775581,2.3448014,2.482286,19,32,110,121,0.9166666,-0.375
4,2014-06-03 19:20:00+00:00,3.8052104,3.6309435,3.9229014,32,45,32,45,-0.36562502,-0.04140625
4,2014-06-03 19:20:00+00:00,3.278504,3.5979602,3.5649798,32,45,45,58,-0.15,-0.050000004
4,2014-06-03 19:20:00+00:00,2.8729746,3.0108545,3.2949784,32,45,71,84,0.27291667,-0.047656253
4,2014-06-03 19:20:00+00:00,2.5109053,2.6690295,2.7459562,32,45,84,97,0.5057292,-0.05234375
4,2014-06-03 19:20:00+00:00,1.9287193,2.286282,2.2317727,32,45,97,110,0.7166667,-0.050000004
4,2014-06-03 19:20:00+00:00,1.7837917,2.1457777,2.1584787,32,45,110,121,0.9166666,-0.050000004
4,2014-06-03 19:20:00+00:00,4.2162,3.6505952,3.7494607,45,58,19,32,-0.5833333,0.275
4,2014-06-03 19:20:00+00:00,2.5961773,3.2374277,3.297073,45,58,32,45,-0.36666667,0.275
4,2014-06-03 19:20:00+00:00,2.3211281,3.2205324,2.9340045,45,58,45,58,-0.15,0.275
4,2014-06-03 19:20:00+00:00,2.2211182,2.7155454,2.6658638,45,58,58,71,0.06302083,0.27890626
4,2014-06-03 19:20:00+00:00,2.5391657,2.0477576,2.3821683,45,58,84,97,0.5153646,0.2878906
4,2014-06-03 19:20:00+00:00,2.1396542,1.8463126,1.975494,45,58,97,110,0.7166667,0.275
4,2014-06-03 19:20:00+00:00,1.9310008,1.7418137,1.8934177,45,58,110,121,0.9166666,0.275
4,2014-06-03 19:20:00+00:00,3.887687,2.8900793,3.041702,58,71,32,45,-0.36249998,0.59765625
4,2014-06-03 19:20:00+00:00,2.9955494,3.1701808,2.7611632,58,71,45,58,-0.15338542,0.58554685
4,2014-06-03 19:20:00+00:00,2.3397737,2.8430781,2.5944602,58,71,58,71,0.06979167,0.57851565
4,2014-06-03 19:20:00+00:00,2.249989,2.5652013,2.765079,58,71,71,84,0.28255206,0.590625
4,2014-06-03 19:20:00+00:00,2.255054,2.1947808,2.395583,58,71,84,97,0.49114585,0.5835937
4,2014-06-03 19:20:00+00:00,2.2554412,1.9477828,2.0405977,58,71,97,110,0.734375,0.5894531
4,2014-06-03 19:20:00+00:00,1.8497621,1.8373969,1.998214,58,71,110,121,0.9166666,0.6
4,2014-06-03 19:20:00+00:00,1.9629823,1.4030786,1.7753836,71,81,110,121,0.9195313,0.8851563
5,2014-06-05 19:10:00+00:00,2.2928843,2.5525076,2.557853,19,32,84,97,0.49609375,-0.37265623
5,2014-06-05 19:10:00+00:00,1.9913427,2.114771,2.192826,19,32,97,110,0.7166667,-0.375
5,2014-06-05 19:10:00+00:00,1.9343584,2.0076177,2.1347966,19,32,110,121,0.9166666,-0.375
5,2014-06-05 19:10:00+00:00,2.7656388,3.2043567,3.4444582,32,45,32,45,-0.36770833,-0.034765624
5,2014-06-05 19:10:00+00:00,2.5020275,3.221634,3.1305156,32,45,45,58,-0.15,-0.050000004
5,2014-06-05 19:10:00+00:00,2.3255754,2.5954096,2.8218222,32,45,71,84,0.278125,-0.04257813
5,2014-06-05 19:10:00+00:00,2.2222428,2.3328915,2.3207228,32,45,84,97,0.49635416,-0.051953126
5,2014-06-05 19:10:00+00:00,1.8378971,2.0052054,1.933512,32,45,97,110,0.7166667,-0.050000004
5,2014-06-05 19:10:00+00:00,1.7394079,1.8646753,1.8312858,32,45,110,121,0.9166666,-0.050000004
5,2014-06-05 19:10:00+00:00,4.2808456,2.7540572,2.8058062,45,58,6,19,-0.78723955,0.25820312
5,2014-06-05 19:10:00+00:00,2.7870684,3.195183,3.3502052,45,58,19,32,-0.5833333,0.275
5,2014-06-05 19:10:00+00:00,2.318343,2.8024378,2.8942475,45,58,32,45,-0.36666667,0.275
5,2014-06-05 19:10:00+00:00,2.0944,2.8382852,2.5671282,45,58,45,58,-0.15,0.275
5,2014-06-05 19:10:00+00:00,2.0209973,2.3471804,2.283441,45,58,58,71,0.06666666,0.275
5,2014-06-05 19:10:00+00:00,2.2824914,2.1918108,2.4228718,45,58,71,84,0.27161458,0.28984377
5,2014-06-05 19:10:00+00:00,1.9204314,1.6180742,1.7454944,45,58,97,110,0.7166667,0.275
5,2014-06-05 19:10:00+00:00,1.7510315,1.5008774,1.6485349,45,58,110,121,0.9166666,0.275
5,2014-06-05 19:10:00+00:00,2.4230921,2.601859,2.6849985,58,71,32,45,-0.36666667,0.6
5,2014-06-05 19:10:00+00:00,2.5572138,2.8002644,2.4580176,58,71,45,58,-0.15572917,0.58750004
5,2014-06-05 19:10:00+00:00,2.1662588,2.4692798,2.2691147,58,71,58,71,0.07109375,0.57890624
5,2014-06-05 19:10:00+00:00,2.0032463,2.1431825,2.4343626,58,71,71,84,0.27473956,0.59765625
5,2014-06-05 19:10:00+00:00,2.1060495,1.8034176,2.0696387,58,71,84,97,0.49218753,0.5835937
5,2014-06-05 19:10:00+00:00,1.8610089,1.7580497,1.8466767,58,71,97,110,0.72968745,0.5875
5,2014-06-05 19:10:00+00:00,1.6139379,1.6612811,1.785475,58,71,110,121,0.9166666,0.6
5,2014-06-05 19:10:00+00:00,1.6778843,1.165009,1.5706828,71,81,110,121,0.9166666,0.8875
6,2014-06-07 18:55:00+00:00,1.9533806,1.8080093,1.8841184,19,32,84,97,0.5,-0.375
6,2014-06-07 18:55:00+00:00,1.7809042,1.7808868,1.8192725,19,32,97,110,0.7166667,-0.375
6,2014-06-07 18:55:00+00:00,1.7422769,1.7496765,1.799591,19,32,110,121,0.9166666,-0.375
6,2014-06-07 18:55:00+00:00,2.0141656,2.1700232,2.2620935,32,45,32,45,-0.36015624,-0.036718752
6,2014-06-07 18:55:00+00:00,1.9264095,2.3664014,2.171782,32,45,45,58,-0.15,-0.050000004
6,2014-06-07 18:55:00+00:00,1.9422853,1.7616075,1.7603893,32,45,84,97,0.5,-0.050000004
6,2014-06-07 18:55:00+00:00,1.8380175,1.7870259,1.7231743,32,45,97,110,0.7166667,-0.050000004
6,2014-06-07 18:55:00+00:00,1.6480135,1.7353096,1.6750764,32,45,110,121,0.9166666,-0.050000004
6,2014-06-07 18:55:00+00:00,2.0006354,2.0421927,2.179472,45,58,19,32,-0.58020836,0.265625
6,2014-06-07 18:55:00+00:00,1.7122592,1.7974502,1.7921382,45,58,58,71,0.07057292,0.28398436
6,2014-06-07 18:55:00+00:00,1.9334158,1.6773592,1.8402349,45,58,71,84,0.27031252,0.2890625
6,2014-06-07 18:55:00+00:00,2.0099993,1.6419622,1.6576245,45,58,97,110,0.7166667,0.275
6,2014-06-07 18:55:00+00:00,1.8335596,1.5893701,1.6202271,45,58,110,121,0.9166666,0.275
6,2014-06-07 18:55:00+00:00,1.8629054,1.8794464,1.9288994,58,71,32,45,-0.3627604,0.60234374
6,2014-06-07 18:55:00+00:00,2.1171236,2.110624,1.8986343,58,71,45,58,-0.1513021,0.58906245
6,2014-06-07 18:55:00+00:00,2.1427596,1.882559,1.8277756,58,71,58,71,0.069270834,0.5824219
6,2014-06-07 18:55:00+00:00,2.0236466,1.7825503,1.9311528,58,71,71,84,0.2833333,0.6
6,2014-06-07 18:55:00+00:00,2.052623,1.5815903,1.7700099,58,71,84,97,0.49765626,0.5914062
6,2014-06-07 18:55:00+00:00,1.865542,1.6437464,1.7026527,58,71,97,110,0.7309896,0.5886719
6,2014-06-07 18:55:00+00:00,1.799222,1.5987984,1.7097719,58,71,110,121,0.9166666,0.6
6,2014-06-07 18:55:00+00:00,1.5750288,1.5030473,1.635973,71,81,110,121,0.9166666,0.8875
7,2014-06-14 19:00:00+00:00,2.364213,2.2991471,2.2986383,19,32,84,97,0.5,-0.375
7,2014-06-14 19:00:00+00:00,1.8592469,1.9235234,1.9898021,19,32,97,110,0.7166667,-0.375
7,2014-06-14 19:00:00+00:00,1.8302565,1.8484398,1.9439949,19,32,110,121,0.9166666,-0.375
7,2014-06-14 19:00:00+00:00,2.6801333,2.868998,3.1351447,32,45,32,45,-0.36197916,-0.0375
7,2014-06-14 19:00:00+00:00,2.4131842,2.885787,2.8494754,32,45,45,58,-0.15,-0.050000004
7,2014-06-14 19:00:00+00:00,2.2520049,2.38041,2.5658116,32,45,71,84,0.28125,-0.043359376
7,2014-06-14 19:00:00+00:00,2.1052828,2.1372926,2.0789216,32,45,84,97,0.5,-0.050000004
7,2014-06-14 19:00:00+00:00,1.7797103,1.8662415,1.772569,32,45,97,110,0.7166667,-0.050000004
7,2014-06-14 19:00:00+00:00,1.6180053,1.7604895,1.683748,32,45,110,121,0.9166666,-0.050000004
7,2014-06-14 19:00:00+00:00,3.675173,2.533322,2.542284,45,58,6,19,-0.78151035,0.26171875
7,2014-06-14 19:00:00+00:00,2.5232282,2.9381688,3.0278587,45,58,19,32,-0.5833333,0.275
7,2014-06-14 19:00:00+00:00,2.4070764,2.5944853,2.62997,45,58,32,45,-0.36666667,0.275
7,2014-06-14 19:00:00+00:00,2.2510755,2.5774229,2.3671749,45,58,45,58,-0.15,0.275
7,2014-06-14 19:00:00+00:00,2.2484508,2.174559,2.1505222,45,58,58,71,0.06666666,0.275
7,2014-06-14 19:00:00+00:00,2.2667246,2.0257912,2.2034159,45,58,71,84,0.2653646,0.29140624
7,2014-06-14 19:00:00+00:00,2.1458123,1.5962012,1.8315,45,58,84,97,0.5122396,0.2875
7,2014-06-14 19:00:00+00:00,1.8099726,1.5736233,1.6402894,45,58,97,110,0.7166667,0.275
7,2014-06-14 19:00:00+00:00,1.5968282,1.4718881,1.5517725,45,58,110,121,0.9166666,0.275
7,2014-06-14 19:00:00+00:00,2.3819017,2.3835514,2.4641538,58,71,32,45,-0.36666667,0.6
7,2014-06-14 19:00:00+00:00,2.3584185,2.471387,2.283228,58,71,45,58,-0.15078126,0.5917969
7,2014-06-14 19:00:00+00:00,2.3181581,2.1928174,2.1587489,58,71,58,71,0.07291667,0.584375
7,2014-06-14 19:00:00+00:00,2.1770003,2.076555,2.2371042,58,71,71,84,0.2833333,0.6
7,2014-06-14 19:00:00+00:00,2.1839721,1.7019253,1.9298226,58,71,84,97,0.4950521,0.5910156
7,2014-06-14 19:00:00+00:00,1.7455274,1.6863699,1.7433974,58,71,97,110,0.726823,0.59023434
7,2014-06-14 19:00:00+00:00,1.5179192,1.5993346,1.6897192,58,71,110,121,0.9166666,0.6
7,2014-06-14 19:00:00+00:00,1.6128894,1.1663573,1.4976584,71,81,110,121,0.9166666,0.8875
8,2014-06-16 18:50:00+00:00,1.5669091,1.6782011,1.8250437,19,32,84,97,0.49791664,-0.35742188
8,2014-06-16 18:50:00+00:00,1.6865349,2.3782403,2.2531743,32,45,45,58,-0.14401042,-0.03828125
8,2014-06-16 18:50:00+00:00,1.7933706,1.9687818,2.063191,32,45,71,84,0.28020835,-0.042968754
8,2014-06-16 18:50:00+00:00,1.6967812,1.6547824,1.655465,32,45,84,97,0.5057292,-0.05234375
8,2014-06-16 18:50:00+00:00,1.4625274,1.6521101,1.5613173,32,45,97,110,0.7166667,-0.050000004
8,2014-06-16 18:50:00+00:00,1.4173154,1.6030023,1.4617723,32,45,110,121,0.9166666,-0.050000004
8,2014-06-16 18:50:00+00:00,2.1665165,2.4092412,2.4729424,45,58,19,32,-0.5809896,0.26640624
8,2014-06-16 18:50:00+00:00,2.0307813,2.1119792,2.1723275,45,58,32,45,-0.36666667,0.275
8,2014-06-16 18:50:00+00:00,1.8204277,2.1852407,2.0094583,45,58,45,58,-0.15,0.275
8,2014-06-16 18:50:00+00:00,1.9226738,1.7722712,1.8280362,45,58,58,71,0.06666666,0.275
8,2014-06-16 18:50:00+00:00,1.9969093,1.626724,1.8804232,45,58,71,84,0.26770836,0.28945312
8,2014-06-16 18:50:00+00:00,1.93564,1.255522,1.5780636,45,58,84,97,0.5177083,0.28398436
8,2014-06-16 18:50:00+00:00,1.7255895,1.4688721,1.5315763,45,58,97,110,0.7166667,0.275
8,2014-06-16 18:50:00+00:00,1.5911896,1.4065733,1.4498874,45,58,110,121,0.9166666,0.275
8,2014-06-16 18:50:00+00:00,2.182338,1.9248511,2.0743237,58,71,32,45,-0.35833335,0.5894531
8,2014-06-16 18:50:00+00:00,2.0004275,2.1435947,1.9783055,58,71,45,58,-0.1484375,0.5894531
8,2014-06-16 18:50:00+00:00,2.0494986,1.8731072,1.8732312,58,71,58,71,0.06796875,0.58125
8,2014-06-16 18:50:00+00:00,2.034253,1.84081,1.9535366,58,71,71,84,0.2833333,0.6
8,2014-06-16 18:50:00+00:00,2.046587,1.479054,1.7058868,58,71,84,97,0.49765626,0.5914062
8,2014-06-16 18:50:00+00:00,1.8694555,1.5973446,1.6264977,58,71,97,110,0.73072916,0.59023434
8,2014-06-16 18:50:00+00:00,1.6424208,1.5362219,1.586427,58,71,110,121,0.9166666,0.6
8,2014-06-16 18:50:00+00:00,1.5198015,1.2312852,1.4209636,71,81,110,121,0.9166666,0.8875
9,2014-06-21 19:10:00+00:00,2.1767561,2.1196654,2.0956495,32,45,84,97,0.5052084,-0.050000004
9,2014-06-21 19:10:00+00:00,1.4771063,1.8319027,1.7403451,32,45,97,110,0.71796876,-0.04921875
9,2014-06-21 19:10:00+00:00,1.6190454,1.7688475,1.6362253,32,45,110,121,0.9166666,-0.050000004
9,2014-06-21 19:10:00+00:00,2.5486002,2.6413612,2.7568915,45,58,32,45,-0.36354166,0.2808594
9,2014-06-21 19:10:00+00:00,2.277262,2.6519835,2.4895227,45,58,45,58,-0.15,0.275
9,2014-06-21 19:10:00+00:00,2.3968756,2.2921326,2.2788358,45,58,58,71,0.071354166,0.27109373
9,2014-06-21 19:10:00+00:00,2.2315152,1.5261147,1.9493554,45,58,84,97,0.5148437,0.27539062
9,2014-06-21 19:10:00+00:00,1.796021,1.5595474,1.6569604,45,58,97,110,0.7166667,0.275
9,2014-06-21 19:10:00+00:00,1.3245343,1.502035,1.5636582,45,58,110,121,0.9166666,0.275
9,2014-06-21 19:10:00+00:00,2.290725,2.434114,2.5993931,58,71,32,45,-0.36015624,0.590625
9,2014-06-21 19:10:00+00:00,2.2255943,2.5566664,2.4016354,58,71,45,58,-0.1575521,0.590625
9,2014-06-21 19:10:00+00:00,2.3762517,2.3035011,2.2823179,58,71,58,71,0.071614586,0.5902344
9,2014-06-21 19:10:00+00:00,2.3726082,2.2094538,2.378347,58,71,71,84,0.2833333,0.6
9,2014-06-21 19:10:00+00:00,1.8008162,1.6934092,1.7540882,58,71,97,110,0.72760415,0.5882812
9,2014-06-21 19:10:00+00:00,1.265287,1.6268188,1.7030456,58,71,110,121,0.9166666,0.6
10,2014-06-28 19:15:00+00:00,1.4809259,1.9386584,1.9289366,19,32,97,110,0.7268229,-0.365625
10,2014-06-28 19:15:00+00:00,1.7597475,1.8681755,1.8835034,19,32,110,121,0.9161458,-0.36562496
10,2014-06-28 19:15:00+00:00,1.9299989,2.1706045,2.0977433,32,45,84,97,0.5,-0.050000004
10,2014-06-28 19:15:00+00:00,1.6267723,1.8577597,1.7733781,32,45,97,110,0.7166667,-0.050000004
10,2014-06-28 19:15:00+00:00,1.5618169,1.8143798,1.6972826,32,45,110,121,0.9166666,-0.050000004
10,2014-06-28 19:15:00+00:00,2.0424855,2.6395905,2.4481287,45,58,45,58,-0.15,0.275
10,2014-06-28 19:15:00+00:00,2.034514,2.2026474,2.2483897,45,58,58,71,0.061979167,0.28398436
10,2014-06-28 19:15:00+00:00,1.9247459,1.6035613,1.6810658,45,58,97,110,0.7166667,0.275
10,2014-06-28 19:15:00+00:00,1.5966417,1.5629112,1.6120658,45,58,110,121,0.9166666,0.275
10,2014-06-28 19:15:00+00:00,2.2221694,2.4986436,2.31103,58,71,45,58,-0.15859374,0.58984375
10,2014-06-28 19:15:00+00:00,2.177288,2.2393332,2.1952195,58,71,58,71,0.07265625,0.5875
10,2014-06-28 19:15:00+00:00,2.2686882,2.146729,2.2856758,58,71,71,84,0.2833333,0.6
10,2014-06-28 19:15:00+00:00,1.8333769,1.7272016,1.739862,58,71,97,110,0.7322917,0.5914062
10,2014-06-28 19:15:00+00:00,1.4016793,1.6480111,1.7133968,58,71,110,121,0.9166666,0.6
10,2014-06-28 19:15:00+00:00,1.0554264,1.3873347,1.5414249,71,81,110,121,0.921875,0.8851563
11,2014-07-02 18:50:00+00:00,1.6734809,1.7514572,1.7116393,32,45,97,110,0.7085937,-0.04140625
11,2014-07-02 18:50:00+00:00,1.7970262,1.6106199,1.6349443,45,58,110,121,0.9166666,0.275
11,2014-07-02 18:50:00+00:00,2.2632377,1.7398703,1.9129993,58,71,84,97,0.4872396,0.5914062
11,2014-07-02 18:50:00+00:00,1.8599885,1.4941803,1.5868069,71,81,110,121,0.91770834,0.8871094
12,2014-07-04 18:35:00+00:00,1.9861186,1.9377699,1.9518946,19,32,84,97,0.5,-0.375
12,2014-07-04 18:35:00+00:00,1.7490393,1.8365531,1.8396078,19,32,97,110,0.7166667,-0.375
12,2014-07-04 18:35:00+00:00,1.7350055,1.8348259,1.8194764,19,32,110,121,0.9166666,-0.375
12,2014-07-04 18:35:00+00:00,2.2522662,2.3303208,2.5157738,32,45,32,45,-0.3622396,-0.034765624
12,2014-07-04 18:35:00+00:00,2.062471,2.5530322,2.3783708,32,45,45,58,-0.15,-0.050000004
12,2014-07-04 18:35:00+00:00,1.8461959,1.9988836,2.18697,32,45,71,84,0.27604166,-0.042578127
12,2014-07-04 18:35:00+00:00,1.699772,1.787669,1.7266153,32,45,97,110,0.7166667,-0.050000004
12,2014-07-04 18:35:00+00:00,1.6353811,1.7666156,1.6751232,32,45,110,121,0.9166666,-0.050000004
12,2014-07-04 18:35:00+00:00,2.267165,2.3372586,2.5101328,45,58,19,32,-0.58437496,0.27382815
12,2014-07-04 18:35:00+00:00,2.4360807,2.1477067,2.1982143,45,58,32,45,-0.36666667,0.275
12,2014-07-04 18:35:00+00:00,2.2659588,2.3372107,2.088635,45,58,45,58,-0.15677084,0.27304688
12,2014-07-04 18:35:00+00:00,1.8485438,1.9596114,1.9182495,45,58,58,71,0.05885417,0.265625
12,2014-07-04 18:35:00+00:00,1.9555634,1.5993879,1.6657171,45,58,97,110,0.7166667,0.275
12,2014-07-04 18:35:00+00:00,1.8893461,1.5747379,1.6269546,45,58,110,121,0.9166666,0.275
12,2014-07-04 18:35:00+00:00,2.26516,2.0152473,2.0817971,58,71,32,45,-0.36432293,0.5929687
12,2014-07-04 18:35:00+00:00,2.0500343,1.6274766,1.8281547,58,71,84,97,0.49166667,0.58515626
12,2014-07-04 18:35:00+00:00,2.0047426,1.6779755,1.7356435,58,71,97,110,0.7356771,0.5871093
12,2014-07-04 18:35:00+00:00,1.8323895,1.6430656,1.7374725,58,71,110,121,0.9166666,0.6
12,2014-07-04 18:35:00+00:00,1.8626575,1.4660206,1.611327,71,81,110,121,0.9166666,0.8875
15,2014-07-07 19:10:00+00:00,1.7501307,2.8783462,2.7274494,32,45,84,97,0.5033854,-0.041796874
15,2014-07-07 19:10:00+00:00,1.6118611,2.1983206,2.1080582,32,45,97,110,0.7190105,-0.028906247
15,2014-07-07 19:10:00+00:00,2.929037,3.5102851,3.639028,45,58,32,45,-0.3671875,0.28671876
15,2014-07-07 19:10:00+00:00,2.9857805,3.3794503,3.243029,45,58,45,58,-0.14583334,0.27617186
15,2014-07-07 19:10:00+00:00,2.8606668,2.9979024,3.037695,45,58,58,71,0.072916664,0.275
15,2014-07-07 19:10:00+00:00,2.2080362,1.9075198,1.984227,45,58,97,110,0.7166667,0.275
15,2014-07-07 19:10:00+00:00,1.845745,1.8142723,1.9191936,45,58,110,121,0.9166666,0.275
15,2014-07-07 19:10:00+00:00,2.9600613,2.9430208,3.0138977,58,71,71,84,0.28802085,0.59335935
15,2014-07-07 19:10:00+00:00,2.338174,2.0351162,2.0648649,58,71,97,110,0.7218751,0.58984375
15,2014-07-07 19:10:00+00:00,2.2047114,1.8796779,2.0287237,58,71,110,121,0.9166666,0.6
15,2014-07-07 19:10:00+00:00,1.8842033,1.5681982,1.8155018,71,81,110,121,0.9166666,0.8875
16,2014-07-09 18:55:00+00:00,2.3395042,3.1612508,3.2729926,45,58,19,32,-0.58515626,0.27929688
16,2014-07-09 18:55:00+00:00,2.204261,2.648286,2.7699125,45,58,32,45,-0.3658854,0.2808594
16,2014-07-09 18:55:00+00:00,2.340111,2.66392,2.4803722,45,58,45,58,-0.15,0.275
16,2014-07-09 18:55:00+00:00,2.1141343,2.159612,2.1779516,45,58,58,71,0.06328125,0.27812502
16,2014-07-09 18:55:00+00:00,1.7140267,1.398789,1.4851674,45,58,110,121,0.91875005,0.27968752
16,2014-07-09 18:55:00+00:00,2.9253163,2.5010915,2.6123784,58,71,32,45,-0.36380208,0.58320314
16,2014-07-09 18:55:00+00:00,2.3477094,2.6242583,2.3849785,58,71,45,58,-0.15130208,0.5875
16,2014-07-09 18:55:00+00:00,2.5391185,2.3043382,2.2003274,58,71,58,71,0.064062506,0.5765625
17,2014-07-11 18:45:00+00:00,1.6112733,1.6810716,1.6181211,19,32,110,121,0.915625,-0.3738281
17,2014-07-11 18:45:00+00:00,1.7023233,1.5828336,1.6309811,32,45,84,97,0.5,-0.050000004
17,2014-07-11 18:45:00+00:00,1.420778,1.6126188,1.5470818,32,45,97,110,0.7166667,-0.04296875
17,2014-07-11 18:45:00+00:00,1.3655324,1.6140095,1.4549942,32,45,110,121,0.9195313,-0.051562503
17,2014-07-11 18:45:00+00:00,2.415806,1.4022816,1.453767,45,58,110,121,0.9166666,0.275
17,2014-07-11 18:45:00+00:00,1.8887825,1.2443469,1.409933,71,81,110,121,0.9161458,0.88593745
18,2014-07-14 19:15:00+00:00,1.3552196,1.3081871,1.3302608,19,32,84,97,0.5,-0.375
18,2014-07-14 19:15:00+00:00,1.3740602,1.4639741,1.4157658,19,32,97,110,0.7166667,-0.375
18,2014-07-14 19:15:00+00:00,1.3521619,1.4468596,1.3432766,19,32,110,121,0.9166666,-0.375
18,2014-07-14 19:15:00+00:00,1.5264171,1.7169158,1.7586678,32,45,32,45,-0.36041668,-0.036718752
18,2014-07-14 19:15:00+00:00,1.441046,1.8833612,1.7125807,32,45,45,58,-0.15,-0.050000004
18,2014-07-14 19:15:00+00:00,1.566901,1.4977709,1.4874393,32,45,71,84,0.27968752,-0.04140625
18,2014-07-14 19:15:00+00:00,1.4081566,1.2721828,1.2341585,32,45,84,97,0.5,-0.050000004
18,2014-07-14 19:15:00+00:00,1.2630668,1.4425187,1.3423623,32,45,97,110,0.7166667,-0.050000004
18,2014-07-14 19:15:00+00:00,1.2599078,1.4299343,1.2520814,32,45,110,121,0.9166666,-0.050000004
18,2014-07-14 19:15:00+00:00,1.7094834,1.6124414,1.7700145,45,58,19,32,-0.5833333,0.275
18,2014-07-14 19:15:00+00:00,1.7959318,1.4901326,1.6730202,45,58,32,45,-0.36666667,0.275
18,2014-07-14 19:15:00+00:00,1.7593434,1.7157836,1.6399813,45,58,45,58,-0.15,0.275
18,2014-07-14 19:15:00+00:00,1.714783,1.2935563,1.4814891,45,58,58,71,0.06666666,0.275
18,2014-07-14 19:15:00+00:00,1.6843638,1.214961,1.4651437,45,58,71,84,0.26041666,0.2925781
18,2014-07-14 19:15:00+00:00,1.7736217,0.95515734,1.2879993,45,58,84,97,0.5158854,0.28398436
18,2014-07-14 19:15:00+00:00,1.453085,1.3354603,1.3773924,45,58,97,110,0.7166667,0.275
18,2014-07-14 19:15:00+00:00,1.4009811,1.3010315,1.316845,45,58,110,121,0.9166666,0.275
18,2014-07-14 19:15:00+00:00,1.622746,1.6012738,1.6660998,58,71,32,45,-0.36666667,0.6
18,2014-07-14 19:15:00+00:00,2.090092,1.7248132,1.646569,58,71,45,58,-0.15651041,0.5914062
18,2014-07-14 19:15:00+00:00,1.9528714,1.4597355,1.5789673,58,71,58,71,0.069270834,0.5824219
18,2014-07-14 19:15:00+00:00,1.8108695,1.5457836,1.5932136,58,71,71,84,0.2833333,0.6
18,2014-07-14 19:15:00+00:00,1.7636223,1.2572011,1.4355485,58,71,84,97,0.49244794,0.58554685
18,2014-07-14 19:15:00+00:00,1.4551153,1.4596454,1.4503853,58,71,97,110,0.7299479,0.59023434
18,2014-07-14 19:15:00+00:00,1.2704881,1.4221895,1.4317057,58,71,110,121,0.9166666,0.6
18,2014-07-14 19:15:00+00:00,1.1984516,1.1935098,1.2973671,71,81,110,121,0.9166666,0.8875
19,2014-07-17 18:05:00+00:00,1.6915694,1.737782,1.7398286,19,32,84,97,0.5,-0.375
19,2014-07-17 18:05:00+00:00,1.5219922,1.6629862,1.6530929,19,32,97,110,0.7166667,-0.375
19,2014-07-17 18:05:00+00:00,1.4690487,1.6483151,1.6041737,19,32,110,121,0.9166666,-0.375
19,2014-07-17 18:05:00+00:00,2.2151563,2.2751715,2.3458273,32,45,32,45,-0.365625,-0.039453126
19,2014-07-17 18:05:00+00:00,1.9794114,2.345441,2.1876075,32,45,45,58,-0.15,-0.050000004
19,2014-07-17 18:05:00+00:00,1.9005781,1.8921628,1.9663222,32,45,71,84,0.27942708,-0.045703128
19,2014-07-17 18:05:00+00:00,1.7050498,1.6034522,1.617474,32,45,84,97,0.5044271,-0.051953126
19,2014-07-17 18:05:00+00:00,1.635195,1.6309932,1.5474712,32,45,97,110,0.7166667,-0.050000004
19,2014-07-17 18:05:00+00:00,1.6102817,1.6057755,1.4728734,32,45,110,121,0.9166666,-0.050000004
19,2014-07-17 18:05:00+00:00,1.7257217,2.256101,2.3770318,45,58,19,32,-0.584375,0.27109376
19,2014-07-17 18:05:00+00:00,1.8575035,1.99841,2.0864186,45,58,32,45,-0.36666667,0.275
19,2014-07-17 18:05:00+00:00,1.9509691,2.1372337,1.9579936,45,58,45,58,-0.15,0.275
19,2014-07-17 18:05:00+00:00,1.992856,1.6971728,1.7773186,45,58,58,71,0.06666666,0.275
19,2014-07-17 18:05:00+00:00,1.9806659,1.551723,1.8278638,45,58,71,84,0.265625,0.28945315
19,2014-07-17 18:05:00+00:00,2.0565572,1.1893831,1.5802916,45,58,84,97,0.5119791,0.28203124
19,2014-07-17 18:05:00+00:00,1.725294,1.4726694,1.529183,45,58,97,110,0.7166667,0.275
19,2014-07-17 18:05:00+00:00,1.5764804,1.4374738,1.4708819,45,58,110,121,0.9166666,0.275
19,2014-07-17 18:05:00+00:00,1.5046049,2.0385468,2.0157814,58,71,32,45,-0.37187502,0.5816406
19,2014-07-17 18:05:00+00:00,1.7412037,1.8993198,1.9136126,58,71,71,84,0.29609376,0.5992187
19,2014-07-17 18:05:00+00:00,1.9649774,1.490032,1.6944182,58,71,84,97,0.49375,0.58984375
19,2014-07-17 18:05:00+00:00,1.5226324,1.5805999,1.6090277,58,71,97,110,0.7278646,0.58984375
19,2014-07-17 18:05:00+00:00,1.4926031,1.4949579,1.5975864,58,71,110,121,0.9104167,0.58867186
20,2014-07-31 18:20:00+00:00,0.83307266,0.9725414,0.84434146,19,32,110,121,0.91536456,-0.39023435
21,2014-08-03 18:50:00+00:00,1.4330413,1.4145314,1.4144151,19,32,84,97,0.5,-0.375
21,2014-08-03 18:50:00+00:00,1.4289101,1.408754,1.3792399,19,32,97,110,0.7166667,-0.375
21,2014-08-03 18:50:00+00:00,1.189059,1.4357629,1.2879883,19,32,110,121,0.9166666,-0.375
21,2014-08-03 18:50:00+00:00,2.045771,1.9339068,2.122496,32,45,32,45,-0.36015624,-0.036718752
21,2014-08-03 18:50:00+00:00,1.7044238,2.1455505,1.9410938,32,45,45,58,-0.15,-0.050000004
21,2014-08-03 18:50:00+00:00,1.5304615,1.5817856,1.6644995,32,45,71,84,0.27916667,-0.041015625
21,2014-08-03 18:50:00+00:00,1.3753499,1.2630894,1.3070978,32,45,84,97,0.5,-0.050000004
21,2014-08-03 18:50:00+00:00,1.5424125,1.3201116,1.2667942,32,45,97,110,0.7166667,-0.050000004
21,2014-08-03 18:50:00+00:00,1.2875199,1.3489923,1.1593689,32,45,110,121,0.9166666,-0.050000004
21,2014-08-03 18:50:00+00:00,2.8530645,2.1517375,2.2734482,45,58,19,32,-0.578125,0.27265626
21,2014-08-03 18:50:00+00:00,2.1789906,1.7353021,1.9607316,45,58,32,45,-0.36666667,0.275
21,2014-08-03 18:50:00+00:00,1.4338324,1.9238629,1.7989433,45,58,45,58,-0.15,0.275
21,2014-08-03 18:50:00+00:00,1.6011693,1.3714472,1.5551716,45,58,58,71,0.06666666,0.275
21,2014-08-03 18:50:00+00:00,1.643574,1.2444435,1.5943043,45,58,71,84,0.26718754,0.28945312
21,2014-08-03 18:50:00+00:00,1.6501205,0.86199486,1.3160633,45,58,84,97,0.5119792,0.28476563
21,2014-08-03 18:50:00+00:00,1.429468,1.1539577,1.3093982,45,58,97,110,0.7166667,0.275
21,2014-08-03 18:50:00+00:00,1.2258357,1.158503,1.2203512,45,58,110,121,0.9166666,0.275
21,2014-08-03 18:50:00+00:00,1.1284068,1.7395196,1.8704301,58,71,32,45,-0.36666667,0.6
21,2014-08-03 18:50:00+00:00,1.3760762,1.8979441,1.7851743,58,71,45,58,-0.15338542,0.5929687
21,2014-08-03 18:50:00+00:00,1.4144907,1.4502399,1.6257602,58,71,58,71,0.07213542,0.5832032
21,2014-08-03 18:50:00+00:00,1.4653004,1.6179684,1.7010808,58,71,71,84,0.2833333,0.6
21,2014-08-03 18:50:00+00:00,1.4513769,1.1117138,1.4442874,58,71,84,97,0.49583334,0.5910156
21,2014-08-03 18:50:00+00:00,1.2667735,1.3611321,1.4207582,58,71,97,110,0.7307292,0.5882813
21,2014-08-03 18:50:00+00:00,1.1723866,1.3656466,1.3644458,58,71,110,121,0.9166666,0.6
21,2014-08-03 18:50:00+00:00,1.1139294,0.9287942,1.1139278,71,81,110,121,0.9166666,0.8875
22,2014-08-07 18:25:00+00:00,0.868674,1.3732113,1.1882737,19,32,110,121,0.9166666,-0.375
22,2014-08-07 18:25:00+00:00,2.021272,1.9908236,2.1959374,32,45,32,45,-0.36380208,-0.037109375
22,2014-08-07 18:25:00+00:00,1.5956626,2.089784,1.9586645,32,45,45,58,-0.15,-0.050000004
22,2014-08-07 18:25:00+00:00,1.6050767,1.4699154,1.6394877,32,45,71,84,0.27421874,-0.044921875
22,2014-08-07 18:25:00+00:00,0.97840536,1.2137979,1.0429001,32,45,110,121,0.9166666,-0.050000004
22,2014-08-07 18:25:00+00:00,2.289383,1.733338,1.9885929,45,58,32,45,-0.36380208,0.2691406
22,2014-08-07 18:25:00+00:00,1.4879586,1.8704461,1.7740496,45,58,45,58,-0.15,0.275
22,2014-08-07 18:25:00+00:00,1.5513693,1.6825277,1.5145044,45,58,58,71,0.05859375,0.2578125
22,2014-08-07 18:25:00+00:00,1.1756305,1.02522,1.2200106,45,58,97,110,0.7174479,0.27421877
22,2014-08-07 18:25:00+00:00,0.99435616,1.031159,1.1074239,45,58,110,121,0.9166666,0.275
23,2014-08-09 18:15:00+00:00,1.164666,1.4716243,1.3575565,19,32,84,97,0.5,-0.375
23,2014-08-09 18:15:00+00:00,1.0940973,1.3689027,1.2873524,19,32,97,110,0.7166667,-0.375
23,2014-08-09 18:15:00+00:00,1.1067027,1.4731745,1.1785402,19,32,110,121,0.9166666,-0.375
23,2014-08-09 18:15:00+00:00,1.8036748,1.9310023,2.2429364,32,45,32,45,-0.36015624,-0.036718752
23,2014-08-09 18:15:00+00:00,1.5933839,2.151311,2.012526,32,45,45,58,-0.15,-0.050000004
23,2014-08-09 18:15:00+00:00,1.752171,1.5881125,1.7378242,32,45,71,84,0.2794271,-0.044531252
23,2014-08-09 18:15:00+00:00,1.6281022,1.1624908,1.286708,32,45,84,97,0.5,-0.050000004
23,2014-08-09 18:15:00+00:00,1.503488,1.1745498,1.1937574,32,45,97,110,0.7166667,-0.050000004
23,2014-08-09 18:15:00+00:00,1.5085266,1.2806205,1.0674242,32,45,110,121,0.9166666,-0.050000004
23,2014-08-09 18:15:00+00:00,2.7936583,1.9247938,2.0674798,45,58,6,19,-0.78020835,0.26210934
23,2014-08-09 18:15:00+00:00,2.667291,2.4263706,2.5224574,45,58,19,32,-0.5833333,0.275
23,2014-08-09 18:15:00+00:00,2.205727,1.851839,2.1007833,45,58,32,45,-0.36666667,0.275
23,2014-08-09 18:15:00+00:00,1.9871175,1.9841594,1.8938258,45,58,45,58,-0.15,0.275
23,2014-08-09 18:15:00+00:00,1.7694478,1.5022234,1.6332973,45,58,58,71,0.06328125,0.271875
23,2014-08-09 18:15:00+00:00,0.9631261,0.9356768,1.0168929,71,81,110,121,0.91875005,0.88789064
24,2014-08-10 18:55:00+00:00,1.3436333,1.2002586,1.1994182,19,32,84,97,0.5,-0.375
24,2014-08-10 18:55:00+00:00,1.1401851,1.3149285,1.2394227,19,32,97,110,0.7166667,-0.375
24,2014-08-10 18:55:00+00:00,1.1574023,1.3437035,1.1408128,19,32,110,121,0.9166666,-0.375
24,2014-08-10 18:55:00+00:00,1.5812247,1.5919179,1.7634474,32,45,32,45,-0.35989583,-0.035937503
24,2014-08-10 18:55:00+00:00,1.4000893,1.8153324,1.6254598,32,45,45,58,-0.15,-0.050000004
24,2014-08-10 18:55:00+00:00,1.64965,1.33275,1.4010273,32,45,71,84,0.28203124,-0.044140626
24,2014-08-10 18:55:00+00:00,1.4740864,0.9187386,1.1025146,32,45,84,97,0.5,-0.050000004
24,2014-08-10 18:55:00+00:00,1.2012011,1.1166899,1.1485274,32,45,97,110,0.7166667,-0.050000004
24,2014-08-10 18:55:00+00:00,1.2654569,1.1644493,1.0357628,32,45,110,121,0.9166666,-0.050000004
24,2014-08-10 18:55:00+00:00,2.448365,1.3964251,1.5567058,45,58,6,19,-0.7820312,0.26171875
24,2014-08-10 18:55:00+00:00,2.590342,1.8083531,1.9973036,45,58,19,32,-0.5833333,0.275
24,2014-08-10 18:55:00+00:00,1.8362163,1.4592481,1.7030907,45,58,32,45,-0.36666667,0.275
24,2014-08-10 18:55:00+00:00,1.5368389,1.6671823,1.5738767,45,58,45,58,-0.15,0.275
24,2014-08-10 18:55:00+00:00,1.4069824,1.1303288,1.336247,45,58,58,71,0.06666666,0.275
24,2014-08-10 18:55:00+00:00,1.4530065,1.0814492,1.3830196,45,58,71,84,0.27031252,0.2890625
24,2014-08-10 18:55:00+00:00,1.5407989,0.7125852,1.1342703,45,58,84,97,0.5148437,0.28476563
24,2014-08-10 18:55:00+00:00,1.2842417,1.0417613,1.198399,45,58,97,110,0.7166667,0.275
24,2014-08-10 18:55:00+00:00,1.2239097,1.0491908,1.100185,45,58,110,121,0.9166666,0.275
24,2014-08-10 18:55:00+00:00,1.4657811,1.7242122,1.7131083,58,71,19,32,-0.56848955,0.56757814
24,2014-08-10 18:55:00+00:00,1.0992657,1.5245153,1.6641119,58,71,32,45,-0.36666667,0.6
24,2014-08-10 18:55:00+00:00,1.1852382,1.6652852,1.6060213,58,71,45,58,-0.15338542,0.5929687
24,2014-08-10 18:55:00+00:00,1.1904012,1.1696887,1.4412661,58,71,58,71,0.069270834,0.5824219
24,2014-08-10 18:55:00+00:00,1.3364882,1.441962,1.514915,58,71,71,84,0.2833333,0.6
24,2014-08-10 18:55:00+00:00,1.3453346,0.82728535,1.264069,58,71,84,97,0.49765626,0.5914062
24,2014-08-10 18:55:00+00:00,1.279044,1.209498,1.3042815,58,71,97,110,0.7294271,0.5894531
24,2014-08-10 18:55:00+00:00,1.1923702,1.2624815,1.2342834,58,71,110,121,0.9166666,0.6
24,2014-08-10 18:55:00+00:00,1.1008853,0.84367377,0.9931675,71,81,110,121,0.9166666,0.8875
25,2014-08-13 17:50:00+00:00,3.1488376,3.6343832,3.4184518,19,32,84,97,0.5,-0.375
25,2014-08-13 17:50:00+00:00,2.581678,2.8921854,2.8580093,19,32,97,110,0.7166667,-0.375
25,2014-08-13 17:50:00+00:00,2.4387393,2.7766347,2.8026867,19,32,110,121,0.9166666,-0.375
25,2014-08-13 17:50:00+00:00,4.206282,3.9390757,4.435594,32,45,32,45,-0.36354166,-0.035546876
25,2014-08-13 17:50:00+00:00,3.5493855,4.029309,4.120915,32,45,45,58,-0.15,-0.050000004
25,2014-08-13 17:50:00+00:00,2.9225202,3.5225246,3.9250596,32,45,71,84,0.2809896,-0.046484374
25,2014-08-13 17:50:00+00:00,2.9502506,3.1172287,3.28129,32,45,84,97,0.5057292,-0.05234375
25,2014-08-13 17:50:00+00:00,2.3305497,2.6043303,2.662771,32,45,97,110,0.7166667,-0.050000004
25,2014-08-13 17:50:00+00:00,2.2705739,2.4716458,2.5549488,32,45,110,121,0.9166666,-0.050000004
25,2014-08-13 17:50:00+00:00,4.538493,3.7153673,3.714555,45,58,6,19,-0.79010415,0.2625
25,2014-08-13 17:50:00+00:00,3.8223588,4.1340904,4.1800857,45,58,19,32,-0.5833333,0.275
25,2014-08-13 17:50:00+00:00,3.470253,3.7582004,3.7573166,45,58,32,45,-0.36666667,0.275
25,2014-08-13 17:50:00+00:00,3.0227108,3.6780603,3.3542528,45,58,45,58,-0.15,0.275
25,2014-08-13 17:50:00+00:00,2.670455,3.196916,3.1918526,45,58,58,71,0.06979167,0.27695313
25,2014-08-13 17:50:00+00:00,2.7646482,2.427437,2.8167613,45,58,84,97,0.5125,0.2824219
25,2014-08-13 17:50:00+00:00,2.286983,2.1642816,2.3122084,45,58,97,110,0.7166667,0.275
25,2014-08-13 17:50:00+00:00,2.128858,2.102736,2.2035544,45,58,110,121,0.9166666,0.275
25,2014-08-13 17:50:00+00:00,2.5374417,3.789973,3.6402843,58,71,19,32,-0.5658854,0.5796875
25,2014-08-13 17:50:00+00:00,2.4551752,3.331801,3.3133361,58,71,32,45,-0.36666667,0.6
25,2014-08-13 17:50:00+00:00,2.5463707,3.5206985,2.9859426,58,71,45,58,-0.15442708,0.5800781
25,2014-08-13 17:50:00+00:00,2.435583,3.110023,2.910457,58,71,58,71,0.071875006,0.5851562
25,2014-08-13 17:50:00+00:00,2.4611661,2.928719,3.0626726,58,71,71,84,0.2833333,0.6
25,2014-08-13 17:50:00+00:00,2.5209415,2.6027386,2.6603222,58,71,84,97,0.48854166,0.58632815
25,2014-08-13 17:50:00+00:00,2.1431289,2.1994278,2.2201312,58,71,97,110,0.73020834,0.5921875
25,2014-08-13 17:50:00+00:00,1.9353529,2.0559664,2.1726356,58,71,110,121,0.9166666,0.6
25,2014-08-13 17:50:00+00:00,1.8789506,1.7672664,2.0235286,71,81,110,121,0.9166666,0.8875
26,2014-08-17 19:00:00+00:00,1.4073787,1.2079265,1.3714148,71,81,110,121,0.9166666,0.8875
27,2014-08-18 18:05:00+00:00,2.9558165,1.7272024,1.8765762,32,45,32,45,-0.36562496,-0.0375
27,2014-08-18 18:05:00+00:00,1.937823,1.7567207,1.6820656,32,45,45,58,-0.15286458,-0.040234376
27,2014-08-18 18:05:00+00:00,3.2858555,1.4785856,1.666876,45,58,6,19,-0.7856771,0.26289064
27,2014-08-18 18:05:00+00:00,1.5205535,2.0130355,2.116114,45,58,19,32,-0.58489585,0.2703125
27,2014-08-18 18:05:00+00:00,1.3033926,1.6293311,1.7793279,45,58,32,45,-0.36328125,0.26640624
27,2014-08-18 18:05:00+00:00,1.4613372,1.7158655,1.6233388,45,58,45,58,-0.15,0.275
27,2014-08-18 18:05:00+00:00,1.6462473,1.2061858,1.3445417,45,58,58,71,0.06119792,0.28945315
27,2014-08-18 18:05:00+00:00,1.0706987,1.6503366,1.6894214,58,71,32,45,-0.37083334,0.60234374
27,2014-08-18 18:05:00+00:00,1.3494223,1.6734248,1.6217022,58,71,45,58,-0.15156251,0.5917969
27,2014-08-18 18:05:00+00:00,1.3279766,1.2199844,1.4519274,58,71,58,71,0.07057292,0.5832032
27,2014-08-18 18:05:00+00:00,1.4608201,1.4506122,1.5552655,58,71,71,84,0.28020835,0.60195315
27,2014-08-18 18:05:00+00:00,1.5328119,0.8625731,1.2821097,58,71,84,97,0.49583334,0.5910156
27,2014-08-18 18:05:00+00:00,1.298427,1.2065094,1.3002362,58,71,97,110,0.7317709,0.58906245
27,2014-08-18 18:05:00+00:00,1.2417883,1.2616714,1.2375813,58,71,110,121,0.9166666,0.6
27,2014-08-18 18:05:00+00:00,1.3239964,0.8916783,0.9854722,71,81,110,121,0.9166666,0.8875
28,2014-08-25 18:15:00+00:00,3.1652112,2.5740864,2.928977,32,45,32,45,-0.3643229,-0.03828125
28,2014-08-25 18:15:00+00:00,2.4599109,2.741374,2.678134,32,45,45,58,-0.15,-0.050000004
28,2014-08-25 18:15:00+00:00,2.7465096,2.1729183,2.5495663,32,45,71,84,0.278125,-0.041015625
28,2014-08-25 18:15:00+00:00,2.646603,1.9863818,2.0951245,32,45,84,97,0.4997396,-0.05078125
28,2014-08-25 18:15:00+00:00,2.1070323,1.8282148,1.8714479,32,45,97,110,0.7166667,-0.050000004
28,2014-08-25 18:15:00+00:00,1.688688,1.8340123,1.7864684,32,45,110,121,0.9166666,-0.050000004
28,2014-08-25 18:15:00+00:00,3.2818117,2.4522457,2.4468112,45,58,6,19,-0.78125,0.25859374
28,2014-08-25 18:15:00+00:00,2.5249507,2.7372363,2.845985,45,58,19,32,-0.5833333,0.275
28,2014-08-25 18:15:00+00:00,1.9663405,2.444347,2.4518614,45,58,32,45,-0.36666667,0.275
28,2014-08-25 18:15:00+00:00,1.9183125,2.5575402,2.240346,45,58,45,58,-0.15,0.275
28,2014-08-25 18:15:00+00:00,2.3071258,2.0613863,2.098784,45,58,58,71,0.06666666,0.275
28,2014-08-25 18:15:00+00:00,2.213224,1.8890275,2.1987708,45,58,71,84,0.26875,0.2890625
28,2014-08-25 18:15:00+00:00,2.297302,1.5017446,1.8864454,45,58,84,97,0.5132813,0.28671876
28,2014-08-25 18:15:00+00:00,2.0144095,1.649659,1.7597797,45,58,97,110,0.7166667,0.275
28,2014-08-25 18:15:00+00:00,1.9252557,1.6780742,1.7024512,45,58,110,121,0.9166666,0.275
28,2014-08-25 18:15:00+00:00,1.9319474,2.4912715,2.3717613,58,71,19,32,-0.56927085,0.56718755
28,2014-08-25 18:15:00+00:00,1.7364573,2.1589682,2.1506062,58,71,32,45,-0.36666667,0.6
28,2014-08-25 18:15:00+00:00,1.7693739,2.2974365,2.0158415,58,71,45,58,-0.15572917,0.5914062
28,2014-08-25 18:15:00+00:00,1.8376113,2.0407767,1.9738296,58,71,58,71,0.069270834,0.5824219
28,2014-08-25 18:15:00+00:00,1.9744437,1.9878404,2.125383,58,71,71,84,0.2833333,0.6
28,2014-08-25 18:15:00+00:00,1.9099258,1.702507,1.872939,58,71,84,97,0.49583334,0.5910156
28,2014-08-25 18:15:00+00:00,1.6852632,1.6853204,1.7213948,58,71,97,110,0.7278646,0.58984375
28,2014-08-25 18:15:00+00:00,1.6292338,1.6509244,1.7206223,58,71,110,121,0.9166666,0.6
28,2014-08-25 18:15:00+00:00,1.4933487,1.560862,1.6176963,71,81,110,121,0.9166666,0.8875
29,2014-08-26 18:55:00+00:00,2.2475195,2.2273536,2.1511302,19,32,84,97,0.5,-0.375
29,2014-08-26 18:55:00+00:00,1.9395125,1.9303764,1.9350997,19,32,97,110,0.7166667,-0.375
29,2014-08-26 18:55:00+00:00,1.7906429,1.9456846,1.903965,19,32,110,121,0.9166666,-0.375
29,2014-08-26 18:55:00+00:00,2.840438,2.5666893,2.7954037,32,45,32,45,-0.36640623,-0.034765624
29,2014-08-26 18:55:00+00:00,2.4258993,2.694768,2.5782695,32,45,45,58,-0.14583334,-0.05390625
29,2014-08-26 18:55:00+00:00,2.7348433,2.1687696,2.4672928,32,45,71,84,0.278125,-0.041015625
29,2014-08-26 18:55:00+00:00,2.8375404,2.0394545,2.0863974,32,45,84,97,0.5,-0.050000004
29,2014-08-26 18:55:00+00:00,2.210384,1.8543535,1.8620362,32,45,97,110,0.7166667,-0.050000004
29,2014-08-26 18:55:00+00:00,1.8021414,1.8490089,1.7995919,32,45,110,121,0.9166666,-0.050000004
29,2014-08-26 18:55:00+00:00,2.0010684,2.6572258,2.421991,45,58,32,45,-0.37942708,0.28046876
29,2014-08-26 18:55:00+00:00,2.131944,2.105497,2.0930598,45,58,58,71,0.07213542,0.27382812
29,2014-08-26 18:55:00+00:00,2.3610914,1.9320096,2.1854894,45,58,71,84,0.27005208,0.28867185
29,2014-08-26 18:55:00+00:00,2.4349148,1.6276431,1.9088417,45,58,84,97,0.5122396,0.2875
29,2014-08-26 18:55:00+00:00,1.8687062,1.7015392,1.7709472,45,58,97,110,0.7166667,0.275
29,2014-08-26 18:55:00+00:00,1.9492755,1.7128162,1.7242498,45,58,110,121,0.9166666,0.275
29,2014-08-26 18:55:00+00:00,1.6853356,2.1548927,2.139728,58,71,32,45,-0.36666667,0.6
29,2014-08-26 18:55:00+00:00,1.9829631,1.9623605,2.1257486,58,71,71,84,0.2833333,0.6
29,2014-08-26 18:55:00+00:00,2.0848403,1.7683935,1.9112747,58,71,84,97,0.4950521,0.5925781
29,2014-08-26 18:55:00+00:00,1.6694678,1.6831498,1.7377882,58,71,97,110,0.7273438,0.59023434
29,2014-08-26 18:55:00+00:00,1.4786165,1.6591564,1.749805,58,71,110,121,0.9166666,0.6
29,2014-08-26 18:55:00+00:00,1.4515952,1.595228,1.6635088,71,81,110,121,0.9166666,0.8875
30,2014-08-27 18:00:00+00:00,1.7531729,1.6390421,1.6932132,19,32,84,97,0.5,-0.375
30,2014-08-27 18:00:00+00:00,1.4213266,1.6580007,1.6788644,19,32,97,110,0.7117188,-0.3640625
30,2014-08-27 18:00:00+00:00,2.1259825,1.5496607,1.5996894,32,45,84,97,0.50390625,-0.05625
30,2014-08-27 18:00:00+00:00,1.741674,1.6364672,1.6021724,32,45,97,110,0.7166667,-0.050000004
30,2014-08-27 18:00:00+00:00,1.4940525,1.6249171,1.5436537,32,45,110,121,0.9166666,-0.050000004
30,2014-08-27 18:00:00+00:00,1.7959346,1.8437881,1.9715699,45,58,19,32,-0.5802083,0.27695313
30,2014-08-27 18:00:00+00:00,1.3893425,2.0332115,1.7913029,45,58,45,58,-0.15807292,0.2644531
30,2014-08-27 18:00:00+00:00,1.7467092,1.7672328,1.675099,45,58,58,71,0.071614586,0.259375
30,2014-08-27 18:00:00+00:00,1.8736323,1.5071911,1.6826385,45,58,71,84,0.265625,0.2925781
30,2014-08-27 18:00:00+00:00,1.7683566,1.2619936,1.524515,45,58,84,97,0.5101563,0.2890625
30,2014-08-27 18:00:00+00:00,1.4423678,1.5274514,1.5541319,45,58,97,110,0.7166667,0.275
30,2014-08-27 18:00:00+00:00,1.5591611,1.5086039,1.5130426,45,58,110,121,0.9166666,0.275
30,2014-08-27 18:00:00+00:00,1.3830246,1.7615994,1.7665371,58,71,32,45,-0.36796874,0.5992187
31,2014-08-28 18:45:00+00:00,2.5890872,2.260275,2.3452463,19,32,97,110,0.71250004,-0.38828123
31,2014-08-28 18:45:00+00:00,3.9089782,3.1882603,3.6388881,32,45,32,45,-0.36015624,-0.036718752
31,2014-08-28 18:45:00+00:00,3.30533,3.377338,3.3395123,32,45,45,58,-0.15,-0.050000004
31,2014-08-28 18:45:00+00:00,4.36489,3.216217,3.158235,45,58,6,19,-0.7859375,0.2625
31,2014-08-28 18:45:00+00:00,3.3840394,3.552824,3.6004283,45,58,19,32,-0.5833333,0.275
31,2014-08-28 18:45:00+00:00,2.7259371,3.1844282,3.146553,45,58,32,45,-0.36666667,0.275
31,2014-08-28 18:45:00+00:00,2.4473188,3.1631837,2.838526,45,58,45,58,-0.15598959,0.2722656
31,2014-08-28 18:45:00+00:00,2.215713,1.9807137,2.1049998,45,58,97,110,0.7166667,0.275
31,2014-08-28 18:45:00+00:00,2.5036907,1.990005,2.0442169,45,58,110,121,0.9166666,0.275
31,2014-08-28 18:45:00+00:00,2.2036004,2.8221993,2.7906504,58,71,32,45,-0.3674479,0.5992187
31,2014-08-28 18:45:00+00:00,2.4917808,2.5233908,2.7274337,58,71,71,84,0.28333336,0.60117185
31,2014-08-28 18:45:00+00:00,2.684044,2.1648576,2.3745494,58,71,84,97,0.49765626,0.5914062
31,2014-08-28 18:45:00+00:00,2.1852565,2.0020351,2.0552504,58,71,97,110,0.7270834,0.5882813
31,2014-08-28 18:45:00+00:00,1.8908843,1.9329556,2.056035,58,71,110,121,0.9166666,0.6
31,2014-08-28 18:45:00+00:00,1.8820314,1.8874885,1.9350604,71,81,110,121,0.9166666,0.8875
32,2014-09-03 18:05:00+00:00,2.0442219,3.1009793,2.9650452,19,32,84,97,0.5,-0.375
32,2014-09-03 18:05:00+00:00,1.6310744,2.591274,2.535404,19,32,97,110,0.7166667,-0.375
32,2014-09-03 18:05:00+00:00,1.41809,2.6153316,2.523653,19,32,110,121,0.9166666,-0.375
32,2014-09-03 18:05:00+00:00,3.3487957,3.598347,3.4696376,32,45,45,58,-0.14531249,-0.047656253
32,2014-09-03 18:05:00+00:00,3.095413,3.14197,3.4173129,32,45,71,84,0.28177083,-0.040234376
32,2014-09-03 18:05:00+00:00,2.929462,2.878287,2.9481876,32,45,84,97,0.5,-0.050000004
32,2014-09-03 18:05:00+00:00,2.2615457,2.4837236,2.4565,32,45,97,110,0.7166667,-0.050000004
32,2014-09-03 18:05:00+00:00,1.5527811,2.4872057,2.403317,32,45,110,121,0.9166666,-0.050000004
32,2014-09-03 18:05:00+00:00,3.272423,3.7941568,3.8333704,45,58,19,32,-0.5833333,0.275
32,2014-09-03 18:05:00+00:00,2.5179448,3.4536388,3.4209256,45,58,32,45,-0.36666667,0.275
32,2014-09-03 18:05:00+00:00,2.4803643,3.4258802,3.1470168,45,58,45,58,-0.15,0.275
32,2014-09-03 18:05:00+00:00,2.8618162,3.0258212,3.0024393,45,58,58,71,0.06666666,0.275
32,2014-09-03 18:05:00+00:00,3.3969831,2.3812203,2.8563404,45,58,84,97,0.50911456,0.284375
32,2014-09-03 18:05:00+00:00,3.3354483,2.23511,2.4085903,45,58,97,110,0.7166667,0.275
32,2014-09-03 18:05:00+00:00,3.3872252,2.2862663,2.3584516,45,58,110,121,0.9166666,0.275
32,2014-09-03 18:05:00+00:00,4.3066525,3.6906042,3.477782,58,71,19,32,-0.5643229,0.57109374
32,2014-09-03 18:05:00+00:00,2.8157182,3.142651,3.150994,58,71,32,45,-0.36666667,0.6
32,2014-09-03 18:05:00+00:00,2.3874292,3.387163,2.944761,58,71,45,58,-0.15156251,0.5847657
32,2014-09-03 18:05:00+00:00,2.4556828,3.0633132,2.871247,58,71,58,71,0.07421875,0.58867186
32,2014-09-03 18:05:00+00:00,2.6291618,2.8910263,3.1214259,58,71,71,84,0.2833333,0.6
32,2014-09-03 18:05:00+00:00,2.4790928,2.607821,2.8108652,58,71,84,97,0.48984376,0.58671874
32,2014-09-03 18:05:00+00:00,2.4828203,2.218106,2.4047413,58,71,97,110,0.7265625,0.5925781
32,2014-09-03 18:05:00+00:00,3.2384233,2.2223055,2.3975735,58,71,110,121,0.9166666,0.6
32,2014-09-03 18:05:00+00:00,2.302075,2.2809572,2.2299938,71,81,110,121,0.9166666,0.8875
33,2014-09-04 18:50:00+00:00,2.5288982,3.3121352,3.1927993,19,32,84,97,0.5083333,-0.3734375
33,2014-09-04 18:50:00+00:00,1.5653973,2.8172758,2.6882887,19,32,110,121,0.9166666,-0.375
33,2014-09-04 18:50:00+00:00,3.3119025,3.337715,3.276605,32,45,84,97,0.5,-0.050000004
33,2014-09-04 18:50:00+00:00,2.2860572,2.7156057,2.6751292,32,45,97,110,0.7111979,-0.041796874
33,2014-09-04 18:50:00+00:00,1.6011146,2.7902288,2.6271951,32,45,110,121,0.9166666,-0.050000004
33,2014-09-04 18:50:00+00:00,3.473265,2.616016,2.6491668,45,58,97,110,0.7252604,0.2660156
33,2014-09-04 18:50:00+00:00,3.232723,2.807697,2.618882,45,58,110,121,0.9244792,0.26328123
33,2014-09-04 18:50:00+00:00,3.0240183,2.4919467,2.671549,58,71,97,110,0.7291667,0.5921875
34,2014-09-07 17:40:00+00:00,2.0924506,2.8101797,2.6686795,19,32,84,97,0.49843752,-0.37304688
34,2014-09-07 17:40:00+00:00,1.8332992,2.2718587,2.24026,19,32,97,110,0.71562505,-0.37421876
34,2014-09-07 17:40:00+00:00,1.7550552,2.2978706,2.2365823,19,32,110,121,0.9166666,-0.375
34,2014-09-07 17:40:00+00:00,3.3888667,3.4270725,3.5323706,32,45,32,45,-0.36302084,-0.04296875
34,2014-09-07 17:40:00+00:00,3.2042387,3.3829908,3.2109098,32,45,45,58,-0.15,-0.050000004
34,2014-09-07 17:40:00+00:00,3.2644732,3.093339,2.9840405,32,45,58,71,0.06848958,-0.04921875
34,2014-09-07 17:40:00+00:00,2.8335931,3.0606036,3.0821567,32,45,71,84,0.28333336,-0.049609378
34,2014-09-07 17:40:00+00:00,2.4528348,2.679619,2.6169736,32,45,84,97,0.4997396,-0.051953126
34,2014-09-07 17:40:00+00:00,2.084564,2.2440217,2.1374896,32,45,97,110,0.7166667,-0.050000004
34,2014-09-07 17:40:00+00:00,1.8069984,2.2538378,2.0897477,32,45,110,121,0.9166666,-0.050000004
34,2014-09-07 17:40:00+00:00,3.4289944,3.6701803,3.7181227,45,58,19,32,-0.58229166,0.27421877
34,2014-09-07 17:40:00+00:00,2.9106908,3.2512305,3.2637267,45,58,32,45,-0.36666667,0.275
34,2014-09-07 17:40:00+00:00,2.5496361,3.1679394,2.9720044,45,58,45,58,-0.15,0.275
34,2014-09-07 17:40:00+00:00,2.7727892,2.7480845,2.7791922,45,58,58,71,0.07057292,0.27851564
34,2014-09-07 17:40:00+00:00,3.4384208,2.0544298,2.568942,45,58,84,97,0.5184896,0.2875
34,2014-09-07 17:40:00+00:00,2.870146,1.9897232,2.1646435,45,58,97,110,0.7166667,0.275
34,2014-09-07 17:40:00+00:00,2.1082299,2.0298176,2.1154993,45,58,110,121,0.9166666,0.275
34,2014-09-07 17:40:00+00:00,2.7393441,3.0186455,3.0759988,58,71,32,45,-0.365625,0.5992187
34,2014-09-07 17:40:00+00:00,2.408971,3.1634328,2.848365,58,71,45,58,-0.16302085,0.5882813
34,2014-09-07 17:40:00+00:00,2.7539442,2.6055222,2.9502406,58,71,71,84,0.27421874,0.59765625
34,2014-09-07 17:40:00+00:00,2.8365366,2.058924,2.2205899,58,71,110,121,0.9166666,0.6
34,2014-09-07 17:40:00+00:00,3.138971,2.0201707,2.000472,71,81,110,121,0.9184896,0.8863281
35,2014-09-08 18:25:00+00:00,2.3404582,3.350487,3.1289825,19,32,84,97,0.5,-0.375
35,2014-09-08 18:25:00+00:00,1.5390897,2.570212,2.5037239,19,32,97,110,0.7166667,-0.375
35,2014-09-08 18:25:00+00:00,1.115588,2.6142595,2.534981,19,32,110,121,0.9166666,-0.375
35,2014-09-08 18:25:00+00:00,4.281919,3.9316213,4.220376,32,45,32,45,-0.3640625,-0.034765624
35,2014-09-08 18:25:00+00:00,4.089861,3.940214,3.8806467,32,45,45,58,-0.15,-0.050000004
35,2014-09-08 18:25:00+00:00,3.4388082,3.5750315,3.7200217,32,45,71,84,0.2828125,-0.04140625
35,2014-09-08 18:25:00+00:00,2.7249594,3.327469,3.1386979,32,45,84,97,0.5,-0.050000004
35,2014-09-08 18:25:00+00:00,1.7544578,2.6203358,2.440553,32,45,97,110,0.7166667,-0.050000004
35,2014-09-08 18:25:00+00:00,0.8369413,2.6478808,2.4296236,32,45,110,121,0.9166666,-0.050000004
35,2014-09-08 18:25:00+00:00,4.393651,4.4000964,4.4271836,45,58,19,32,-0.5833333,0.275
35,2014-09-08 18:25:00+00:00,3.6091936,3.8106256,3.9774594,45,58,32,45,-0.36145833,0.27695313
35,2014-09-08 18:25:00+00:00,3.1848335,3.7007918,3.6612983,45,58,45,58,-0.15,0.275
35,2014-09-08 18:25:00+00:00,3.4096432,3.4065254,3.5312238,45,58,58,71,0.071875,0.275
35,2014-09-08 18:25:00+00:00,3.3252676,2.346018,2.5437481,45,58,97,110,0.7166667,0.275
35,2014-09-08 18:25:00+00:00,1.5127245,2.4213033,2.5247514,45,58,110,121,0.9166666,0.275
35,2014-09-08 18:25:00+00:00,4.1425753,4.622525,4.2173595,58,71,19,32,-0.5695312,0.57109374
35,2014-09-08 18:25:00+00:00,3.622524,3.7240763,3.7800615,58,71,32,45,-0.36666667,0.6
35,2014-09-08 18:25:00+00:00,3.1475217,3.5815032,3.501429,58,71,45,58,-0.16302083,0.59765625
35,2014-09-08 18:25:00+00:00,3.219804,3.5581088,3.426744,58,71,58,71,0.07083333,0.58984375
35,2014-09-08 18:25:00+00:00,3.5420654,3.3289163,3.5851085,58,71,71,84,0.2833333,0.6
35,2014-09-08 18:25:00+00:00,3.5574832,3.1553175,3.2359295,58,71,84,97,0.49062502,0.590625
35,2014-09-08 18:25:00+00:00,3.403518,2.4652777,2.598118,58,71,97,110,0.7296875,0.59062505
35,2014-09-08 18:25:00+00:00,3.0563533,2.417693,2.6062303,58,71,110,121,0.9166666,0.6
35,2014-09-08 18:25:00+00:00,3.079385,3.1647248,3.0726361,71,81,84,97,0.44999996,0.80740744
35,2014-09-08 18:25:00+00:00,3.361422,2.574448,2.3758333,71,81,110,121,0.9166666,0.8875
36,2014-09-16 17:35:00+00:00,1.5981737,1.5708747,1.6291766,45,58,110,121,0.9158854,0.2765625
36,2014-09-16 17:35:00+00:00,1.3614988,1.642273,1.7632973,58,71,110,121,0.9125,0.59765625
37,2014-09-16 19:15:00+00:00,2.1096501,2.1691997,2.1442375,19,32,84,97,0.50078124,-0.38242185
37,2014-09-16 19:15:00+00:00,2.7524824,2.5648272,2.8758903,32,45,32,45,-0.35885417,-0.036328126
37,2014-09-16 19:15:00+00:00,2.5992148,2.7671683,2.656077,32,45,45,58,-0.15,-0.050000004
37,2014-09-16 19:15:00+00:00,2.7280335,2.2755208,2.489673,32,45,71,84,0.28046876,-0.044921875
37,2014-09-16 19:15:00+00:00,2.279551,1.977219,2.0622456,32,45,84,97,0.5054687,-0.059375003
37,2014-09-16 19:15:00+00:00,2.6383126,2.84151,2.9314663,45,58,19,32,-0.5833333,0.275
37,2014-09-16 19:15:00+00:00,2.4681034,2.5336895,2.5346098,45,58,32,45,-0.36666667,0.275
37,2014-09-16 19:15:00+00:00,2.4565477,2.5962524,2.3351705,45,58,45,58,-0.15,0.275
37,2014-09-16 19:15:00+00:00,2.6585703,2.1551156,2.17017,45,58,58,71,0.0671875,0.27578124
37,2014-09-16 19:15:00+00:00,2.6116292,1.9013901,2.2770486,45,58,71,84,0.26796874,0.28867185
37,2014-09-16 19:15:00+00:00,2.1143343,1.6481917,1.772058,45,58,97,110,0.7166667,0.275
37,2014-09-16 19:15:00+00:00,1.8274016,1.6572223,1.720232,45,58,110,121,0.91536456,0.27734375
37,2014-09-16 19:15:00+00:00,1.7075588,2.298337,2.3197365,58,71,32,45,-0.36666667,0.6
37,2014-09-16 19:15:00+00:00,2.059561,1.7786462,1.9837868,58,71,84,97,0.49270833,0.578125
37,2014-09-16 19:15:00+00:00,1.3680313,1.7160112,1.8007476,58,71,110,121,0.9166666,0.6
38,2014-09-17 18:20:00+00:00,2.1715596,2.245895,2.1963327,19,32,84,97,0.5,-0.375
38,2014-09-17 18:20:00+00:00,1.6423765,1.9678432,1.9623185,19,32,97,110,0.7166667,-0.375
38,2014-09-17 18:20:00+00:00,1.5365185,1.9939824,1.957749,19,32,110,121,0.9166666,-0.375
38,2014-09-17 18:20:00+00:00,2.3107789,2.732851,2.634562,32,45,45,58,-0.1471354,-0.037109375
38,2014-09-17 18:20:00+00:00,2.4429023,2.3478696,2.5542257,32,45,71,84,0.27578127,-0.041015625
38,2014-09-17 18:20:00+00:00,2.216168,2.1551735,2.1266053,32,45,84,97,0.5,-0.050000004
38,2014-09-17 18:20:00+00:00,1.9076934,1.9676912,1.8865157,32,45,97,110,0.7166667,-0.050000004
38,2014-09-17 18:20:00+00:00,1.6334151,1.9686676,1.8492644,32,45,110,121,0.9166666,-0.050000004
38,2014-09-17 18:20:00+00:00,4.114791,2.641196,2.6096299,45,58,6,19,-0.78697914,0.2621094
38,2014-09-17 18:20:00+00:00,2.878277,2.9565,3.0422385,45,58,19,32,-0.5833333,0.275
38,2014-09-17 18:20:00+00:00,2.3863735,2.6422603,2.6130002,45,58,32,45,-0.36666667,0.275
38,2014-09-17 18:20:00+00:00,2.4540784,2.6652348,2.4236465,45,58,45,58,-0.15,0.275
38,2014-09-17 18:20:00+00:00,2.5176494,2.2668154,2.25715,45,58,58,71,0.06666666,0.275
38,2014-09-17 18:20:00+00:00,2.4758554,2.0590458,2.4241035,45,58,71,84,0.26796877,0.28828126
38,2014-09-17 18:20:00+00:00,2.5480433,1.681247,2.086843,45,58,84,97,0.5119792,0.28476563
38,2014-09-17 18:20:00+00:00,2.3713171,1.7988191,1.8788078,45,58,97,110,0.7166667,0.275
38,2014-09-17 18:20:00+00:00,2.0663154,1.8143604,1.8507713,45,58,110,121,0.9166666,0.275
38,2014-09-17 18:20:00+00:00,3.491698,2.9106643,2.7917783,58,71,19,32,-0.56875,0.5671875
38,2014-09-17 18:20:00+00:00,2.042506,2.432285,2.452911,58,71,32,45,-0.36666667,0.6
38,2014-09-17 18:20:00+00:00,2.2341616,2.55732,2.3111944,58,71,45,58,-0.15338542,0.5929687
38,2014-09-17 18:20:00+00:00,2.32012,2.3631392,2.2384992,58,71,58,71,0.07005209,0.58554685
38,2014-09-17 18:20:00+00:00,2.4111311,2.1958814,2.4202197,58,71,71,84,0.2833333,0.6
38,2014-09-17 18:20:00+00:00,2.4202912,1.9419719,2.1518898,58,71,84,97,0.49583334,0.5910156
38,2014-09-17 18:20:00+00:00,2.197209,1.8444464,1.9222034,58,71,97,110,0.7307292,0.5878906
38,2014-09-17 18:20:00+00:00,2.0611699,1.8023082,1.9386741,58,71,110,121,0.9166666,0.6
38,2014-09-17 18:20:00+00:00,2.077846,1.817644,1.8245021,71,81,110,121,0.9166666,0.8875
39,2014-09-18 19:00:00+00:00,2.2462516,1.9165959,1.9390703,19,32,84,97,0.4986979,-0.3734375
39,2014-09-18 19:00:00+00:00,2.8987331,2.4043367,2.71694,32,45,32,45,-0.36145833,-0.03828125
39,2014-09-18 19:00:00+00:00,2.3099258,2.5620093,2.4771173,32,45,45,58,-0.14739583,-0.051953126
39,2014-09-18 19:00:00+00:00,1.9485548,1.6519979,1.7339914,32,45,84,97,0.50156254,-0.051171876
39,2014-09-18 19:00:00+00:00,1.6996185,1.6255697,1.602417,32,45,97,110,0.7166667,-0.050000004
39,2014-09-18 19:00:00+00:00,1.4964525,1.5462991,1.4861603,32,45,110,121,0.915625,-0.047656253
39,2014-09-18 19:00:00+00:00,2.111631,2.3435888,2.5061157,45,58,19,32,-0.5833333,0.275
39,2014-09-18 19:00:00+00:00,1.8937336,2.098387,2.2040792,45,58,32,45,-0.36666667,0.275
39,2014-09-18 19:00:00+00:00,1.9673741,2.2378998,1.994694,45,58,45,58,-0.15,0.275
39,2014-09-18 19:00:00+00:00,1.9024806,1.772253,1.7375495,45,58,58,71,0.06432292,0.28750002
39,2014-09-18 19:00:00+00:00,1.9469799,1.6297078,1.7934119,45,58,71,84,0.26901042,0.2925781
39,2014-09-18 19:00:00+00:00,1.6747433,1.369487,1.4640365,45,58,97,110,0.7166667,0.275
39,2014-09-18 19:00:00+00:00,1.3793193,1.2917829,1.3663738,45,58,110,121,0.9166666,0.275
39,2014-09-18 19:00:00+00:00,1.1507777,1.3739678,1.4838023,58,71,110,121,0.9164063,0.5902344
40,2014-09-19 18:05:00+00:00,1.9773427,2.0803735,1.9593713,19,32,84,97,0.49765626,-0.37656248
40,2014-09-19 18:05:00+00:00,1.5876697,1.7829403,1.7504046,19,32,97,110,0.7135416,-0.37695312
40,2014-09-19 18:05:00+00:00,1.4260828,1.859413,1.7109243,19,32,110,121,0.9166666,-0.375
40,2014-09-19 18:05:00+00:00,2.8529809,2.4687674,2.6677432,32,45,32,45,-0.36171874,-0.040625
40,2014-09-19 18:05:00+00:00,2.2160258,2.5968504,2.4359639,32,45,45,58,-0.15,-0.050000004
40,2014-09-19 18:05:00+00:00,1.8574474,1.9484876,1.9387604,32,45,84,97,0.49895835,-0.055468753
40,2014-09-19 18:05:00+00:00,2.7939184,2.790519,2.8588927,45,58,19,32,-0.5833333,0.275
40,2014-09-19 18:05:00+00:00,2.0357533,2.4030137,2.4240313,45,58,32,45,-0.36666667,0.275
40,2014-09-19 18:05:00+00:00,2.091547,2.4600968,2.2248626,45,58,45,58,-0.15,0.275
40,2014-09-19 18:05:00+00:00,2.131316,2.0140073,2.1059291,45,58,58,71,0.06770833,0.27695313
40,2014-09-19 18:05:00+00:00,1.7612331,2.1621146,2.2157025,58,71,32,45,-0.36484373,0.59843755
40,2014-09-19 18:05:00+00:00,1.7150127,2.1104746,2.0279276,58,71,58,71,0.0671875,0.5804688
40,2014-09-19 18:05:00+00:00,1.7424865,2.0803657,2.202756,58,71,71,84,0.2890625,0.59765625
41,2014-09-20 18:50:00+00:00,3.4039261,3.6029603,3.3978264,19,32,84,97,0.5,-0.375
41,2014-09-20 18:50:00+00:00,2.5604854,2.8882477,2.8265812,19,32,97,110,0.7166667,-0.375
41,2014-09-20 18:50:00+00:00,2.1755292,2.901389,2.8393524,19,32,110,121,0.9166666,-0.375
41,2014-09-20 18:50:00+00:00,4.158234,3.922213,3.9586067,32,45,45,58,-0.15,-0.050000004
41,2014-09-20 18:50:00+00:00,3.2632291,3.5193365,3.924132,32,45,71,84,0.28281248,-0.041796878
41,2014-09-20 18:50:00+00:00,3.6210282,3.3003073,3.4098399,32,45,84,97,0.5,-0.050000004
41,2014-09-20 18:50:00+00:00,2.4809754,2.7295744,2.7815387,32,45,97,110,0.7166667,-0.050000004
41,2014-09-20 18:50:00+00:00,2.3216782,2.7297087,2.7483993,32,45,110,121,0.9166666,-0.050000004
41,2014-09-20 18:50:00+00:00,3.5975852,3.370338,3.3334944,45,58,58,71,0.06510417,0.27578124
41,2014-09-20 18:50:00+00:00,3.0842323,2.5223289,2.6395602,45,58,97,110,0.7166667,0.275
41,2014-09-20 18:50:00+00:00,2.6361454,2.5775325,2.6054103,45,58,110,121,0.9166666,0.275
41,2014-09-20 18:50:00+00:00,3.4275947,3.2179337,3.353981,58,71,71,84,0.2841146,0.5929687
41,2014-09-20 18:50:00+00:00,2.6657047,2.413044,2.5272357,58,71,97,110,0.7270833,0.590625
41,2014-09-20 18:50:00+00:00,2.4333088,2.446666,2.559696,58,71,110,121,0.9190104,0.5914062
42,2014-09-23 17:40:00+00:00,2.628102,3.2337599,3.052669,19,32,84,97,0.5002604,-0.37421876
42,2014-09-23 17:40:00+00:00,2.3378248,2.631841,2.5656486,19,32,97,110,0.7166667,-0.375
42,2014-09-23 17:40:00+00:00,2.2395017,2.6407075,2.5318878,19,32,110,121,0.9166666,-0.375
42,2014-09-23 17:40:00+00:00,4.1830087,3.589333,4.020892,32,45,32,45,-0.36015627,-0.043359376
42,2014-09-23 17:40:00+00:00,3.728694,3.6701381,3.658742,32,45,45,58,-0.15,-0.050000004
42,2014-09-23 17:40:00+00:00,3.588858,3.3486419,3.4590662,32,45,58,71,0.07109375,-0.04921875
42,2014-09-23 17:40:00+00:00,3.563246,3.3097286,3.5534973,32,45,71,84,0.2828125,-0.05039063
42,2014-09-23 17:40:00+00:00,3.2069602,2.919707,3.0141878,32,45,84,97,0.49401045,-0.05078125
42,2014-09-23 17:40:00+00:00,2.4620626,2.3987603,2.4593565,32,45,97,110,0.7166667,-0.050000004
42,2014-09-23 17:40:00+00:00,2.3393312,2.390582,2.3782039,32,45,110,121,0.9166666,-0.050000004
42,2014-09-23 17:40:00+00:00,3.7082758,3.9087255,3.9138076,45,58,19,32,-0.5835937,0.27421877
42,2014-09-23 17:40:00+00:00,2.3019764,3.5027924,3.462647,45,58,32,45,-0.36666667,0.275
42,2014-09-23 17:40:00+00:00,2.6214092,3.4710429,3.128182,45,58,45,58,-0.15,0.275
42,2014-09-23 17:40:00+00:00,3.1574101,2.9569566,2.9567451,45,58,58,71,0.0625,0.28007814
42,2014-09-23 17:40:00+00:00,3.357375,2.303383,2.7642453,45,58,84,97,0.50911456,0.28125
42,2014-09-23 17:40:00+00:00,2.546132,2.129666,2.307183,45,58,97,110,0.7166667,0.275
42,2014-09-23 17:40:00+00:00,2.422905,2.1758652,2.2357066,45,58,110,121,0.9166666,0.275
42,2014-09-23 17:40:00+00:00,2.170093,3.1260376,3.1035366,58,71,32,45,-0.36666667,0.6
42,2014-09-23 17:40:00+00:00,2.3973672,3.3260417,2.8405924,58,71,45,58,-0.15494792,0.5847656
42,2014-09-23 17:40:00+00:00,2.5552986,2.829269,3.0209348,58,71,71,84,0.2833333,0.6
42,2014-09-23 17:40:00+00:00,2.7342668,2.6390893,2.6847045,58,71,84,97,0.48463544,0.578125
42,2014-09-23 17:40:00+00:00,2.284765,2.1785161,2.2685404,58,71,97,110,0.72812504,0.58515626
42,2014-09-23 17:40:00+00:00,2.223341,2.1183074,2.2459354,58,71,110,121,0.9164062,0.6
42,2014-09-23 17:40:00+00:00,2.1076024,2.0256658,2.10805,71,81,110,121,0.9117187,0.88984376
43,2014-09-23 19:20:00+00:00,2.6165645,3.225845,3.0511947,19,32,84,97,0.5,-0.375
43,2014-09-23 19:20:00+00:00,2.1639636,2.5478423,2.5285385,19,32,97,110,0.7166667,-0.375
43,2014-09-23 19:20:00+00:00,2.0591898,2.5066972,2.5152366,19,32,110,121,0.9166666,-0.375
43,2014-09-23 19:20:00+00:00,4.0785236,3.6403875,4.0526133,32,45,32,45,-0.36380208,-0.037109375
43,2014-09-23 19:20:00+00:00,3.7381516,3.6864462,3.7158225,32,45,45,58,-0.15,-0.050000004
43,2014-09-23 19:20:00+00:00,3.5901206,3.249738,3.592616,32,45,71,84,0.2828125,-0.041796878
43,2014-09-23 19:20:00+00:00,3.3439825,2.9863005,3.0114183,32,45,84,97,0.5,-0.050000004
43,2014-09-23 19:20:00+00:00,2.353407,2.452635,2.4462516,32,45,97,110,0.7166667,-0.050000004
43,2014-09-23 19:20:00+00:00,2.1693757,2.393527,2.3887186,32,45,110,121,0.9166666,-0.050000004
43,2014-09-23 19:20:00+00:00,4.5585985,3.6909394,3.5635831,45,58,6,19,-0.78437495,0.26289064
43,2014-09-23 19:20:00+00:00,3.8168113,3.974816,3.9759455,45,58,19,32,-0.5833333,0.275
43,2014-09-23 19:20:00+00:00,2.2182286,3.5790975,3.4937775,45,58,32,45,-0.36666667,0.275
43,2014-09-23 19:20:00+00:00,2.6682937,3.461766,3.1423423,45,58,45,58,-0.15,0.275
43,2014-09-23 19:20:00+00:00,3.3141541,3.09496,3.0119069,45,58,58,71,0.06666666,0.275
43,2014-09-23 19:20:00+00:00,3.15917,2.455016,2.7557168,45,58,84,97,0.509375,0.28398436
43,2014-09-23 19:20:00+00:00,2.4672081,2.2113898,2.29044,45,58,97,110,0.7166667,0.275
43,2014-09-23 19:20:00+00:00,2.3037567,2.2055686,2.235901,45,58,110,121,0.9166666,0.275
43,2014-09-23 19:20:00+00:00,3.8257692,3.8427155,3.5245018,58,71,19,32,-0.56666666,0.56757814
43,2014-09-23 19:20:00+00:00,2.1195562,3.1312022,3.10866,58,71,32,45,-0.36666667,0.6
43,2014-09-23 19:20:00+00:00,2.2993996,3.2363336,2.82179,58,71,45,58,-0.15260416,0.590625
43,2014-09-23 19:20:00+00:00,2.6566482,3.0502198,2.7816892,58,71,58,71,0.0703125,0.58671874
43,2014-09-23 19:20:00+00:00,2.5276873,2.7973037,3.007776,58,71,71,84,0.2833333,0.6
43,2014-09-23 19:20:00+00:00,2.6418197,2.587413,2.6430612,58,71,84,97,0.49427083,0.5890625
43,2014-09-23 19:20:00+00:00,2.560075,2.1698456,2.212846,58,71,97,110,0.73072916,0.58984375
43,2014-09-23 19:20:00+00:00,1.9755048,2.057442,2.2138324,58,71,110,121,0.9166666,0.6
43,2014-09-23 19:20:00+00:00,1.9374506,2.140456,2.1383934,71,81,110,121,0.9166666,0.8875
44,2014-09-24 18:25:00+00:00,3.0556324,3.2201185,3.102144,19,32,84,97,0.5,-0.375
44,2014-09-24 18:25:00+00:00,2.42387,2.7416258,2.7039247,19,32,97,110,0.7166667,-0.375
44,2014-09-24 18:25:00+00:00,2.29984,2.7566626,2.6975043,19,32,110,121,0.9166666,-0.375
44,2014-09-24 18:25:00+00:00,3.874398,3.459851,3.7871404,32,45,32,45,-0.36015624,-0.036718752
44,2014-09-24 18:25:00+00:00,3.4807925,3.6332653,3.5185118,32,45,45,58,-0.15,-0.050000004
44,2014-09-24 18:25:00+00:00,3.5573616,3.305434,3.346105,32,45,58,71,0.06510417,-0.049999997
44,2014-09-24 18:25:00+00:00,3.6821413,3.1798806,3.4904797,32,45,71,84,0.2830729,-0.041796878
44,2014-09-24 18:25:00+00:00,3.548844,2.9481878,3.0629091,32,45,84,97,0.5,-0.050000004
44,2014-09-24 18:25:00+00:00,2.5484197,2.5880291,2.6070113,32,45,97,110,0.7166667,-0.050000004
44,2014-09-24 18:25:00+00:00,2.554511,2.5817692,2.5570717,32,45,110,121,0.9166666,-0.050000004
44,2014-09-24 18:25:00+00:00,4.534952,3.510565,3.450696,45,58,6,19,-0.78333336,0.26289064
44,2014-09-24 18:25:00+00:00,3.3434246,3.7603984,3.8166008,45,58,19,32,-0.5833333,0.275
44,2014-09-24 18:25:00+00:00,2.4023912,3.474737,3.4087489,45,58,32,45,-0.36666667,0.275
44,2014-09-24 18:25:00+00:00,2.744226,3.442299,3.1295333,45,58,45,58,-0.15,0.275
44,2014-09-24 18:25:00+00:00,3.4656224,3.0350337,2.9984665,45,58,58,71,0.06666666,0.275
44,2014-09-24 18:25:00+00:00,3.6451104,2.820662,3.230059,45,58,71,84,0.26901042,0.28828123
44,2014-09-24 18:25:00+00:00,2.9160044,2.31473,2.4947436,45,58,97,110,0.7166667,0.275
44,2014-09-24 18:25:00+00:00,2.8240347,2.353621,2.4445,45,58,110,121,0.9166666,0.275
44,2014-09-24 18:25:00+00:00,3.8592947,3.6687632,3.478799,58,71,19,32,-0.5679687,0.56757814
44,2014-09-24 18:25:00+00:00,2.0898976,3.172296,3.1331615,58,71,32,45,-0.36666667,0.6
44,2014-09-24 18:25:00+00:00,2.53038,3.295942,2.9232676,58,71,45,58,-0.15078126,0.5917969
44,2014-09-24 18:25:00+00:00,2.9297223,3.0829954,2.8704748,58,71,58,71,0.069270834,0.5824219
44,2014-09-24 18:25:00+00:00,2.9248714,2.885381,3.124357,58,71,71,84,0.2833333,0.6
44,2014-09-24 18:25:00+00:00,3.0463588,2.5269816,2.8280847,58,71,84,97,0.49765626,0.5914062
44,2014-09-24 18:25:00+00:00,2.623333,2.3074594,2.4539454,58,71,97,110,0.7289063,0.5882813
44,2014-09-24 18:25:00+00:00,2.33088,2.2922282,2.4666815,58,71,110,121,0.9166666,0.6
44,2014-09-24 18:25:00+00:00,2.1712582,2.3117344,2.3283465,71,81,110,121,0.9166666,0.8875
45,2014-09-25 19:10:00+00:00,2.7040212,2.512857,2.6678412,58,71,110,121,0.9197917,0.6
46,2014-09-26 18:15:00+00:00,2.5019016,2.8312278,2.7242873,19,32,84,97,0.5,-0.375
46,2014-09-26 18:15:00+00:00,2.1608822,2.403012,2.3608751,19,32,97,110,0.7166667,-0.375
46,2014-09-26 18:15:00+00:00,1.9933927,2.4726353,2.3643117,19,32,110,121,0.9166666,-0.375
46,2014-09-26 18:15:00+00:00,3.331243,3.1961398,3.3897064,32,45,32,45,-0.36197916,-0.041796878
46,2014-09-26 18:15:00+00:00,3.236784,3.307157,3.132055,32,45,45,58,-0.15,-0.050000004
46,2014-09-26 18:15:00+00:00,3.130015,2.9187975,2.9404817,32,45,58,71,0.059114583,-0.051562503
46,2014-09-26 18:15:00+00:00,3.2750766,2.8246107,3.1198997,32,45,71,84,0.27760416,-0.042578124
46,2014-09-26 18:15:00+00:00,2.99865,2.636569,2.7334,32,45,84,97,0.50104165,-0.05078125
46,2014-09-26 18:15:00+00:00,2.1971614,2.3267155,2.3261292,32,45,97,110,0.7166667,-0.050000004
46,2014-09-26 18:15:00+00:00,2.1056037,2.3646412,2.292207,32,45,110,121,0.9166666,-0.050000004
46,2014-09-26 18:15:00+00:00,3.1187847,3.4876614,3.5368714,45,58,19,32,-0.5833333,0.275
46,2014-09-26 18:15:00+00:00,2.1332579,3.179983,3.0925834,45,58,32,45,-0.36666667,0.275
46,2014-09-26 18:15:00+00:00,2.5457232,3.1851926,2.8598835,45,58,45,58,-0.15,0.275
46,2014-09-26 18:15:00+00:00,3.1305044,2.7832272,2.7438726,45,58,58,71,0.06666666,0.275
46,2014-09-26 18:15:00+00:00,3.3848414,2.553186,2.9570615,45,58,71,84,0.27005208,0.2890625
46,2014-09-26 18:15:00+00:00,3.4070852,2.211596,2.6781929,45,58,84,97,0.5114583,0.28476563
46,2014-09-26 18:15:00+00:00,2.754787,2.1585286,2.3142662,45,58,97,110,0.7166667,0.275
46,2014-09-26 18:15:00+00:00,2.4433608,2.2382867,2.287998,45,58,110,121,0.9166666,0.275
46,2014-09-26 18:15:00+00:00,1.8270955,2.7894576,2.8181314,58,71,32,45,-0.36380208,0.5992187
46,2014-09-26 18:15:00+00:00,2.4009852,2.9974887,2.6570592,58,71,45,58,-0.15078126,0.5917969
46,2014-09-26 18:15:00+00:00,2.954545,2.8065028,2.6153784,58,71,58,71,0.06666666,0.58085936
46,2014-09-26 18:15:00+00:00,2.8212042,2.6056714,2.8896317,58,71,71,84,0.2833333,0.6
46,2014-09-26 18:15:00+00:00,2.8202922,2.3212016,2.6262393,58,71,84,97,0.49765626,0.5914062
46,2014-09-26 18:15:00+00:00,2.6669207,2.1083782,2.267892,58,71,97,110,0.72786456,0.58906245
46,2014-09-26 18:15:00+00:00,2.6495407,2.118731,2.3050494,58,71,110,121,0.9166666,0.6
46,2014-09-26 18:15:00+00:00,2.2319849,2.2685113,2.181094,71,81,110,121,0.9166666,0.8875
47,2014-09-27 18:55:00+00:00,2.7221067,3.2631333,3.1560636,45,58,32,45,-0.35833332,0.27109373
47,2014-09-27 18:55:00+00:00,2.5861914,2.4701648,2.6588807,45,58,97,110,0.71875,0.29062504
47,2014-09-27 18:55:00+00:00,2.1498315,2.536785,2.6635678,45,58,110,121,0.9153646,0.28085938
47,2014-09-27 18:55:00+00:00,3.2470605,2.2599633,2.5586898,58,71,97,110,0.7296875,0.59257805
47,2014-09-27 18:55:00+00:00,3.0417995,2.3574457,2.6176026,58,71,110,121,0.9166666,0.6
47,2014-09-27 18:55:00+00:00,3.2568302,3.065937,3.1523144,71,81,71,84,0.29397166,0.8095743
47,2014-09-27 18:55:00+00:00,2.687861,2.581015,2.6035998,71,81,110,121,0.9166666,0.8875
48,2014-09-29 18:45:00+00:00,2.496387,3.092098,2.8874056,19,32,84,97,0.5,-0.375
48,2014-09-29 18:45:00+00:00,2.1893675,2.4367745,2.3489418,19,32,97,110,0.7166667,-0.375
48,2014-09-29 18:45:00+00:00,2.0024133,2.4903152,2.3474853,19,32,110,121,0.9166666,-0.375
48,2014-09-29 18:45:00+00:00,3.478569,3.5408142,3.8873532,32,45,32,45,-0.3591146,-0.035937503
48,2014-09-29 18:45:00+00:00,3.615979,3.6864707,3.565098,32,45,45,58,-0.15,-0.050000004
48,2014-09-29 18:45:00+00:00,3.6094255,3.4206946,3.3337324,32,45,58,71,0.06875,-0.051953126
48,2014-09-29 18:45:00+00:00,2.6394627,3.1826174,3.4194388,32,45,71,84,0.27578124,-0.041796878
48,2014-09-29 18:45:00+00:00,2.5832818,2.9103308,2.8512301,32,45,84,97,0.5,-0.050000004
48,2014-09-29 18:45:00+00:00,2.056518,2.36574,2.2492423,32,45,97,110,0.7166667,-0.050000004
48,2014-09-29 18:45:00+00:00,1.8231021,2.396881,2.2026517,32,45,110,121,0.9166666,-0.050000004
48,2014-09-29 18:45:00+00:00,4.510775,3.7532794,3.6396928,45,58,6,19,-0.7838541,0.26328126
48,2014-09-29 18:45:00+00:00,3.905758,4.035182,4.069752,45,58,19,32,-0.5833333,0.275
48,2014-09-29 18:45:00+00:00,3.3568747,3.5454943,3.6152356,45,58,32,45,-0.36666667,0.275
48,2014-09-29 18:45:00+00:00,3.360165,3.4484026,3.2961535,45,58,45,58,-0.15,0.275
48,2014-09-29 18:45:00+00:00,3.9554968,3.0506353,3.1113086,45,58,58,71,0.06666666,0.275
48,2014-09-29 18:45:00+00:00,2.960836,2.7508872,3.2877784,45,58,71,84,0.265625,0.28867185
48,2014-09-29 18:45:00+00:00,3.3093376,2.209767,2.836416,45,58,84,97,0.51380205,0.2859375
48,2014-09-29 18:45:00+00:00,2.3984387,2.0700746,2.2933688,45,58,97,110,0.7166667,0.275
48,2014-09-29 18:45:00+00:00,1.8037632,2.1416562,2.2488806,45,58,110,121,0.9166666,0.275
48,2014-09-29 18:45:00+00:00,2.3944561,4.1274014,3.8008316,58,71,19,32,-0.5679687,0.5679687
48,2014-09-29 18:45:00+00:00,2.0923183,3.329049,3.3871973,58,71,32,45,-0.36666667,0.6
48,2014-09-29 18:45:00+00:00,2.3201923,3.37394,3.1307912,58,71,45,58,-0.15052085,0.59453124
48,2014-09-29 18:45:00+00:00,4.0391545,3.2722347,3.0281718,58,71,58,71,0.07213542,0.5832032
48,2014-09-29 18:45:00+00:00,3.7875214,2.991873,3.219813,58,71,71,84,0.2833333,0.6
48,2014-09-29 18:45:00+00:00,3.1721585,2.5962622,2.858707,58,71,84,97,0.49479166,0.59335935
48,2014-09-29 18:45:00+00:00,2.558387,2.2197647,2.3375912,58,71,97,110,0.7278646,0.5878906
48,2014-09-29 18:45:00+00:00,2.147167,2.1858659,2.3429172,58,71,110,121,0.9166666,0.6
48,2014-09-29 18:45:00+00:00,1.8123294,2.2326481,2.0805721,71,81,110,121,0.92213535,0.88359374
49,2014-10-12 18:05:00+00:00,2.739971,3.0811615,2.976721,19,32,84,97,0.5,-0.375
49,2014-10-12 18:05:00+00:00,2.5189507,2.5637388,2.5658426,19,32,97,110,0.7166667,-0.375
49,2014-10-12 18:05:00+00:00,2.320514,2.5414495,2.5582643,19,32,110,121,0.9166666,-0.375
49,2014-10-12 18:05:00+00:00,4.191729,3.265193,3.728119,32,45,32,45,-0.35625,-0.033203125
49,2014-10-12 18:05:00+00:00,3.5788324,3.545706,3.452848,32,45,45,58,-0.15,-0.050000004
49,2014-10-12 18:05:00+00:00,2.91848,2.98282,3.3440297,32,45,71,84,0.2791667,-0.0390625
49,2014-10-12 18:05:00+00:00,2.863397,2.851997,2.900575,32,45,84,97,0.5,-0.050000004
49,2014-10-12 18:05:00+00:00,2.6189651,2.4647207,2.450739,32,45,97,110,0.7166667,-0.050000004
49,2014-10-12 18:05:00+00:00,2.6211083,2.3798347,2.395991,32,45,110,121,0.9114584,-0.044921875
49,2014-10-12 18:05:00+00:00,4.5033274,3.303291,3.2901804,45,58,6,19,-0.7890625,0.26328126
49,2014-10-12 18:05:00+00:00,4.017166,3.6320724,3.714018,45,58,19,32,-0.5833333,0.275
49,2014-10-12 18:05:00+00:00,2.9889796,3.336372,3.281411,45,58,32,45,-0.3669271,0.27578124
49,2014-10-12 18:05:00+00:00,2.2549403,3.290978,2.9804142,45,58,45,58,-0.15,0.275
49,2014-10-12 18:05:00+00:00,2.3945322,2.8779051,2.8165646,45,58,58,71,0.06666666,0.275
49,2014-10-12 18:05:00+00:00,3.3765244,2.2600892,2.6747525,45,58,84,97,0.5135417,0.28125
49,2014-10-12 18:05:00+00:00,3.3173125,2.1674204,2.3038986,45,58,97,110,0.7166667,0.275
49,2014-10-12 18:05:00+00:00,2.5985677,2.156177,2.253171,45,58,110,121,0.9166666,0.275
49,2014-10-12 18:05:00+00:00,4.4483047,3.5486553,3.3783276,58,71,19,32,-0.5679687,0.57070315
49,2014-10-12 18:05:00+00:00,3.0461805,3.021121,2.9923208,58,71,32,45,-0.36666667,0.6
49,2014-10-12 18:05:00+00:00,2.5510445,3.1190193,2.7592628,58,71,45,58,-0.14921875,0.59414065
49,2014-10-12 18:05:00+00:00,2.1807365,2.8115506,2.679914,58,71,58,71,0.067968756,0.59375
49,2014-10-12 18:05:00+00:00,2.6906085,2.6960864,2.9274518,58,71,71,84,0.2833333,0.6
49,2014-10-12 18:05:00+00:00,3.0507765,2.5048163,2.627668,58,71,84,97,0.49036458,0.5875
49,2014-10-12 18:05:00+00:00,3.2732186,2.1417909,2.2820115,58,71,97,110,0.7299479,0.5929687
49,2014-10-12 18:05:00+00:00,2.5833294,2.1112092,2.288455,58,71,110,121,0.9166666,0.6
49,2014-10-12 18:05:00+00:00,1.9737914,2.0945756,2.1802046,71,81,110,121,0.9166666,0.8875
50,2014-10-12 18:10:00+00:00,2.58048,2.9560487,2.871076,19,32,84,97,0.5,-0.375
50,2014-10-12 18:10:00+00:00,2.475771,2.4848802,2.4931045,19,32,97,110,0.7166667,-0.375
50,2014-10-12 18:10:00+00:00,2.2783275,2.4396486,2.501795,19,32,110,121,0.92031246,-0.38085938
51,2014-10-12 18:15:00+00:00,3.9153867,3.1254506,3.478542,32,45,32,45,-0.3614583,-0.0375
51,2014-10-12 18:15:00+00:00,2.9884982,3.3171694,3.1835008,32,45,45,58,-0.15,-0.050000004
51,2014-10-12 18:15:00+00:00,2.8982494,2.9025848,2.970344,32,45,58,71,0.059114587,-0.05234375
51,2014-10-12 18:15:00+00:00,2.5779936,2.781527,3.1165328,32,45,71,84,0.28072917,-0.039843753
51,2014-10-12 18:15:00+00:00,2.5875294,2.6017,2.7580578,32,45,84,97,0.49427086,-0.044140626
51,2014-10-12 18:15:00+00:00,4.618626,3.023004,3.002023,45,58,6,19,-0.7885417,0.26171875
51,2014-10-12 18:15:00+00:00,3.9642332,3.3573904,3.4606016,45,58,19,32,-0.5833333,0.275
51,2014-10-12 18:15:00+00:00,2.7065296,3.099151,3.018796,45,58,32,45,-0.36666667,0.275
51,2014-10-12 18:15:00+00:00,2.1943126,3.1205723,2.7412393,45,58,45,58,-0.15,0.275
51,2014-10-12 18:15:00+00:00,2.146383,2.6838324,2.595916,45,58,58,71,0.06666666,0.275
51,2014-10-12 18:15:00+00:00,2.4981575,2.5222514,2.8116436,45,58,71,84,0.27031252,0.2890625
51,2014-10-12 18:15:00+00:00,2.8537385,2.1273003,2.2215786,45,58,97,110,0.7166667,0.275
51,2014-10-12 18:15:00+00:00,2.4476726,2.1057448,2.1850028,45,58,110,121,0.9166666,0.275
51,2014-10-12 18:15:00+00:00,2.4205751,2.7489297,2.7252116,58,71,32,45,-0.36666667,0.6
51,2014-10-12 18:15:00+00:00,2.2098732,2.908365,2.5158815,58,71,45,58,-0.15338542,0.5929687
51,2014-10-12 18:15:00+00:00,2.073443,2.7130852,2.4611838,58,71,58,71,0.06875,0.58203125
51,2014-10-12 18:15:00+00:00,2.3274572,2.4839032,2.7252889,58,71,71,84,0.2833333,0.6
51,2014-10-12 18:15:00+00:00,2.7612438,2.2898266,2.473149,58,71,84,97,0.4919271,0.590625
51,2014-10-12 18:15:00+00:00,2.9773645,2.0530782,2.1791108,58,71,97,110,0.7278646,0.58984375
51,2014-10-12 18:15:00+00:00,2.42016,2.0096114,2.1987727,58,71,110,121,0.9166666,0.6
51,2014-10-12 18:15:00+00:00,2.035672,2.0131302,2.1159368,71,81,110,121,0.9166666,0.8875
52,2014-10-23 17:55:00+00:00,3.492553,3.5092652,3.38048,19,32,84,97,0.49635416,-0.37304688
52,2014-10-23 17:55:00+00:00,3.3801563,2.9605672,2.9741411,19,32,97,110,0.7166667,-0.375
52,2014-10-23 17:55:00+00:00,3.6039295,2.8254292,2.9565125,19,32,110,121,0.9166666,-0.375
52,2014-10-23 17:55:00+00:00,3.7986507,3.7191782,3.7730157,32,45,45,58,-0.15,-0.050000004
52,2014-10-23 17:55:00+00:00,3.0653436,3.1264713,3.3003983,32,45,84,97,0.4984375,-0.05234375
52,2014-10-23 17:55:00+00:00,3.1294718,2.732335,2.8538687,32,45,97,110,0.7166667,-0.050000004
52,2014-10-23 17:55:00+00:00,2.8503313,2.605787,2.8031342,32,45,110,121,0.9059896,-0.052734375
52,2014-10-23 17:55:00+00:00,4.3298535,3.375809,3.402919,45,58,6,19,-0.7934896,0.25625
52,2014-10-23 17:55:00+00:00,3.2407875,3.6838357,3.7634015,45,58,19,32,-0.5833333,0.275
52,2014-10-23 17:55:00+00:00,2.4478328,3.5238743,3.385362,45,58,32,45,-0.36666667,0.275
52,2014-10-23 17:55:00+00:00,2.9541533,3.5000753,3.0734525,45,58,45,58,-0.15,0.275
52,2014-10-23 17:55:00+00:00,2.928253,3.1780946,2.9794316,45,58,58,71,0.07578125,0.27734375
52,2014-10-23 17:55:00+00:00,2.8692434,2.5441658,2.850237,45,58,84,97,0.51484376,0.27695313
52,2014-10-23 17:55:00+00:00,2.6077394,2.4441705,2.4916844,45,58,97,110,0.7166667,0.275
52,2014-10-23 17:55:00+00:00,2.3980987,3.4853091,3.332762,58,71,19,32,-0.5723958,0.5667969
52,2014-10-23 17:55:00+00:00,2.0385392,3.0765784,2.985353,58,71,32,45,-0.36666667,0.6
52,2014-10-23 17:55:00+00:00,2.2263665,3.1797903,2.7421486,58,71,45,58,-0.15468751,0.5949219
52,2014-10-23 17:55:00+00:00,2.4181285,2.950815,2.7087386,58,71,58,71,0.0671875,0.5847657
52,2014-10-23 17:55:00+00:00,2.505234,2.7966774,2.9498005,58,71,71,84,0.28697917,0.5980469
52,2014-10-23 17:55:00+00:00,2.5840495,2.6037416,2.6630661,58,71,84,97,0.4947917,0.5824219
52,2014-10-23 17:55:00+00:00,2.52283,2.3046327,2.3666048,58,71,97,110,0.7208333,0.5914062
52,2014-10-23 17:55:00+00:00,2.3001862,2.2384405,2.4058275,58,71,110,121,0.9106771,0.61328125
52,2014-10-23 17:55:00+00:00,2.1739511,2.1106367,2.3628058,71,81,110,121,0.9166666,0.8875
53,2014-10-26 18:25:00+00:00,3.330653,3.084213,3.0986266,19,32,84,97,0.5,-0.375
53,2014-10-26 18:25:00+00:00,3.5294712,2.7273364,2.7969203,19,32,97,110,0.7166667,-0.375
53,2014-10-26 18:25:00+00:00,3.5637338,2.6202662,2.805278,19,32,110,121,0.9166666,-0.375
53,2014-10-26 18:25:00+00:00,3.9061623,3.0620322,3.5424356,32,45,32,45,-0.35598958,-0.0296875
53,2014-10-26 18:25:00+00:00,3.4294143,3.378712,3.3641791,32,45,45,58,-0.15,-0.050000004
53,2014-10-26 18:25:00+00:00,2.6535122,2.8569367,3.3147058,32,45,71,84,0.28229165,-0.039453126
53,2014-10-26 18:25:00+00:00,2.9812553,2.7938201,3.0007992,32,45,84,97,0.5,-0.050000004
53,2014-10-26 18:25:00+00:00,3.2194853,2.558443,2.6787941,32,45,97,110,0.7166667,-0.050000004
53,2014-10-26 18:25:00+00:00,2.7204876,2.4339,2.6431918,32,45,110,121,0.9166666,-0.050000004
53,2014-10-26 18:25:00+00:00,3.789022,2.9352,2.9417658,45,58,6,19,-0.79296875,0.26601562
53,2014-10-26 18:25:00+00:00,2.57422,3.179233,3.318167,45,58,19,32,-0.5833333,0.275
53,2014-10-26 18:25:00+00:00,2.1360533,3.1387928,2.9673855,45,58,32,45,-0.3669271,0.27578124
53,2014-10-26 18:25:00+00:00,2.473821,3.1709237,2.7377172,45,58,45,58,-0.15,0.275
53,2014-10-26 18:25:00+00:00,2.9016325,2.7252464,2.6300743,45,58,58,71,0.061197914,0.27695313
53,2014-10-26 18:25:00+00:00,2.7268794,2.3763244,2.58032,45,58,84,97,0.5132812,0.28320312
53,2014-10-26 18:25:00+00:00,2.689681,2.3096962,2.335778,45,58,97,110,0.7166667,0.275
53,2014-10-26 18:25:00+00:00,2.465994,2.2106485,2.305807,45,58,110,121,0.9166666,0.275
53,2014-10-26 18:25:00+00:00,3.2956705,2.8830335,2.974143,58,71,19,32,-0.57890624,0.57773435
53,2014-10-26 18:25:00+00:00,1.8980167,2.7455308,2.6515384,58,71,32,45,-0.36666667,0.6
53,2014-10-26 18:25:00+00:00,2.0739722,2.8725216,2.49301,58,71,45,58,-0.15130208,0.5992187
53,2014-10-26 18:25:00+00:00,2.261604,2.7309704,2.4473057,58,71,58,71,0.073697925,0.58867186
53,2014-10-26 18:25:00+00:00,2.4919896,2.471227,2.689203,58,71,71,84,0.2833333,0.6
53,2014-10-26 18:25:00+00:00,2.714114,2.3431864,2.4737806,58,71,84,97,0.49166667,0.5902344
53,2014-10-26 18:25:00+00:00,2.751654,2.1429276,2.2397666,58,71,97,110,0.7260417,0.5921875
53,2014-10-26 18:25:00+00:00,2.5080311,2.0826507,2.2877781,58,71,110,121,0.9166666,0.6
53,2014-10-26 18:25:00+00:00,2.1883013,3.1717324,2.963324,71,81,32,45,-0.38645837,0.85546875
53,2014-10-26 18:25:00+00:00,2.71783,2.7761607,2.5864208,71,81,84,97,0.44599998,0.80700004
53,2014-10-26 18:25:00+00:00,2.6254282,2.160033,2.2487705,71,81,97,110,0.7502604,0.8714844
53,2014-10-26 18:25:00+00:00,2.4827938,2.0274518,2.3002458,71,81,110,121,0.9166666,0.8875
54,2014-11-11 18:25:00+00:00,3.0510695,2.3628283,2.4267902,19,32,84,97,0.4955729,-0.36679688
54,2014-11-11 18:25:00+00:00,2.4124222,2.132514,2.2910664,32,45,84,97,0.5,-0.050000004
54,2014-11-11 18:25:00+00:00,2.3833938,2.015406,2.1091673,32,45,97,110,0.7166667,-0.050000004
54,2014-11-11 18:25:00+00:00,2.1469238,1.9439898,2.0573683,32,45,110,121,0.9140625,-0.047656253
54,2014-11-11 18:25:00+00:00,1.5099757,2.5762715,2.2135522,45,58,45,58,-0.14166667,0.26484373
54,2014-11-11 18:25:00+00:00,2.0171044,1.8388411,1.8616294,45,58,97,110,0.7166667,0.275
54,2014-11-11 18:25:00+00:00,2.1263123,1.7896205,1.8319776,45,58,110,121,0.9166666,0.275
54,2014-11-11 18:25:00+00:00,1.9954071,1.9638417,2.1167722,58,71,71,84,0.2833333,0.6
54,2014-11-11 18:25:00+00:00,2.1692312,1.8629376,1.9248306,58,71,84,97,0.48489583,0.5890625
54,2014-11-11 18:25:00+00:00,2.2111278,1.7351271,1.8091979,58,71,97,110,0.72760415,0.5914062
54,2014-11-11 18:25:00+00:00,2.1484299,1.7046793,1.83241,58,71,110,121,0.9166666,0.6
54,2014-11-11 18:25:00+00:00,2.0575402,1.6622204,1.8261137,71,81,110,121,0.9166666,0.8875
55,2015-05-01 18:01:00+00:00,1.8256803,2.1934242,2.239661,19,32,84,97,0.5,-0.375
55,2015-05-01 18:01:00+00:00,1.7926356,1.9738495,2.0048757,19,32,97,110,0.7166667,-0.375
55,2015-05-01 18:01:00+00:00,1.9734336,1.9268261,1.9630637,19,32,110,121,0.9166666,-0.375
55,2015-05-01 18:01:00+00:00,3.322193,2.6647696,2.9994442,32,45,32,45,-0.35729167,-0.036328126
55,2015-05-01 18:01:00+00:00,2.300944,2.9248042,2.7500427,32,45,45,58,-0.15,-0.050000004
55,2015-05-01 18:01:00+00:00,1.8489875,2.387275,2.5092642,32,45,71,84,0.28177083,-0.046484374
55,2015-05-01 18:01:00+00:00,1.7149464,1.9588481,2.0341754,32,45,84,97,0.50364584,-0.051953126
55,2015-05-01 18:01:00+00:00,1.8032299,1.8771223,1.80228,32,45,97,110,0.7166667,-0.050000004
55,2015-05-01 18:01:00+00:00,1.8598912,1.8001726,1.7219578,32,45,110,121,0.9166666,-0.050000004
55,2015-05-01 18:01:00+00:00,2.056642,2.4308543,2.5943983,45,58,32,45,-0.3614583,0.27304685
55,2015-05-01 18:01:00+00:00,2.0407112,2.6563365,2.3604925,45,58,45,58,-0.15,0.275
55,2015-05-01 18:01:00+00:00,2.0669477,2.133137,2.1021447,45,58,58,71,0.06666666,0.275
55,2015-05-01 18:01:00+00:00,1.9062855,1.6757647,1.6948687,45,58,97,110,0.71380204,0.2613281
55,2015-05-01 18:01:00+00:00,1.9646468,1.5999379,1.6155449,45,58,110,121,0.92291665,0.26523435
55,2015-05-01 18:01:00+00:00,2.3057837,2.250317,2.4444878,58,71,32,45,-0.36015624,0.5917969
55,2015-05-01 18:01:00+00:00,2.0317492,2.5915394,2.3101869,58,71,45,58,-0.15416667,0.5890625
55,2015-05-01 18:01:00+00:00,2.1845737,2.1271996,2.142969,58,71,58,71,0.057812504,0.59765625
55,2015-05-01 18:01:00+00:00,2.2566762,1.9988455,2.2914727,58,71,71,84,0.27682292,0.59648436
55,2015-05-01 18:01:00+00:00,2.1229327,1.6383044,1.9829133,58,71,84,97,0.4921875,0.5835937
55,2015-05-01 18:01:00+00:00,1.9824471,1.6739917,1.7876191,58,71,110,121,0.9166666,0.6015625
55,2015-05-01 18:01:00+00:00,1.9873992,1.3104048,1.5670576,71,81,110,121,0.9184896,0.8863281
56,2015-05-01 18:05:00+00:00,1.8256803,1.994254,2.0533476,19,32,84,97,0.5,-0.375
56,2015-05-01 18:05:00+00:00,1.7926356,1.841377,1.8785732,19,32,97,110,0.7166667,-0.375
56,2015-05-01 18:05:00+00:00,1.9734336,1.7898974,1.8222762,19,32,110,121,0.9166666,-0.375
56,2015-05-01 18:05:00+00:00,3.322193,2.4939404,2.7959645,32,45,32,45,-0.35729167,-0.036328126
56,2015-05-01 18:05:00+00:00,2.300944,2.733321,2.5616658,32,45,45,58,-0.15,-0.050000004
56,2015-05-01 18:05:00+00:00,1.8489875,2.1833746,2.29295,32,45,71,84,0.28177083,-0.046484374
56,2015-05-01 18:05:00+00:00,1.7149464,1.7822601,1.8476406,32,45,84,97,0.50364584,-0.051953126
56,2015-05-01 18:05:00+00:00,1.8032299,1.7549007,1.682224,32,45,97,110,0.7166667,-0.050000004
56,2015-05-01 18:05:00+00:00,1.8598912,1.6828271,1.5914713,32,45,110,121,0.9166666,-0.050000004
56,2015-05-01 18:05:00+00:00,1.9801726,2.221059,2.4134226,45,58,32,45,-0.359375,0.26718748
56,2015-05-01 18:05:00+00:00,2.0203488,2.462205,2.196869,45,58,45,58,-0.15,0.275
56,2015-05-01 18:05:00+00:00,2.0637703,1.9540538,1.9488337,45,58,58,71,0.06666666,0.275
56,2015-05-01 18:05:00+00:00,1.9062855,1.5615348,1.5977502,45,58,97,110,0.71380204,0.2613281
56,2015-05-01 18:05:00+00:00,1.9646468,1.4817858,1.5125241,45,58,110,121,0.92291665,0.26523435
56,2015-05-01 18:05:00+00:00,2.1610112,1.9886273,1.9966532,58,71,58,71,0.057812504,0.59765625
56,2015-05-01 18:05:00+00:00,2.1927028,1.9152946,2.1020947,58,71,71,84,0.28437498,0.5925781
56,2015-05-01 18:05:00+00:00,2.0235596,1.5261656,1.824209,58,71,84,97,0.48828125,0.57851565
56,2015-05-01 18:05:00+00:00,1.9830735,1.5899649,1.6728569,58,71,110,121,0.9166666,0.6015625
56,2015-05-01 18:05:00+00:00,1.960063,1.2095218,1.4644097,71,81,110,121,0.9184896,0.884375
57,2015-05-01 18:10:00+00:00,2.3535407,3.0566576,3.067674,58,71,32,45,-0.36015624,0.5917969
57,2015-05-01 18:10:00+00:00,2.0692613,3.3444917,2.8605018,58,71,45,58,-0.15416667,0.58554685
57,2015-05-01 18:10:00+00:00,2.0127106,2.2043846,2.2721944,71,81,110,121,0.9184896,0.8863281
58,2015-05-02 18:50:00+00:00,2.0004518,2.2056088,2.265281,19,32,84,97,0.5,-0.375
58,2015-05-02 18:50:00+00:00,1.8033556,1.9750963,2.0438068,19,32,97,110,0.7166667,-0.375
58,2015-05-02 18:50:00+00:00,1.9381386,1.9256988,2.0205662,19,32,110,121,0.9166666,-0.375
58,2015-05-02 18:50:00+00:00,3.6174908,2.8454492,2.9536574,32,45,32,45,-0.36458334,-0.040625
58,2015-05-02 18:50:00+00:00,2.6284752,2.8601966,2.724688,32,45,45,58,-0.15,-0.050000004
58,2015-05-02 18:50:00+00:00,1.8045694,2.1306086,2.0898426,32,45,84,97,0.5,-0.050000004
58,2015-05-02 18:50:00+00:00,1.8908485,1.9811687,1.8743037,32,45,97,110,0.7166667,-0.050000004
58,2015-05-02 18:50:00+00:00,1.9535898,1.897518,1.8109148,32,45,110,121,0.9166666,-0.050000004
58,2015-05-02 18:50:00+00:00,2.1064317,2.8176386,2.9259586,45,58,19,32,-0.5833333,0.275
58,2015-05-02 18:50:00+00:00,2.0920787,2.6515272,2.5557876,45,58,32,45,-0.37187502,0.27734375
58,2015-05-02 18:50:00+00:00,2.0899346,2.6163044,2.374459,45,58,45,58,-0.15,0.275
58,2015-05-02 18:50:00+00:00,2.152935,2.2265205,2.1687503,45,58,58,71,0.06666666,0.275
58,2015-05-02 18:50:00+00:00,2.1137764,2.0642922,2.2857323,45,58,71,84,0.26822916,0.28984374
58,2015-05-02 18:50:00+00:00,2.0037296,1.7427622,1.7854222,45,58,97,110,0.7166667,0.275
58,2015-05-02 18:50:00+00:00,2.115818,1.6637281,1.7210522,45,58,110,121,0.9166666,0.275
58,2015-05-02 18:50:00+00:00,2.4159274,2.3924315,2.4580648,58,71,32,45,-0.36666667,0.6
58,2015-05-02 18:50:00+00:00,2.2167475,2.5690582,2.3422656,58,71,45,58,-0.153125,0.5902344
58,2015-05-02 18:50:00+00:00,2.2372203,2.3707514,2.2114406,58,71,58,71,0.07083333,0.578125
58,2015-05-02 18:50:00+00:00,2.3835573,2.1638107,2.3568056,58,71,71,84,0.28307295,0.5992187
58,2015-05-02 18:50:00+00:00,2.1240528,1.8259258,2.0624511,58,71,84,97,0.4940104,0.5902344
58,2015-05-02 18:50:00+00:00,1.9556779,1.8217746,1.9006045,58,71,97,110,0.73125005,0.5882813
58,2015-05-02 18:50:00+00:00,2.0201776,1.7408985,1.8761017,58,71,110,121,0.9166666,0.6
58,2015-05-02 18:50:00+00:00,2.077196,1.5063207,1.7287658,71,81,110,121,0.9166666,0.8875
59,2015-05-03 17:55:00+00:00,1.6029693,1.9108212,1.9647254,19,32,97,110,0.7195313,-0.36249998
59,2015-05-03 17:55:00+00:00,1.7051548,1.8560948,1.9169236,19,32,110,121,0.914323,-0.36914062
59,2015-05-03 17:55:00+00:00,1.6081158,2.0376256,2.039972,32,45,84,97,0.5057292,-0.05234375
59,2015-05-03 17:55:00+00:00,1.6358383,1.8671702,1.7839966,32,45,97,110,0.7166667,-0.050000004
59,2015-05-03 17:55:00+00:00,1.7173892,1.7948964,1.6990792,32,45,110,121,0.9166666,-0.050000004
59,2015-05-03 17:55:00+00:00,2.1464133,3.038688,3.0326128,45,58,19,32,-0.57656246,0.27890626
59,2015-05-03 17:55:00+00:00,2.0808594,2.5730696,2.668479,45,58,32,45,-0.3643229,0.27734375
59,2015-05-03 17:55:00+00:00,2.0510216,2.5645666,2.4208784,45,58,45,58,-0.15390626,0.28515625
59,2015-05-03 17:55:00+00:00,2.0720778,2.1994767,2.2031145,45,58,58,71,0.0671875,0.275
59,2015-05-03 17:55:00+00:00,1.7374728,1.597912,1.668289,45,58,97,110,0.7166667,0.275
59,2015-05-03 17:55:00+00:00,1.8417889,1.5391161,1.5927922,45,58,110,121,0.9166666,0.275
59,2015-05-03 17:55:00+00:00,2.314966,2.543444,2.492322,58,71,32,45,-0.37161458,0.59335935
59,2015-05-03 17:55:00+00:00,2.2759683,2.186597,2.2861688,58,71,71,84,0.28802085,0.5902344
59,2015-05-03 17:55:00+00:00,1.7852315,1.6472613,1.7291131,58,71,110,121,0.9166666,0.6
59,2015-05-03 17:55:00+00:00,1.8654001,1.3479373,1.558103,71,81,110,121,0.9184896,0.8863281
60,2015-05-07 19:10:00+00:00,2.299078,2.51227,2.4941156,19,32,84,97,0.4997396,-0.37578124
60,2015-05-07 19:10:00+00:00,1.932857,2.1093194,2.1659822,19,32,97,110,0.7166667,-0.375
60,2015-05-07 19:10:00+00:00,2.3758714,2.0063326,2.1332026,19,32,110,121,0.9166666,-0.375
60,2015-05-07 19:10:00+00:00,2.8510416,3.0918732,3.3462088,32,45,32,45,-0.36354166,-0.0375
60,2015-05-07 19:10:00+00:00,2.9101408,3.1190784,3.0831854,32,45,45,58,-0.15,-0.050000004
60,2015-05-07 19:10:00+00:00,2.150442,2.586012,2.782628,32,45,71,84,0.2825521,-0.04609375
60,2015-05-07 19:10:00+00:00,1.8128194,2.2118943,2.2491946,32,45,84,97,0.50677085,-0.05234375
60,2015-05-07 19:10:00+00:00,1.7745743,2.018581,1.9321809,32,45,97,110,0.7166667,-0.050000004
60,2015-05-07 19:10:00+00:00,1.7954227,1.8793892,1.8505149,32,45,110,121,0.9166666,-0.050000004
60,2015-05-07 19:10:00+00:00,2.4058733,3.058065,3.1839495,45,58,19,32,-0.5833333,0.275
60,2015-05-07 19:10:00+00:00,2.2868385,2.8716044,2.7750652,45,58,32,45,-0.37187502,0.27734375
60,2015-05-07 19:10:00+00:00,2.168844,2.7571614,2.4999366,45,58,45,58,-0.15,0.275
60,2015-05-07 19:10:00+00:00,2.0602775,2.3104503,2.2654407,45,58,58,71,0.06666666,0.275
60,2015-05-07 19:10:00+00:00,1.8680514,1.6844836,1.7385441,45,58,97,110,0.7166667,0.275
60,2015-05-07 19:10:00+00:00,1.9090581,1.555332,1.6549482,45,58,110,121,0.9166666,0.275
60,2015-05-07 19:10:00+00:00,2.1548762,2.5181406,2.5790083,58,71,32,45,-0.36666667,0.6
60,2015-05-07 19:10:00+00:00,2.4753475,2.6601987,2.3894138,58,71,45,58,-0.15807292,0.5878906
60,2015-05-07 19:10:00+00:00,2.443185,2.394944,2.255067,58,71,58,71,0.069791675,0.57773435
60,2015-05-07 19:10:00+00:00,2.4048274,2.1783366,2.3480687,58,71,71,84,0.28307295,0.5992187
60,2015-05-07 19:10:00+00:00,2.3376076,1.8333775,2.024934,58,71,84,97,0.48958334,0.5828125
60,2015-05-07 19:10:00+00:00,1.8082231,1.6742818,1.7885457,58,71,110,121,0.9166666,0.6
60,2015-05-07 19:10:00+00:00,1.8178039,1.2865986,1.6094373,71,81,110,121,0.9184896,0.8863281
61,2015-05-11 18:45:00+00:00,1.942905,2.0043426,2.0349135,19,32,97,110,0.7169271,-0.375
61,2015-05-11 18:45:00+00:00,2.035278,1.9829408,2.000052,19,32,110,121,0.9192708,-0.37578124
61,2015-05-11 18:45:00+00:00,1.9723629,2.0245824,2.0845776,32,45,84,97,0.5057292,-0.05234375
61,2015-05-11 18:45:00+00:00,1.8981153,1.9344726,1.8498242,32,45,97,110,0.7166667,-0.050000004
61,2015-05-11 18:45:00+00:00,1.839012,1.8588276,1.7658292,32,45,110,121,0.9166666,-0.050000004
61,2015-05-11 18:45:00+00:00,2.1909184,2.1623402,2.133676,45,58,58,71,0.07083334,0.28359377
61,2015-05-11 18:45:00+00:00,2.072168,1.6446441,1.750494,45,58,97,110,0.7166667,0.275
61,2015-05-11 18:45:00+00:00,1.9146749,1.5752296,1.6710093,45,58,110,121,0.9166666,0.275
61,2015-05-11 18:45:00+00:00,2.335428,2.1543207,2.3396766,58,71,71,84,0.2833333,0.6
61,2015-05-11 18:45:00+00:00,2.2268329,1.7314018,2.0367246,58,71,84,97,0.4919271,0.590625
61,2015-05-11 18:45:00+00:00,2.1166432,1.7618421,1.8769655,58,71,97,110,0.73125,0.5894531
61,2015-05-11 18:45:00+00:00,1.8841166,1.7057058,1.834975,58,71,110,121,0.9166666,0.6
61,2015-05-11 18:45:00+00:00,1.9228983,1.3742104,1.6361455,71,81,110,121,0.9166666,0.8875
62,2015-05-23 19:10:00+00:00,2.5009995,2.336993,2.3378673,19,32,84,97,0.5,-0.375
62,2015-05-23 19:10:00+00:00,1.8911369,2.016814,2.044083,19,32,97,110,0.7166667,-0.375
62,2015-05-23 19:10:00+00:00,1.9588141,1.9335402,2.000287,19,32,110,121,0.9166666,-0.375
62,2015-05-23 19:10:00+00:00,2.984697,2.7151244,3.1240318,32,45,32,45,-0.35755205,-0.03515625
62,2015-05-23 19:10:00+00:00,2.3265097,2.9651687,2.8745763,32,45,45,58,-0.15,-0.050000004
62,2015-05-23 19:10:00+00:00,2.1096416,2.1638105,2.1559515,32,45,84,97,0.5,-0.050000004
62,2015-05-23 19:10:00+00:00,1.9485424,1.9543092,1.8670914,32,45,97,110,0.7166667,-0.050000004
62,2015-05-23 19:10:00+00:00,1.8194618,1.8534299,1.7835501,32,45,110,121,0.9166666,-0.050000004
62,2015-05-23 19:10:00+00:00,2.266602,2.8747048,3.024873,45,58,19,32,-0.5833333,0.275
62,2015-05-23 19:10:00+00:00,2.091668,2.549096,2.6226177,45,58,32,45,-0.36666667,0.275
62,2015-05-23 19:10:00+00:00,2.1508436,2.6410198,2.369865,45,58,45,58,-0.15,0.275
62,2015-05-23 19:10:00+00:00,2.139596,2.160502,2.1624966,45,58,58,71,0.06666666,0.275
62,2015-05-23 19:10:00+00:00,1.972742,1.6687417,1.7258512,45,58,97,110,0.7166667,0.275
62,2015-05-23 19:10:00+00:00,1.7753584,1.5695957,1.6545454,45,58,110,121,0.9166666,0.275
62,2015-05-23 19:10:00+00:00,1.8845344,2.3605788,2.4169014,58,71,32,45,-0.36666667,0.6
62,2015-05-23 19:10:00+00:00,2.1261528,2.5471005,2.2561817,58,71,45,58,-0.15572917,0.5890625
62,2015-05-23 19:10:00+00:00,2.253743,2.1812394,2.2602413,58,71,71,84,0.28854167,0.59765625
62,2015-05-23 19:10:00+00:00,2.243826,1.8226078,1.978633,58,71,84,97,0.49140626,0.58554685
62,2015-05-23 19:10:00+00:00,1.7719877,1.7657101,1.7929522,58,71,97,110,0.7369791,0.5890625
62,2015-05-23 19:10:00+00:00,1.667953,1.6726702,1.7660499,58,71,110,121,0.9166666,0.6
62,2015-05-23 19:10:00+00:00,1.5398251,1.3361937,1.6212478,71,81,110,121,0.9166666,0.8875
63,2015-06-03 18:50:00+00:00,2.6297207,2.224776,2.2929497,32,45,110,121,0.9216146,-0.06679688
63,2015-06-03 18:50:00+00:00,2.1641731,2.5303118,2.3983922,45,58,58,71,0.068749994,0.2746094
63,2015-06-03 18:50:00+00:00,2.147626,2.3267276,2.5510616,45,58,71,84,0.26328126,0.290625
63,2015-06-03 18:50:00+00:00,2.5875096,2.0958169,2.1619754,45,58,97,110,0.7104167,0.290625
63,2015-06-03 18:50:00+00:00,2.302183,2.0088422,2.0890286,45,58,110,121,0.9242188,0.27734375
63,2015-06-03 18:50:00+00:00,2.5099435,2.5641649,2.5557387,58,71,32,45,-0.36640623,0.59882814
63,2015-06-03 18:50:00+00:00,2.2841058,2.787257,2.41368,58,71,45,58,-0.15338542,0.5929687
63,2015-06-03 18:50:00+00:00,2.2788305,2.508666,2.347998,58,71,58,71,0.06666666,0.5824219
63,2015-06-03 18:50:00+00:00,2.4270768,2.347334,2.5785713,58,71,71,84,0.2833333,0.6
63,2015-06-03 18:50:00+00:00,2.5642922,2.077096,2.3558981,58,71,84,97,0.49635416,0.5914062
63,2015-06-03 18:50:00+00:00,2.8173113,2.0405188,2.1704593,58,71,97,110,0.7317709,0.5882813
63,2015-06-03 18:50:00+00:00,2.2712264,1.9812874,2.1816437,58,71,110,121,0.9166666,0.6
63,2015-06-03 18:50:00+00:00,2.3669286,1.9048262,2.1112416,71,81,110,121,0.9166666,0.8875
64,2015-06-10 18:55:00+00:00,3.0547318,2.519323,2.7516162,19,32,84,97,0.509375,-0.35898435
64,2015-06-10 18:55:00+00:00,2.1327298,2.3141332,2.359909,19,32,97,110,0.7166667,-0.375
64,2015-06-10 18:55:00+00:00,2.100977,2.2069192,2.3114676,19,32,110,121,0.9166666,-0.375
64,2015-06-10 18:55:00+00:00,2.04776,2.761118,3.1695118,32,45,71,84,0.278125,-0.040625002
64,2015-06-10 18:55:00+00:00,2.0724502,2.4776962,2.5628443,32,45,84,97,0.5057292,-0.05234375
64,2015-06-10 18:55:00+00:00,2.0577219,2.1707919,2.1501825,32,45,97,110,0.7166667,-0.050000004
64,2015-06-10 18:55:00+00:00,1.9680381,2.0432987,2.0572476,32,45,110,121,0.9166666,-0.050000004
64,2015-06-10 18:55:00+00:00,3.2965775,3.3803484,3.457275,45,58,19,32,-0.5833333,0.275
64,2015-06-10 18:55:00+00:00,2.3936079,3.043809,3.0328884,45,58,32,45,-0.36666667,0.275
64,2015-06-10 18:55:00+00:00,2.2565622,3.013403,2.7117722,45,58,45,58,-0.15,0.275
64,2015-06-10 18:55:00+00:00,2.2453666,2.5591176,2.5002065,45,58,58,71,0.06979167,0.27929688
64,2015-06-10 18:55:00+00:00,1.9696628,1.8265321,1.8849157,45,58,97,110,0.7166667,0.275
64,2015-06-10 18:55:00+00:00,1.9876608,1.7307903,1.8007835,45,58,110,121,0.9166666,0.275
64,2015-06-10 18:55:00+00:00,2.7346199,2.7000194,2.7074606,58,71,32,45,-0.36666667,0.6
64,2015-06-10 18:55:00+00:00,2.3314004,2.8112636,2.482689,58,71,45,58,-0.15468751,0.5882813
64,2015-06-10 18:55:00+00:00,2.0292633,2.3615704,2.492268,58,71,71,84,0.2833333,0.6
64,2015-06-10 18:55:00+00:00,2.298115,2.0170934,2.145872,58,71,84,97,0.4947917,0.5882813
64,2015-06-10 18:55:00+00:00,1.8842621,1.77017,1.8604774,58,71,110,121,0.9166666,0.6
64,2015-06-10 18:55:00+00:00,1.9387637,1.4317608,1.7319694,71,81,110,121,0.9166666,0.8875
65,2015-07-20 18:05:00+00:00,2.4780288,3.4464667,3.4045386,19,32,84,97,0.5002604,-0.39609376
65,2015-07-20 18:05:00+00:00,4.4149203,3.8195157,4.235309,32,45,32,45,-0.36640623,-0.038671877
65,2015-07-20 18:05:00+00:00,3.9100795,3.8393033,3.9134989,32,45,45,58,-0.15,-0.050000004
65,2015-07-20 18:05:00+00:00,4.02874,4.054778,4.0629716,45,58,19,32,-0.5833333,0.275
65,2015-07-20 18:05:00+00:00,3.9878983,3.7717028,3.648603,45,58,32,45,-0.36640623,0.27578124
65,2015-07-20 18:05:00+00:00,2.0340278,3.6987455,3.3044133,45,58,45,58,-0.15,0.275
65,2015-07-20 18:05:00+00:00,2.474942,3.3113754,3.2195947,45,58,58,71,0.06666666,0.275
65,2015-07-20 18:05:00+00:00,3.0445657,3.8369823,3.5789611,58,71,19,32,-0.5671874,0.56875
65,2015-07-20 18:05:00+00:00,2.0492966,3.3022072,3.2018623,58,71,32,45,-0.36666667,0.6
65,2015-07-20 18:05:00+00:00,1.9830865,3.378307,2.9209898,58,71,45,58,-0.15416667,0.5929687
65,2015-07-20 18:05:00+00:00,1.969413,3.303858,2.92377,58,71,58,71,0.075,0.5835937
65,2015-07-20 18:05:00+00:00,2.069771,3.0421896,3.2055674,58,71,71,84,0.28541666,0.5949218
65,2015-07-20 18:05:00+00:00,2.2557504,2.805572,2.8969681,58,71,84,97,0.49114585,0.59101564
66,2015-07-21 18:50:00+00:00,3.2085643,3.5974383,3.440043,19,32,84,97,0.4992188,-0.37578124
66,2015-07-21 18:50:00+00:00,2.141988,2.900823,2.8587925,19,32,97,110,0.70703125,-0.37773436
66,2015-07-21 18:50:00+00:00,4.299284,4.2497025,4.4258046,32,45,32,45,-0.36484376,-0.04804688
66,2015-07-21 18:50:00+00:00,4.110862,4.0650134,4.0765233,32,45,45,58,-0.15,-0.050000004
66,2015-07-21 18:50:00+00:00,4.4858265,3.7802277,3.8948815,32,45,58,71,0.058072917,-0.05078125
66,2015-07-21 18:50:00+00:00,4.287209,3.6104186,3.9045312,32,45,71,84,0.28020835,-0.0421875
66,2015-07-21 18:50:00+00:00,2.125774,2.664938,2.624364,32,45,110,121,0.9166666,-0.050000004
66,2015-07-21 18:50:00+00:00,4.5661364,4.0605726,3.9366548,45,58,6,19,-0.7838541,0.26484376
66,2015-07-21 18:50:00+00:00,4.3184776,4.2995367,4.3248982,45,58,19,32,-0.5833333,0.275
66,2015-07-21 18:50:00+00:00,3.3636029,3.9461434,3.9174776,45,58,32,45,-0.37109375,0.28710938
66,2015-07-21 18:50:00+00:00,2.8084104,3.7783718,3.5591617,45,58,45,58,-0.1484375,0.27578124
66,2015-07-21 18:50:00+00:00,3.260794,3.4050484,3.4028802,45,58,58,71,0.06666666,0.275
66,2015-07-21 18:50:00+00:00,3.852759,3.21277,3.5392478,45,58,71,84,0.2671875,0.28828123
66,2015-07-21 18:50:00+00:00,3.32891,2.3571234,2.5100737,45,58,97,110,0.7166667,0.275
66,2015-07-21 18:50:00+00:00,2.2261133,2.343876,2.448178,45,58,110,121,0.9166666,0.275
66,2015-07-21 18:50:00+00:00,3.7507446,4.3325872,3.9936736,58,71,19,32,-0.5703125,0.56601566
66,2015-07-21 18:50:00+00:00,2.5568466,3.7241747,3.6230567,58,71,32,45,-0.37057292,0.596875
66,2015-07-21 18:50:00+00:00,2.5551414,3.681738,3.3203142,58,71,45,58,-0.15078126,0.5917969
66,2015-07-21 18:50:00+00:00,2.5366259,3.5777366,3.2474778,58,71,58,71,0.07057292,0.5792968
66,2015-07-21 18:50:00+00:00,2.4162862,3.2561667,3.4205446,58,71,71,84,0.28307292,0.5953125
66,2015-07-21 18:50:00+00:00,2.4411514,2.9417918,3.0315487,58,71,84,97,0.49088544,0.590625
66,2015-07-21 18:50:00+00:00,2.2619786,2.3150103,2.4863467,58,71,110,121,0.9166666,0.6
66,2015-07-21 18:50:00+00:00,2.3117952,2.172835,2.2955654,71,81,110,121,0.9166666,0.8875
67,2015-07-23 18:35:00+00:00,3.8166294,3.571064,3.466028,19,32,84,97,0.5026042,-0.3785156
67,2015-07-23 18:35:00+00:00,2.4563706,2.9310448,2.8962846,19,32,97,110,0.7166667,-0.375
67,2015-07-23 18:35:00+00:00,2.1831222,2.8637323,2.883728,19,32,110,121,0.9166666,-0.375
67,2015-07-23 18:35:00+00:00,4.446117,3.9339347,4.3418965,32,45,32,45,-0.36640623,-0.038671877
67,2015-07-23 18:35:00+00:00,4.07484,3.9449747,3.9976933,32,45,45,58,-0.15,-0.050000004
67,2015-07-23 18:35:00+00:00,4.3466015,3.3983192,3.9104464,32,45,71,84,0.27526042,-0.041796878
67,2015-07-23 18:35:00+00:00,3.6647348,3.2321234,3.3991072,32,45,84,97,0.50703126,-0.051953126
67,2015-07-23 18:35:00+00:00,2.3841007,2.7316082,2.795463,32,45,97,110,0.7166667,-0.050000004
67,2015-07-23 18:35:00+00:00,2.0193446,2.6544824,2.7351613,32,45,110,121,0.9166666,-0.050000004
67,2015-07-23 18:35:00+00:00,3.717926,4.1362042,4.136234,45,58,19,32,-0.5825521,0.2734375
67,2015-07-23 18:35:00+00:00,2.8304431,3.645196,3.7179258,45,58,32,45,-0.3578125,0.26757812
67,2015-07-23 18:35:00+00:00,2.6487916,3.705872,3.349922,45,58,45,58,-0.15,0.275
67,2015-07-23 18:35:00+00:00,2.8549078,3.3033335,3.2445636,45,58,58,71,0.06666666,0.275
67,2015-07-23 18:35:00+00:00,3.596573,3.1350794,3.4160862,45,58,71,84,0.2658854,0.2875
67,2015-07-23 18:35:00+00:00,3.4343054,2.4340134,2.539329,45,58,97,110,0.7166667,0.275
67,2015-07-23 18:35:00+00:00,2.107269,2.4130177,2.4746268,45,58,110,121,0.9166666,0.275
67,2015-07-23 18:35:00+00:00,2.0429437,3.2340086,3.2895014,58,71,32,45,-0.36093748,0.59765625
67,2015-07-23 18:35:00+00:00,2.3762999,3.4494634,2.9973278,58,71,45,58,-0.15390626,0.5902344
67,2015-07-23 18:35:00+00:00,2.4762962,3.2664924,2.9656885,58,71,58,71,0.06848958,0.58164066
67,2015-07-23 18:35:00+00:00,2.5555024,2.9816432,3.1869173,58,71,71,84,0.2833333,0.6
67,2015-07-23 18:35:00+00:00,2.7314892,2.7432687,2.86851,58,71,84,97,0.49765626,0.5914062
67,2015-07-23 18:35:00+00:00,2.7368267,2.3465393,2.403738,58,71,97,110,0.7291666,0.59023434
67,2015-07-23 18:35:00+00:00,2.3281329,2.2444787,2.4077091,58,71,110,121,0.9166666,0.6
67,2015-07-23 18:35:00+00:00,2.0979202,2.23305,2.3343961,71,81,110,121,0.9166666,0.8875
68,2015-07-27 16:26:00+00:00,3.4155912,3.3112056,3.1280131,19,32,84,97,0.5,-0.375
68,2015-07-27 16:26:00+00:00,1.9335877,2.667987,2.6378932,19,32,97,110,0.7166667,-0.375
68,2015-07-27 16:26:00+00:00,1.9486804,2.6049004,2.6085155,19,32,110,121,0.91536456,-0.3738281
68,2015-07-27 16:26:00+00:00,4.245276,3.4762905,3.9800515,32,45,32,45,-0.3645833,-0.03984375
68,2015-07-27 16:26:00+00:00,3.8315663,3.5568178,3.6586351,32,45,45,58,-0.15,-0.050000004
68,2015-07-27 16:26:00+00:00,4.186181,3.1544316,3.5105126,32,45,58,71,0.058593754,-0.050000004
68,2015-07-27 16:26:00+00:00,4.3840837,3.108715,3.6317399,32,45,71,84,0.27942708,-0.045703128
68,2015-07-27 16:26:00+00:00,4.154961,2.8799286,3.1006298,32,45,84,97,0.5,-0.050000004
68,2015-07-27 16:26:00+00:00,1.9740261,2.4109502,2.5705316,32,45,97,110,0.7166667,-0.050000004
68,2015-07-27 16:26:00+00:00,1.6547902,2.3480468,2.4949865,32,45,110,121,0.9166666,-0.050000004
68,2015-07-27 16:26:00+00:00,4.3305244,3.407882,3.3330338,45,58,6,19,-0.7838541,0.2609375
68,2015-07-27 16:26:00+00:00,3.2519906,3.724491,3.749781,45,58,19,32,-0.5833333,0.275
68,2015-07-27 16:26:00+00:00,1.8264225,3.4204643,3.2840853,45,58,32,45,-0.36666667,0.275
68,2015-07-27 16:26:00+00:00,1.9551067,3.3850627,2.942954,45,58,45,58,-0.15,0.275
68,2015-07-27 16:26:00+00:00,2.615903,2.9725285,2.8607697,45,58,58,71,0.06666666,0.275
68,2015-07-27 16:26:00+00:00,3.8978217,2.8114526,3.034032,45,58,71,84,0.26666665,0.28945312
68,2015-07-27 16:26:00+00:00,3.4409058,2.406318,2.6909206,45,58,84,97,0.51145834,0.28164065
68,2015-07-27 16:26:00+00:00,2.5243697,2.2031748,2.2827165,45,58,97,110,0.7166667,0.275
68,2015-07-27 16:26:00+00:00,1.7901424,2.192396,2.2227955,45,58,110,121,0.9166666,0.275
68,2015-07-27 16:26:00+00:00,2.3958592,3.393959,3.1715775,58,71,19,32,-0.56953126,0.56875
68,2015-07-27 16:26:00+00:00,1.7252223,2.8706317,2.7904274,58,71,32,45,-0.36666667,0.6
68,2015-07-27 16:26:00+00:00,1.7665714,2.9937773,2.531799,58,71,45,58,-0.15130208,0.5917969
68,2015-07-27 16:26:00+00:00,1.7957556,2.893602,2.5273144,58,71,58,71,0.072916664,0.5796875
68,2015-07-27 16:26:00+00:00,1.9734596,2.5967405,2.7838078,58,71,71,84,0.2833333,0.6
68,2015-07-27 16:26:00+00:00,1.7800115,2.426737,2.4758515,58,71,84,97,0.49088544,0.58984375
68,2015-07-27 16:26:00+00:00,2.3131938,2.0493715,2.1031973,58,71,97,110,0.72526044,0.5902344
68,2015-07-27 16:26:00+00:00,2.0518117,1.9812691,2.1213338,58,71,110,121,0.9166666,0.6
68,2015-07-27 16:26:00+00:00,1.9766374,2.0357072,2.1047647,71,81,110,121,0.9166666,0.8875
70,2015-07-27 18:15:00+00:00,3.3885014,3.42829,3.220426,19,32,84,97,0.5,-0.375
70,2015-07-27 18:15:00+00:00,1.8612838,2.785082,2.7165792,19,32,97,110,0.7151042,-0.36796874
70,2015-07-27 18:15:00+00:00,4.245276,3.684201,4.1595697,32,45,32,45,-0.3645833,-0.03984375
70,2015-07-27 18:15:00+00:00,3.8315663,3.7022402,3.8331244,32,45,45,58,-0.15,-0.050000004
70,2015-07-27 18:15:00+00:00,4.186181,3.334836,3.6964252,32,45,58,71,0.058593754,-0.050000004
70,2015-07-27 18:15:00+00:00,4.3840837,3.2676466,3.7848008,32,45,71,84,0.27942708,-0.045703128
70,2015-07-27 18:15:00+00:00,4.154961,3.0050788,3.203838,32,45,84,97,0.5,-0.050000004
70,2015-07-27 18:15:00+00:00,1.9740261,2.5057101,2.6577995,32,45,97,110,0.7166667,-0.050000004
70,2015-07-27 18:15:00+00:00,1.6547902,2.4547317,2.5828774,32,45,110,121,0.9166666,-0.050000004
70,2015-07-27 18:15:00+00:00,4.3305244,3.6278918,3.523822,45,58,6,19,-0.7838541,0.2609375
70,2015-07-27 18:15:00+00:00,3.2519906,3.9117188,3.908593,45,58,19,32,-0.5833333,0.275
70,2015-07-27 18:15:00+00:00,1.8264225,3.6011355,3.44705,45,58,32,45,-0.36666667,0.275
70,2015-07-27 18:15:00+00:00,1.9551067,3.503854,3.0955899,45,58,45,58,-0.15,0.275
70,2015-07-27 18:15:00+00:00,2.615903,3.1150784,3.018077,45,58,58,71,0.06666666,0.275
70,2015-07-27 18:15:00+00:00,3.8978217,2.9439812,3.1755772,45,58,71,84,0.26666665,0.28945312
70,2015-07-27 18:15:00+00:00,3.4409058,2.4945045,2.781477,45,58,84,97,0.51145834,0.28164065
70,2015-07-27 18:15:00+00:00,2.5243697,2.2790968,2.3609269,45,58,97,110,0.7166667,0.275
70,2015-07-27 18:15:00+00:00,1.7901424,2.289873,2.298091,45,58,110,121,0.9166666,0.275
70,2015-07-27 18:15:00+00:00,2.3958592,3.6233559,3.3406224,58,71,19,32,-0.56953126,0.56875
70,2015-07-27 18:15:00+00:00,1.7252223,3.0576065,2.9597538,58,71,32,45,-0.36666667,0.6
70,2015-07-27 18:15:00+00:00,1.7665714,3.1389678,2.6804802,58,71,45,58,-0.15130208,0.5917969
70,2015-07-27 18:15:00+00:00,1.7957556,3.06722,2.684817,58,71,58,71,0.072916664,0.5796875
70,2015-07-27 18:15:00+00:00,1.9734596,2.7315626,2.9153478,58,71,71,84,0.2833333,0.6
70,2015-07-27 18:15:00+00:00,1.7800115,2.5491018,2.577569,58,71,84,97,0.49088544,0.58984375
70,2015-07-27 18:15:00+00:00,2.3131938,2.1401384,2.182811,58,71,97,110,0.72526044,0.5902344
70,2015-07-27 18:15:00+00:00,2.0518117,2.0652113,2.197706,58,71,110,121,0.9166666,0.6
70,2015-07-27 18:15:00+00:00,1.9766374,2.1633751,2.18913,71,81,110,121,0.9166666,0.8875
71,2015-07-28 18:55:00+00:00,3.491079,3.871902,3.5939784,19,32,84,97,0.5,-0.375
71,2015-07-28 18:55:00+00:00,2.1329458,3.0022626,2.927805,19,32,97,110,0.7166667,-0.375
71,2015-07-28 18:55:00+00:00,1.969684,2.9509418,2.926549,19,32,110,121,0.9166666,-0.375
71,2015-07-28 18:55:00+00:00,4.58038,4.2572694,4.683999,32,45,32,45,-0.36276042,-0.041015625
71,2015-07-28 18:55:00+00:00,4.386045,4.167474,4.3070464,32,45,45,58,-0.15,-0.050000004
71,2015-07-28 18:55:00+00:00,4.519708,3.7819488,4.223927,32,45,71,84,0.278125,-0.043750003
71,2015-07-28 18:55:00+00:00,4.0871224,3.5723836,3.5842826,32,45,84,97,0.5,-0.050000004
71,2015-07-28 18:55:00+00:00,2.2153094,2.8479838,2.8564627,32,45,97,110,0.7166667,-0.050000004
71,2015-07-28 18:55:00+00:00,1.7252315,2.7833824,2.804793,32,45,110,121,0.9166666,-0.050000004
71,2015-07-28 18:55:00+00:00,4.579729,4.3531976,4.168776,45,58,6,19,-0.78125,0.2609375
71,2015-07-28 18:55:00+00:00,4.182384,4.582518,4.541502,45,58,19,32,-0.5833333,0.275
71,2015-07-28 18:55:00+00:00,2.889816,4.1630516,4.0833044,45,58,32,45,-0.36666667,0.275
71,2015-07-28 18:55:00+00:00,2.4915612,3.9423785,3.682281,45,58,45,58,-0.15,0.275
71,2015-07-28 18:55:00+00:00,3.9986877,3.612564,3.5987258,45,58,58,71,0.06666666,0.275
71,2015-07-28 18:55:00+00:00,4.264694,3.4339094,3.765785,45,58,71,84,0.2684896,0.28945312
71,2015-07-28 18:55:00+00:00,3.0000207,2.5775256,2.6692526,45,58,97,110,0.7166667,0.275
71,2015-07-28 18:55:00+00:00,2.0637221,2.5765758,2.607698,45,58,110,121,0.9166666,0.275
71,2015-07-28 18:55:00+00:00,2.1949348,3.7243755,3.6526287,58,71,32,45,-0.36666667,0.6
71,2015-07-28 18:55:00+00:00,2.0250435,3.720011,3.2981646,58,71,45,58,-0.15078126,0.5917969
71,2015-07-28 18:55:00+00:00,2.3353336,3.6605155,3.307654,58,71,58,71,0.07239584,0.5835937
71,2015-07-28 18:55:00+00:00,3.4215424,3.3149972,3.5039136,58,71,71,84,0.2833333,0.6
71,2015-07-28 18:55:00+00:00,2.6084797,3.120713,3.1140208,58,71,84,97,0.49583334,0.5910156
71,2015-07-28 18:55:00+00:00,2.944987,2.5321338,2.548509,58,71,97,110,0.7291667,0.58984375
71,2015-07-28 18:55:00+00:00,2.4152439,2.3885794,2.5390904,58,71,110,121,0.9166666,0.6
71,2015-07-28 18:55:00+00:00,2.4592931,2.5438724,2.475997,71,81,110,121,0.9166666,0.8875
72,2015-08-02 19:15:00+00:00,3.5664496,3.9709911,3.7609148,19,32,84,97,0.5,-0.375
72,2015-08-02 19:15:00+00:00,2.9083583,3.3408124,3.2386546,19,32,97,110,0.7166667,-0.375
72,2015-08-02 19:15:00+00:00,2.2918248,3.3061156,3.2477183,19,32,110,121,0.9166666,-0.375
72,2015-08-02 19:15:00+00:00,4.558005,3.9499035,4.469314,32,45,32,45,-0.3625,-0.03828125
72,2015-08-02 19:15:00+00:00,4.200286,4.06371,4.1555142,32,45,45,58,-0.15,-0.050000004
72,2015-08-02 19:15:00+00:00,4.507318,3.7140272,4.246582,32,45,71,84,0.2765625,-0.0453125
72,2015-08-02 19:15:00+00:00,4.1736927,3.54634,3.8571408,32,45,84,97,0.5,-0.050000004
72,2015-08-02 19:15:00+00:00,3.8889992,3.0462322,3.2878273,32,45,97,110,0.7166667,-0.050000004
72,2015-08-02 19:15:00+00:00,2.656642,3.0226798,3.2542584,32,45,110,121,0.9166666,-0.050000004
72,2015-08-02 19:15:00+00:00,4.6016955,4.088117,3.9773998,45,58,6,19,-0.7828125,0.26015624
72,2015-08-02 19:15:00+00:00,4.4672728,4.309566,4.3125567,45,58,19,32,-0.5833333,0.275
72,2015-08-02 19:15:00+00:00,3.5892103,4.0835147,3.886809,45,58,32,45,-0.36666667,0.275
72,2015-08-02 19:15:00+00:00,2.5971682,3.9779022,3.5461783,45,58,45,58,-0.15,0.275
72,2015-08-02 19:15:00+00:00,2.8179383,3.6109233,3.5225828,45,58,58,71,0.06666666,0.275
72,2015-08-02 19:15:00+00:00,4.343163,3.2448046,3.5137606,45,58,84,97,0.5158854,0.28515625
72,2015-08-02 19:15:00+00:00,3.918158,2.9335926,3.0370295,45,58,97,110,0.7166667,0.275
72,2015-08-02 19:15:00+00:00,2.8799057,2.9780676,3.0106506,45,58,110,121,0.9166666,0.275
72,2015-08-02 19:15:00+00:00,2.4295099,3.542977,3.3826416,58,71,32,45,-0.36666667,0.6
72,2015-08-02 19:15:00+00:00,2.404554,3.648884,3.100882,58,71,45,58,-0.15572917,0.5894531
72,2015-08-02 19:15:00+00:00,2.3708076,3.3957744,3.113335,58,71,58,71,0.067447916,0.58515626
72,2015-08-02 19:15:00+00:00,2.8766794,3.2568848,3.4814293,58,71,71,84,0.2833333,0.6
72,2015-08-02 19:15:00+00:00,3.4645057,3.1831267,3.252106,58,71,84,97,0.49062502,0.58554685
72,2015-08-02 19:15:00+00:00,2.7312157,2.540063,2.7238185,58,71,97,110,0.7260417,0.5921875
72,2015-08-02 19:15:00+00:00,2.263775,2.5850062,2.8112876,58,71,110,121,0.9166666,0.6
72,2015-08-02 19:15:00+00:00,2.361307,2.9846375,2.8635921,71,81,110,121,0.9166666,0.8875
73,2015-08-13 18:55:00+00:00,3.68508,3.721761,3.5229156,19,32,84,97,0.5,-0.375
73,2015-08-13 18:55:00+00:00,3.0695376,3.063446,3.0131752,19,32,97,110,0.7166667,-0.375
73,2015-08-13 18:55:00+00:00,2.3366208,2.957473,3.0103505,19,32,110,121,0.9166666,-0.375
73,2015-08-13 18:55:00+00:00,4.5967793,3.7529354,4.3444433,32,45,32,45,-0.3622396,-0.041015625
73,2015-08-13 18:55:00+00:00,4.24542,3.850504,3.9912379,32,45,45,58,-0.15,-0.050000004
73,2015-08-13 18:55:00+00:00,3.8223815,3.4823263,3.872489,32,45,58,71,0.06458333,-0.05
73,2015-08-13 18:55:00+00:00,3.4675305,3.4025915,3.9779675,32,45,71,84,0.27994794,-0.046484377
73,2015-08-13 18:55:00+00:00,3.6262774,3.2338984,3.508808,32,45,84,97,0.5,-0.050000004
73,2015-08-13 18:55:00+00:00,3.339519,2.7378345,2.9606814,32,45,97,110,0.7166667,-0.050000004
73,2015-08-13 18:55:00+00:00,2.9858146,2.6343124,2.9095821,32,45,110,121,0.9166666,-0.050000004
73,2015-08-13 18:55:00+00:00,4.491406,3.7243326,3.6266935,45,58,6,19,-0.7848958,0.26328123
73,2015-08-13 18:55:00+00:00,3.7213619,3.980615,4.0074244,45,58,19,32,-0.5833333,0.275
73,2015-08-13 18:55:00+00:00,3.3921027,3.7507155,3.5745358,45,58,32,45,-0.36666667,0.275
73,2015-08-13 18:55:00+00:00,2.8925405,3.6931937,3.208175,45,58,45,58,-0.15,0.275
73,2015-08-13 18:55:00+00:00,2.4804184,3.2732766,3.1411786,45,58,58,71,0.06666666,0.275
73,2015-08-13 18:55:00+00:00,2.7356436,3.1553016,3.299192,45,58,71,84,0.26406252,0.28945312
73,2015-08-13 18:55:00+00:00,3.5270054,2.7678313,2.9994807,45,58,84,97,0.5143229,0.284375
73,2015-08-13 18:55:00+00:00,2.9275808,2.5397685,2.5770934,45,58,97,110,0.7166667,0.275
73,2015-08-13 18:55:00+00:00,2.6899314,2.4906032,2.5353808,45,58,110,121,0.9166666,0.275
73,2015-08-13 18:55:00+00:00,2.8572075,3.6501763,3.4284928,58,71,19,32,-0.5695312,0.5703125
73,2015-08-13 18:55:00+00:00,2.5363834,3.1696076,3.0461037,58,71,32,45,-0.36666667,0.6
73,2015-08-13 18:55:00+00:00,2.3685167,3.2578106,2.7488952,58,71,45,58,-0.15338542,0.5929687
73,2015-08-13 18:55:00+00:00,2.3945076,3.0659194,2.7544613,58,71,58,71,0.071614586,0.5871094
73,2015-08-13 18:55:00+00:00,2.5283315,2.8270245,3.0287464,58,71,71,84,0.2833333,0.6
73,2015-08-13 18:55:00+00:00,2.632732,2.6773334,2.7426753,58,71,84,97,0.49583334,0.5910156
73,2015-08-13 18:55:00+00:00,2.9681404,2.2773447,2.3488698,58,71,97,110,0.7260417,0.5910156
73,2015-08-13 18:55:00+00:00,2.2135994,2.194607,2.3832328,58,71,110,121,0.9166666,0.6
73,2015-08-13 18:55:00+00:00,2.1833878,2.3348603,2.4252303,71,81,110,121,0.9166666,0.8875
74,2015-08-22 18:50:00+00:00,3.324859,4.227631,3.9672844,19,32,84,97,0.5,-0.375
74,2015-08-22 18:50:00+00:00,3.115093,3.6435826,3.4442024,19,32,97,110,0.7174479,-0.37070313
74,2015-08-22 18:50:00+00:00,2.39362,3.4719975,3.4274275,19,32,110,121,0.9166666,-0.375
74,2015-08-22 18:50:00+00:00,4.480339,4.3794785,4.474406,32,45,45,58,-0.15,-0.050000004
74,2015-08-22 18:50:00+00:00,4.378863,3.9781525,4.4717774,32,45,71,84,0.2809896,-0.04414063
74,2015-08-22 18:50:00+00:00,4.089533,3.7974322,4.0444827,32,45,84,97,0.5,-0.050000004
74,2015-08-22 18:50:00+00:00,4.044279,3.2965422,3.4659014,32,45,97,110,0.7166667,-0.050000004
74,2015-08-22 18:50:00+00:00,3.0881584,3.181038,3.409394,32,45,110,121,0.9166666,-0.050000004
74,2015-08-22 18:50:00+00:00,4.3606043,4.363279,4.2375174,45,58,6,19,-0.7846354,0.26289064
74,2015-08-22 18:50:00+00:00,3.8784842,4.510951,4.5283422,45,58,19,32,-0.5828124,0.27421877
74,2015-08-22 18:50:00+00:00,3.54375,4.2766943,4.172793,45,58,32,45,-0.36614582,0.27421877
74,2015-08-22 18:50:00+00:00,3.3706212,4.1952486,3.809181,45,58,45,58,-0.15,0.275
74,2015-08-22 18:50:00+00:00,3.8448937,3.8102856,3.7694156,45,58,58,71,0.06666666,0.275
74,2015-08-22 18:50:00+00:00,4.18623,3.7077959,3.9672935,45,58,71,84,0.2682292,0.2890625
74,2015-08-22 18:50:00+00:00,4.141533,3.363427,3.64057,45,58,84,97,0.5122396,0.28710938
74,2015-08-22 18:50:00+00:00,3.950794,3.0629098,3.1659174,45,58,97,110,0.7166667,0.275
74,2015-08-22 18:50:00+00:00,4.0855794,3.0257614,3.114898,45,58,110,121,0.9166666,0.275
74,2015-08-22 18:50:00+00:00,3.3664298,3.7902853,3.6500807,58,71,32,45,-0.36666667,0.6
74,2015-08-22 18:50:00+00:00,2.9226477,3.845081,3.332802,58,71,45,58,-0.15442708,0.59414065
74,2015-08-22 18:50:00+00:00,2.8713636,3.7769306,3.3566818,58,71,58,71,0.07239584,0.5835937
74,2015-08-22 18:50:00+00:00,2.738501,3.4642825,3.64098,58,71,71,84,0.2833333,0.6
74,2015-08-22 18:50:00+00:00,2.8603923,3.261967,3.3590627,58,71,84,97,0.49583334,0.5910156
74,2015-08-22 18:50:00+00:00,2.6327133,2.791878,2.8698165,58,71,97,110,0.72838545,0.58984375
74,2015-08-22 18:50:00+00:00,3.3876822,2.6917274,2.9090896,58,71,110,121,0.9166666,0.6
74,2015-08-22 18:50:00+00:00,3.0861373,2.9887059,2.931251,71,81,110,121,0.9166666,0.8875
75,2015-09-06 18:05:00+00:00,1.5275851,2.1530225,2.0244603,19,32,84,97,0.5,-0.375
75,2015-09-06 18:05:00+00:00,1.4606245,1.8013337,1.7382213,19,32,97,110,0.7166667,-0.375
75,2015-09-06 18:05:00+00:00,1.44451,1.8819855,1.7101017,19,32,110,121,0.9166666,-0.375
75,2015-09-06 18:05:00+00:00,2.9709892,2.7961204,2.8730226,32,45,32,45,-0.3640625,-0.03984375
75,2015-09-06 18:05:00+00:00,2.5420232,2.8111417,2.6212206,32,45,45,58,-0.15,-0.050000004
75,2015-09-06 18:05:00+00:00,2.5090744,2.5170996,2.346825,32,45,58,71,0.06432292,-0.049999997
75,2015-09-06 18:05:00+00:00,1.921963,2.4045649,2.4763079,32,45,71,84,0.28020835,-0.043750003
75,2015-09-06 18:05:00+00:00,1.652531,2.0475564,2.004886,32,45,84,97,0.5,-0.050000004
75,2015-09-06 18:05:00+00:00,1.5627773,1.7838849,1.6916707,32,45,97,110,0.7166667,-0.050000004
75,2015-09-06 18:05:00+00:00,1.5066327,1.8471652,1.6355503,32,45,110,121,0.9166666,-0.050000004
75,2015-09-06 18:05:00+00:00,3.4422755,2.786359,2.7625382,45,58,6,19,-0.7841146,0.26367188
75,2015-09-06 18:05:00+00:00,3.204129,3.182716,3.222295,45,58,19,32,-0.5833333,0.275
75,2015-09-06 18:05:00+00:00,2.3950162,2.6826124,2.7396305,45,58,32,45,-0.36666667,0.275
75,2015-09-06 18:05:00+00:00,2.143741,2.650588,2.5150275,45,58,45,58,-0.15,0.275
75,2015-09-06 18:05:00+00:00,3.0556102,2.2512913,2.3229742,45,58,58,71,0.06666666,0.275
75,2015-09-06 18:05:00+00:00,3.0101254,1.991276,2.4917371,45,58,71,84,0.26875,0.2890625
75,2015-09-06 18:05:00+00:00,2.9434545,1.5403031,2.0812786,45,58,84,97,0.5130209,0.2828125
75,2015-09-06 18:05:00+00:00,2.6534328,1.6344444,1.785241,45,58,97,110,0.7166667,0.275
75,2015-09-06 18:05:00+00:00,2.207398,1.7048517,1.7419125,45,58,110,121,0.9166666,0.275
75,2015-09-06 18:05:00+00:00,2.053112,3.1988163,2.9862552,58,71,19,32,-0.5695312,0.5683594
75,2015-09-06 18:05:00+00:00,1.1925945,2.5075474,2.5931187,58,71,32,45,-0.36666667,0.6
75,2015-09-06 18:05:00+00:00,1.3929068,2.6435459,2.4305773,58,71,45,58,-0.15442708,0.5882813
75,2015-09-06 18:05:00+00:00,2.3091705,2.4078715,2.3381233,58,71,58,71,0.07291667,0.584375
75,2015-09-06 18:05:00+00:00,3.0022466,2.2621002,2.498505,58,71,71,84,0.2833333,0.6
75,2015-09-06 18:05:00+00:00,2.9464326,1.9308684,2.181068,58,71,84,97,0.49088544,0.590625
75,2015-09-06 18:05:00+00:00,1.7813879,1.744722,1.8681091,58,71,97,110,0.7268229,0.58984375
75,2015-09-06 18:05:00+00:00,2.0806055,1.755315,1.8549042,58,71,110,121,0.9166666,0.6
75,2015-09-06 18:05:00+00:00,1.728907,1.7414068,1.6510164,71,81,110,121,0.9166666,0.8875
76,2015-09-14 18:55:00+00:00,3.6244802,4.0472956,3.8701613,19,32,84,97,0.5,-0.375
76,2015-09-14 18:55:00+00:00,3.0792797,3.5617323,3.4492285,19,32,97,110,0.7166667,-0.375
76,2015-09-14 18:55:00+00:00,3.0210297,3.529179,3.4581003,19,32,110,121,0.9166666,-0.375
76,2015-09-14 18:55:00+00:00,4.6111984,4.168096,4.50376,32,45,32,45,-0.36640623,-0.038671877
76,2015-09-14 18:55:00+00:00,4.554123,4.222513,4.2326007,32,45,45,58,-0.15,-0.050000004
76,2015-09-14 18:55:00+00:00,4.3509707,3.9193058,4.329407,32,45,71,84,0.2796875,-0.044531252
76,2015-09-14 18:55:00+00:00,4.2081895,3.730898,3.9531665,32,45,84,97,0.5,-0.050000004
76,2015-09-14 18:55:00+00:00,3.8217638,3.3452175,3.482311,32,45,97,110,0.7166667,-0.050000004
76,2015-09-14 18:55:00+00:00,4.603133,4.216618,4.116099,45,58,6,19,-0.7885417,0.26171875
76,2015-09-14 18:55:00+00:00,4.2305226,4.3849387,4.398378,45,58,19,32,-0.5833333,0.275
76,2015-09-14 18:55:00+00:00,3.7295036,4.2004375,4.041206,45,58,32,45,-0.36666667,0.275
76,2015-09-14 18:55:00+00:00,3.2611365,4.1296453,3.7701747,45,58,45,58,-0.15,0.275
76,2015-09-14 18:55:00+00:00,3.7236297,3.7818983,3.751409,45,58,58,71,0.06666666,0.275
76,2015-09-14 18:55:00+00:00,4.2557716,3.7259865,3.9572017,45,58,71,84,0.2640625,0.2902344
76,2015-09-14 18:55:00+00:00,3.6580274,3.1866307,3.310344,45,58,97,110,0.7166667,0.275
76,2015-09-14 18:55:00+00:00,2.833075,3.1094959,3.3043904,45,58,110,121,0.91015625,0.28671876
76,2015-09-14 18:55:00+00:00,3.4732938,4.2582617,4.028074,58,71,19,32,-0.57057285,0.56875
76,2015-09-14 18:55:00+00:00,2.3561714,3.8252897,3.6742976,58,71,32,45,-0.36666667,0.6
76,2015-09-14 18:55:00+00:00,2.8201215,3.9184048,3.4511075,58,71,45,58,-0.15078126,0.5917969
76,2015-09-14 18:55:00+00:00,3.2107978,3.816877,3.4895024,58,71,58,71,0.07239584,0.5835937
76,2015-09-14 18:55:00+00:00,4.063633,3.5924513,3.782224,58,71,71,84,0.2833333,0.6
76,2015-09-14 18:55:00+00:00,4.0662217,3.3545265,3.553004,58,71,84,97,0.49322915,0.5929687
76,2015-09-14 18:55:00+00:00,3.8614743,2.9340067,3.1253905,58,71,97,110,0.7320313,0.58984375
76,2015-09-14 18:55:00+00:00,2.752853,2.9757946,3.1747708,58,71,110,121,0.9166666,0.6
76,2015-09-14 18:55:00+00:00,2.8422086,3.2882326,3.1653616,71,81,110,121,0.9166666,0.8875
77,2015-09-17 17:50:00+00:00,1.4836842,1.6598185,1.7091243,19,32,84,97,0.5,-0.375
77,2015-09-17 17:50:00+00:00,1.4803032,1.688364,1.6929746,19,32,97,110,0.7166667,-0.375
77,2015-09-17 17:50:00+00:00,1.5266771,1.694528,1.6898445,19,32,110,121,0.9166666,-0.375
77,2015-09-17 17:50:00+00:00,1.9164957,1.8255466,1.9357231,32,45,32,45,-0.36276042,-0.032031253
77,2015-09-17 17:50:00+00:00,1.8255662,2.046109,1.9010406,32,45,45,58,-0.15,-0.050000004
77,2015-09-17 17:50:00+00:00,1.9055085,1.7674558,1.7551627,32,45,58,71,0.058072917,-0.051171876
77,2015-09-17 17:50:00+00:00,1.935024,1.7375519,1.8519545,32,45,71,84,0.28671876,-0.040625
77,2015-09-17 17:50:00+00:00,1.9203027,1.6121689,1.6367946,32,45,84,97,0.49739584,-0.051171876
77,2015-09-17 17:50:00+00:00,1.9582928,1.6355649,1.6533661,32,45,97,110,0.7166667,-0.050000004
77,2015-09-17 17:50:00+00:00,1.6404815,1.6230049,1.628631,32,45,110,121,0.9166666,-0.050000004
77,2015-09-17 17:50:00+00:00,1.8867712,1.630282,1.688304,45,58,6,19,-0.7841146,0.26757812
77,2015-09-17 17:50:00+00:00,1.6703994,1.7381765,1.8595212,45,58,19,32,-0.5833333,0.275
77,2015-09-17 17:50:00+00:00,1.4398504,1.7348613,1.7223969,45,58,32,45,-0.36666667,0.275
77,2015-09-17 17:50:00+00:00,1.4417347,1.9376705,1.6988635,45,58,45,58,-0.15,0.275
77,2015-09-17 17:50:00+00:00,1.6669785,1.6202362,1.6269485,45,58,58,71,0.06614584,0.27578124
77,2015-09-17 17:50:00+00:00,2.7635534,1.3061186,1.5873832,45,58,84,97,0.50911456,0.2796875
77,2015-09-17 17:50:00+00:00,2.4193637,1.5658779,1.5774555,45,58,97,110,0.7166667,0.275
77,2015-09-17 17:50:00+00:00,1.8084563,1.562636,1.5724106,45,58,110,121,0.9166666,0.275
77,2015-09-17 17:50:00+00:00,1.1038251,1.648346,1.622603,58,71,32,45,-0.36666667,0.6
77,2015-09-17 17:50:00+00:00,1.24288,1.8521279,1.6056259,58,71,45,58,-0.15104167,0.5792969
77,2015-09-17 17:50:00+00:00,1.440003,1.653349,1.5780541,58,71,58,71,0.069791675,0.5871094
77,2015-09-17 17:50:00+00:00,1.9040458,1.5830522,1.6963892,58,71,71,84,0.2833333,0.6
77,2015-09-17 17:50:00+00:00,2.4705682,1.557239,1.6076937,58,71,84,97,0.48671877,0.578125
77,2015-09-17 17:50:00+00:00,2.1077576,1.4565281,1.5430242,58,71,97,110,0.7291666,0.59335935
77,2015-09-17 17:50:00+00:00,1.8335176,1.471632,1.5756705,58,71,110,121,0.9166666,0.6
77,2015-09-17 17:50:00+00:00,1.8691761,1.5323527,1.5683402,71,81,110,121,0.9166666,0.8875
78,2015-09-17 19:25:00+00:00,2.3785217,3.0358775,2.9593494,19,32,84,97,0.49765626,-0.37421876
78,2015-09-17 19:25:00+00:00,2.3055174,2.6394956,2.6077034,19,32,97,110,0.7166667,-0.375
78,2015-09-17 19:25:00+00:00,2.2834244,2.6609724,2.6206572,19,32,110,121,0.9166666,-0.375
78,2015-09-17 19:25:00+00:00,3.6486058,3.1732562,3.457006,32,45,32,45,-0.36666664,-0.0390625
78,2015-09-17 19:25:00+00:00,3.0718591,3.2571037,3.1840866,32,45,45,58,-0.14166667,-0.048828125
78,2015-09-17 19:25:00+00:00,2.934014,2.9247103,3.3144298,32,45,71,84,0.27994794,-0.046875
78,2015-09-17 19:25:00+00:00,2.8877695,2.7218812,2.9962513,32,45,84,97,0.4984375,-0.05234375
78,2015-09-17 19:25:00+00:00,3.0066276,2.448216,2.6098237,32,45,97,110,0.7166667,-0.050000004
78,2015-09-17 19:25:00+00:00,2.4366083,2.440834,2.5830162,32,45,110,121,0.9166666,-0.050000004
78,2015-09-17 19:25:00+00:00,4.444483,3.1304834,3.0878274,45,58,6,19,-0.7877604,0.2644531
78,2015-09-17 19:25:00+00:00,3.3990293,3.391963,3.4981549,45,58,19,32,-0.5833333,0.275
78,2015-09-17 19:25:00+00:00,2.4617696,3.2049093,3.0277677,45,58,32,45,-0.36666667,0.275
78,2015-09-17 19:25:00+00:00,2.2898386,3.229431,2.769184,45,58,45,58,-0.15,0.275
78,2015-09-17 19:25:00+00:00,2.405658,2.8632777,2.6985188,45,58,58,71,0.06979167,0.27695313
78,2015-09-17 19:25:00+00:00,3.7479835,2.4022052,2.7812917,45,58,84,97,0.5158855,0.28398436
78,2015-09-17 19:25:00+00:00,3.442336,2.3327644,2.4687288,45,58,97,110,0.7166667,0.275
78,2015-09-17 19:25:00+00:00,2.4956026,2.3734634,2.459699,45,58,110,121,0.9166666,0.275
78,2015-09-17 19:25:00+00:00,1.9159932,2.824469,2.6847038,58,71,32,45,-0.36927086,0.59414065
78,2015-09-17 19:25:00+00:00,1.7930908,3.0860639,2.4622738,58,71,45,58,-0.15416667,0.58125
78,2015-09-17 19:25:00+00:00,1.896075,2.7188768,2.4461215,58,71,58,71,0.069791675,0.58632815
78,2015-09-17 19:25:00+00:00,2.4638612,2.5385258,2.853096,58,71,71,84,0.2828125,0.5957031
78,2015-09-17 19:25:00+00:00,3.275246,2.433996,2.6179447,58,71,84,97,0.48020834,0.59101564
78,2015-09-17 19:25:00+00:00,3.0009391,2.066484,2.3113148,58,71,97,110,0.7244792,0.5917969
78,2015-09-17 19:25:00+00:00,2.4111009,2.1105263,2.3703985,58,71,110,121,0.9166666,0.6
78,2015-09-17 19:25:00+00:00,2.613446,2.4284604,2.3568296,71,81,110,121,0.91796875,0.884375
79,2015-09-21 19:00:00+00:00,3.7533665,4.024377,3.8311856,19,32,84,97,0.5,-0.375
79,2015-09-21 19:00:00+00:00,3.1459787,3.6047907,3.4256055,19,32,97,110,0.7166667,-0.375
79,2015-09-21 19:00:00+00:00,3.071605,3.5994656,3.4469452,19,32,110,121,0.9166666,-0.375
79,2015-09-21 19:00:00+00:00,4.612908,4.162546,4.400086,32,45,32,45,-0.36302084,-0.042578124
79,2015-09-21 19:00:00+00:00,4.5967216,4.234098,4.141128,32,45,45,58,-0.15,-0.050000004
79,2015-09-21 19:00:00+00:00,4.418895,3.948895,4.255246,32,45,71,84,0.28307292,-0.04609375
79,2015-09-21 19:00:00+00:00,3.9620943,3.7403073,3.9730062,32,45,84,97,0.5,-0.050000004
79,2015-09-21 19:00:00+00:00,3.5905893,3.3993812,3.52002,32,45,97,110,0.7166667,-0.050000004
79,2015-09-21 19:00:00+00:00,3.3391745,3.4061756,3.5086443,32,45,110,121,0.9166666,-0.050000004
79,2015-09-21 19:00:00+00:00,4.614498,4.2202544,4.12621,45,58,6,19,-0.7861979,0.26328123
79,2015-09-21 19:00:00+00:00,4.531714,4.373241,4.423558,45,58,19,32,-0.5833333,0.275
79,2015-09-21 19:00:00+00:00,3.646137,4.2050395,4.062119,45,58,32,45,-0.36666667,0.275
79,2015-09-21 19:00:00+00:00,3.4029953,4.168025,3.8117266,45,58,45,58,-0.15,0.275
79,2015-09-21 19:00:00+00:00,3.8132563,3.7949986,3.7879922,45,58,58,71,0.06666666,0.275
79,2015-09-21 19:00:00+00:00,4.1216097,3.703948,4.010004,45,58,71,84,0.26666665,0.2902344
79,2015-09-21 19:00:00+00:00,4.43272,3.284337,3.4550805,45,58,97,110,0.7166667,0.275
79,2015-09-21 19:00:00+00:00,3.696945,3.351633,3.45089,45,58,110,121,0.9166666,0.275
79,2015-09-21 19:00:00+00:00,2.5599103,3.8272812,3.6845355,58,71,32,45,-0.36666667,0.6
79,2015-09-21 19:00:00+00:00,2.5461838,3.9685109,3.4698281,58,71,45,58,-0.15286459,0.5902344
79,2015-09-21 19:00:00+00:00,2.6732323,3.761089,3.4903405,58,71,58,71,0.07213542,0.5871094
79,2015-09-21 19:00:00+00:00,3.044523,3.5979834,3.8373039,58,71,71,84,0.2833333,0.6
79,2015-09-21 19:00:00+00:00,4.0001383,3.403624,3.6739912,58,71,84,97,0.49296874,0.590625
79,2015-09-21 19:00:00+00:00,4.344158,2.949246,3.2355342,58,71,97,110,0.7309896,0.58906245
79,2015-09-21 19:00:00+00:00,3.4513717,3.0329757,3.2955377,58,71,110,121,0.9166666,0.6
79,2015-09-21 19:00:00+00:00,3.514959,3.5005927,3.267948,71,81,110,121,0.9166666,0.8875
80,2015-09-22 18:05:00+00:00,2.7572234,3.2442565,3.0467238,19,32,84,97,0.5,-0.375
80,2015-09-22 18:05:00+00:00,2.2064526,2.6673787,2.5748656,19,32,97,110,0.7166667,-0.375
80,2015-09-22 18:05:00+00:00,2.181033,2.6858933,2.574762,19,32,110,121,0.9166666,-0.375
80,2015-09-22 18:05:00+00:00,4.026158,3.3676245,3.858189,32,45,32,45,-0.3611979,-0.036718752
80,2015-09-22 18:05:00+00:00,3.964379,3.597083,3.565173,32,45,45,58,-0.15,-0.050000004
80,2015-09-22 18:05:00+00:00,3.5158756,3.2475896,3.5640182,32,45,71,84,0.2825521,-0.046875
80,2015-09-22 18:05:00+00:00,3.1511974,2.8855507,3.084252,32,45,84,97,0.5013021,-0.04921875
80,2015-09-22 18:05:00+00:00,2.4855244,2.4914045,2.5609574,32,45,97,110,0.72057295,-0.055078126
80,2015-09-22 18:05:00+00:00,2.1731193,2.4848955,2.5319755,32,45,110,121,0.9166666,-0.050000004
80,2015-09-22 18:05:00+00:00,4.582671,3.5138419,3.4335842,45,58,6,19,-0.7867187,0.26171875
80,2015-09-22 18:05:00+00:00,4.1169124,3.8116634,3.8394027,45,58,19,32,-0.5833333,0.275
80,2015-09-22 18:05:00+00:00,2.9854162,3.4761605,3.3771586,45,58,32,45,-0.36666667,0.275
80,2015-09-22 18:05:00+00:00,2.7062442,3.462936,3.0740094,45,58,45,58,-0.15,0.275
80,2015-09-22 18:05:00+00:00,2.7558365,3.0129354,2.9710217,45,58,58,71,0.06822917,0.27890626
80,2015-09-22 18:05:00+00:00,2.5674694,2.3714702,2.4146433,45,58,110,121,0.9166666,0.275
80,2015-09-22 18:05:00+00:00,3.6183445,3.5694416,3.3551722,58,71,19,32,-0.5697917,0.56953126
80,2015-09-22 18:05:00+00:00,1.9620206,2.9968343,2.9428911,58,71,32,45,-0.36666667,0.6
80,2015-09-22 18:05:00+00:00,1.9605355,3.2016346,2.7162127,58,71,45,58,-0.15416667,0.5882813
80,2015-09-22 18:05:00+00:00,1.9232306,3.0095918,2.693443,58,71,58,71,0.07239584,0.5835937
80,2015-09-22 18:05:00+00:00,2.0601628,2.7586126,2.9869196,58,71,71,84,0.2833333,0.6
80,2015-09-22 18:05:00+00:00,2.846105,2.5155513,2.6994488,58,71,84,97,0.49322918,0.5910156
80,2015-09-22 18:05:00+00:00,3.601876,2.1354158,2.2863078,58,71,97,110,0.7309896,0.58984375
80,2015-09-22 18:05:00+00:00,2.5328548,2.1369755,2.3260393,58,71,110,121,0.9166666,0.6
80,2015-09-22 18:05:00+00:00,2.93694,2.383135,2.2766218,71,81,110,121,0.9166666,0.8875
81,2015-09-23 18:50:00+00:00,3.496366,3.748056,3.643,19,32,84,97,0.5,-0.375
81,2015-09-23 18:50:00+00:00,2.890902,3.3083625,3.217255,19,32,97,110,0.7166667,-0.375
81,2015-09-23 18:50:00+00:00,2.7351305,3.3139389,3.2343278,19,32,110,121,0.9166666,-0.375
81,2015-09-23 18:50:00+00:00,4.269944,3.858306,4.2192698,32,45,32,45,-0.36067706,-0.0375
81,2015-09-23 18:50:00+00:00,4.0707374,4.0553684,3.978365,32,45,45,58,-0.14895834,-0.050000004
81,2015-09-23 18:50:00+00:00,4.084952,3.641052,4.0448427,32,45,71,84,0.27708334,-0.041796874
81,2015-09-23 18:50:00+00:00,3.7128098,3.5251873,3.7339368,32,45,84,97,0.5080729,-0.053906254
81,2015-09-23 18:50:00+00:00,3.192159,3.149632,3.266176,32,45,97,110,0.7166667,-0.050000004
81,2015-09-23 18:50:00+00:00,2.5620065,3.1512985,3.2453997,32,45,110,121,0.9166666,-0.050000004
81,2015-09-23 18:50:00+00:00,4.610083,4.028352,3.9387138,45,58,6,19,-0.7841146,0.26210937
81,2015-09-23 18:50:00+00:00,4.4110975,4.231642,4.271624,45,58,19,32,-0.5833333,0.275
81,2015-09-23 18:50:00+00:00,3.651278,4.018573,3.8576858,45,58,32,45,-0.36666667,0.275
81,2015-09-23 18:50:00+00:00,3.2850027,3.981961,3.5844107,45,58,45,58,-0.15,0.275
81,2015-09-23 18:50:00+00:00,3.4285774,3.5933871,3.5261002,45,58,58,71,0.06666666,0.275
81,2015-09-23 18:50:00+00:00,3.700455,3.5147579,3.819405,45,58,71,84,0.26822916,0.28945315
81,2015-09-23 18:50:00+00:00,4.0252266,3.2383018,3.5944526,45,58,84,97,0.5122396,0.28710938
81,2015-09-23 18:50:00+00:00,4.0967617,3.0216146,3.1825562,45,58,97,110,0.7166667,0.275
81,2015-09-23 18:50:00+00:00,3.5094333,3.0806634,3.1704984,45,58,110,121,0.9166666,0.275
81,2015-09-23 18:50:00+00:00,2.433839,3.6237514,3.5053203,58,71,32,45,-0.36666667,0.6
81,2015-09-23 18:50:00+00:00,2.462243,3.7555969,3.2634232,58,71,45,58,-0.15338542,0.5929687
81,2015-09-23 18:50:00+00:00,2.4349818,3.650343,3.2948463,58,71,58,71,0.07291667,0.584375
81,2015-09-23 18:50:00+00:00,2.6648195,3.39716,3.6565986,58,71,71,84,0.2833333,0.6
81,2015-09-23 18:50:00+00:00,3.5873141,3.126723,3.449267,58,71,84,97,0.49765626,0.5914062
81,2015-09-23 18:50:00+00:00,4.306498,2.7242148,2.9899864,58,71,97,110,0.7307292,0.58984375
81,2015-09-23 18:50:00+00:00,3.6876843,2.7965686,3.0636108,58,71,110,121,0.9166666,0.6
81,2015-09-23 18:50:00+00:00,3.939238,3.1998036,3.036704,71,81,110,121,0.9166666,0.8875
82,2015-09-24 17:55:00+00:00,2.6988378,3.2486398,3.1156654,19,32,84,97,0.5,-0.375
82,2015-09-24 17:55:00+00:00,2.453975,2.7411673,2.6906009,19,32,97,110,0.7166667,-0.375
82,2015-09-24 17:55:00+00:00,2.4225998,2.7311494,2.705586,19,32,110,121,0.9166666,-0.375
82,2015-09-24 17:55:00+00:00,4.015699,3.4890106,3.8299975,32,45,32,45,-0.35833335,-0.047265626
82,2015-09-24 17:55:00+00:00,3.648234,3.5818543,3.533592,32,45,45,58,-0.15,-0.050000004
82,2015-09-24 17:55:00+00:00,3.8143878,3.1828961,3.3976164,32,45,58,71,0.06276042,-0.049609378
82,2015-09-24 17:55:00+00:00,3.811983,3.2952428,3.575606,32,45,71,84,0.2828125,-0.05234375
82,2015-09-24 17:55:00+00:00,3.2482271,2.987203,3.152985,32,45,84,97,0.4973958,-0.053515628
82,2015-09-24 17:55:00+00:00,2.508671,2.5706973,2.6847906,32,45,97,110,0.7166667,-0.050000004
82,2015-09-24 17:55:00+00:00,2.243264,2.5405443,2.6564903,32,45,110,121,0.9166666,-0.050000004
82,2015-09-24 17:55:00+00:00,3.7919507,3.7510324,3.779419,45,58,19,32,-0.5861979,0.27148438
82,2015-09-24 17:55:00+00:00,2.8495219,3.4790373,3.3212285,45,58,32,45,-0.36666667,0.275
82,2015-09-24 17:55:00+00:00,2.631768,3.467324,3.0342426,45,58,45,58,-0.15,0.275
82,2015-09-24 17:55:00+00:00,2.7612257,3.0704901,2.953123,45,58,58,71,0.06666666,0.275
82,2015-09-24 17:55:00+00:00,3.1666033,2.9079654,3.217449,45,58,71,84,0.27395833,0.2875
82,2015-09-24 17:55:00+00:00,3.6615088,2.567051,2.9039483,45,58,84,97,0.5127604,0.28320312
82,2015-09-24 17:55:00+00:00,3.4956293,2.4211605,2.5269918,45,58,97,110,0.7166667,0.275
82,2015-09-24 17:55:00+00:00,2.7033489,2.4457104,2.511411,45,58,110,121,0.9166666,0.275
82,2015-09-24 17:55:00+00:00,2.0662,3.1717575,2.6970427,58,71,45,58,-0.1546875,0.5910156
82,2015-09-24 17:55:00+00:00,2.117007,2.9559882,2.689331,58,71,58,71,0.06666667,0.5828125
82,2015-09-24 17:55:00+00:00,2.2077215,2.7795618,3.0066352,58,71,71,84,0.2828125,0.59335935
82,2015-09-24 17:55:00+00:00,2.8970184,2.616253,2.743387,58,71,84,97,0.48932293,0.5875
82,2015-09-24 17:55:00+00:00,3.765631,2.175412,2.375789,58,71,97,110,0.7270833,0.5917969
82,2015-09-24 17:55:00+00:00,3.2623794,2.1850245,2.420784,58,71,110,121,0.9166666,0.6
82,2015-09-24 17:55:00+00:00,2.6923087,2.463537,2.4077501,71,81,110,121,0.9166666,0.8875
83,2016-04-16 19:00:00+00:00,3.425004,2.8051465,2.937394,19,32,97,110,0.7166667,-0.375
83,2016-04-16 19:00:00+00:00,3.175427,2.5569296,2.9188788,19,32,110,121,0.9166666,-0.375
83,2016-04-16 19:00:00+00:00,3.6605625,4.204671,4.292821,32,45,45,58,-0.14453125,-0.043750003
83,2016-04-16 19:00:00+00:00,2.3516066,3.604348,3.8987184,32,45,71,84,0.28333333,-0.04140625
83,2016-04-16 19:00:00+00:00,2.6829884,3.32552,3.2271903,32,45,84,97,0.5,-0.050000004
83,2016-04-16 19:00:00+00:00,2.6725733,2.6349835,2.5548713,32,45,97,110,0.7166667,-0.050000004
83,2016-04-16 19:00:00+00:00,1.9597923,2.329748,2.473631,32,45,110,121,0.9166666,-0.050000004
83,2016-04-16 19:00:00+00:00,4.080556,4.4172864,4.2924047,45,58,19,32,-0.56874996,0.27695313
83,2016-04-16 19:00:00+00:00,3.4099104,3.9763498,3.8860605,45,58,32,45,-0.37057292,0.27695313
83,2016-04-16 19:00:00+00:00,3.264701,3.6923048,3.4625533,45,58,45,58,-0.15,0.275
83,2016-04-16 19:00:00+00:00,2.2391887,3.3053238,3.163594,45,58,58,71,0.067447916,0.27578124
83,2016-04-16 19:00:00+00:00,1.8364254,2.3399673,2.6111498,45,58,84,97,0.5151042,0.2828125
83,2016-04-16 19:00:00+00:00,2.368433,2.0225406,2.0847127,45,58,97,110,0.7166667,0.275
83,2016-04-16 19:00:00+00:00,2.132765,1.797715,1.9735181,45,58,110,121,0.9166666,0.275
83,2016-04-16 19:00:00+00:00,4.026854,4.162519,3.944128,58,71,19,32,-0.5734375,0.57773435
83,2016-04-16 19:00:00+00:00,3.8130088,3.565072,3.6152618,58,71,32,45,-0.3619792,0.58632815
83,2016-04-16 19:00:00+00:00,3.5593,3.5938256,3.2424145,58,71,45,58,-0.15598959,0.5894531
83,2016-04-16 19:00:00+00:00,2.760201,2.9557807,3.0937786,58,71,71,84,0.2833333,0.6
83,2016-04-16 19:00:00+00:00,1.8713886,2.5460832,2.5970287,58,71,84,97,0.49296874,0.5847656
83,2016-04-16 19:00:00+00:00,2.266477,2.1279504,2.1559758,58,71,97,110,0.72473955,0.59335935
83,2016-04-16 19:00:00+00:00,1.997647,1.8681163,2.0748827,58,71,110,121,0.9166666,0.6
83,2016-04-16 19:00:00+00:00,2.289721,1.7527153,2.0001466,71,81,97,110,0.7502605,0.8714844
83,2016-04-16 19:00:00+00:00,1.5581663,1.3045337,1.8954263,71,81,110,121,0.9166666,0.8875
84,2016-04-23 19:10:00+00:00,3.4870548,3.3840234,3.0679917,19,32,84,97,0.5,-0.375
84,2016-04-23 19:10:00+00:00,3.4625611,2.32083,2.3111882,19,32,97,110,0.7166667,-0.375
84,2016-04-23 19:10:00+00:00,3.2467122,2.340337,2.2594123,19,32,110,121,0.9166666,-0.375
84,2016-04-23 19:10:00+00:00,4.33462,3.9419954,4.1649456,32,45,45,58,-0.15,-0.050000004
84,2016-04-23 19:10:00+00:00,1.1793139,3.3993547,3.7446337,32,45,71,84,0.27682292,-0.043359376
84,2016-04-23 19:10:00+00:00,1.1686426,2.961928,2.8694854,32,45,84,97,0.50390625,-0.051953126
84,2016-04-23 19:10:00+00:00,1.3173466,2.0849578,2.0628612,32,45,97,110,0.7166667,-0.050000004
84,2016-04-23 19:10:00+00:00,1.2968698,2.0686684,1.9519254,32,45,110,121,0.9166666,-0.050000004
84,2016-04-23 19:10:00+00:00,3.7371671,4.376598,4.431936,45,58,19,32,-0.5875,0.27734375
84,2016-04-23 19:10:00+00:00,4.027998,3.8544521,3.925948,45,58,32,45,-0.36666667,0.275
84,2016-04-23 19:10:00+00:00,3.1937292,3.5318596,3.4924116,45,58,45,58,-0.15,0.275
84,2016-04-23 19:10:00+00:00,2.6375885,3.1464443,3.2244425,45,58,58,71,0.060156252,0.28085938
84,2016-04-23 19:10:00+00:00,1.9891629,2.0622087,2.520588,45,58,84,97,0.5127604,0.28593752
84,2016-04-23 19:10:00+00:00,1.674743,1.6420368,1.8790631,45,58,97,110,0.7166667,0.275
84,2016-04-23 19:10:00+00:00,1.8126674,1.6868731,1.7628349,45,58,110,121,0.9166666,0.275
84,2016-04-23 19:10:00+00:00,2.2575076,4.4461145,3.96576,58,71,19,32,-0.56927085,0.5722656
84,2016-04-23 19:10:00+00:00,4.003249,3.493534,3.5509386,58,71,32,45,-0.36666667,0.6
84,2016-04-23 19:10:00+00:00,3.5101438,3.308415,3.1800678,58,71,45,58,-0.1575521,0.5867188
84,2016-04-23 19:10:00+00:00,2.8215187,3.0635192,3.0466187,58,71,58,71,0.07291667,0.584375
84,2016-04-23 19:10:00+00:00,2.8053102,2.8993497,3.037264,58,71,71,84,0.2833333,0.6
84,2016-04-23 19:10:00+00:00,2.634713,2.4135945,2.4795692,58,71,84,97,0.49088544,0.5835937
84,2016-04-23 19:10:00+00:00,1.344956,1.763013,1.8863517,58,71,97,110,0.72291666,0.59335935
84,2016-04-23 19:10:00+00:00,1.6240797,1.7428533,1.8001308,58,71,110,121,0.9166666,0.6
84,2016-04-23 19:10:00+00:00,3.0180802,3.1656425,2.9178689,71,81,71,84,0.29716313,0.81223387
84,2016-04-23 19:10:00+00:00,1.2564754,1.3099631,1.5037888,71,81,110,121,0.9166666,0.8875
85,2016-05-06 18:00:00+00:00,2.6634245,2.8403273,2.8120763,19,32,84,97,0.5,-0.375
85,2016-05-06 18:00:00+00:00,2.2743454,2.4159312,2.4728873,19,32,97,110,0.7166667,-0.375
85,2016-05-06 18:00:00+00:00,2.2540252,2.3180442,2.458484,19,32,110,121,0.9166666,-0.375
85,2016-05-06 18:00:00+00:00,3.5951738,3.3635123,3.3031096,32,45,45,58,-0.14010417,-0.053125
85,2016-05-06 18:00:00+00:00,2.4028292,2.7138915,3.0991752,32,45,71,84,0.2760417,-0.03671875
85,2016-05-06 18:00:00+00:00,2.2853556,2.6043127,2.6314945,32,45,84,97,0.5,-0.050000004
85,2016-05-06 18:00:00+00:00,2.0657208,2.312588,2.2726734,32,45,97,110,0.7166667,-0.050000004
85,2016-05-06 18:00:00+00:00,1.9747266,2.1860247,2.2099485,32,45,110,121,0.9166666,-0.050000004
85,2016-05-06 18:00:00+00:00,3.6436825,3.2272885,3.3625126,45,58,19,32,-0.5833333,0.275
85,2016-05-06 18:00:00+00:00,2.8768933,2.6305845,2.5214405,45,58,58,71,0.068749994,0.2746094
85,2016-05-06 18:00:00+00:00,2.3669665,2.3870382,2.6467516,45,58,71,84,0.2690104,0.28671876
85,2016-05-06 18:00:00+00:00,2.3076878,1.9446228,2.3196652,45,58,84,97,0.5104167,0.2746094
85,2016-05-06 18:00:00+00:00,2.2159538,1.9675475,2.039556,45,58,97,110,0.7166667,0.275
85,2016-05-06 18:00:00+00:00,2.2308257,1.8606861,1.976614,45,58,110,121,0.9166666,0.275
85,2016-05-06 18:00:00+00:00,2.522108,2.8014228,2.7315705,58,71,32,45,-0.37083334,0.60234374
85,2016-05-06 18:00:00+00:00,2.5118263,2.415972,2.613305,58,71,71,84,0.2833333,0.6
85,2016-05-06 18:00:00+00:00,2.5092387,2.1149514,2.297367,58,71,84,97,0.4953125,0.590625
85,2016-05-06 18:00:00+00:00,2.1294131,1.9954907,2.0759015,58,71,97,110,0.7242187,0.5957031
85,2016-05-06 18:00:00+00:00,2.1227427,1.9035851,2.0670588,58,71,110,121,0.9166666,0.6
85,2016-05-06 18:00:00+00:00,2.1241415,1.6478757,1.9527329,71,81,110,121,0.9166666,0.8875
86,2016-05-18 19:00:00+00:00,3.0984159,2.9538329,2.7907321,19,32,84,97,0.5,-0.375
86,2016-05-18 19:00:00+00:00,2.2297044,2.3051243,2.3312063,19,32,97,110,0.7166667,-0.375
86,2016-05-18 19:00:00+00:00,2.155627,2.2573316,2.312674,19,32,110,121,0.9166666,-0.375
86,2016-05-18 19:00:00+00:00,3.3548925,3.494127,3.873454,32,45,32,45,-0.36302084,-0.033203125
86,2016-05-18 19:00:00+00:00,3.844936,3.4908552,3.6066284,32,45,45,58,-0.15,-0.050000004
86,2016-05-18 19:00:00+00:00,3.5604486,2.9210596,3.2838783,32,45,71,84,0.28177083,-0.034374997
86,2016-05-18 19:00:00+00:00,2.6539526,2.7368991,2.638567,32,45,84,97,0.5,-0.050000004
86,2016-05-18 19:00:00+00:00,2.205114,2.2198353,2.1457992,32,45,97,110,0.7166667,-0.050000004
86,2016-05-18 19:00:00+00:00,2.0851514,2.1423728,2.077085,32,45,110,121,0.9166666,-0.050000004
86,2016-05-18 19:00:00+00:00,3.788006,3.2979748,3.2266443,45,58,6,19,-0.7848958,0.27812502
86,2016-05-18 19:00:00+00:00,2.567918,3.6991239,3.6837752,45,58,19,32,-0.5833333,0.275
86,2016-05-18 19:00:00+00:00,2.507922,3.0469527,3.2347505,45,58,32,45,-0.35442707,0.27695313
86,2016-05-18 19:00:00+00:00,2.669579,3.159479,2.962945,45,58,45,58,-0.15,0.275
86,2016-05-18 19:00:00+00:00,3.5306509,2.785007,2.7743304,45,58,58,71,0.06666666,0.275
86,2016-05-18 19:00:00+00:00,2.2340927,1.8835831,1.9438987,45,58,97,110,0.7166667,0.275
86,2016-05-18 19:00:00+00:00,1.9552898,1.8390495,1.8708832,45,58,110,121,0.9166666,0.275
86,2016-05-18 19:00:00+00:00,0.9901974,3.5805805,3.3082566,58,71,19,32,-0.5731771,0.5722656
86,2016-05-18 19:00:00+00:00,2.1683962,2.9677157,2.9813466,58,71,32,45,-0.36666667,0.6
86,2016-05-18 19:00:00+00:00,2.6633804,3.010824,2.7440894,58,71,45,58,-0.1497396,0.5914062
86,2016-05-18 19:00:00+00:00,2.655092,2.8132071,2.654269,58,71,58,71,0.071875006,0.58281255
86,2016-05-18 19:00:00+00:00,2.9413605,2.5797977,2.7368872,58,71,71,84,0.28307295,0.5992187
86,2016-05-18 19:00:00+00:00,2.7792103,2.3136506,2.3461266,58,71,84,97,0.48515624,0.58984375
86,2016-05-18 19:00:00+00:00,1.7137729,1.9782773,2.008486,58,71,97,110,0.7257812,0.59101564
86,2016-05-18 19:00:00+00:00,1.5541389,1.8716403,1.9711239,58,71,110,121,0.9166666,0.6
86,2016-05-18 19:00:00+00:00,0.17264608,1.6459117,1.8369077,71,81,110,121,0.9166666,0.8875
87,2016-05-23 17:40:00+00:00,2.2859497,2.1492307,2.1735399,19,32,84,97,0.50156254,-0.37421876
87,2016-05-23 17:40:00+00:00,2.0587757,1.92887,1.9780933,19,32,97,110,0.7166667,-0.375
87,2016-05-23 17:40:00+00:00,1.9404666,1.8854027,1.9302852,19,32,110,121,0.9166666,-0.375
87,2016-05-23 17:40:00+00:00,2.3682437,2.7544644,2.6616778,32,45,45,58,-0.15,-0.050000004
87,2016-05-23 17:40:00+00:00,1.9922148,1.9554609,2.000791,32,45,84,97,0.50703126,-0.05625
87,2016-05-23 17:40:00+00:00,1.8797723,1.8600901,1.8070879,32,45,97,110,0.7166667,-0.050000004
87,2016-05-23 17:40:00+00:00,1.7615037,1.7925321,1.7232736,32,45,110,121,0.9166666,-0.050000004
87,2016-05-23 17:40:00+00:00,2.878722,2.1620672,2.253367,45,58,6,19,-0.78515625,0.27851564
87,2016-05-23 17:40:00+00:00,2.3389993,2.5702322,2.7011654,45,58,19,32,-0.5833333,0.275
87,2016-05-23 17:40:00+00:00,2.0537083,2.3508034,2.3751254,45,58,32,45,-0.36666667,0.275
87,2016-05-23 17:40:00+00:00,2.0521278,2.4514642,2.202429,45,58,45,58,-0.15,0.275
87,2016-05-23 17:40:00+00:00,2.1048799,2.000067,2.0068457,45,58,58,71,0.06666666,0.275
87,2016-05-23 17:40:00+00:00,2.0280058,1.3781168,1.7842857,45,58,84,97,0.51250005,0.27421874
87,2016-05-23 17:40:00+00:00,1.7992454,1.5990884,1.6620238,45,58,97,110,0.7166667,0.275
87,2016-05-23 17:40:00+00:00,1.697508,1.532847,1.5862819,45,58,110,121,0.9166666,0.275
87,2016-05-23 17:40:00+00:00,2.1764927,2.1429899,2.2245014,58,71,32,45,-0.3645833,0.5980469
87,2016-05-23 17:40:00+00:00,2.26038,2.3952706,2.1166642,58,71,45,58,-0.14921875,0.5800781
87,2016-05-23 17:40:00+00:00,2.2138875,2.0417264,2.0117764,58,71,58,71,0.06901042,0.5960938
87,2016-05-23 17:40:00+00:00,2.0815675,1.9085265,2.113292,58,71,71,84,0.2783854,0.59882814
87,2016-05-23 17:40:00+00:00,1.6918819,1.6951255,1.7363564,58,71,97,110,0.72760415,0.5953125
87,2016-05-23 17:40:00+00:00,1.6072925,1.6263657,1.7085536,58,71,110,121,0.9166666,0.6
87,2016-05-23 17:40:00+00:00,1.5853341,1.342821,1.5667573,71,81,110,121,0.9197917,0.8863281
88,2016-06-12 18:55:00+00:00,2.5192268,2.4296992,2.453502,19,32,84,97,0.49010417,-0.371875
88,2016-06-12 18:55:00+00:00,2.0164354,2.080804,2.1777387,19,32,97,110,0.7166667,-0.375
88,2016-06-12 18:55:00+00:00,2.1396437,1.9860759,2.132431,19,32,110,121,0.9166666,-0.375
88,2016-06-12 18:55:00+00:00,3.078914,2.9475443,3.1111956,32,45,32,45,-0.3669271,-0.038671877
88,2016-06-12 18:55:00+00:00,2.3500648,2.9374685,2.8693058,32,45,45,58,-0.15,-0.050000004
88,2016-06-12 18:55:00+00:00,2.6242368,2.5953596,2.5985093,32,45,58,71,0.061718747,-0.050390624
88,2016-06-12 18:55:00+00:00,2.610377,2.4149086,2.6495802,32,45,71,84,0.28125,-0.04414063
88,2016-06-12 18:55:00+00:00,2.2070775,2.1893408,2.2306387,32,45,84,97,0.5,-0.050000004
88,2016-06-12 18:55:00+00:00,1.9713486,2.0152454,1.9746761,32,45,97,110,0.7166667,-0.050000004
88,2016-06-12 18:55:00+00:00,1.8874388,1.8948985,1.8897402,32,45,110,121,0.9166666,-0.050000004
88,2016-06-12 18:55:00+00:00,3.5000682,2.4267116,2.4588728,45,58,6,19,-0.7856771,0.26054686
88,2016-06-12 18:55:00+00:00,2.5432925,2.7838814,2.9187706,45,58,19,32,-0.5833333,0.275
88,2016-06-12 18:55:00+00:00,2.2893252,2.5959015,2.5749137,45,58,32,45,-0.36666667,0.275
88,2016-06-12 18:55:00+00:00,2.1110072,2.6447647,2.3403084,45,58,45,58,-0.15,0.275
88,2016-06-12 18:55:00+00:00,2.105005,2.1990197,2.1398973,45,58,58,71,0.06666666,0.275
88,2016-06-12 18:55:00+00:00,2.2226174,2.083265,2.2193046,45,58,71,84,0.2708333,0.28984374
88,2016-06-12 18:55:00+00:00,2.2052333,1.6895115,1.9290072,45,58,84,97,0.5153646,0.2859375
88,2016-06-12 18:55:00+00:00,1.9729897,1.7268573,1.7702038,45,58,97,110,0.7166667,0.275
88,2016-06-12 18:55:00+00:00,1.8311837,1.6141387,1.6884313,45,58,110,121,0.9166666,0.275
88,2016-06-12 18:55:00+00:00,2.2066429,2.3692136,2.3979857,58,71,32,45,-0.36666667,0.6
88,2016-06-12 18:55:00+00:00,2.0892348,2.5176556,2.2475264,58,71,45,58,-0.15078126,0.5917969
88,2016-06-12 18:55:00+00:00,2.1308427,2.237408,2.1351948,58,71,58,71,0.07291667,0.584375
88,2016-06-12 18:55:00+00:00,2.1579156,2.095069,2.250283,58,71,71,84,0.2833333,0.6
88,2016-06-12 18:55:00+00:00,2.2874742,1.783767,1.9777441,58,71,84,97,0.49375,0.5902344
88,2016-06-12 18:55:00+00:00,2.0480416,1.7960578,1.841623,58,71,97,110,0.72786456,0.5890625
88,2016-06-12 18:55:00+00:00,1.7806199,1.6969812,1.8078252,58,71,110,121,0.9166666,0.6
88,2016-06-12 18:55:00+00:00,1.8386335,1.3222526,1.6740265,71,81,110,121,0.9166666,0.8875
89,2016-06-17 19:15:00+00:00,2.293863,2.3577425,2.4004993,19,32,84,97,0.5,-0.375
89,2016-06-17 19:15:00+00:00,2.0227947,2.0041142,2.1183646,19,32,97,110,0.7166667,-0.375
89,2016-06-17 19:15:00+00:00,1.979968,1.8724657,2.0454786,19,32,110,121,0.9166666,-0.375
89,2016-06-17 19:15:00+00:00,3.3353853,2.95913,3.2964432,32,45,32,45,-0.36302084,-0.03828125
89,2016-06-17 19:15:00+00:00,2.4300733,3.0025678,3.0210176,32,45,45,58,-0.15,-0.050000004
89,2016-06-17 19:15:00+00:00,2.482583,2.6815925,2.6716151,32,45,58,71,0.06666666,-0.05
89,2016-06-17 19:15:00+00:00,2.2579052,2.3551633,2.6601222,32,45,71,84,0.27760416,-0.044921875
89,2016-06-17 19:15:00+00:00,1.9229842,2.0918148,2.1199343,32,45,84,97,0.50104165,-0.051171876
89,2016-06-17 19:15:00+00:00,1.7865977,1.8721472,1.8371006,32,45,97,110,0.7166667,-0.050000004
89,2016-06-17 19:15:00+00:00,1.759941,1.7162129,1.7214123,32,45,110,121,0.9166666,-0.050000004
89,2016-06-17 19:15:00+00:00,3.6185434,2.2951965,2.4291456,45,58,6,19,-0.7914063,0.265625
89,2016-06-17 19:15:00+00:00,2.295614,2.8203218,2.983212,45,58,19,32,-0.5833333,0.275
89,2016-06-17 19:15:00+00:00,2.099928,2.5650818,2.6171722,45,58,32,45,-0.36666667,0.275
89,2016-06-17 19:15:00+00:00,2.024133,2.6216958,2.3386643,45,58,45,58,-0.15,0.275
89,2016-06-17 19:15:00+00:00,2.0306892,2.1406007,2.0739734,45,58,58,71,0.06666666,0.275
89,2016-06-17 19:15:00+00:00,1.9986144,1.9782404,2.0976117,45,58,71,84,0.27109376,0.2902344
89,2016-06-17 19:15:00+00:00,1.9252931,1.4876894,1.7481309,45,58,84,97,0.5101563,0.284375
89,2016-06-17 19:15:00+00:00,1.7519647,1.4981027,1.5883515,45,58,97,110,0.7166667,0.275
89,2016-06-17 19:15:00+00:00,1.6367986,1.3629085,1.4820663,45,58,110,121,0.9166666,0.275
89,2016-06-17 19:15:00+00:00,1.9401428,2.3102367,2.3839295,58,71,32,45,-0.36666667,0.6
89,2016-06-17 19:15:00+00:00,1.814031,2.4537666,2.203839,58,71,45,58,-0.1575521,0.5816406
89,2016-06-17 19:15:00+00:00,1.8971819,2.0838068,2.0382683,58,71,58,71,0.069531254,0.58671874
89,2016-06-17 19:15:00+00:00,1.8376205,1.9912493,2.1114652,58,71,71,84,0.2833333,0.6
89,2016-06-17 19:15:00+00:00,1.9139104,1.548717,1.7918088,58,71,84,97,0.49166667,0.5878906
89,2016-06-17 19:15:00+00:00,1.938626,1.637909,1.6859971,58,71,97,110,0.7294271,0.5902344
89,2016-06-17 19:15:00+00:00,1.5882642,1.5189247,1.6107496,58,71,110,121,0.9166666,0.6
89,2016-06-17 19:15:00+00:00,1.5925335,0.99526334,1.4130507,71,81,110,121,0.9190104,0.8859375
90,2016-06-19 19:00:00+00:00,1.6076298,1.565104,1.5753758,19,32,97,110,0.7166667,-0.375
90,2016-06-19 19:00:00+00:00,1.5698924,1.4421027,1.4934926,19,32,110,121,0.9117187,-0.36796874
90,2016-06-19 19:00:00+00:00,1.9191508,1.8527162,1.7047682,32,45,58,71,0.0625,-0.051171873
90,2016-06-19 19:00:00+00:00,1.540076,1.3864312,1.4005469,32,45,84,97,0.50078124,-0.04921875
90,2016-06-19 19:00:00+00:00,1.4642948,1.4941455,1.4093199,32,45,97,110,0.7166667,-0.050000004
90,2016-06-19 19:00:00+00:00,1.4435539,1.429226,1.2846894,32,45,110,121,0.9166666,-0.050000004
90,2016-06-19 19:00:00+00:00,1.9344237,1.877037,2.0079834,45,58,19,32,-0.5794271,0.27734375
90,2016-06-19 19:00:00+00:00,1.7042645,1.637323,1.8519286,45,58,32,45,-0.36041665,0.2777344
90,2016-06-19 19:00:00+00:00,1.6515567,1.8591533,1.7232611,45,58,45,58,-0.13828126,0.27695313
90,2016-06-19 19:00:00+00:00,1.6685042,1.4207478,1.5601677,45,58,58,71,0.06875,0.27421877
90,2016-06-19 19:00:00+00:00,1.786904,1.3794161,1.5394005,45,58,71,84,0.27265626,0.28945312
90,2016-06-19 19:00:00+00:00,1.4904275,1.2836577,1.3625237,45,58,97,110,0.7166667,0.275
90,2016-06-19 19:00:00+00:00,1.3970801,1.1968607,1.2597985,45,58,110,121,0.9166666,0.275
90,2016-06-19 19:00:00+00:00,1.7805697,1.7074624,1.8098278,58,71,32,45,-0.36666667,0.6
90,2016-06-19 19:00:00+00:00,1.7562764,1.8252419,1.7569145,58,71,45,58,-0.15546876,0.590625
90,2016-06-19 19:00:00+00:00,1.7190398,1.4744732,1.62989,58,71,58,71,0.07005209,0.58554685
90,2016-06-19 19:00:00+00:00,1.6393027,1.5923048,1.6651717,58,71,71,84,0.2833333,0.6
90,2016-06-19 19:00:00+00:00,1.5937352,1.1802171,1.4547279,58,71,84,97,0.4953125,0.5910156
90,2016-06-19 19:00:00+00:00,1.4906776,1.4514847,1.4774325,58,71,97,110,0.726823,0.58984375
90,2016-06-19 19:00:00+00:00,1.3612759,1.400728,1.4163592,58,71,110,121,0.9166666,0.6
90,2016-06-19 19:00:00+00:00,1.3774154,0.9598633,1.2204151,71,81,110,121,0.9166666,0.8875
91,2016-06-21 18:50:00+00:00,2.1454036,2.0121746,2.1384978,19,32,84,97,0.5,-0.375
91,2016-06-21 18:50:00+00:00,2.0400562,1.9203415,1.9965633,19,32,97,110,0.7166667,-0.375
91,2016-06-21 18:50:00+00:00,2.1013806,1.8522832,1.9739397,19,32,110,121,0.9166666,-0.375
91,2016-06-21 18:50:00+00:00,2.4190652,2.5315917,2.615506,32,45,32,45,-0.36640623,-0.038671877
91,2016-06-21 18:50:00+00:00,2.2169387,2.6400585,2.4499488,32,45,45,58,-0.15,-0.050000004
91,2016-06-21 18:50:00+00:00,2.2626336,2.0844913,2.2684758,32,45,71,84,0.2765625,-0.042578124
91,2016-06-21 18:50:00+00:00,2.007429,1.9251297,1.949303,32,45,84,97,0.5,-0.050000004
91,2016-06-21 18:50:00+00:00,1.8735741,1.9011145,1.8305387,32,45,97,110,0.7166667,-0.050000004
91,2016-06-21 18:50:00+00:00,1.897818,1.813291,1.772684,32,45,110,121,0.9166666,-0.050000004
91,2016-06-21 18:50:00+00:00,1.7579559,2.2077,2.2309902,45,58,32,45,-0.36718747,0.27421877
91,2016-06-21 18:50:00+00:00,1.8690965,2.3677437,2.0877092,45,58,45,58,-0.15,0.275
91,2016-06-21 18:50:00+00:00,1.9478865,1.9293861,1.9012563,45,58,58,71,0.06666666,0.275
91,2016-06-21 18:50:00+00:00,2.0683386,1.7937107,1.9837086,45,58,71,84,0.26744792,0.2890625
91,2016-06-21 18:50:00+00:00,2.3419945,1.5177059,1.7604623,45,58,84,97,0.5122396,0.28710938
91,2016-06-21 18:50:00+00:00,1.9470036,1.6735834,1.7085264,45,58,97,110,0.7166667,0.275
91,2016-06-21 18:50:00+00:00,1.8251766,1.5797356,1.6573657,45,58,110,121,0.9166666,0.275
91,2016-06-21 18:50:00+00:00,1.8789917,2.050436,2.1319582,58,71,32,45,-0.3619792,0.58984375
91,2016-06-21 18:50:00+00:00,1.7804985,2.31063,2.0605996,58,71,45,58,-0.15104166,0.59218746
91,2016-06-21 18:50:00+00:00,1.8614036,2.052095,1.9541284,58,71,58,71,0.07239584,0.5835937
91,2016-06-21 18:50:00+00:00,1.9508733,1.9171779,2.0853114,58,71,71,84,0.2833333,0.6
91,2016-06-21 18:50:00+00:00,1.9560016,1.650569,1.8801235,58,71,84,97,0.49583334,0.5910156
91,2016-06-21 18:50:00+00:00,1.9460491,1.7290584,1.7908348,58,71,97,110,0.728125,0.58984375
91,2016-06-21 18:50:00+00:00,1.7356641,1.6630673,1.7851956,58,71,110,121,0.9166666,0.6
91,2016-06-21 18:50:00+00:00,1.792355,1.3922795,1.6745504,71,81,110,121,0.9166666,0.8875
92,2016-06-24 17:40:00+00:00,1.8324193,1.7829038,1.8451635,19,32,84,97,0.49895835,-0.37421876
92,2016-06-24 17:40:00+00:00,1.7135724,1.746053,1.7829047,19,32,97,110,0.7166667,-0.375
92,2016-06-24 17:40:00+00:00,1.7490782,1.6871535,1.7351408,19,32,110,121,0.9166666,-0.375
92,2016-06-24 17:40:00+00:00,2.3363938,2.2456827,2.386202,32,45,32,45,-0.3622396,-0.04375
92,2016-06-24 17:40:00+00:00,1.9675677,2.3630788,2.2381492,32,45,45,58,-0.15,-0.050000004
92,2016-06-24 17:40:00+00:00,2.0820317,2.04422,1.9674878,32,45,58,71,0.06067709,-0.051171876
92,2016-06-24 17:40:00+00:00,1.913409,1.9515499,2.0295296,32,45,71,84,0.28203124,-0.05
92,2016-06-24 17:40:00+00:00,1.7103679,1.6374027,1.6818602,32,45,84,97,0.5057292,-0.05234375
92,2016-06-24 17:40:00+00:00,1.6082621,1.7101771,1.6465377,32,45,97,110,0.7166667,-0.050000004
92,2016-06-24 17:40:00+00:00,1.5858212,1.6423035,1.5749525,32,45,110,121,0.9166666,-0.050000004
92,2016-06-24 17:40:00+00:00,1.8098214,2.0132546,2.1686842,45,58,19,32,-0.5809896,0.27421877
92,2016-06-24 17:40:00+00:00,1.6850574,1.9458374,1.9890519,45,58,32,45,-0.36666667,0.275
92,2016-06-24 17:40:00+00:00,1.615506,2.1212385,1.8942498,45,58,45,58,-0.15,0.275
92,2016-06-24 17:40:00+00:00,1.723224,1.6736118,1.7203858,45,58,58,71,0.061458334,0.27734375
92,2016-06-24 17:40:00+00:00,1.9870945,1.2856507,1.5268425,45,58,84,97,0.51250005,0.28710938
92,2016-06-24 17:40:00+00:00,1.6682727,1.5252211,1.539362,45,58,97,110,0.7166667,0.275
92,2016-06-24 17:40:00+00:00,1.5180372,1.4537183,1.4807932,45,58,110,121,0.9166666,0.275
92,2016-06-24 17:40:00+00:00,1.9253228,1.9472563,1.9773902,58,71,19,32,-0.5716146,0.5679687
92,2016-06-24 17:40:00+00:00,1.7166795,1.8559679,1.9121114,58,71,32,45,-0.36536458,0.59843755
92,2016-06-24 17:40:00+00:00,1.7029965,2.0385787,1.858136,58,71,45,58,-0.15677083,0.5882813
92,2016-06-24 17:40:00+00:00,1.6859747,1.7073151,1.8351701,58,71,71,84,0.28177083,0.5960938
92,2016-06-24 17:40:00+00:00,1.8127561,1.4702141,1.6379471,58,71,84,97,0.49062502,0.5847657
92,2016-06-24 17:40:00+00:00,1.6574045,1.6009694,1.6153847,58,71,97,110,0.73072916,0.5894531
92,2016-06-24 17:40:00+00:00,1.4689196,1.5355827,1.5961056,58,71,110,121,0.9166666,0.6
92,2016-06-24 17:40:00+00:00,1.4726931,1.2883946,1.4829934,71,81,110,121,0.9184896,0.8863281
93,2016-06-30 18:45:00+00:00,1.8862883,1.794454,1.8268826,19,32,84,97,0.5,-0.375
93,2016-06-30 18:45:00+00:00,1.7822047,1.7188989,1.7407799,19,32,97,110,0.7166667,-0.375
93,2016-06-30 18:45:00+00:00,1.7898992,1.7069066,1.735232,19,32,110,121,0.9166666,-0.375
93,2016-06-30 18:45:00+00:00,2.1332972,2.2404573,2.2569427,32,45,32,45,-0.36640623,-0.038671877
93,2016-06-30 18:45:00+00:00,1.9708393,2.3355882,2.17588,32,45,45,58,-0.15,-0.050000004
93,2016-06-30 18:45:00+00:00,1.9990827,1.9260945,2.0035865,32,45,71,84,0.27786458,-0.0453125
93,2016-06-30 18:45:00+00:00,1.7519234,1.7482475,1.7148774,32,45,84,97,0.5,-0.050000004
93,2016-06-30 18:45:00+00:00,1.6593683,1.7318685,1.6533707,32,45,97,110,0.7166667,-0.050000004
93,2016-06-30 18:45:00+00:00,1.6320419,1.6987096,1.6207385,32,45,110,121,0.9166666,-0.050000004
93,2016-06-30 18:45:00+00:00,2.7657268,1.9177235,1.9007074,45,58,6,19,-0.78203124,0.26289064
93,2016-06-30 18:45:00+00:00,2.0442429,2.0675516,2.2038047,45,58,19,32,-0.5833333,0.275
93,2016-06-30 18:45:00+00:00,1.834913,1.992384,1.9967914,45,58,32,45,-0.36666667,0.275
93,2016-06-30 18:45:00+00:00,1.7704016,2.148793,1.9387413,45,58,45,58,-0.15,0.275
93,2016-06-30 18:45:00+00:00,1.8326545,1.7989743,1.7993624,45,58,58,71,0.068749994,0.2746094
93,2016-06-30 18:45:00+00:00,1.8548244,1.6671165,1.83097,45,58,71,84,0.26718754,0.28945312
93,2016-06-30 18:45:00+00:00,1.9038045,1.4042795,1.6279283,45,58,84,97,0.5122396,0.28710938
93,2016-06-30 18:45:00+00:00,1.8038366,1.6002918,1.6048409,45,58,97,110,0.7166667,0.275
93,2016-06-30 18:45:00+00:00,1.6916708,1.5631812,1.5801134,45,58,110,121,0.9166666,0.275
93,2016-06-30 18:45:00+00:00,1.9984651,1.9065275,1.9422207,58,71,32,45,-0.36666667,0.6
93,2016-06-30 18:45:00+00:00,1.8386136,2.0741377,1.9091232,58,71,45,58,-0.15078126,0.5917969
93,2016-06-30 18:45:00+00:00,1.8408545,1.8878704,1.8339359,58,71,58,71,0.07239584,0.5835937
93,2016-06-30 18:45:00+00:00,1.7511528,1.7789431,1.9164355,58,71,71,84,0.2833333,0.6
93,2016-06-30 18:45:00+00:00,1.8947785,1.59051,1.7454362,58,71,84,97,0.49479166,0.5921875
93,2016-06-30 18:45:00+00:00,1.9548321,1.6091974,1.6523966,58,71,97,110,0.7299479,0.59023434
93,2016-06-30 18:45:00+00:00,1.803084,1.5757849,1.6715674,58,71,110,121,0.9166666,0.6
93,2016-06-30 18:45:00+00:00,1.8003682,1.4935814,1.5986364,71,81,110,121,0.9166666,0.8875
94,2016-07-05 19:00:00+00:00,1.2840722,1.200221,1.3066971,19,32,84,97,0.5,-0.375
94,2016-07-05 19:00:00+00:00,1.2140453,1.4388955,1.4140872,19,32,97,110,0.7166667,-0.375
94,2016-07-05 19:00:00+00:00,1.1137186,1.3799441,1.3448921,19,32,110,121,0.9195312,-0.3660156
94,2016-07-05 19:00:00+00:00,1.4580071,1.4049355,1.4098434,32,45,71,84,0.27890626,-0.045703128
94,2016-07-05 19:00:00+00:00,1.3287019,1.1616328,1.1935688,32,45,84,97,0.5,-0.050000004
94,2016-07-05 19:00:00+00:00,1.3212817,1.4092736,1.3264403,32,45,97,110,0.7166667,-0.050000004
94,2016-07-05 19:00:00+00:00,1.4273999,1.3912914,1.2462587,32,45,110,121,0.9166666,-0.050000004
94,2016-07-05 19:00:00+00:00,1.5363429,1.4278293,1.5829775,45,58,19,32,-0.5802083,0.2703125
94,2016-07-05 19:00:00+00:00,1.5634241,1.3721594,1.5505054,45,58,32,45,-0.36666667,0.275
94,2016-07-05 19:00:00+00:00,1.5070331,1.6479287,1.5401502,45,58,45,58,-0.15,0.275
94,2016-07-05 19:00:00+00:00,1.5328033,1.2098626,1.3797929,45,58,58,71,0.06666666,0.275
94,2016-07-05 19:00:00+00:00,1.5657712,1.1771129,1.3614529,45,58,71,84,0.26796877,0.28984374
94,2016-07-05 19:00:00+00:00,1.4550558,1.3034433,1.3395994,45,58,97,110,0.7166667,0.275
94,2016-07-05 19:00:00+00:00,1.4694281,1.2586459,1.2778066,45,58,110,121,0.9166666,0.275
94,2016-07-05 19:00:00+00:00,1.4026576,1.6744205,1.6087185,58,71,45,58,-0.14739583,0.5835937
94,2016-07-05 19:00:00+00:00,1.5622627,1.3581907,1.5090407,58,71,58,71,0.07291667,0.584375
94,2016-07-05 19:00:00+00:00,1.5311654,1.4855721,1.5343897,58,71,71,84,0.2833333,0.6
94,2016-07-05 19:00:00+00:00,1.5941945,1.1938903,1.388673,58,71,84,97,0.49088544,0.590625
94,2016-07-05 19:00:00+00:00,1.7140402,1.4334034,1.4465584,58,71,97,110,0.73307294,0.5882813
94,2016-07-05 19:00:00+00:00,1.5555171,1.4093815,1.4173248,58,71,110,121,0.9166666,0.6
94,2016-07-05 19:00:00+00:00,1.6396554,1.1024667,1.2708201,71,81,110,121,0.9166666,0.8875
95,2016-07-12 19:05:00+00:00,1.246264,1.595695,1.5872219,19,32,97,110,0.7213541,-0.3683594
95,2016-07-12 19:05:00+00:00,1.5450796,1.5499833,1.5514375,19,32,110,121,0.9096354,-0.36328125
95,2016-07-12 19:05:00+00:00,1.8099183,1.7084725,1.6193651,32,45,58,71,0.058333337,-0.04609375
95,2016-07-12 19:05:00+00:00,1.5063261,1.4618856,1.4757981,32,45,84,97,0.49166667,-0.036328126
95,2016-07-12 19:05:00+00:00,1.4041934,1.5549526,1.5097361,32,45,97,110,0.7190104,-0.041406244
95,2016-07-12 19:05:00+00:00,1.5789026,1.5442997,1.4403142,32,45,110,121,0.9166666,-0.050000004
95,2016-07-12 19:05:00+00:00,1.4788932,1.6725755,1.7475616,45,58,32,45,-0.3640625,0.2691406
95,2016-07-12 19:05:00+00:00,1.4971299,1.8695599,1.6993974,45,58,45,58,-0.15,0.275
95,2016-07-12 19:05:00+00:00,1.5852083,1.4891838,1.578304,45,58,58,71,0.06666666,0.275
95,2016-07-12 19:05:00+00:00,1.7048752,1.4196125,1.6055889,45,58,71,84,0.26875,0.2890625
95,2016-07-12 19:05:00+00:00,1.8326597,1.1517177,1.4436104,45,58,84,97,0.5148437,0.28476563
95,2016-07-12 19:05:00+00:00,1.6063527,1.4617251,1.494955,45,58,97,110,0.7166667,0.275
95,2016-07-12 19:05:00+00:00,1.6198298,1.4401755,1.4436156,45,58,110,121,0.9166666,0.275
95,2016-07-12 19:05:00+00:00,2.3180814,1.7293962,1.7287599,58,71,19,32,-0.56874996,0.5648438
95,2016-07-12 19:05:00+00:00,1.7981519,1.8481498,1.7040343,58,71,32,45,-0.37942708,0.6128906
95,2016-07-12 19:05:00+00:00,1.6376307,1.5768334,1.6314118,58,71,58,71,0.07239584,0.5835937
95,2016-07-12 19:05:00+00:00,1.5787855,1.6141247,1.7024217,58,71,71,84,0.2833333,0.6
95,2016-07-12 19:05:00+00:00,1.6199865,1.3955966,1.5498954,58,71,84,97,0.49427083,0.590625
95,2016-07-12 19:05:00+00:00,1.7456346,1.5125291,1.5465955,58,71,97,110,0.72473955,0.59101564
95,2016-07-12 19:05:00+00:00,1.6358032,1.498596,1.5404091,58,71,110,121,0.9166666,0.6
95,2016-07-12 19:05:00+00:00,1.6961653,1.3312912,1.4334505,71,81,110,121,0.9166666,0.8875
96,2016-08-01 18:45:00+00:00,2.0126615,2.1751306,2.0721927,19,32,84,97,0.5,-0.375
96,2016-08-01 18:45:00+00:00,1.7463329,1.8624221,1.8538966,19,32,97,110,0.7166667,-0.375
96,2016-08-01 18:45:00+00:00,1.7934301,1.8529948,1.7910632,19,32,110,121,0.9166666,-0.375
96,2016-08-01 18:45:00+00:00,3.0550401,2.6615849,2.9974055,32,45,32,45,-0.3619792,-0.03828125
96,2016-08-01 18:45:00+00:00,2.5910497,2.7785492,2.7487078,32,45,45,58,-0.15,-0.050000004
96,2016-08-01 18:45:00+00:00,2.1875453,2.2541277,2.4958715,32,45,71,84,0.28020832,-0.043750003
96,2016-08-01 18:45:00+00:00,2.0001452,1.9466238,1.9377849,32,45,84,97,0.50078124,-0.05078125
96,2016-08-01 18:45:00+00:00,1.761027,1.7643058,1.7128681,32,45,97,110,0.7166667,-0.050000004
96,2016-08-01 18:45:00+00:00,1.725854,1.7426611,1.6185833,32,45,110,121,0.9166666,-0.050000004
96,2016-08-01 18:45:00+00:00,3.6358933,2.4835773,2.4785092,45,58,6,19,-0.78020835,0.26171875
96,2016-08-01 18:45:00+00:00,2.5982423,2.812705,2.8943427,45,58,19,32,-0.5833333,0.275
96,2016-08-01 18:45:00+00:00,2.4207387,2.4586875,2.5123105,45,58,32,45,-0.36666667,0.275
96,2016-08-01 18:45:00+00:00,2.3377697,2.5283587,2.2951257,45,58,45,58,-0.15,0.275
96,2016-08-01 18:45:00+00:00,2.217137,2.0659351,2.1068254,45,58,58,71,0.06666666,0.275
96,2016-08-01 18:45:00+00:00,2.101824,1.8365926,2.1558814,45,58,71,84,0.26796877,0.2890625
96,2016-08-01 18:45:00+00:00,2.1597342,1.3720211,1.7577218,45,58,84,97,0.5148437,0.28671873
96,2016-08-01 18:45:00+00:00,1.9208513,1.5234827,1.6312087,45,58,97,110,0.7166667,0.275
96,2016-08-01 18:45:00+00:00,1.8126378,1.5156976,1.5595222,45,58,110,121,0.9166666,0.275
96,2016-08-01 18:45:00+00:00,2.0626998,2.6132061,2.4640288,58,71,19,32,-0.5671875,0.5667969
96,2016-08-01 18:45:00+00:00,1.782315,2.2112236,2.2578845,58,71,32,45,-0.36666667,0.6
96,2016-08-01 18:45:00+00:00,1.8327975,2.3261542,2.1181207,58,71,45,58,-0.15338542,0.5929687
96,2016-08-01 18:45:00+00:00,1.8347685,2.046436,2.0350447,58,71,58,71,0.07239584,0.5835937
96,2016-08-01 18:45:00+00:00,1.7620339,1.9980712,2.115484,58,71,71,84,0.2833333,0.6
96,2016-08-01 18:45:00+00:00,1.722204,1.599109,1.8033441,58,71,84,97,0.49765626,0.5914062
96,2016-08-01 18:45:00+00:00,1.7622157,1.6421894,1.6693711,58,71,97,110,0.7239583,0.5902344
96,2016-08-01 18:45:00+00:00,1.6752671,1.5961514,1.6442763,58,71,110,121,0.9166666,0.6
96,2016-08-01 18:45:00+00:00,1.356636,1.35412,1.4837015,71,81,110,121,0.91770834,0.8851563
97,2016-08-07 18:05:00+00:00,1.9231745,2.1649518,2.0821142,19,32,84,97,0.5,-0.375
97,2016-08-07 18:05:00+00:00,1.6409314,1.8853754,1.8808383,19,32,97,110,0.7130208,-0.37656248
97,2016-08-07 18:05:00+00:00,1.7170199,1.8306944,1.8153416,19,32,110,121,0.91718745,-0.38437498
97,2016-08-07 18:05:00+00:00,2.7129428,2.5353775,2.8659458,32,45,32,45,-0.35546875,-0.043359376
97,2016-08-07 18:05:00+00:00,2.3052213,2.7285576,2.6377962,32,45,45,58,-0.1484375,-0.05078125
97,2016-08-07 18:05:00+00:00,1.7378893,1.7420645,1.6521049,32,45,110,121,0.9190104,-0.04179687
97,2016-08-07 18:05:00+00:00,2.3795903,2.7250793,2.8222928,45,58,19,32,-0.5833333,0.275
97,2016-08-07 18:05:00+00:00,2.1643417,2.4079154,2.4498565,45,58,32,45,-0.36666667,0.275
97,2016-08-07 18:05:00+00:00,2.1395788,2.4836295,2.2414944,45,58,45,58,-0.15,0.275
97,2016-08-07 18:05:00+00:00,2.0295181,2.013165,2.0491054,45,58,58,71,0.06666666,0.275
97,2016-08-07 18:05:00+00:00,2.0236576,1.8243381,2.1161942,45,58,71,84,0.26458335,0.290625
97,2016-08-07 18:05:00+00:00,1.996869,1.3985345,1.808749,45,58,84,97,0.509375,0.28281254
97,2016-08-07 18:05:00+00:00,1.7903311,1.5426159,1.6577569,45,58,97,110,0.7143229,0.27695313
97,2016-08-07 18:05:00+00:00,1.7026045,1.5433366,1.5851748,45,58,110,121,0.9166666,0.275
97,2016-08-07 18:05:00+00:00,1.7207927,2.2052355,2.2278001,58,71,32,45,-0.3658854,0.5839844
97,2016-08-07 18:05:00+00:00,1.7586178,2.3980513,2.114682,58,71,45,58,-0.15390626,0.57734376
97,2016-08-07 18:05:00+00:00,1.9702803,1.627679,1.8442681,58,71,84,97,0.4950521,0.59335935
97,2016-08-07 18:05:00+00:00,1.8761138,1.6678436,1.7034729,58,71,97,110,0.7315104,0.59101564
97,2016-08-07 18:05:00+00:00,1.6244948,1.6212503,1.6799325,58,71,110,121,0.9166666,0.6
97,2016-08-07 18:05:00+00:00,1.8589832,1.3719534,1.5197117,71,81,110,121,0.9166666,0.8875
98,2016-08-10 18:35:00+00:00,1.6415913,1.7431133,1.698629,19,32,84,97,0.5005208,-0.375
98,2016-08-10 18:35:00+00:00,1.3296763,1.6296262,1.5961272,19,32,97,110,0.7166667,-0.375
98,2016-08-10 18:35:00+00:00,1.2915897,1.6118364,1.5516578,19,32,110,121,0.9140625,-0.37265623
98,2016-08-10 18:35:00+00:00,2.3340373,2.3059185,2.4092884,32,45,32,45,-0.36536458,-0.03828125
98,2016-08-10 18:35:00+00:00,1.8915784,1.996318,1.9921395,32,45,71,84,0.28333333,-0.046484374
98,2016-08-10 18:35:00+00:00,1.7667444,1.6669195,1.6062174,32,45,84,97,0.5,-0.050000004
98,2016-08-10 18:35:00+00:00,1.5560868,1.61182,1.511343,32,45,97,110,0.7166667,-0.050000004
98,2016-08-10 18:35:00+00:00,1.485331,1.5988005,1.4399687,32,45,110,121,0.9166666,-0.050000004
98,2016-08-10 18:35:00+00:00,2.0923736,2.1560638,2.1653588,45,58,32,45,-0.3716146,0.27265626
98,2016-08-10 18:35:00+00:00,2.1443505,2.1635687,2.008539,45,58,45,58,-0.15,0.275
98,2016-08-10 18:35:00+00:00,1.9816942,1.7345036,1.8300182,45,58,58,71,0.06666666,0.275
98,2016-08-10 18:35:00+00:00,1.9367844,1.5704855,1.8968828,45,58,71,84,0.2640625,0.28867185
98,2016-08-10 18:35:00+00:00,2.0071838,1.2223989,1.5751173,45,58,84,97,0.5153646,0.28476563
98,2016-08-10 18:35:00+00:00,1.7955805,1.4596556,1.5137105,45,58,97,110,0.7166667,0.275
98,2016-08-10 18:35:00+00:00,1.71329,1.4386867,1.461842,45,58,110,121,0.9166666,0.275
98,2016-08-10 18:35:00+00:00,1.9115494,1.9967381,2.0343547,58,71,32,45,-0.36848956,0.60195315
98,2016-08-10 18:35:00+00:00,2.1269064,2.1043653,1.9495348,58,71,45,58,-0.15078126,0.5917969
98,2016-08-10 18:35:00+00:00,2.0452,1.842516,1.8721433,58,71,58,71,0.06640625,0.5847657
98,2016-08-10 18:35:00+00:00,2.078696,1.8422656,1.9473659,58,71,71,84,0.28359377,0.6058594
98,2016-08-10 18:35:00+00:00,2.0151756,1.5209289,1.6943429,58,71,84,97,0.49479166,0.5921875
98,2016-08-10 18:35:00+00:00,1.856395,1.5610127,1.5824156,58,71,97,110,0.726823,0.58984375
98,2016-08-10 18:35:00+00:00,1.6356165,1.5223215,1.5681033,58,71,110,121,0.9166666,0.6
98,2016-08-10 18:35:00+00:00,1.7045987,1.3233035,1.4302613,71,81,110,121,0.9166666,0.8875
99,2016-08-19 18:30:00+00:00,1.6222587,2.1958303,2.2123086,19,32,97,110,0.7184896,-0.375
99,2016-08-19 18:30:00+00:00,1.4324125,2.207085,2.201768,19,32,110,121,0.9166666,-0.375
99,2016-08-19 18:30:00+00:00,1.8479842,2.1766274,2.0741777,32,45,97,110,0.7166667,-0.050000004
99,2016-08-19 18:30:00+00:00,1.7169476,2.1504197,2.0175538,32,45,110,121,0.9166666,-0.050000004
99,2016-08-19 18:30:00+00:00,3.0578718,3.4968212,3.5200891,45,58,19,32,-0.5736979,0.27695313
99,2016-08-19 18:30:00+00:00,2.598272,2.6514173,2.6324654,45,58,58,71,0.06666666,0.275
99,2016-08-19 18:30:00+00:00,2.431131,1.9093585,2.040599,45,58,97,110,0.7166667,0.275
99,2016-08-19 18:30:00+00:00,2.5634892,1.9004506,1.9828407,45,58,110,121,0.9166666,0.275
99,2016-08-19 18:30:00+00:00,2.23344,2.962904,2.7061656,58,71,45,58,-0.15703125,0.5921875
99,2016-08-19 18:30:00+00:00,2.3892932,2.786869,2.5993073,58,71,58,71,0.07239584,0.5835937
99,2016-08-19 18:30:00+00:00,2.573723,2.5608919,2.7816453,58,71,71,84,0.2833333,0.6
99,2016-08-19 18:30:00+00:00,2.5296917,2.2101576,2.454287,58,71,84,97,0.4947917,0.59726566
99,2016-08-19 18:30:00+00:00,2.1158888,1.9874693,2.0998785,58,71,97,110,0.72473955,0.5925781
99,2016-08-19 18:30:00+00:00,2.4297435,1.9534895,2.097318,58,71,110,121,0.9166666,0.6
99,2016-08-19 18:30:00+00:00,2.2567284,1.7926496,1.9036984,71,81,110,121,0.9166666,0.8875
100,2016-09-27 18:35:00+00:00,4.1183405,4.214858,4.091705,19,32,84,97,0.5,-0.375
100,2016-09-27 18:35:00+00:00,3.70089,3.8090212,3.7316883,19,32,97,110,0.7166667,-0.375
100,2016-09-27 18:35:00+00:00,3.4880404,3.7324088,3.757864,19,32,110,121,0.9166666,-0.375
100,2016-09-27 18:35:00+00:00,4.60263,4.538007,4.67754,32,45,32,45,-0.36510417,-0.041796874
100,2016-09-27 18:35:00+00:00,4.5381575,4.47324,4.4300804,32,45,45,58,-0.15,-0.050000004
100,2016-09-27 18:35:00+00:00,4.3715034,4.132476,4.394566,32,45,58,71,0.05729167,-0.048046872
100,2016-09-27 18:35:00+00:00,3.9398448,4.261661,4.4539065,32,45,71,84,0.27942708,-0.0453125
100,2016-09-27 18:35:00+00:00,4.104548,4.1834683,4.165606,32,45,84,97,0.4997396,-0.05078125
100,2016-09-27 18:35:00+00:00,4.192057,3.8356075,3.7500234,32,45,97,110,0.7166667,-0.050000004
100,2016-09-27 18:35:00+00:00,3.4473727,3.771381,3.7511103,32,45,110,121,0.9166666,-0.050000004
100,2016-09-27 18:35:00+00:00,4.618986,4.5732994,4.6327786,45,58,19,32,-0.5833333,0.275
100,2016-09-27 18:35:00+00:00,4.6194477,4.4532595,4.3628125,45,58,32,45,-0.36666667,0.275
100,2016-09-27 18:35:00+00:00,4.476512,4.3248057,4.146939,45,58,45,58,-0.15,0.275
100,2016-09-27 18:35:00+00:00,4.423967,4.052361,4.1155543,45,58,58,71,0.06666666,0.275
100,2016-09-27 18:35:00+00:00,4.345976,4.056737,4.257643,45,58,71,84,0.2705729,0.28632814
100,2016-09-27 18:35:00+00:00,3.9118316,3.61446,3.6889377,45,58,97,110,0.7166667,0.275
100,2016-09-27 18:35:00+00:00,3.6839721,3.5895896,3.6798937,45,58,110,121,0.9166666,0.275
100,2016-09-27 18:35:00+00:00,4.582293,4.252574,4.1556807,58,71,32,45,-0.36666667,0.6
100,2016-09-27 18:35:00+00:00,4.591013,4.292261,3.9684598,58,71,45,58,-0.15156251,0.5917969
100,2016-09-27 18:35:00+00:00,4.5842137,4.2317214,3.9832344,58,71,58,71,0.069791675,0.58164066
100,2016-09-27 18:35:00+00:00,4.6135554,3.9971097,4.168359,58,71,71,84,0.2833333,0.6
100,2016-09-27 18:35:00+00:00,4.532765,3.8897722,4.019796,58,71,84,97,0.49479166,0.5921875
100,2016-09-27 18:35:00+00:00,4.218127,3.5182025,3.622042,58,71,97,110,0.7278646,0.58984375
100,2016-09-27 18:35:00+00:00,3.2593033,3.4527678,3.65732,58,71,110,121,0.9166666,0.6
100,2016-09-27 18:35:00+00:00,3.4891808,3.6837072,3.6116505,71,81,110,121,0.9166666,0.8875
101,2016-10-17 18:10:00+00:00,2.692352,2.509281,2.5685177,19,32,84,97,0.5,-0.375
101,2016-10-17 18:10:00+00:00,2.449932,2.3190029,2.3587062,19,32,97,110,0.7166667,-0.375
101,2016-10-17 18:10:00+00:00,2.4670503,2.3017952,2.3557432,19,32,110,121,0.9166666,-0.375
101,2016-10-17 18:10:00+00:00,2.7656996,2.6898503,2.9545076,32,45,32,45,-0.36249998,-0.037109375
101,2016-10-17 18:10:00+00:00,2.4891906,2.936839,2.7799993,32,45,45,58,-0.15,-0.050000004
101,2016-10-17 18:10:00+00:00,2.5032408,2.465938,2.7864017,32,45,71,84,0.2864583,-0.04140625
101,2016-10-17 18:10:00+00:00,2.633862,2.2687182,2.488583,32,45,84,97,0.5,-0.050000004
101,2016-10-17 18:10:00+00:00,2.3874614,2.1812508,2.2668684,32,45,97,110,0.7166667,-0.050000004
101,2016-10-17 18:10:00+00:00,2.2460072,2.1364956,2.2268693,32,45,110,121,0.9166666,-0.050000004
101,2016-10-17 18:10:00+00:00,3.8141885,2.4552228,2.510885,45,58,6,19,-0.7890625,0.2621094
101,2016-10-17 18:10:00+00:00,2.6325274,2.7194417,2.888864,45,58,19,32,-0.5833333,0.275
101,2016-10-17 18:10:00+00:00,2.0188916,2.6131592,2.5408154,45,58,32,45,-0.3658854,0.27578124
101,2016-10-17 18:10:00+00:00,1.844046,2.772779,2.367059,45,58,45,58,-0.15,0.275
101,2016-10-17 18:10:00+00:00,1.9089789,2.3351898,2.2461407,45,58,58,71,0.06666666,0.275
101,2016-10-17 18:10:00+00:00,2.5175893,1.9966418,2.076212,45,58,97,110,0.7166667,0.275
101,2016-10-17 18:10:00+00:00,2.3153136,1.9710072,2.0497262,45,58,110,121,0.9166666,0.275
101,2016-10-17 18:10:00+00:00,2.6588035,2.5601666,2.5946734,58,71,19,32,-0.57343745,0.56757814
101,2016-10-17 18:10:00+00:00,1.7567153,2.3427396,2.3027458,58,71,32,45,-0.36666667,0.6
101,2016-10-17 18:10:00+00:00,1.8407996,2.5519936,2.198685,58,71,45,58,-0.15052083,0.5917969
101,2016-10-17 18:10:00+00:00,1.8572768,2.2680771,2.1485841,58,71,58,71,0.07005209,0.59375
101,2016-10-17 18:10:00+00:00,1.9345598,2.1684694,2.3966877,58,71,71,84,0.2833333,0.6
101,2016-10-17 18:10:00+00:00,2.377341,1.9862646,2.186316,58,71,84,97,0.49088544,0.5871093
101,2016-10-17 18:10:00+00:00,2.620784,1.8842252,2.0329797,58,71,97,110,0.7252604,0.59296876
101,2016-10-17 18:10:00+00:00,2.4579601,1.8871635,2.0669096,58,71,110,121,0.9166666,0.6
101,2016-10-17 18:10:00+00:00,2.0842843,1.8630676,2.0203304,71,81,110,121,0.9166666,0.8875
