t,date,target,pred,post,y0,y1,x0,x1,cx,cy
0,2014-05-24 18:45:00+00:00,3.1589394,2.109168,2.2043724,25,42,42,59,-0.16119793,-0.15703125
0,2014-05-24 18:45:00+00:00,2.4999332,2.1592467,2.2845688,25,42,76,93,0.41458333,-0.171875
0,2014-05-24 18:45:00+00:00,1.8914814,1.4696791,1.7086781,25,42,93,110,0.68333334,-0.175
0,2014-05-24 18:45:00+00:00,1.7527999,1.5478661,1.7063181,25,42,110,121,0.9138021,-0.16835937
0,2014-05-24 18:45:00+00:00,3.3414035,1.8582382,1.9649386,42,59,8,25,-0.7309896,0.24882811
0,2014-05-24 18:45:00+00:00,2.384798,2.2166705,2.4409382,42,59,25,42,-0.4518229,0.25195312
0,2014-05-24 18:45:00+00:00,2.1884964,1.962012,2.173027,42,59,42,59,-0.16666667,0.25
0,2014-05-24 18:45:00+00:00,2.2764347,0.94900787,1.838913,42,59,59,76,0.12760417,0.25585938
0,2014-05-24 18:45:00+00:00,1.9019107,1.3111703,1.5462235,42,59,93,110,0.68333334,0.25
0,2014-05-24 18:45:00+00:00,2.596593,2.9108865,2.609452,59,76,25,42,-0.43411458,0.6527344
1,2014-05-25 17:50:00+00:00,1.6497904,0.7123489,0.97737515,8,25,93,110,0.6817708,-0.5582031
1,2014-05-25 17:50:00+00:00,1.7829505,1.3868712,1.3265504,25,42,42,59,-0.1591146,-0.15390626
1,2014-05-25 17:50:00+00:00,1.5502101,1.1704769,1.4212947,25,42,76,93,0.40729165,-0.1734375
1,2014-05-25 17:50:00+00:00,1.3073186,0.89304996,1.1362271,25,42,93,110,0.68333334,-0.175
1,2014-05-25 17:50:00+00:00,1.3622596,0.8874981,1.0527749,25,42,110,121,0.9166666,-0.175
1,2014-05-25 17:50:00+00:00,2.1069818,1.1396943,1.1638672,42,59,8,25,-0.71484375,0.24296877
1,2014-05-25 17:50:00+00:00,1.5364697,1.1750203,1.3314902,42,59,25,42,-0.45,0.25
1,2014-05-25 17:50:00+00:00,1.3976078,1.2000939,1.3148706,42,59,42,59,-0.16666667,0.25
1,2014-05-25 17:50:00+00:00,1.5519278,0.53067577,1.1287789,42,59,59,76,0.112500004,0.25429687
1,2014-05-25 17:50:00+00:00,1.3498125,0.7175146,1.0473021,42,59,93,110,0.68333334,0.25
1,2014-05-25 17:50:00+00:00,1.3619993,0.6697327,0.9831742,42,59,110,121,0.9166666,0.25
1,2014-05-25 17:50:00+00:00,1.9384726,1.8349359,1.5452052,59,76,25,42,-0.4440104,0.6503906
1,2014-05-25 17:50:00+00:00,1.6409158,1.7060379,1.5514433,59,76,42,59,-0.18177083,0.6207031
1,2014-05-25 17:50:00+00:00,1.6317258,1.3471553,1.6338754,59,76,76,93,0.38958335,0.6402344
1,2014-05-25 17:50:00+00:00,1.3532175,1.0150354,1.2059613,59,76,110,121,0.9166666,0.67499995
2,2014-05-30 18:05:00+00:00,2.2024329,0.8430358,1.1117847,8,25,93,110,0.6830729,-0.5582031
2,2014-05-30 18:05:00+00:00,2.1594603,1.6174214,1.584227,25,42,42,59,-0.15989584,-0.15625
2,2014-05-30 18:05:00+00:00,1.8163791,1.6402175,1.7473665,25,42,76,93,0.4125,-0.16679686
2,2014-05-30 18:05:00+00:00,1.6276062,1.1152205,1.334571,25,42,93,110,0.68333334,-0.175
2,2014-05-30 18:05:00+00:00,1.725749,1.1600549,1.2986677,25,42,110,121,0.9166666,-0.175
2,2014-05-30 18:05:00+00:00,3.495361,1.3019432,1.424498,42,59,8,25,-0.7229166,0.24101563
2,2014-05-30 18:05:00+00:00,1.8145039,1.5042818,1.6982726,42,59,25,42,-0.45,0.25
2,2014-05-30 18:05:00+00:00,1.525844,1.4396994,1.5579998,42,59,42,59,-0.16666667,0.25
2,2014-05-30 18:05:00+00:00,1.6707691,0.591283,1.2980026,42,59,59,76,0.11979167,0.25234374
2,2014-05-30 18:05:00+00:00,1.5370882,0.90847236,1.2051169,42,59,93,110,0.68333334,0.25
2,2014-05-30 18:05:00+00:00,1.4223471,0.89919674,1.1839108,42,59,110,121,0.9166666,0.25
2,2014-05-30 18:05:00+00:00,2.0363772,2.2224886,1.8282082,59,76,25,42,-0.4403646,0.6484375
2,2014-05-30 18:05:00+00:00,1.7085677,2.0581174,1.7542683,59,76,42,59,-0.17682292,0.6191406
2,2014-05-30 18:05:00+00:00,1.6785672,1.819555,1.9067266,59,76,76,93,0.39166665,0.640625
2,2014-05-30 18:05:00+00:00,1.5462905,1.7173886,1.4802799,59,76,93,110,0.7164062,0.63984376
2,2014-05-30 18:05:00+00:00,1.3337973,1.2675179,1.4079436,59,76,110,121,0.9166666,0.67499995
3,2014-05-31 18:50:00+00:00,2.625607,1.1495343,1.411874,8,25,93,110,0.68567705,-0.55898434
3,2014-05-31 18:50:00+00:00,2.6173186,1.8864465,1.9568865,25,42,42,59,-0.15677084,-0.1546875
3,2014-05-31 18:50:00+00:00,2.1964855,1.8479127,2.1377532,25,42,76,93,0.40390626,-0.16640624
3,2014-05-31 18:50:00+00:00,1.9760298,1.4018832,1.6548193,25,42,93,110,0.68333334,-0.175
3,2014-05-31 18:50:00+00:00,1.9650844,1.4696963,1.6249757,25,42,110,121,0.9166666,-0.175
3,2014-05-31 18:50:00+00:00,3.8204799,1.6377766,1.6991924,42,59,8,25,-0.7359375,0.23984376
3,2014-05-31 18:50:00+00:00,2.2280734,1.8991033,2.070798,42,59,25,42,-0.45,0.25
3,2014-05-31 18:50:00+00:00,1.8857095,1.7682413,1.9043006,42,59,42,59,-0.16666667,0.25
3,2014-05-31 18:50:00+00:00,2.1040533,0.861942,1.6251094,42,59,59,76,0.11692709,0.25312498
3,2014-05-31 18:50:00+00:00,1.8627001,1.1914723,1.4838945,42,59,93,110,0.68333334,0.25
3,2014-05-31 18:50:00+00:00,1.6899246,1.206225,1.472725,42,59,110,121,0.9166666,0.25
3,2014-05-31 18:50:00+00:00,2.4234385,2.6277685,2.2214396,59,76,25,42,-0.43515623,0.6507813
3,2014-05-31 18:50:00+00:00,2.079997,2.5160398,2.159747,59,76,42,59,-0.1809896,0.62109375
3,2014-05-31 18:50:00+00:00,2.094999,2.338449,2.3190334,59,76,76,93,0.39635417,0.6441406
3,2014-05-31 18:50:00+00:00,1.8558929,2.1620653,1.8559378,59,76,93,110,0.70781255,0.6425781
3,2014-05-31 18:50:00+00:00,1.681373,1.6859413,1.7703961,59,76,110,121,0.9166666,0.67499995
4,2014-06-03 19:20:00+00:00,3.851595,1.8537183,2.2388844,25,42,42,59,-0.14557292,-0.15273437
4,2014-06-03 19:20:00+00:00,2.8421023,2.345677,2.4647803,25,42,76,93,0.40859377,-0.16367188
4,2014-06-03 19:20:00+00:00,2.0051465,1.6396147,1.7061561,25,42,93,110,0.68385416,-0.17148438
4,2014-06-03 19:20:00+00:00,1.8186675,1.67214,1.7149411,25,42,110,121,0.9166666,-0.175
4,2014-06-03 19:20:00+00:00,4.6077833,2.1055188,2.2803493,42,59,8,25,-0.73359376,0.24492186
4,2014-06-03 19:20:00+00:00,3.2642121,2.5434167,2.8391466,42,59,25,42,-0.45,0.25
4,2014-06-03 19:20:00+00:00,2.3323944,2.0039043,2.413696,42,59,42,59,-0.16666667,0.25
4,2014-06-03 19:20:00+00:00,2.323748,0.87065744,2.0222833,42,59,59,76,0.11927083,0.2535156
4,2014-06-03 19:20:00+00:00,2.160376,1.5226727,1.7556795,42,59,93,110,0.68333334,0.25
4,2014-06-03 19:20:00+00:00,1.9048176,1.5397673,1.7971152,42,59,110,121,0.9166666,0.25
4,2014-06-03 19:20:00+00:00,4.243922,3.2065787,2.8512166,59,76,25,42,-0.4401042,0.6449219
4,2014-06-03 19:20:00+00:00,1.8620746,2.1569047,2.1102092,59,76,110,121,0.9166666,0.67499995
5,2014-06-05 19:10:00+00:00,2.6027539,1.147238,1.3384242,8,25,93,110,0.68541664,-0.5589844
5,2014-06-05 19:10:00+00:00,3.2202249,1.8759979,2.0284398,25,42,42,59,-0.15416667,-0.15625
5,2014-06-05 19:10:00+00:00,2.389358,1.9690157,2.138388,25,42,76,93,0.4091146,-0.16757813
5,2014-06-05 19:10:00+00:00,1.8925261,1.3609288,1.5653138,25,42,93,110,0.68333334,-0.175
5,2014-06-05 19:10:00+00:00,1.8094822,1.4473722,1.5763499,25,42,110,121,0.9166666,-0.175
5,2014-06-05 19:10:00+00:00,4.0231814,1.7729102,1.8304577,42,59,8,25,-0.73541665,0.23945314
5,2014-06-05 19:10:00+00:00,2.467836,2.0731137,2.3153424,42,59,25,42,-0.45,0.25
5,2014-06-05 19:10:00+00:00,2.1310475,1.7889624,2.0490255,42,59,42,59,-0.16666667,0.25
5,2014-06-05 19:10:00+00:00,2.0806873,0.84365183,1.7058111,42,59,59,76,0.11953125,0.2515625
5,2014-06-05 19:10:00+00:00,1.9418893,1.2105596,1.4718311,42,59,93,110,0.68333334,0.25
5,2014-06-05 19:10:00+00:00,1.7416404,1.2539208,1.5109208,42,59,110,121,0.9166666,0.25
5,2014-06-05 19:10:00+00:00,2.7483938,2.7877905,2.466718,59,76,25,42,-0.4359375,0.65000004
5,2014-06-05 19:10:00+00:00,2.5462384,2.5325103,2.3303435,59,76,42,59,-0.178125,0.61796874
5,2014-06-05 19:10:00+00:00,2.0629144,2.407207,2.4233582,59,76,76,93,0.40026042,0.6402344
5,2014-06-05 19:10:00+00:00,1.6080759,1.7914586,1.832187,59,76,110,121,0.9166666,0.67499995
6,2014-06-07 18:55:00+00:00,2.2187986,1.028795,1.3207518,8,25,93,110,0.68359375,-0.5601562
6,2014-06-07 18:55:00+00:00,2.2378721,1.7116644,1.6149396,25,42,42,59,-0.15885417,-0.15429688
6,2014-06-07 18:55:00+00:00,2.018814,1.6213816,1.798549,25,42,76,93,0.40963542,-0.16953126
6,2014-06-07 18:55:00+00:00,1.8063504,1.2405058,1.5000778,25,42,93,110,0.68333334,-0.175
6,2014-06-07 18:55:00+00:00,1.6764504,1.2533216,1.4226696,25,42,110,121,0.9166666,-0.175
6,2014-06-07 18:55:00+00:00,2.4955363,1.6140292,1.4491124,42,59,8,25,-0.73046875,0.22265625
6,2014-06-07 18:55:00+00:00,1.8903332,1.5801501,1.6683605,42,59,25,42,-0.45416665,0.2359375
6,2014-06-07 18:55:00+00:00,1.750292,0.767773,1.3922733,42,59,59,76,0.1171875,0.26601565
6,2014-06-07 18:55:00+00:00,1.9988598,1.0163723,1.4399772,42,59,93,110,0.68333334,0.25
6,2014-06-07 18:55:00+00:00,1.8092943,0.9822525,1.3860228,42,59,110,121,0.9166666,0.25
6,2014-06-07 18:55:00+00:00,2.1441667,2.0762796,1.8736658,59,76,42,59,-0.17916667,0.6179688
6,2014-06-07 18:55:00+00:00,2.0753436,1.8889924,2.078816,59,76,76,93,0.39661455,0.6437501
6,2014-06-07 18:55:00+00:00,1.9426683,1.8924749,1.7742846,59,76,93,110,0.7117188,0.64218754
6,2014-06-07 18:55:00+00:00,1.7152052,1.4870683,1.6718706,59,76,110,121,0.9166666,0.67499995
7,2014-06-14 19:00:00+00:00,2.716485,1.9284714,2.123908,25,42,42,59,-0.15286459,-0.15546875
7,2014-06-14 19:00:00+00:00,2.304533,2.0248723,2.1543603,25,42,76,93,0.4143229,-0.16718751
7,2014-06-14 19:00:00+00:00,1.8134154,1.3695027,1.6075573,25,42,93,110,0.68333334,-0.175
7,2014-06-14 19:00:00+00:00,1.6607461,1.3807732,1.5919999,25,42,110,121,0.9166666,-0.175
7,2014-06-14 19:00:00+00:00,3.4716473,1.8551437,1.8725508,42,59,8,25,-0.7328125,0.24023438
7,2014-06-14 19:00:00+00:00,2.452115,2.1040628,2.340458,42,59,25,42,-0.45,0.25
7,2014-06-14 19:00:00+00:00,2.2856185,1.8653184,2.1384752,42,59,42,59,-0.16666667,0.25
7,2014-06-14 19:00:00+00:00,2.2607138,0.9085097,1.8254236,42,59,59,76,0.11692709,0.25312498
7,2014-06-14 19:00:00+00:00,1.839064,1.2355386,1.49273,42,59,93,110,0.68333334,0.25
7,2014-06-14 19:00:00+00:00,1.6026051,1.1989435,1.4994307,42,59,110,121,0.9166666,0.25
7,2014-06-14 19:00:00+00:00,2.6494832,2.8556893,2.550155,59,76,25,42,-0.43906248,0.6484375
7,2014-06-14 19:00:00+00:00,2.37064,2.6678324,2.4507267,59,76,42,59,-0.18072918,0.62109375
7,2014-06-14 19:00:00+00:00,2.2998028,1.6294678,2.1663682,59,76,59,76,0.12526041,0.6082031
7,2014-06-14 19:00:00+00:00,2.1750453,2.3352654,2.4570205,59,76,76,93,0.39661458,0.6429688
7,2014-06-14 19:00:00+00:00,1.9585986,2.258155,1.8950447,59,76,93,110,0.70963544,0.6429688
7,2014-06-14 19:00:00+00:00,1.5229948,1.7714686,1.8475604,59,76,110,121,0.9166666,0.67499995
8,2014-06-16 18:50:00+00:00,1.7424804,1.6344873,1.726422,25,42,76,93,0.415625,-0.16484375
8,2014-06-16 18:50:00+00:00,1.4201604,1.0890716,1.3436378,25,42,93,110,0.6825521,-0.17265625
8,2014-06-16 18:50:00+00:00,1.3672969,1.1164502,1.2987531,25,42,110,121,0.91822916,-0.17265624
8,2014-06-16 18:50:00+00:00,2.087611,1.5330604,1.7605937,42,59,25,42,-0.45156252,0.25
8,2014-06-16 18:50:00+00:00,1.8379942,1.4712744,1.6754405,42,59,42,59,-0.16666667,0.25
8,2014-06-16 18:50:00+00:00,1.934773,0.61575204,1.4175004,42,59,59,76,0.11640626,0.25312498
8,2014-06-16 18:50:00+00:00,1.7167665,0.9109388,1.2722697,42,59,93,110,0.68333334,0.25
8,2014-06-16 18:50:00+00:00,1.5713041,0.86840147,1.2299281,42,59,110,121,0.9166666,0.25
8,2014-06-16 18:50:00+00:00,2.0696998,1.8089718,2.0552688,59,76,76,93,0.39635417,0.6441406
8,2014-06-16 18:50:00+00:00,1.900117,1.8812095,1.6562176,59,76,93,110,0.71197915,0.6425781
8,2014-06-16 18:50:00+00:00,1.6132233,1.3906462,1.5604085,59,76,110,121,0.9166666,0.67499995
9,2014-06-21 19:10:00+00:00,1.5935704,1.1870831,1.3713647,25,42,93,110,0.68645835,-0.15976562
9,2014-06-21 19:10:00+00:00,1.8188308,1.0959538,1.2748461,25,42,110,121,0.9153646,-0.1703125
9,2014-06-21 19:10:00+00:00,2.723995,1.9982545,2.2495406,42,59,25,42,-0.4453125,0.26835936
9,2014-06-21 19:10:00+00:00,2.3213556,1.6442516,2.0132444,42,59,42,59,-0.16666667,0.25
9,2014-06-21 19:10:00+00:00,2.3910043,0.7436937,1.7693912,42,59,59,76,0.115625,0.25625
9,2014-06-21 19:10:00+00:00,1.8868246,1.044606,1.2767876,42,59,93,110,0.68333334,0.25
9,2014-06-21 19:10:00+00:00,1.3404129,0.9789652,1.2357243,42,59,110,121,0.9166666,0.25
9,2014-06-21 19:10:00+00:00,2.4279373,1.182074,1.9878907,59,76,59,76,0.12526041,0.61835945
9,2014-06-21 19:10:00+00:00,1.2186133,1.5263569,1.5477713,59,76,110,121,0.9195312,0.66875
10,2014-06-28 19:15:00+00:00,1.5916728,1.2612455,1.4265586,25,42,93,110,0.68645835,-0.16796875
10,2014-06-28 19:15:00+00:00,1.5547613,1.1825147,1.3722005,25,42,110,121,0.9166666,-0.175
10,2014-06-28 19:15:00+00:00,2.04701,1.4851673,1.9361721,42,59,42,59,-0.15598959,0.2667969
10,2014-06-28 19:15:00+00:00,2.0940232,0.78409636,1.6785082,42,59,59,76,0.11484375,0.26992187
10,2014-06-28 19:15:00+00:00,1.9259784,1.1074685,1.3724672,42,59,93,110,0.68333334,0.25
10,2014-06-28 19:15:00+00:00,1.5955751,1.0455099,1.3308078,42,59,110,121,0.9166666,0.25
10,2014-06-28 19:15:00+00:00,2.205477,1.1702594,1.9118499,59,76,59,76,0.13515624,0.61757815
10,2014-06-28 19:15:00+00:00,1.3328466,1.5229495,1.6077904,59,76,110,121,0.9166666,0.67499995
11,2014-07-02 18:50:00+00:00,1.783654,1.181116,1.484901,42,59,110,121,0.9166666,0.25
12,2014-07-04 18:35:00+00:00,2.0244586,1.172156,1.3596332,8,25,93,110,0.68385416,-0.5570313
12,2014-07-04 18:35:00+00:00,2.145559,1.9528579,1.9102972,25,42,42,59,-0.159375,-0.15703124
12,2014-07-04 18:35:00+00:00,1.6926237,1.2708557,1.5382282,25,42,93,110,0.68333334,-0.175
12,2014-07-04 18:35:00+00:00,1.6564461,1.2776769,1.5022541,25,42,110,121,0.9166666,-0.175
12,2014-07-04 18:35:00+00:00,2.3475542,1.768155,1.9913361,42,59,25,42,-0.45,0.25
12,2014-07-04 18:35:00+00:00,2.277639,1.8629348,1.9150842,42,59,42,59,-0.1734375,0.2453125
12,2014-07-04 18:35:00+00:00,1.9127655,1.1034491,1.4584029,42,59,93,110,0.68333334,0.25
12,2014-07-04 18:35:00+00:00,1.8517647,1.0650826,1.4474577,42,59,110,121,0.9166666,0.25
12,2014-07-04 18:35:00+00:00,1.8781832,1.6929663,1.8339301,59,76,110,121,0.9166666,0.67499995
15,2014-07-07 19:10:00+00:00,2.9675202,2.1797793,2.682805,42,59,42,59,-0.16718751,0.2589844
15,2014-07-07 19:10:00+00:00,2.8405883,1.164782,2.3111591,42,59,59,76,0.13802084,0.26093748
15,2014-07-07 19:10:00+00:00,2.181002,1.4362067,1.7120854,42,59,93,110,0.68333334,0.25
15,2014-07-07 19:10:00+00:00,1.8171675,1.4460645,1.786936,42,59,110,121,0.9166666,0.25
15,2014-07-07 19:10:00+00:00,2.1462066,2.243175,2.2998922,59,76,110,121,0.9166666,0.67499995
16,2014-07-09 18:55:00+00:00,2.224105,1.8894665,2.1610203,42,59,25,42,-0.45234376,0.27851564
16,2014-07-09 18:55:00+00:00,2.2910144,1.6800469,2.0148606,42,59,42,59,-0.16848959,0.26093748
16,2014-07-09 18:55:00+00:00,1.6626722,0.9438707,1.3482269,42,59,110,121,0.9164063,0.25859374
17,2014-07-11 18:45:00+00:00,1.9294068,1.5078208,1.8014327,25,42,76,93,0.4041667,-0.16289063
17,2014-07-11 18:45:00+00:00,1.4076087,1.1955066,1.3764634,25,42,110,121,0.9166666,-0.17929688
17,2014-07-11 18:45:00+00:00,2.3101273,0.9954203,1.2646074,42,59,110,121,0.91822916,0.24765626
18,2014-07-14 19:15:00+00:00,1.4934237,0.78494275,0.9917932,8,25,93,110,0.68151045,-0.5582031
18,2014-07-14 19:15:00+00:00,1.4480864,1.40005,1.3979579,25,42,42,59,-0.15598959,-0.15625
18,2014-07-14 19:15:00+00:00,1.4790148,1.2549857,1.4251443,25,42,76,93,0.4140625,-0.16835937
18,2014-07-14 19:15:00+00:00,1.2997459,0.90207195,1.141618,25,42,93,110,0.68333334,-0.175
18,2014-07-14 19:15:00+00:00,1.2864429,0.87019616,1.0584314,25,42,110,121,0.9166666,-0.175
18,2014-07-14 19:15:00+00:00,2.0692883,1.2426484,1.1846639,42,59,8,25,-0.7367187,0.24101563
18,2014-07-14 19:15:00+00:00,1.7074416,1.2630002,1.4522649,42,59,25,42,-0.45,0.25
18,2014-07-14 19:15:00+00:00,1.740484,1.2485279,1.4256928,42,59,42,59,-0.16666667,0.25
18,2014-07-14 19:15:00+00:00,1.6736411,0.5790043,1.2212725,42,59,59,76,0.11510417,0.25390625
18,2014-07-14 19:15:00+00:00,1.4489224,0.7456868,1.0855993,42,59,93,110,0.68333334,0.25
18,2014-07-14 19:15:00+00:00,1.378961,0.66744137,1.0177213,42,59,110,121,0.9166666,0.25
18,2014-07-14 19:15:00+00:00,1.7636659,1.946242,1.7248918,59,76,25,42,-0.4401042,0.6507813
18,2014-07-14 19:15:00+00:00,1.9875171,1.7650928,1.7135094,59,76,42,59,-0.17682292,0.6203125
18,2014-07-14 19:15:00+00:00,1.8263152,1.3135964,1.6909016,59,76,76,93,0.39453125,0.6359376
18,2014-07-14 19:15:00+00:00,1.2502555,1.0563,1.267698,59,76,110,121,0.9166666,0.67499995
19,2014-07-17 18:05:00+00:00,1.6919409,0.7977492,1.0560846,8,25,93,110,0.68437505,-0.55898434
19,2014-07-17 18:05:00+00:00,1.9862615,1.5278338,1.5569472,25,42,42,59,-0.15625,-0.15507813
19,2014-07-17 18:05:00+00:00,1.781328,1.4598298,1.7235471,25,42,76,93,0.4005208,-0.16757813
19,2014-07-17 18:05:00+00:00,1.5356845,1.0644559,1.2773471,25,42,93,110,0.68333334,-0.175
19,2014-07-17 18:05:00+00:00,1.545398,1.1104958,1.2267698,25,42,110,121,0.9166666,-0.175
19,2014-07-17 18:05:00+00:00,2.0910873,1.4391073,1.4886407,42,59,8,25,-0.72447914,0.23085937
19,2014-07-17 18:05:00+00:00,1.8018564,1.5658659,1.7988033,42,59,25,42,-0.45,0.25
19,2014-07-17 18:05:00+00:00,1.968064,1.4023849,1.6058549,42,59,42,59,-0.16666667,0.25
19,2014-07-17 18:05:00+00:00,1.9495709,0.53693455,1.32897,42,59,59,76,0.11692709,0.25312498
19,2014-07-17 18:05:00+00:00,2.0528736,1.3500499,1.7893045,42,59,76,93,0.4049479,0.26484376
19,2014-07-17 18:05:00+00:00,1.7326237,0.89892066,1.2367816,42,59,93,110,0.68333334,0.25
19,2014-07-17 18:05:00+00:00,1.5867189,0.89583004,1.208883,42,59,110,121,0.9166666,0.25
19,2014-07-17 18:05:00+00:00,1.8626419,1.8620697,2.0231924,59,76,76,93,0.39895833,0.6425781
19,2014-07-17 18:05:00+00:00,1.6082157,1.6566665,1.5648268,59,76,93,110,0.7125,0.6394531
19,2014-07-17 18:05:00+00:00,1.4553741,1.3343798,1.4611084,59,76,110,121,0.91536456,0.6730468
20,2014-07-31 18:20:00+00:00,0.77524745,1.1273462,1.4072319,8,25,93,110,0.6846354,-0.5570313
21,2014-08-03 18:50:00+00:00,1.7687145,1.1651511,1.297535,25,42,42,59,-0.15182292,-0.15585938
21,2014-08-03 18:50:00+00:00,1.418051,1.3446438,1.5141435,25,42,76,93,0.40572917,-0.16718751
21,2014-08-03 18:50:00+00:00,1.497819,0.83870244,0.97651225,25,42,93,110,0.68333334,-0.175
21,2014-08-03 18:50:00+00:00,1.259771,0.91408986,0.95535,25,42,110,121,0.9166666,-0.175
21,2014-08-03 18:50:00+00:00,2.8006518,1.0693722,1.1789248,42,59,8,25,-0.73828125,0.23984376
21,2014-08-03 18:50:00+00:00,2.5082154,1.4310858,1.6753707,42,59,25,42,-0.44635415,0.2484375
21,2014-08-03 18:50:00+00:00,1.4845015,1.1673295,1.3732733,42,59,42,59,-0.16666667,0.25
21,2014-08-03 18:50:00+00:00,1.6341398,0.32833284,1.0245976,42,59,59,76,0.11692709,0.25312498
21,2014-08-03 18:50:00+00:00,1.4586236,0.6995804,0.9549394,42,59,93,110,0.68333334,0.25
21,2014-08-03 18:50:00+00:00,1.2296333,0.72581387,0.9559013,42,59,110,121,0.9166666,0.25
21,2014-08-03 18:50:00+00:00,1.1618124,1.945328,1.693874,59,76,25,42,-0.43359375,0.6546875
21,2014-08-03 18:50:00+00:00,1.3864138,1.8208575,1.5382032,59,76,42,59,-0.18229166,0.62421876
21,2014-08-03 18:50:00+00:00,1.4450924,1.6573306,1.7825203,59,76,76,93,0.39947915,0.64453125
21,2014-08-03 18:50:00+00:00,1.2750105,1.3045185,1.2265365,59,76,93,110,0.7083333,0.6421875
21,2014-08-03 18:50:00+00:00,1.1589153,1.0688069,1.1684252,59,76,110,121,0.9166666,0.67499995
22,2014-08-07 18:25:00+00:00,1.6318583,1.2875232,1.2658609,25,42,42,59,-0.159375,-0.15703124
22,2014-08-07 18:25:00+00:00,0.9643683,0.75536853,0.89863,25,42,110,121,0.9166666,-0.175
22,2014-08-07 18:25:00+00:00,1.5691257,1.1801816,1.3397204,42,59,42,59,-0.16901042,0.24804688
22,2014-08-07 18:25:00+00:00,1.2486848,0.7367063,0.9706774,42,59,93,110,0.69453126,0.26367188
22,2014-08-07 18:25:00+00:00,0.99127537,0.6182012,0.915716,42,59,110,121,0.9166666,0.25
23,2014-08-09 18:15:00+00:00,1.0031643,0.5823374,0.7478071,8,25,93,110,0.68932295,-0.5582031
23,2014-08-09 18:15:00+00:00,1.4395317,1.1917883,1.3127583,25,42,42,59,-0.15286459,-0.15546875
23,2014-08-09 18:15:00+00:00,1.4908624,1.4272779,1.4826257,25,42,76,93,0.41458333,-0.16640624
23,2014-08-09 18:15:00+00:00,1.3718934,0.78056014,0.97600603,25,42,93,110,0.68333334,-0.175
23,2014-08-09 18:15:00+00:00,1.3936753,0.8021986,0.91275305,25,42,110,121,0.9166666,-0.175
23,2014-08-09 18:15:00+00:00,2.756787,1.1777732,1.2888246,42,59,8,25,-0.72552085,0.24023438
23,2014-08-09 18:15:00+00:00,2.244991,1.374033,1.6484908,42,59,25,42,-0.45,0.25
23,2014-08-09 18:15:00+00:00,1.9610717,1.1549037,1.4244606,42,59,42,59,-0.16666667,0.25
23,2014-08-09 18:15:00+00:00,1.7832419,0.45905656,1.1492869,42,59,59,76,0.10182292,0.24257813
24,2014-08-10 18:55:00+00:00,1.400731,1.1157283,1.1667544,25,42,42,59,-0.15442708,-0.15625
24,2014-08-10 18:55:00+00:00,1.488358,1.3035388,1.3635461,25,42,76,93,0.41067708,-0.16718751
24,2014-08-10 18:55:00+00:00,1.184712,0.7347968,0.9218433,25,42,93,110,0.68333334,-0.175
24,2014-08-10 18:55:00+00:00,1.2240086,0.7797249,0.86351687,25,42,110,121,0.9166666,-0.175
24,2014-08-10 18:55:00+00:00,2.4964247,1.0096123,1.0819595,42,59,8,25,-0.7328125,0.24023438
24,2014-08-10 18:55:00+00:00,1.9699198,1.2202274,1.4409342,42,59,25,42,-0.45,0.25
24,2014-08-10 18:55:00+00:00,1.5541852,1.0254437,1.2259648,42,59,42,59,-0.16666667,0.25
24,2014-08-10 18:55:00+00:00,1.4397485,0.30984825,0.97220504,42,59,59,76,0.11692709,0.25312498
24,2014-08-10 18:55:00+00:00,1.2935685,0.6108781,0.9023226,42,59,93,110,0.68333334,0.25
24,2014-08-10 18:55:00+00:00,1.2283132,0.61268014,0.86643183,42,59,110,121,0.9166666,0.25
24,2014-08-10 18:55:00+00:00,1.0910313,1.8338151,1.5348393,59,76,25,42,-0.4403646,0.6492188
24,2014-08-10 18:55:00+00:00,1.1870542,1.4769,1.4116552,59,76,42,59,-0.20000002,0.6265625
24,2014-08-10 18:55:00+00:00,1.362015,1.4544326,1.6331222,59,76,76,93,0.39713544,0.64531255
24,2014-08-10 18:55:00+00:00,1.2839811,1.1438527,1.1469917,59,76,93,110,0.7083333,0.64335936
24,2014-08-10 18:55:00+00:00,1.1734213,0.9363805,1.0576168,59,76,110,121,0.9166666,0.67499995
25,2014-08-13 17:50:00+00:00,3.3710582,1.5315403,1.8276455,8,25,93,110,0.68333334,-0.5605469
25,2014-08-13 17:50:00+00:00,3.7985733,2.3780231,2.6887949,25,42,42,59,-0.16171876,-0.14960937
25,2014-08-13 17:50:00+00:00,3.0207515,2.5731544,2.8893774,25,42,76,93,0.41197917,-0.16484375
25,2014-08-13 17:50:00+00:00,2.5353558,1.9365054,2.1326275,25,42,93,110,0.68333334,-0.175
25,2014-08-13 17:50:00+00:00,2.2734444,1.8527942,2.0785348,25,42,110,121,0.9166666,-0.175
25,2014-08-13 17:50:00+00:00,4.3707466,2.4139206,2.5611079,42,59,8,25,-0.72187495,0.24804688
25,2014-08-13 17:50:00+00:00,3.734083,2.8290594,3.0553606,42,59,25,42,-0.45,0.25
25,2014-08-13 17:50:00+00:00,3.140698,2.3562188,2.7274528,42,59,42,59,-0.16666667,0.25
25,2014-08-13 17:50:00+00:00,2.7461681,1.391132,2.4709787,42,59,59,76,0.120572925,0.25273436
25,2014-08-13 17:50:00+00:00,2.30584,1.8233104,2.0171874,42,59,93,110,0.68333334,0.25
25,2014-08-13 17:50:00+00:00,2.1425145,1.6772918,1.9681314,42,59,110,121,0.9166666,0.25
25,2014-08-13 17:50:00+00:00,2.8249955,3.417587,2.993467,59,76,25,42,-0.44166666,0.6484375
25,2014-08-13 17:50:00+00:00,2.4978766,1.9809996,2.5776908,59,76,59,76,0.13151042,0.6117188
25,2014-08-13 17:50:00+00:00,2.5410357,2.9823997,3.0031645,59,76,76,93,0.39114583,0.6359376
25,2014-08-13 17:50:00+00:00,1.8956177,2.196658,2.1837583,59,76,110,121,0.9166666,0.67499995
26,2014-08-17 19:00:00+00:00,1.5453671,1.049297,1.2263219,59,76,110,121,0.91223955,0.7007812
27,2014-08-18 18:05:00+00:00,2.8268437,1.0902269,1.2903128,42,59,8,25,-0.7265625,0.24257812
27,2014-08-18 18:05:00+00:00,1.657228,1.2225688,1.5452911,42,59,25,42,-0.47135416,0.24023438
27,2014-08-18 18:05:00+00:00,1.5269301,1.1226941,1.3518411,42,59,42,59,-0.16666667,0.25
27,2014-08-18 18:05:00+00:00,1.2216457,1.7774473,1.451183,59,76,25,42,-0.4372396,0.65
27,2014-08-18 18:05:00+00:00,1.3372432,1.5794535,1.3922063,59,76,42,59,-0.18125,0.62187505
27,2014-08-18 18:05:00+00:00,1.3787966,0.62340695,1.1822565,59,76,59,76,0.124479175,0.6085937
27,2014-08-18 18:05:00+00:00,1.5284799,1.5427027,1.7777644,59,76,76,93,0.3934896,0.6425781
27,2014-08-18 18:05:00+00:00,1.3821404,1.2612153,1.2872453,59,76,93,110,0.7085937,0.6429688
27,2014-08-18 18:05:00+00:00,1.26538,1.0102035,1.1501607,59,76,110,121,0.9166666,0.67499995
28,2014-08-25 18:15:00+00:00,2.514214,1.6795517,1.8291092,25,42,42,59,-0.15442708,-0.15546875
28,2014-08-25 18:15:00+00:00,2.6899383,1.9485708,2.178755,25,42,76,93,0.4088542,-0.16640624
28,2014-08-25 18:15:00+00:00,2.1158388,1.4008187,1.5944676,25,42,93,110,0.6822917,-0.16875
28,2014-08-25 18:15:00+00:00,3.0568748,1.6324849,1.7031565,42,59,8,25,-0.7367187,0.23984376
28,2014-08-25 18:15:00+00:00,2.453036,1.8681629,2.1449964,42,59,25,42,-0.45,0.25
28,2014-08-25 18:15:00+00:00,1.9771061,1.6371393,1.9065472,42,59,42,59,-0.16666667,0.25
28,2014-08-25 18:15:00+00:00,2.3381395,0.70584404,1.6617635,42,59,59,76,0.11692709,0.25312498
28,2014-08-25 18:15:00+00:00,2.04386,1.2065552,1.5862199,42,59,93,110,0.68333334,0.25
28,2014-08-25 18:15:00+00:00,1.8957272,1.1187984,1.4914525,42,59,110,121,0.9166666,0.25
28,2014-08-25 18:15:00+00:00,1.9197409,2.489934,2.061097,59,76,25,42,-0.43828124,0.6496094
28,2014-08-25 18:15:00+00:00,1.8331746,2.2261167,1.9845778,59,76,42,59,-0.17838542,0.6199219
28,2014-08-25 18:15:00+00:00,1.9375006,2.2262545,2.344742,59,76,76,93,0.39973956,0.64453125
28,2014-08-25 18:15:00+00:00,1.6827462,1.8978692,1.8074926,59,76,93,110,0.7111979,0.64140624
28,2014-08-25 18:15:00+00:00,1.5675129,1.561215,1.6642008,59,76,110,121,0.9166666,0.67499995
29,2014-08-26 18:55:00+00:00,2.0350418,0.9688531,1.3110542,8,25,93,110,0.68437505,-0.5558594
29,2014-08-26 18:55:00+00:00,2.4329908,1.6115459,1.868136,25,42,42,59,-0.14895833,-0.16210938
29,2014-08-26 18:55:00+00:00,2.7433393,2.1596322,2.239007,25,42,76,93,0.4138021,-0.16796875
29,2014-08-26 18:55:00+00:00,2.226823,1.4156578,1.5885023,25,42,93,110,0.68333334,-0.175
29,2014-08-26 18:55:00+00:00,1.7772651,1.3770573,1.487542,25,42,110,121,0.9166666,-0.175
29,2014-08-26 18:55:00+00:00,2.2718508,1.9137717,2.2209692,42,59,25,42,-0.43385416,0.23984376
29,2014-08-26 18:55:00+00:00,2.218225,0.733429,1.7089595,42,59,59,76,0.12760416,0.25
29,2014-08-26 18:55:00+00:00,2.0009272,1.2309487,1.564775,42,59,93,110,0.68333334,0.25
29,2014-08-26 18:55:00+00:00,1.930791,1.1416832,1.4696485,42,59,110,121,0.9166666,0.25
29,2014-08-26 18:55:00+00:00,2.033474,2.3556883,2.4407315,59,76,76,93,0.39947915,0.64453125
29,2014-08-26 18:55:00+00:00,1.7587044,1.9341422,1.8200111,59,76,93,110,0.6976563,0.6441406
29,2014-08-26 18:55:00+00:00,1.4492342,1.5761647,1.663726,59,76,110,121,0.9166666,0.67499995
30,2014-08-27 18:00:00+00:00,1.748828,0.9790863,1.2017202,25,42,93,110,0.68177086,-0.17421874
30,2014-08-27 18:00:00+00:00,1.363656,1.072607,1.1125724,25,42,110,121,0.9148438,-0.16757813
30,2014-08-27 18:00:00+00:00,2.604171,1.0552261,1.2211804,42,59,8,25,-0.7231771,0.24921875
30,2014-08-27 18:00:00+00:00,1.7943137,0.40121207,1.0476632,42,59,59,76,0.12552084,0.240625
30,2014-08-27 18:00:00+00:00,1.5173537,0.7298538,1.1596596,42,59,93,110,0.68125,0.24804688
30,2014-08-27 18:00:00+00:00,1.5665635,0.7514579,1.0663692,42,59,110,121,0.9166666,0.25
31,2014-08-28 18:45:00+00:00,3.359993,2.2457285,2.45848,25,42,42,59,-0.16067709,-0.15390626
31,2014-08-28 18:45:00+00:00,4.213802,2.3410892,2.5224445,42,59,8,25,-0.72760415,0.24140625
31,2014-08-28 18:45:00+00:00,3.115383,2.6800942,2.9605918,42,59,25,42,-0.45,0.25
31,2014-08-28 18:45:00+00:00,2.6270437,2.4099526,2.5898807,42,59,42,59,-0.175,0.24375
31,2014-08-28 18:45:00+00:00,2.2578716,1.7451993,2.0793715,42,59,93,110,0.6867187,0.26796874
31,2014-08-28 18:45:00+00:00,2.5008228,1.5441748,1.9791863,42,59,110,121,0.9125,0.2515625
31,2014-08-28 18:45:00+00:00,2.6178308,2.9646556,3.0548995,59,76,76,93,0.3986979,0.6449219
31,2014-08-28 18:45:00+00:00,2.279166,2.4357643,2.330736,59,76,93,110,0.7085937,0.64140624
31,2014-08-28 18:45:00+00:00,1.8514695,2.165332,2.172674,59,76,110,121,0.9166666,0.67499995
32,2014-09-03 18:05:00+00:00,2.83058,2.6383655,2.6836078,25,42,76,93,0.4119792,-0.17265625
32,2014-09-03 18:05:00+00:00,1.9390426,1.7456496,1.8737609,25,42,93,110,0.68333334,-0.175
32,2014-09-03 18:05:00+00:00,1.3435707,1.8404222,1.8468401,25,42,110,121,0.9166666,-0.175
32,2014-09-03 18:05:00+00:00,2.785842,2.6263525,2.9796593,42,59,25,42,-0.45052084,0.25078124
32,2014-09-03 18:05:00+00:00,2.6820383,2.1155427,2.5613775,42,59,42,59,-0.16666667,0.25
32,2014-09-03 18:05:00+00:00,3.0759163,0.8735038,2.1487565,42,59,59,76,0.11901042,0.25507814
32,2014-09-03 18:05:00+00:00,3.2311318,1.6925714,2.1465697,42,59,93,110,0.68333334,0.25
32,2014-09-03 18:05:00+00:00,3.2474813,1.7500604,2.148858,42,59,110,121,0.9166666,0.25
32,2014-09-03 18:05:00+00:00,3.4490826,3.300427,3.0853913,59,76,25,42,-0.4434896,0.646875
32,2014-09-03 18:05:00+00:00,2.4939673,2.6480477,2.7307413,59,76,42,59,-0.17838542,0.62109375
32,2014-09-03 18:05:00+00:00,2.5002475,1.095696,2.2854285,59,76,59,76,0.12994792,0.615625
32,2014-09-03 18:05:00+00:00,2.4986577,3.1032937,3.2937343,59,76,76,93,0.3955729,0.64453125
32,2014-09-03 18:05:00+00:00,2.54314,2.4656706,2.5510812,59,76,93,110,0.703125,0.6472656
32,2014-09-03 18:05:00+00:00,3.058481,2.50339,2.5146582,59,76,110,121,0.9166666,0.67499995
33,2014-09-04 18:50:00+00:00,3.273305,3.019729,3.0190501,25,42,76,93,0.41458333,-0.17265625
33,2014-09-04 18:50:00+00:00,2.0746162,2.1685882,2.087734,25,42,93,110,0.6893229,-0.16835937
33,2014-09-04 18:50:00+00:00,1.4901983,2.051721,2.0612996,25,42,110,121,0.9166666,-0.175
33,2014-09-04 18:50:00+00:00,3.4357157,2.2132978,2.472407,42,59,93,110,0.6963542,0.23867187
33,2014-09-04 18:50:00+00:00,3.121584,2.082969,2.4143553,42,59,110,121,0.9145833,0.240625
33,2014-09-04 18:50:00+00:00,2.8980482,2.6724858,2.7790022,59,76,93,110,0.70703125,0.6507813
34,2014-09-07 17:40:00+00:00,2.030106,1.0092534,1.4291195,8,25,93,110,0.6822917,-0.5636718
34,2014-09-07 17:40:00+00:00,2.083631,1.8609506,1.5076412,8,25,110,121,0.9138021,-0.52812505
34,2014-09-07 17:40:00+00:00,3.4439008,2.3012695,2.238071,25,42,42,59,-0.16302083,-0.15820312
34,2014-09-07 17:40:00+00:00,2.5605128,2.7754006,2.5768783,25,42,76,93,0.41458333,-0.16679688
34,2014-09-07 17:40:00+00:00,1.979162,1.6742327,1.7859197,25,42,93,110,0.68333334,-0.175
34,2014-09-07 17:40:00+00:00,1.7481984,1.8382665,1.8017197,25,42,110,121,0.9166666,-0.175
34,2014-09-07 17:40:00+00:00,4.071545,2.5094557,2.6435895,42,59,8,25,-0.7213541,0.23632812
34,2014-09-07 17:40:00+00:00,3.1563947,2.6258276,2.96473,42,59,25,42,-0.45,0.25
34,2014-09-07 17:40:00+00:00,2.7185042,2.0971584,2.5016286,42,59,42,59,-0.16666667,0.25
34,2014-09-07 17:40:00+00:00,2.9437418,0.8371666,2.090926,42,59,59,76,0.11640625,0.253125
34,2014-09-07 17:40:00+00:00,2.8354018,1.6307223,2.0119116,42,59,93,110,0.68437505,0.24921876
34,2014-09-07 17:40:00+00:00,2.079617,1.744734,2.065438,42,59,110,121,0.9166666,0.25
34,2014-09-07 17:40:00+00:00,3.4651926,3.3082101,3.1029627,59,76,25,42,-0.43880206,0.6484375
34,2014-09-07 17:40:00+00:00,2.960661,2.5085707,2.4972086,59,76,110,121,0.9166666,0.67499995
35,2014-09-08 18:25:00+00:00,4.190935,2.4920363,2.7604961,25,42,42,59,-0.15208334,-0.15546875
35,2014-09-08 18:25:00+00:00,2.9046018,2.9629602,3.0080228,25,42,76,93,0.41328126,-0.16992188
35,2014-09-08 18:25:00+00:00,1.6026249,1.8855925,2.0722232,25,42,93,110,0.68333334,-0.175
35,2014-09-08 18:25:00+00:00,0.74561155,1.9576634,2.0531776,25,42,110,121,0.9166666,-0.175
35,2014-09-08 18:25:00+00:00,4.4244423,3.1290846,3.1499245,42,59,8,25,-0.7231771,0.240625
35,2014-09-08 18:25:00+00:00,4.0546846,3.1474283,3.562914,42,59,25,42,-0.44583333,0.25078124
35,2014-09-08 18:25:00+00:00,3.4247885,2.578121,3.114331,42,59,42,59,-0.16666667,0.25
35,2014-09-08 18:25:00+00:00,3.5410366,1.274554,2.7165003,42,59,59,76,0.11536459,0.25625
35,2014-09-08 18:25:00+00:00,3.3449626,1.9673072,2.3893347,42,59,93,110,0.68333334,0.25
35,2014-09-08 18:25:00+00:00,1.4707277,1.9962957,2.40776,42,59,110,121,0.9166666,0.25
35,2014-09-08 18:25:00+00:00,3.6994338,3.691523,3.7107875,59,76,25,42,-0.43359375,0.65117186
35,2014-09-08 18:25:00+00:00,3.1215243,3.1322346,3.425654,59,76,42,59,-0.17864583,0.6285156
35,2014-09-08 18:25:00+00:00,3.248,1.59514,3.0206401,59,76,59,76,0.12786458,0.61640626
35,2014-09-08 18:25:00+00:00,3.552597,3.595618,3.7388399,59,76,76,93,0.3986979,0.6539063
35,2014-09-08 18:25:00+00:00,3.3378928,2.8290434,2.92585,59,76,93,110,0.7052083,0.6464844
35,2014-09-08 18:25:00+00:00,3.192857,2.875216,2.878385,59,76,110,121,0.9166666,0.67499995
36,2014-09-16 17:35:00+00:00,1.5718966,1.1289195,1.5491915,42,59,110,121,0.9091146,0.25117186
36,2014-09-16 17:35:00+00:00,1.2967646,1.8807799,1.8489319,59,76,110,121,0.92057294,0.6707031
37,2014-09-16 19:15:00+00:00,2.7014334,1.87169,2.010052,25,42,42,59,-0.15911457,-0.15117186
37,2014-09-16 19:15:00+00:00,2.5271463,2.104795,2.3824763,42,59,25,42,-0.45,0.25
37,2014-09-16 19:15:00+00:00,2.4682903,1.7943182,2.0972521,42,59,42,59,-0.16666667,0.25
37,2014-09-16 19:15:00+00:00,2.631903,0.83278406,1.8132672,42,59,59,76,0.11354166,0.25429687
37,2014-09-16 19:15:00+00:00,2.0691526,1.3537264,1.544188,42,59,93,110,0.69348955,0.2550781
37,2014-09-16 19:15:00+00:00,1.7908504,1.1983856,1.5521901,42,59,110,121,0.9135417,0.25390625
37,2014-09-16 19:15:00+00:00,1.2319388,1.7881106,1.8236905,59,76,110,121,0.9166666,0.67499995
38,2014-09-17 18:20:00+00:00,2.3305519,2.064638,2.1573489,25,42,76,93,0.40677083,-0.1640625
38,2014-09-17 18:20:00+00:00,1.8335019,1.3678412,1.5998838,25,42,93,110,0.68333334,-0.175
38,2014-09-17 18:20:00+00:00,1.5695139,1.5023838,1.5950241,25,42,110,121,0.9166666,-0.175
38,2014-09-17 18:20:00+00:00,3.8801017,1.9001033,2.012275,42,59,8,25,-0.726302,0.240625
38,2014-09-17 18:20:00+00:00,2.5061026,2.0487275,2.3407142,42,59,25,42,-0.45,0.25
38,2014-09-17 18:20:00+00:00,2.4381292,1.8359354,2.0965266,42,59,42,59,-0.16666667,0.25
38,2014-09-17 18:20:00+00:00,2.484088,0.7882344,1.7824382,42,59,59,76,0.11692709,0.25312498
38,2014-09-17 18:20:00+00:00,2.3320315,1.2346457,1.6483886,42,59,93,110,0.68333334,0.25
38,2014-09-17 18:20:00+00:00,2.0389392,1.3337703,1.677635,42,59,110,121,0.9166666,0.25
38,2014-09-17 18:20:00+00:00,2.3416474,2.771787,2.5383422,59,76,25,42,-0.43880206,0.6492188
38,2014-09-17 18:20:00+00:00,2.275822,2.440319,2.3814,59,76,42,59,-0.18229166,0.62421876
38,2014-09-17 18:20:00+00:00,2.3434625,1.3555603,2.0690932,59,76,59,76,0.12291667,0.60898435
38,2014-09-17 18:20:00+00:00,2.4283202,2.533547,2.6346853,59,76,76,93,0.39947915,0.64453125
38,2014-09-17 18:20:00+00:00,2.3220432,2.1636162,2.1020389,59,76,93,110,0.7075521,0.6421875
38,2014-09-17 18:20:00+00:00,1.9970847,2.0071008,2.0619974,59,76,110,121,0.9166666,0.67499995
39,2014-09-18 19:00:00+00:00,2.6122997,1.6913,1.6349329,25,42,42,59,-0.16380209,-0.15703124
39,2014-09-18 19:00:00+00:00,1.7017524,1.152324,1.3436314,25,42,93,110,0.6825521,-0.17070313
39,2014-09-18 19:00:00+00:00,1.4941936,1.3029473,1.3092076,25,42,110,121,0.9203125,-0.1609375
39,2014-09-18 19:00:00+00:00,2.8818588,1.3080447,1.380561,42,59,8,25,-0.7421875,0.23906249
39,2014-09-18 19:00:00+00:00,2.0873985,1.6707214,1.8705535,42,59,25,42,-0.45,0.25
39,2014-09-18 19:00:00+00:00,2.0205114,1.4459208,1.6376721,42,59,42,59,-0.16510418,0.25117186
39,2014-09-18 19:00:00+00:00,1.9080964,0.56706125,1.3526081,42,59,59,76,0.12552084,0.2589844
39,2014-09-18 19:00:00+00:00,1.6936288,0.95542055,1.2403669,42,59,93,110,0.68333334,0.25
39,2014-09-18 19:00:00+00:00,1.3821094,0.9360512,1.2072972,42,59,110,121,0.9166666,0.25
40,2014-09-19 18:05:00+00:00,2.3244302,1.5791428,1.6348877,25,42,42,59,-0.1578125,-0.15742187
40,2014-09-19 18:05:00+00:00,2.1104238,2.1761773,2.0821567,25,42,76,93,0.4138021,-0.17304687
40,2014-09-19 18:05:00+00:00,1.3393421,1.3575472,1.3172412,25,42,110,121,0.9260416,-0.19726562
40,2014-09-19 18:05:00+00:00,3.878966,1.7169553,1.8759224,42,59,8,25,-0.71666664,0.23203126
40,2014-09-19 18:05:00+00:00,2.359587,1.954634,2.200706,42,59,25,42,-0.45,0.25
40,2014-09-19 18:05:00+00:00,2.1176777,1.4962229,1.7753477,42,59,42,59,-0.16927084,0.25078124
40,2014-09-19 18:05:00+00:00,2.0729246,0.6203952,1.4283704,42,59,59,76,0.110677086,0.2628906
41,2014-09-20 18:50:00+00:00,3.6155922,3.2563345,3.318895,25,42,76,93,0.4111979,-0.16992188
41,2014-09-20 18:50:00+00:00,2.5272543,2.3324928,2.385076,25,42,93,110,0.68333334,-0.175
41,2014-09-20 18:50:00+00:00,2.076935,2.3163393,2.2977684,25,42,110,121,0.9166666,-0.175
41,2014-09-20 18:50:00+00:00,3.433846,1.572075,2.7582073,42,59,59,76,0.119270846,0.2582031
41,2014-09-20 18:50:00+00:00,3.1268966,2.2413378,2.5300164,42,59,93,110,0.68333334,0.25
41,2014-09-20 18:50:00+00:00,2.6074946,2.1892715,2.4586446,42,59,110,121,0.9166666,0.25
42,2014-09-23 17:40:00+00:00,3.896322,2.3291929,2.5616248,25,42,42,59,-0.16145833,-0.1546875
42,2014-09-23 17:40:00+00:00,3.2715826,2.8397453,2.8477411,25,42,76,93,0.4143229,-0.17304689
42,2014-09-23 17:40:00+00:00,2.448196,1.9408716,2.0797212,25,42,93,110,0.68333334,-0.175
42,2014-09-23 17:40:00+00:00,2.2106266,1.9061459,1.9890947,25,42,110,121,0.9166666,-0.175
42,2014-09-23 17:40:00+00:00,4.4847097,2.5065851,2.6639838,42,59,8,25,-0.73046875,0.24609375
42,2014-09-23 17:40:00+00:00,2.9929805,2.8386405,3.1088467,42,59,25,42,-0.45,0.25
42,2014-09-23 17:40:00+00:00,2.8487303,2.2805855,2.7077014,42,59,42,59,-0.16666667,0.25
42,2014-09-23 17:40:00+00:00,3.2161903,1.2912247,2.4904225,42,59,59,76,0.117968746,0.25273436
42,2014-09-23 17:40:00+00:00,2.6386395,1.8203838,2.1579096,42,59,93,110,0.68333334,0.25
42,2014-09-23 17:40:00+00:00,2.4352744,1.7380418,2.0778284,42,59,110,121,0.9166666,0.25
42,2014-09-23 17:40:00+00:00,2.1954386,2.254193,2.2975998,59,76,110,121,0.91276044,0.67460936
43,2014-09-23 19:20:00+00:00,2.8883934,1.2098112,1.657683,8,25,93,110,0.6804688,-0.5609375
43,2014-09-23 19:20:00+00:00,3.8321536,2.3247154,2.5229342,25,42,42,59,-0.1609375,-0.1578125
43,2014-09-23 19:20:00+00:00,3.33406,2.8381908,3.0314353,25,42,76,93,0.40703124,-0.16484375
43,2014-09-23 19:20:00+00:00,2.4133818,2.0471828,2.0748038,25,42,93,110,0.68333334,-0.175
43,2014-09-23 19:20:00+00:00,2.0527947,2.0282955,1.9969457,25,42,110,121,0.9166666,-0.175
43,2014-09-23 19:20:00+00:00,4.498512,2.5694618,2.8115003,42,59,8,25,-0.72473955,0.2421875
43,2014-09-23 19:20:00+00:00,2.8888583,2.9870217,3.2427902,42,59,25,42,-0.45,0.25
43,2014-09-23 19:20:00+00:00,2.8821075,2.2807097,2.744973,42,59,42,59,-0.16666667,0.25
43,2014-09-23 19:20:00+00:00,3.2800639,1.232601,2.4913023,42,59,59,76,0.11328126,0.2566406
43,2014-09-23 19:20:00+00:00,2.578266,1.9235556,2.2145138,42,59,93,110,0.68333334,0.25
43,2014-09-23 19:20:00+00:00,2.3074875,1.8618635,2.147757,42,59,110,121,0.9166666,0.25
43,2014-09-23 19:20:00+00:00,2.9338915,3.4048233,3.14957,59,76,25,42,-0.4361979,0.64414066
43,2014-09-23 19:20:00+00:00,1.9356321,2.426565,2.3792133,59,76,110,121,0.9166666,0.67499995
44,2014-09-24 18:25:00+00:00,3.19044,1.66252,1.9154105,8,25,93,110,0.68906254,-0.5582031
44,2014-09-24 18:25:00+00:00,3.6357791,2.3873568,2.7138236,25,42,42,59,-0.15286459,-0.15546875
44,2014-09-24 18:25:00+00:00,3.521829,3.1408815,3.1180542,25,42,76,93,0.4166667,-0.16796875
44,2014-09-24 18:25:00+00:00,2.575469,2.1576905,2.3044107,25,42,93,110,0.68333334,-0.175
44,2014-09-24 18:25:00+00:00,2.3664732,2.1668684,2.2191837,25,42,110,121,0.9166666,-0.175
44,2014-09-24 18:25:00+00:00,4.3646464,2.7350466,2.8715832,42,59,8,25,-0.7294271,0.240625
44,2014-09-24 18:25:00+00:00,2.710248,3.0515704,3.281603,42,59,25,42,-0.45,0.25
44,2014-09-24 18:25:00+00:00,2.8950078,2.4864485,2.8845608,42,59,42,59,-0.16666667,0.25
44,2014-09-24 18:25:00+00:00,3.4956954,1.4404945,2.6308095,42,59,59,76,0.11979167,0.25234374
44,2014-09-24 18:25:00+00:00,3.0208452,2.06631,2.3892596,42,59,93,110,0.68333334,0.25
44,2014-09-24 18:25:00+00:00,2.796978,2.0374618,2.3213894,42,59,110,121,0.9166666,0.25
44,2014-09-24 18:25:00+00:00,2.891076,3.5439913,3.21985,59,76,25,42,-0.4361979,0.6503906
44,2014-09-24 18:25:00+00:00,2.560025,3.2512705,3.0275302,59,76,42,59,-0.1903646,0.6269531
44,2014-09-24 18:25:00+00:00,2.8855681,3.467339,3.4599636,59,76,76,93,0.3981771,0.6449219
44,2014-09-24 18:25:00+00:00,2.6690733,2.7624574,2.6936586,59,76,93,110,0.71250004,0.6417969
44,2014-09-24 18:25:00+00:00,2.2627428,2.6744225,2.5944383,59,76,110,121,0.9166666,0.67499995
46,2014-09-26 18:15:00+00:00,2.404086,1.3220841,1.6646671,8,25,93,110,0.6848958,-0.55742186
46,2014-09-26 18:15:00+00:00,3.260571,2.2295861,2.4319558,25,42,42,59,-0.153125,-0.15585938
46,2014-09-26 18:15:00+00:00,3.0158052,2.7357903,2.8105164,25,42,76,93,0.4109375,-0.16757813
46,2014-09-26 18:15:00+00:00,2.2687378,1.8313671,2.0213745,25,42,93,110,0.68333334,-0.175
46,2014-09-26 18:15:00+00:00,2.043278,1.8856188,1.9521714,25,42,110,121,0.9166666,-0.175
46,2014-09-26 18:15:00+00:00,2.4320004,2.7344933,2.973531,42,59,25,42,-0.4533854,0.25078124
46,2014-09-26 18:15:00+00:00,2.720778,2.2388678,2.603664,42,59,42,59,-0.16666667,0.25
46,2014-09-26 18:15:00+00:00,3.149864,1.1439252,2.325643,42,59,59,76,0.1140625,0.25390625
46,2014-09-26 18:15:00+00:00,3.4564798,2.571714,3.0274725,42,59,76,93,0.40625,0.26171875
46,2014-09-26 18:15:00+00:00,2.781792,1.7312522,2.1379375,42,59,93,110,0.68333334,0.25
46,2014-09-26 18:15:00+00:00,2.4184468,1.7486064,2.0917518,42,59,110,121,0.9166666,0.25
46,2014-09-26 18:15:00+00:00,2.016118,3.3071434,3.0256617,59,76,25,42,-0.43697917,0.6503906
46,2014-09-26 18:15:00+00:00,2.385573,2.8730817,2.797589,59,76,42,59,-0.18072918,0.62187505
46,2014-09-26 18:15:00+00:00,2.7546477,3.1577556,3.2867036,59,76,76,93,0.39739582,0.6441406
46,2014-09-26 18:15:00+00:00,2.6733594,2.4928272,2.5112612,59,76,93,110,0.71510416,0.6417969
46,2014-09-26 18:15:00+00:00,2.5411906,2.4457707,2.452416,59,76,110,121,0.9166666,0.67499995
47,2014-09-27 18:55:00+00:00,2.1751459,2.1567104,2.300834,42,59,110,121,0.9200521,0.27304685
47,2014-09-27 18:55:00+00:00,3.145314,2.8252835,2.679973,59,76,93,110,0.7054688,0.64765626
47,2014-09-27 18:55:00+00:00,2.9914021,2.7688,2.7211072,59,76,110,121,0.9166666,0.67499995
48,2014-09-29 18:45:00+00:00,2.437418,1.2927876,1.5339754,8,25,93,110,0.6822916,-0.5566406
48,2014-09-29 18:45:00+00:00,3.0331078,2.259261,2.6892567,25,42,42,59,-0.15182292,-0.15585938
48,2014-09-29 18:45:00+00:00,2.658652,2.3447754,2.7393959,25,42,76,93,0.40625,-0.16875
48,2014-09-29 18:45:00+00:00,2.1630793,1.6561034,1.8667384,25,42,93,110,0.68333334,-0.175
48,2014-09-29 18:45:00+00:00,1.8658113,1.6371187,1.8501911,25,42,110,121,0.9166666,-0.175
48,2014-09-29 18:45:00+00:00,4.4392295,2.6400414,2.6559515,42,59,8,25,-0.72760415,0.24140625
48,2014-09-29 18:45:00+00:00,3.5362623,2.951519,3.221106,42,59,25,42,-0.45,0.25
48,2014-09-29 18:45:00+00:00,3.7175882,2.3715787,2.8470445,42,59,42,59,-0.16666667,0.25
48,2014-09-29 18:45:00+00:00,3.716128,1.2866166,2.5164106,42,59,59,76,0.11692709,0.25312498
48,2014-09-29 18:45:00+00:00,2.4908965,1.690994,1.8977969,42,59,93,110,0.68333334,0.25
48,2014-09-29 18:45:00+00:00,1.8058436,1.608937,1.905186,42,59,110,121,0.9166666,0.25
48,2014-09-29 18:45:00+00:00,2.137471,3.3717554,3.307893,59,76,25,42,-0.434375,0.6515625
48,2014-09-29 18:45:00+00:00,2.3538735,3.1783276,3.069258,59,76,42,59,-0.18229166,0.6304688
48,2014-09-29 18:45:00+00:00,3.38248,2.8934238,3.1274073,59,76,76,93,0.39479166,0.6496094
48,2014-09-29 18:45:00+00:00,2.5439641,2.5377958,2.336214,59,76,93,110,0.7036458,0.6425781
48,2014-09-29 18:45:00+00:00,2.1174247,2.2861357,2.2574937,59,76,110,121,0.9166666,0.67499995
49,2014-10-12 18:05:00+00:00,4.0116677,2.3762574,2.5498521,25,42,42,59,-0.14869791,-0.15976563
49,2014-10-12 18:05:00+00:00,2.6856153,2.928827,2.9356303,25,42,76,93,0.4078125,-0.16914062
49,2014-10-12 18:05:00+00:00,2.4847448,2.0459366,2.1813607,25,42,93,110,0.68333334,-0.175
49,2014-10-12 18:05:00+00:00,2.4365034,2.2333443,2.1997566,25,42,110,121,0.9158854,-0.17500001
49,2014-10-12 18:05:00+00:00,4.5207634,2.5978308,2.8649414,42,59,8,25,-0.7260417,0.2511719
49,2014-10-12 18:05:00+00:00,3.5897818,2.9425938,3.1857107,42,59,25,42,-0.45078126,0.25039062
49,2014-10-12 18:05:00+00:00,2.707399,2.4247525,2.7615075,42,59,42,59,-0.16666667,0.25
49,2014-10-12 18:05:00+00:00,2.5885785,1.2053999,2.3818657,42,59,59,76,0.11796875,0.25625
49,2014-10-12 18:05:00+00:00,3.236275,1.9650346,2.33106,42,59,93,110,0.68333334,0.25
49,2014-10-12 18:05:00+00:00,2.615956,2.1466148,2.3881984,42,59,110,121,0.9166666,0.25
49,2014-10-12 18:05:00+00:00,3.6484363,3.5663152,3.2510226,59,76,25,42,-0.43359375,0.6542969
49,2014-10-12 18:05:00+00:00,2.5866451,3.175116,3.0067642,59,76,42,59,-0.18411459,0.62617195
49,2014-10-12 18:05:00+00:00,2.2637968,1.4996858,2.5752778,59,76,59,76,0.12526043,0.6191406
49,2014-10-12 18:05:00+00:00,2.8155503,3.5406964,3.4917994,59,76,76,93,0.3955729,0.65000004
49,2014-10-12 18:05:00+00:00,3.1340647,2.7978067,2.7755723,59,76,93,110,0.7075521,0.6484375
49,2014-10-12 18:05:00+00:00,2.414716,2.893255,2.7995536,59,76,110,121,0.9166666,0.67499995
50,2014-10-12 18:10:00+00:00,2.7325208,1.2939849,1.6610653,8,25,93,110,0.68437505,-0.5558594
51,2014-10-12 18:15:00+00:00,3.6366913,2.1883206,2.2180245,25,42,42,59,-0.15963542,-0.15429688
51,2014-10-12 18:15:00+00:00,4.566554,2.2420242,2.6505919,42,59,8,25,-0.7273437,0.24023438
51,2014-10-12 18:15:00+00:00,3.26335,2.7340088,3.0402462,42,59,25,42,-0.45,0.25
51,2014-10-12 18:15:00+00:00,2.3893902,2.10784,2.4910102,42,59,42,59,-0.16666667,0.25
51,2014-10-12 18:15:00+00:00,2.2797039,0.7831219,1.9892085,42,59,59,76,0.11692709,0.25312498
51,2014-10-12 18:15:00+00:00,2.7955234,1.7410265,2.1364741,42,59,93,110,0.68333334,0.25
51,2014-10-12 18:15:00+00:00,2.464482,1.9666831,2.222165,42,59,110,121,0.9166666,0.25
51,2014-10-12 18:15:00+00:00,3.5046864,3.4902158,3.1117876,59,76,25,42,-0.4377604,0.6492188
51,2014-10-12 18:15:00+00:00,2.1491125,2.8228822,2.7392821,59,76,42,59,-0.20026043,0.6269531
51,2014-10-12 18:15:00+00:00,2.4915936,3.3425634,3.309145,59,76,76,93,0.39635417,0.6441406
51,2014-10-12 18:15:00+00:00,2.958209,2.4148576,2.571106,59,76,93,110,0.7101562,0.6421875
51,2014-10-12 18:15:00+00:00,2.296717,2.66577,2.6090987,59,76,110,121,0.9166666,0.67499995
52,2014-10-23 17:55:00+00:00,3.984829,2.4252002,2.7297666,25,42,42,59,-0.15520835,-0.14335938
52,2014-10-23 17:55:00+00:00,3.1132448,2.7682986,3.0366986,25,42,76,93,0.40442705,-0.17304687
52,2014-10-23 17:55:00+00:00,3.1878598,2.2787418,2.488318,25,42,93,110,0.68125,-0.1734375
52,2014-10-23 17:55:00+00:00,2.9681246,2.3886745,2.4745686,25,42,110,121,0.9166666,-0.175
52,2014-10-23 17:55:00+00:00,4.1371226,2.3623235,2.5526903,42,59,8,25,-0.72786456,0.24921876
52,2014-10-23 17:55:00+00:00,2.7852716,2.7368593,2.9366598,42,59,25,42,-0.45,0.25
52,2014-10-23 17:55:00+00:00,3.002534,2.497541,2.6791937,42,59,42,59,-0.16666667,0.25
52,2014-10-23 17:55:00+00:00,2.7329721,1.4988286,2.3479104,42,59,59,76,0.13489583,0.26015624
52,2014-10-23 17:55:00+00:00,2.7478588,2.0274436,2.3070855,42,59,93,110,0.68333334,0.25
52,2014-10-23 17:55:00+00:00,2.211946,3.3923228,2.9150987,59,76,25,42,-0.43697917,0.6542969
52,2014-10-23 17:55:00+00:00,2.2347271,3.225157,2.8030508,59,76,42,59,-0.1734375,0.62187505
52,2014-10-23 17:55:00+00:00,2.4266536,2.1627626,2.5168948,59,76,59,76,0.12473959,0.62421876
52,2014-10-23 17:55:00+00:00,2.5076227,3.2079272,3.0938432,59,76,76,93,0.39505208,0.6492188
52,2014-10-23 17:55:00+00:00,2.5086336,2.903033,2.5784078,59,76,93,110,0.70442706,0.64921874
52,2014-10-23 17:55:00+00:00,2.2623634,2.600339,2.5700815,59,76,110,121,0.9164063,0.67929685
53,2014-10-26 18:25:00+00:00,3.812148,2.517377,2.7221568,25,42,42,59,-0.15625,-0.15273437
53,2014-10-26 18:25:00+00:00,2.9984503,3.038378,3.0006497,25,42,76,93,0.415625,-0.17148438
53,2014-10-26 18:25:00+00:00,3.274341,2.2756078,2.465822,25,42,93,110,0.68333334,-0.175
53,2014-10-26 18:25:00+00:00,2.9548247,2.4068253,2.4718041,25,42,110,121,0.9166666,-0.175
53,2014-10-26 18:25:00+00:00,3.709019,2.3977818,2.5190206,42,59,8,25,-0.73072916,0.25039062
53,2014-10-26 18:25:00+00:00,2.3408566,2.7586913,2.9172895,42,59,25,42,-0.45078126,0.25039062
53,2014-10-26 18:25:00+00:00,2.5098412,2.520682,2.6627717,42,59,42,59,-0.16666667,0.25
53,2014-10-26 18:25:00+00:00,2.8191426,1.4703192,2.3587723,42,59,59,76,0.11848958,0.25546873
53,2014-10-26 18:25:00+00:00,2.774003,1.9954927,2.2926126,42,59,93,110,0.68333334,0.25
53,2014-10-26 18:25:00+00:00,2.4643285,2.0930645,2.3142374,42,59,110,121,0.9166666,0.25
53,2014-10-26 18:25:00+00:00,2.1094263,3.3770857,2.9677298,59,76,25,42,-0.4348958,0.6570313
53,2014-10-26 18:25:00+00:00,2.113559,3.4572377,2.826627,59,76,42,59,-0.17578125,0.6386719
53,2014-10-26 18:25:00+00:00,2.3264062,2.07842,2.5615907,59,76,59,76,0.12473959,0.61679685
53,2014-10-26 18:25:00+00:00,2.5949385,3.175609,3.1511712,59,76,76,93,0.39479166,0.65625
53,2014-10-26 18:25:00+00:00,2.7218833,2.9406183,2.6362674,59,76,93,110,0.7138021,0.6472656
53,2014-10-26 18:25:00+00:00,2.5378125,2.6956646,2.6312985,59,76,110,121,0.9166666,0.67499995
54,2014-11-11 18:25:00+00:00,2.4532692,1.6700907,1.7235631,25,42,93,110,0.69062495,-0.16367188
54,2014-11-11 18:25:00+00:00,2.0235493,1.2796124,1.6657104,42,59,93,110,0.68333334,0.25
54,2014-11-11 18:25:00+00:00,2.1112049,1.3446592,1.664307,42,59,110,121,0.9166666,0.25
54,2014-11-11 18:25:00+00:00,2.2182739,2.3169038,2.3683264,59,76,76,93,0.39973956,0.63320315
54,2014-11-11 18:25:00+00:00,2.2385192,2.1507604,1.9431494,59,76,93,110,0.7132813,0.64765626
54,2014-11-11 18:25:00+00:00,2.1313927,1.8548999,1.9250853,59,76,110,121,0.9166666,0.67499995
55,2015-05-01 18:01:00+00:00,2.4646325,1.0067244,1.3006822,8,25,93,110,0.68385416,-0.5628906
55,2015-05-01 18:01:00+00:00,2.4075933,1.7902836,1.9012439,25,42,42,59,-0.15182292,-0.1546875
55,2015-05-01 18:01:00+00:00,1.7722826,1.7323077,1.9510306,25,42,76,93,0.40572917,-0.1640625
55,2015-05-01 18:01:00+00:00,1.7679957,1.2809728,1.5333438,25,42,93,110,0.68333334,-0.175
55,2015-05-01 18:01:00+00:00,1.8278668,1.3225468,1.5015216,25,42,110,121,0.9166666,-0.175
55,2015-05-01 18:01:00+00:00,2.4307678,1.8185265,2.0643454,42,59,25,42,-0.43828127,0.2421875
55,2015-05-01 18:01:00+00:00,2.0458584,1.7593911,1.940666,42,59,42,59,-0.16666667,0.25
55,2015-05-01 18:01:00+00:00,2.039574,0.7154902,1.6055406,42,59,59,76,0.11953125,0.25585938
55,2015-05-01 18:01:00+00:00,1.8605207,0.87839454,1.5082147,42,59,93,110,0.6643229,0.24140625
55,2015-05-01 18:01:00+00:00,1.9543067,1.1976166,1.4850912,42,59,110,121,0.9174479,0.24179687
55,2015-05-01 18:01:00+00:00,2.0591042,2.4159064,2.22317,59,76,42,59,-0.17630208,0.61679685
55,2015-05-01 18:01:00+00:00,2.2147286,1.1416209,1.8961307,59,76,59,76,0.13098958,0.6199219
55,2015-05-01 18:01:00+00:00,2.2420332,2.0764377,2.276097,59,76,76,93,0.39973956,0.63750005
55,2015-05-01 18:01:00+00:00,1.9911976,1.6696095,1.7999452,59,76,110,121,0.9169271,0.6769531
56,2015-05-01 18:05:00+00:00,2.4646325,0.9771399,1.2963697,8,25,93,110,0.68385416,-0.5628906
56,2015-05-01 18:05:00+00:00,2.4075933,1.7706792,1.9129951,25,42,42,59,-0.15182292,-0.1546875
56,2015-05-01 18:05:00+00:00,1.7722826,1.7383052,2.0018733,25,42,76,93,0.40572917,-0.1640625
56,2015-05-01 18:05:00+00:00,1.7679957,1.2872633,1.544709,25,42,93,110,0.68333334,-0.175
56,2015-05-01 18:05:00+00:00,1.8278668,1.3188413,1.506716,25,42,110,121,0.9166666,-0.175
56,2015-05-01 18:05:00+00:00,2.0194035,1.7636964,1.931109,42,59,42,59,-0.16666667,0.25
56,2015-05-01 18:05:00+00:00,2.037281,0.7460456,1.6249658,42,59,59,76,0.11953125,0.25585938
56,2015-05-01 18:05:00+00:00,1.8605207,0.86678916,1.5004838,42,59,93,110,0.6643229,0.24140625
56,2015-05-01 18:05:00+00:00,1.9543067,1.1797715,1.4621357,42,59,110,121,0.9174479,0.24179687
56,2015-05-01 18:05:00+00:00,2.1865528,1.1751425,1.8918632,59,76,59,76,0.13098958,0.6199219
56,2015-05-01 18:05:00+00:00,1.9870125,1.6341242,1.7559462,59,76,110,121,0.9169271,0.6769531
58,2015-05-02 18:50:00+00:00,2.4845226,1.2061197,1.4465785,8,25,93,110,0.6875,-0.5582031
58,2015-05-02 18:50:00+00:00,2.7027712,1.384177,1.4574128,8,25,110,121,0.9166667,-0.525
58,2015-05-02 18:50:00+00:00,2.7065663,2.067436,2.0328734,25,42,42,59,-0.16119792,-0.153125
58,2015-05-02 18:50:00+00:00,1.9034309,2.0795999,2.193533,25,42,76,93,0.41770834,-0.16640624
58,2015-05-02 18:50:00+00:00,1.8451204,1.4348857,1.7013854,25,42,93,110,0.68333334,-0.175
58,2015-05-02 18:50:00+00:00,1.899037,1.4264518,1.6327773,25,42,110,121,0.9166666,-0.175
58,2015-05-02 18:50:00+00:00,3.4128451,1.8725952,1.8701696,42,59,8,25,-0.7447917,0.23906252
58,2015-05-02 18:50:00+00:00,2.1278791,1.9417474,2.2232966,42,59,25,42,-0.45,0.25078124
58,2015-05-02 18:50:00+00:00,2.0944824,1.8757887,2.1011498,42,59,42,59,-0.16666667,0.25
58,2015-05-02 18:50:00+00:00,2.1390855,0.8780428,1.8430289,42,59,59,76,0.12473959,0.25234374
58,2015-05-02 18:50:00+00:00,1.944468,1.2675561,1.6578691,42,59,93,110,0.68333334,0.25
58,2015-05-02 18:50:00+00:00,2.0945413,1.2062777,1.6072695,42,59,110,121,0.9166666,0.25
58,2015-05-02 18:50:00+00:00,2.3454854,2.586016,2.3593972,59,76,25,42,-0.4377604,0.64453125
58,2015-05-02 18:50:00+00:00,2.2404745,2.4705582,2.3186474,59,76,42,59,-0.17994793,0.62226564
58,2015-05-02 18:50:00+00:00,2.2831886,2.2792568,2.4715235,59,76,76,93,0.40182292,0.6398438
58,2015-05-02 18:50:00+00:00,1.9979991,2.222008,2.0121524,59,76,93,110,0.70911455,0.64375
58,2015-05-02 18:50:00+00:00,2.0399435,1.7680693,1.8961079,59,76,110,121,0.9166666,0.67499995
59,2015-05-03 17:55:00+00:00,1.6168848,1.2223941,1.5346141,25,42,93,110,0.6817708,-0.1734375
59,2015-05-03 17:55:00+00:00,1.6662993,1.2195183,1.4800214,25,42,110,121,0.9166666,-0.175
59,2015-05-03 17:55:00+00:00,2.1386235,1.6495854,1.9709612,42,59,25,42,-0.4348958,0.26093748
59,2015-05-03 17:55:00+00:00,2.07254,1.7012283,1.8997455,42,59,42,59,-0.16770834,0.2566406
59,2015-05-03 17:55:00+00:00,2.0673296,0.87507236,1.6524147,42,59,59,76,0.12161458,0.26054686
59,2015-05-03 17:55:00+00:00,1.704316,1.096901,1.3954581,42,59,93,110,0.68333334,0.25
59,2015-05-03 17:55:00+00:00,1.8308792,1.017053,1.3609688,42,59,110,121,0.9166666,0.25
59,2015-05-03 17:55:00+00:00,1.8045683,1.5117657,1.6571081,59,76,110,121,0.9166666,0.67499995
60,2015-05-07 19:10:00+00:00,2.496789,1.1607811,1.47196,8,25,93,110,0.68072915,-0.55976564
60,2015-05-07 19:10:00+00:00,2.6632757,1.3391675,1.502811,8,25,110,121,0.9140625,-0.5335938
60,2015-05-07 19:10:00+00:00,3.1435905,1.9277374,2.1241171,25,42,42,59,-0.15182292,-0.14960937
60,2015-05-07 19:10:00+00:00,2.174549,2.018889,2.2128668,25,42,76,93,0.41458333,-0.16523439
60,2015-05-07 19:10:00+00:00,1.7993362,1.4377182,1.705855,25,42,93,110,0.68333334,-0.175
60,2015-05-07 19:10:00+00:00,1.9634966,1.4362594,1.6703225,25,42,110,121,0.9166666,-0.175
60,2015-05-07 19:10:00+00:00,3.6240208,1.8818892,1.9320354,42,59,8,25,-0.72005206,0.23828125
60,2015-05-07 19:10:00+00:00,2.5586417,2.0621002,2.2963364,42,59,25,42,-0.4518229,0.25195312
60,2015-05-07 19:10:00+00:00,2.284827,1.9166082,2.1412103,42,59,42,59,-0.16666667,0.25
60,2015-05-07 19:10:00+00:00,2.096813,0.9704039,1.8720436,42,59,59,76,0.11562501,0.2566406
60,2015-05-07 19:10:00+00:00,1.8719199,1.2756246,1.5789849,42,59,93,110,0.68333334,0.25
60,2015-05-07 19:10:00+00:00,1.8865079,1.2193248,1.5615627,42,59,110,121,0.9166666,0.25
60,2015-05-07 19:10:00+00:00,2.4317164,2.6830895,2.4292018,59,76,42,59,-0.18385416,0.62070316
60,2015-05-07 19:10:00+00:00,2.3580244,2.326082,2.448691,59,76,76,93,0.3955729,0.63750005
60,2015-05-07 19:10:00+00:00,1.7864465,1.7963108,1.8966618,59,76,110,121,0.9166666,0.67499995
61,2015-05-11 18:45:00+00:00,2.1511047,2.0200264,2.1915753,25,42,76,93,0.41015625,-0.165625
61,2015-05-11 18:45:00+00:00,1.8840727,1.6108675,1.6460495,25,42,93,110,0.69166666,-0.16445312
61,2015-05-11 18:45:00+00:00,1.8734009,1.4780252,1.6650527,25,42,110,121,0.9135417,-0.17382812
61,2015-05-11 18:45:00+00:00,2.175652,0.9294839,1.718375,42,59,59,76,0.11510417,0.26796874
61,2015-05-11 18:45:00+00:00,2.0770667,1.280822,1.5764349,42,59,93,110,0.68333334,0.25
61,2015-05-11 18:45:00+00:00,1.9004371,1.2928271,1.5931994,42,59,110,121,0.9166666,0.25
61,2015-05-11 18:45:00+00:00,2.253181,2.3755524,2.5106735,59,76,76,93,0.3984375,0.6339844
61,2015-05-11 18:45:00+00:00,1.8677166,1.8965079,1.9376254,59,76,110,121,0.9166666,0.67499995
62,2015-05-23 19:10:00+00:00,2.9218802,1.8845412,1.9780265,25,42,42,59,-0.15807292,-0.15234375
62,2015-05-23 19:10:00+00:00,2.4881907,2.0379906,2.1321332,25,42,76,93,0.41510418,-0.16484375
62,2015-05-23 19:10:00+00:00,1.8988919,1.3953766,1.6279562,25,42,93,110,0.68333334,-0.175
62,2015-05-23 19:10:00+00:00,1.7624403,1.3962234,1.5777661,25,42,110,121,0.9166666,-0.175
62,2015-05-23 19:10:00+00:00,3.173648,1.7102642,1.8140126,42,59,8,25,-0.7216146,0.23671876
62,2015-05-23 19:10:00+00:00,2.217468,1.9756436,2.201607,42,59,25,42,-0.4533854,0.25078124
62,2015-05-23 19:10:00+00:00,2.1503327,1.7799345,1.9978803,42,59,42,59,-0.16666667,0.25
62,2015-05-23 19:10:00+00:00,2.155489,0.8074869,1.7100141,42,59,59,76,0.116666675,0.25
62,2015-05-23 19:10:00+00:00,1.9877089,1.216881,1.5179363,42,59,93,110,0.68333334,0.25
62,2015-05-23 19:10:00+00:00,1.7939003,1.1615442,1.4841805,42,59,110,121,0.9166666,0.25
62,2015-05-23 19:10:00+00:00,2.0602076,2.4953744,2.2230482,59,76,42,59,-0.17708333,0.61679685
62,2015-05-23 19:10:00+00:00,1.6283692,1.6625245,1.7608793,59,76,110,121,0.9166666,0.67499995
63,2015-06-03 18:50:00+00:00,2.7252965,2.0949624,2.0217352,25,42,110,121,0.9213542,-0.15390626
63,2015-06-03 18:50:00+00:00,2.1539173,1.0177368,1.9313178,42,59,59,76,0.11692709,0.2535156
63,2015-06-03 18:50:00+00:00,2.4158165,1.7801478,1.9996206,42,59,110,121,0.91796875,0.2667969
63,2015-06-03 18:50:00+00:00,2.894806,3.0166852,2.606738,59,76,25,42,-0.43880206,0.6449219
63,2015-06-03 18:50:00+00:00,2.3981426,2.795743,2.487201,59,76,42,59,-0.18020833,0.62187505
63,2015-06-03 18:50:00+00:00,2.5025494,2.8372145,2.8089473,59,76,76,93,0.39296874,0.6433594
63,2015-06-03 18:50:00+00:00,2.2915857,2.3223908,2.3370578,59,76,110,121,0.9166666,0.67499995
64,2015-06-10 18:55:00+00:00,2.4577103,2.253048,2.396716,25,42,76,93,0.4114583,-0.1640625
64,2015-06-10 18:55:00+00:00,2.118571,1.6216625,1.8465823,25,42,93,110,0.68333334,-0.175
64,2015-06-10 18:55:00+00:00,1.9888095,1.6857078,1.8381374,25,42,110,121,0.9166666,-0.175
64,2015-06-10 18:55:00+00:00,2.8099015,2.2764506,2.4695802,42,59,25,42,-0.45,0.25
64,2015-06-10 18:55:00+00:00,2.3654099,2.1150658,2.2040389,42,59,42,59,-0.17552084,0.25742185
64,2015-06-10 18:55:00+00:00,2.1734276,1.0244986,1.8788453,42,59,59,76,0.12578125,0.27539062
64,2015-06-10 18:55:00+00:00,1.9828321,1.439551,1.7055471,42,59,93,110,0.68333334,0.25
64,2015-06-10 18:55:00+00:00,1.9743063,1.4538008,1.7172278,42,59,110,121,0.9166666,0.25
64,2015-06-10 18:55:00+00:00,2.4173567,2.7877893,2.4910686,59,76,42,59,-0.18020834,0.61875
64,2015-06-10 18:55:00+00:00,2.4001393,2.632042,2.6257484,59,76,76,93,0.39140624,0.6425781
64,2015-06-10 18:55:00+00:00,1.8820099,2.0040693,2.0391555,59,76,110,121,0.9166666,0.67499995
65,2015-07-20 18:05:00+00:00,4.3419614,2.4978578,2.704059,25,42,42,59,-0.15572917,-0.15859374
65,2015-07-20 18:05:00+00:00,4.3992343,2.727952,3.0798013,42,59,8,25,-0.7216146,0.24257813
65,2015-07-20 18:05:00+00:00,3.971982,3.0686212,3.3757617,42,59,25,42,-0.45,0.25
65,2015-07-20 18:05:00+00:00,2.5419166,2.5191975,2.9522216,42,59,42,59,-0.16588542,0.25039062
65,2015-07-20 18:05:00+00:00,3.1696975,1.3873272,2.662397,42,59,59,76,0.1171875,0.25507814
65,2015-07-20 18:05:00+00:00,2.318486,3.604791,3.2213054,59,76,25,42,-0.43854165,0.65
65,2015-07-20 18:05:00+00:00,1.9821141,3.0330412,2.9385045,59,76,42,59,-0.17552084,0.62070316
65,2015-07-20 18:05:00+00:00,2.0176222,3.4631307,3.5555089,59,76,76,93,0.3953125,0.6414063
66,2015-07-21 18:50:00+00:00,2.6180916,1.5686605,1.8386091,8,25,93,110,0.68593746,-0.55859375
66,2015-07-21 18:50:00+00:00,4.4241967,2.5563471,2.8716319,25,42,42,59,-0.16041668,-0.1578125
66,2015-07-21 18:50:00+00:00,2.0322795,2.2120464,2.2010043,25,42,110,121,0.9174479,-0.1734375
66,2015-07-21 18:50:00+00:00,4.544806,2.989583,3.1020367,42,59,8,25,-0.7315104,0.24218749
66,2015-07-21 18:50:00+00:00,3.7892427,3.3702047,3.6416783,42,59,25,42,-0.4583333,0.2550781
66,2015-07-21 18:50:00+00:00,2.8938127,2.3521662,3.1001961,42,59,42,59,-0.15572917,0.2566406
66,2015-07-21 18:50:00+00:00,3.6258996,1.4393923,2.8174195,42,59,59,76,0.11692709,0.25312498
66,2015-07-21 18:50:00+00:00,3.2738805,2.1777468,2.3360357,42,59,93,110,0.70885414,0.26015624
66,2015-07-21 18:50:00+00:00,2.2312906,2.0648715,2.3709276,42,59,110,121,0.9166666,0.25
66,2015-07-21 18:50:00+00:00,2.9282868,3.7057574,3.4332712,59,76,25,42,-0.4375,0.64375
66,2015-07-21 18:50:00+00:00,2.5335748,3.31518,3.140858,59,76,42,59,-0.18359375,0.62460935
66,2015-07-21 18:50:00+00:00,2.40142,3.4474711,3.5866475,59,76,76,93,0.39453125,0.6382813
66,2015-07-21 18:50:00+00:00,2.2816072,2.651409,2.5620615,59,76,110,121,0.9166666,0.67499995
67,2015-07-23 18:35:00+00:00,3.4998567,1.5819573,1.8674427,8,25,93,110,0.68828124,-0.56249994
67,2015-07-23 18:35:00+00:00,4.3476853,2.4294024,2.7967396,25,42,42,59,-0.159375,-0.15703124
67,2015-07-23 18:35:00+00:00,2.5656228,2.3463733,2.3631136,25,42,93,110,0.68333334,-0.175
67,2015-07-23 18:35:00+00:00,2.008665,2.2258093,2.2114365,25,42,110,121,0.9166666,-0.175
67,2015-07-23 18:35:00+00:00,4.1585937,2.8668883,2.9077008,42,59,8,25,-0.7427083,0.23906252
67,2015-07-23 18:35:00+00:00,3.5619826,3.2778661,3.545571,42,59,25,42,-0.45078126,0.24414061
67,2015-07-23 18:35:00+00:00,2.884947,2.4926124,3.0065403,42,59,42,59,-0.16666667,0.25
67,2015-07-23 18:35:00+00:00,3.2015798,1.4167182,2.7429976,42,59,59,76,0.11692709,0.25312498
67,2015-07-23 18:35:00+00:00,3.370802,2.241967,2.507147,42,59,93,110,0.68333334,0.25
67,2015-07-23 18:35:00+00:00,2.1742458,2.0756116,2.3622043,42,59,110,121,0.9166666,0.25
67,2015-07-23 18:35:00+00:00,2.5709474,3.557993,3.5983388,59,76,76,93,0.39635417,0.6441406
67,2015-07-23 18:35:00+00:00,2.5219898,2.7381823,2.7288632,59,76,93,110,0.7059896,0.64453125
67,2015-07-23 18:35:00+00:00,2.2065763,2.631639,2.5425727,59,76,110,121,0.9166666,0.67499995
68,2015-07-27 16:26:00+00:00,3.143611,1.2859505,1.6951929,8,25,93,110,0.6877604,-0.56249994
68,2015-07-27 16:26:00+00:00,4.2944565,1.9577104,2.3363106,25,42,42,59,-0.15078124,-0.159375
68,2015-07-27 16:26:00+00:00,4.3660374,1.2798498,2.2238402,25,42,59,76,0.116666675,-0.16132814
68,2015-07-27 16:26:00+00:00,4.1775017,3.0279694,3.1003957,25,42,76,93,0.4127604,-0.16835937
68,2015-07-27 16:26:00+00:00,2.4739628,2.1893647,2.18998,25,42,93,110,0.68333334,-0.175
68,2015-07-27 16:26:00+00:00,1.7039847,2.0182006,1.9701517,25,42,110,121,0.9166666,-0.175
68,2015-07-27 16:26:00+00:00,4.1884727,2.2969706,2.6461887,42,59,8,25,-0.7294271,0.240625
68,2015-07-27 16:26:00+00:00,2.782334,2.8247347,3.1030164,42,59,25,42,-0.45,0.25
68,2015-07-27 16:26:00+00:00,2.115157,2.0811088,2.6027982,42,59,42,59,-0.16666667,0.25
68,2015-07-27 16:26:00+00:00,3.420268,1.1486906,2.422094,42,59,59,76,0.11692709,0.25312498
68,2015-07-27 16:26:00+00:00,2.8054798,1.920576,2.337225,42,59,93,110,0.68333334,0.25
68,2015-07-27 16:26:00+00:00,1.7831231,1.7144449,2.1071503,42,59,110,121,0.9166666,0.25
68,2015-07-27 16:26:00+00:00,1.9870136,3.2225826,2.704532,59,76,25,42,-0.43932292,0.65
68,2015-07-27 16:26:00+00:00,1.7662063,2.7317166,2.3862436,59,76,42,59,-0.1856771,0.6214844
68,2015-07-27 16:26:00+00:00,1.8382853,3.1049652,3.1845343,59,76,76,93,0.3981771,0.6398438
68,2015-07-27 16:26:00+00:00,2.3729777,2.2317417,2.353032,59,76,93,110,0.70703125,0.6433594
68,2015-07-27 16:26:00+00:00,2.031511,2.1279256,2.1194003,59,76,110,121,0.9166666,0.67499995
70,2015-07-27 18:15:00+00:00,4.2944565,1.9635143,2.3432992,25,42,42,59,-0.15078124,-0.159375
70,2015-07-27 18:15:00+00:00,4.3660374,1.3559375,2.3044317,25,42,59,76,0.116666675,-0.16132814
70,2015-07-27 18:15:00+00:00,4.1775017,2.9971657,3.1236129,25,42,76,93,0.4127604,-0.16835937
70,2015-07-27 18:15:00+00:00,2.4739628,2.19224,2.2394624,25,42,93,110,0.68333334,-0.175
70,2015-07-27 18:15:00+00:00,1.6985956,1.9647291,1.9717642,25,42,110,121,0.9166666,-0.175
70,2015-07-27 18:15:00+00:00,4.1884727,2.383567,2.652631,42,59,8,25,-0.7294271,0.240625
70,2015-07-27 18:15:00+00:00,2.782334,2.79502,3.0625482,42,59,25,42,-0.45,0.25
70,2015-07-27 18:15:00+00:00,2.115157,2.0814834,2.607455,42,59,42,59,-0.16666667,0.25
70,2015-07-27 18:15:00+00:00,3.420268,1.2296693,2.5056965,42,59,59,76,0.11692709,0.25312498
70,2015-07-27 18:15:00+00:00,2.8054798,1.9528799,2.3971057,42,59,93,110,0.68333334,0.25
70,2015-07-27 18:15:00+00:00,1.7831231,1.686191,2.1231496,42,59,110,121,0.9166666,0.25
70,2015-07-27 18:15:00+00:00,1.9870136,3.2163482,2.7120156,59,76,25,42,-0.43932292,0.65
70,2015-07-27 18:15:00+00:00,1.7662063,2.69274,2.4293206,59,76,42,59,-0.1856771,0.6214844
70,2015-07-27 18:15:00+00:00,1.8382853,3.1071658,3.2609785,59,76,76,93,0.3981771,0.6398438
70,2015-07-27 18:15:00+00:00,2.3729777,2.2844005,2.452524,59,76,93,110,0.70703125,0.6433594
70,2015-07-27 18:15:00+00:00,2.031511,2.1548886,2.1726017,59,76,110,121,0.9166666,0.67499995
71,2015-07-28 18:55:00+00:00,2.9227657,1.5073581,1.971301,8,25,93,110,0.6804688,-0.559375
71,2015-07-28 18:55:00+00:00,4.5432196,2.485955,2.9085226,25,42,42,59,-0.15911458,-0.15625
71,2015-07-28 18:55:00+00:00,4.2407427,3.2671123,3.4877365,25,42,76,93,0.41067708,-0.16718751
71,2015-07-28 18:55:00+00:00,2.5368574,2.402107,2.4651062,25,42,93,110,0.68333334,-0.175
71,2015-07-28 18:55:00+00:00,1.7640662,2.1610835,2.218158,25,42,110,121,0.9166666,-0.175
71,2015-07-28 18:55:00+00:00,4.5173817,3.1433644,3.1643968,42,59,8,25,-0.7328125,0.24023438
71,2015-07-28 18:55:00+00:00,3.772715,3.4605324,3.7056706,42,59,25,42,-0.4533854,0.25078124
71,2015-07-28 18:55:00+00:00,2.9741352,2.5834064,3.1878357,42,59,42,59,-0.16666667,0.25
71,2015-07-28 18:55:00+00:00,4.2380686,1.6079205,3.0342176,42,59,59,76,0.1140625,0.25390625
71,2015-07-28 18:55:00+00:00,3.1666508,2.3323517,2.683819,42,59,93,110,0.68333334,0.25
71,2015-07-28 18:55:00+00:00,2.047893,2.0374074,2.4424133,42,59,110,121,0.9166666,0.25
71,2015-07-28 18:55:00+00:00,2.5754023,3.6894977,3.4846485,59,76,25,42,-0.43515626,0.64765626
71,2015-07-28 18:55:00+00:00,2.0598073,2.9621854,3.0747073,59,76,42,59,-0.1734375,0.62187505
71,2015-07-28 18:55:00+00:00,2.5601752,1.9328281,2.9461384,59,76,59,76,0.1315104,0.6105469
71,2015-07-28 18:55:00+00:00,2.9114833,3.5506191,3.7252486,59,76,76,93,0.38984376,0.6464844
71,2015-07-28 18:55:00+00:00,3.0494478,2.7821548,2.8563917,59,76,93,110,0.70182294,0.6441406
71,2015-07-28 18:55:00+00:00,2.4055398,2.6097026,2.5745912,59,76,110,121,0.9166666,0.67499995
72,2015-08-02 19:15:00+00:00,2.9852724,1.9267572,2.356199,8,25,93,110,0.68437505,-0.55898434
72,2015-08-02 19:15:00+00:00,2.5204973,2.2522676,2.247481,8,25,110,121,0.91588545,-0.52656245
72,2015-08-02 19:15:00+00:00,4.4773445,2.571588,2.9534776,25,42,42,59,-0.15520835,-0.15703124
72,2015-08-02 19:15:00+00:00,4.2169166,3.6501822,3.6606884,25,42,76,93,0.4138021,-0.16757813
72,2015-08-02 19:15:00+00:00,3.6346219,2.7897105,2.815282,25,42,93,110,0.68333334,-0.175
72,2015-08-02 19:15:00+00:00,2.48096,2.647651,2.593601,25,42,110,121,0.9166666,-0.175
72,2015-08-02 19:15:00+00:00,4.6035748,3.0086596,3.300849,42,59,8,25,-0.72526044,0.24101563
72,2015-08-02 19:15:00+00:00,4.098722,3.47673,3.6926985,42,59,25,42,-0.45,0.25
72,2015-08-02 19:15:00+00:00,2.9100394,2.7002656,3.1809988,42,59,42,59,-0.16666667,0.25
72,2015-08-02 19:15:00+00:00,3.2928326,1.636194,2.9814413,42,59,59,76,0.11692709,0.25312498
72,2015-08-02 19:15:00+00:00,3.9749854,2.57152,2.982893,42,59,93,110,0.68333334,0.25
72,2015-08-02 19:15:00+00:00,2.8511605,2.4030008,2.7632155,42,59,110,121,0.9166666,0.25
72,2015-08-02 19:15:00+00:00,2.7383475,3.973279,3.4914052,59,76,25,42,-0.44453126,0.64570314
72,2015-08-02 19:15:00+00:00,3.115453,3.8271158,3.8843303,59,76,76,93,0.39166668,0.6390625
72,2015-08-02 19:15:00+00:00,2.9300635,2.9880679,3.0473785,59,76,93,110,0.7083334,0.6453125
72,2015-08-02 19:15:00+00:00,2.300628,2.965388,2.8946922,59,76,110,121,0.9166666,0.67499995
73,2015-08-13 18:55:00+00:00,3.5536907,1.7048383,2.115874,8,25,93,110,0.684375,-0.5648437
73,2015-08-13 18:55:00+00:00,4.4034905,2.5424123,2.811828,25,42,42,59,-0.15625,-0.16054687
73,2015-08-13 18:55:00+00:00,4.1165667,1.651574,2.5972664,25,42,59,76,0.114843756,-0.1625
73,2015-08-13 18:55:00+00:00,3.6292467,3.4551737,3.3324645,25,42,76,93,0.42057288,-0.171875
73,2015-08-13 18:55:00+00:00,3.2944539,2.5016723,2.5379138,25,42,93,110,0.68333334,-0.175
73,2015-08-13 18:55:00+00:00,2.6451497,2.4462729,2.4302683,25,42,110,121,0.9166666,-0.175
73,2015-08-13 18:55:00+00:00,4.351356,2.6102736,2.9187229,42,59,8,25,-0.73072916,0.24140625
73,2015-08-13 18:55:00+00:00,3.8125618,3.0936816,3.3474662,42,59,25,42,-0.45,0.25
73,2015-08-13 18:55:00+00:00,3.2585468,2.5594072,2.9188094,42,59,42,59,-0.16666667,0.25
73,2015-08-13 18:55:00+00:00,2.5506775,1.493177,2.668377,42,59,59,76,0.11979167,0.25234374
73,2015-08-13 18:55:00+00:00,3.3593738,3.0086389,3.4436455,42,59,76,93,0.40703124,0.259375
73,2015-08-13 18:55:00+00:00,3.1160233,2.218829,2.5751765,42,59,93,110,0.68333334,0.25
73,2015-08-13 18:55:00+00:00,2.8154356,2.1346917,2.4627943,42,59,110,121,0.9166666,0.25
73,2015-08-13 18:55:00+00:00,2.570264,3.5518556,3.1243932,59,76,25,42,-0.43515623,0.6511719
73,2015-08-13 18:55:00+00:00,2.5031822,3.3140092,2.9453561,59,76,42,59,-0.19166668,0.6265625
73,2015-08-13 18:55:00+00:00,2.4659595,1.8360429,2.592967,59,76,59,76,0.12526041,0.6125
73,2015-08-13 18:55:00+00:00,2.631926,3.5255322,3.4551315,59,76,76,93,0.3986979,0.6449219
73,2015-08-13 18:55:00+00:00,3.0050633,2.8861809,2.7324524,59,76,93,110,0.70677084,0.64492184
73,2015-08-13 18:55:00+00:00,2.166213,2.687539,2.6185198,59,76,110,121,0.9166666,0.67499995
74,2015-08-22 18:50:00+00:00,4.5443583,2.8498447,3.1307826,25,42,42,59,-0.15651041,-0.15546876
74,2015-08-22 18:50:00+00:00,4.066482,3.4970453,3.661526,25,42,76,93,0.41067708,-0.16874999
74,2015-08-22 18:50:00+00:00,3.743345,2.7692986,2.8609748,25,42,93,110,0.68333334,-0.175
74,2015-08-22 18:50:00+00:00,2.6132488,2.7044291,2.7459002,25,42,110,121,0.9166666,-0.175
74,2015-08-22 18:50:00+00:00,4.274102,3.1488457,3.3064938,42,59,8,25,-0.7328125,0.24023438
74,2015-08-22 18:50:00+00:00,3.6508818,3.4308817,3.7205796,42,59,25,42,-0.45,0.24921873
74,2015-08-22 18:50:00+00:00,3.625777,2.932801,3.3177488,42,59,42,59,-0.16666667,0.25
74,2015-08-22 18:50:00+00:00,4.0000935,1.7772928,3.0599425,42,59,59,76,0.11692709,0.25312498
74,2015-08-22 18:50:00+00:00,3.9506474,2.5830786,2.9954965,42,59,93,110,0.68333334,0.25
74,2015-08-22 18:50:00+00:00,3.9896986,2.4935095,2.8897119,42,59,110,121,0.9166666,0.25
74,2015-08-22 18:50:00+00:00,3.3293543,3.9445732,3.5604444,59,76,25,42,-0.43593752,0.65000004
74,2015-08-22 18:50:00+00:00,2.898957,3.5451655,3.40749,59,76,42,59,-0.19348958,0.6265625
74,2015-08-22 18:50:00+00:00,2.7580838,3.9070928,3.9357166,59,76,76,93,0.39947915,0.64453125
74,2015-08-22 18:50:00+00:00,2.658916,3.1656604,3.217965,59,76,93,110,0.7140625,0.6421875
74,2015-08-22 18:50:00+00:00,3.3825748,3.1850667,3.1116514,59,76,110,121,0.9166666,0.67499995
75,2015-09-06 18:05:00+00:00,1.4452142,0.70807666,1.0777155,8,25,93,110,0.67942715,-0.559375
75,2015-09-06 18:05:00+00:00,2.4604795,1.8224285,1.8590188,25,42,42,59,-0.16197917,-0.15703124
75,2015-09-06 18:05:00+00:00,2.1415603,0.8718555,1.6262896,25,42,59,76,0.11796875,-0.15898438
75,2015-09-06 18:05:00+00:00,1.6572987,1.8188163,2.0656238,25,42,76,93,0.40520835,-0.16874999
75,2015-09-06 18:05:00+00:00,1.5376006,1.1585542,1.3747716,25,42,93,110,0.68333334,-0.175
75,2015-09-06 18:05:00+00:00,1.5018278,1.1948665,1.3149008,25,42,110,121,0.9166666,-0.175
75,2015-09-06 18:05:00+00:00,3.3641622,1.8301059,1.937827,42,59,8,25,-0.7294271,0.24335939
75,2015-09-06 18:05:00+00:00,2.7325974,2.035466,2.333435,42,59,25,42,-0.45,0.25
75,2015-09-06 18:05:00+00:00,2.2134824,1.6315304,2.016678,42,59,42,59,-0.16666667,0.25
75,2015-09-06 18:05:00+00:00,3.0436716,0.6658854,1.729235,42,59,59,76,0.11953125,0.2515625
75,2015-09-06 18:05:00+00:00,2.8628101,1.6441814,2.3028054,42,59,76,93,0.39973956,0.26054686
75,2015-09-06 18:05:00+00:00,2.5599952,1.1030229,1.45731,42,59,93,110,0.68333334,0.25
75,2015-09-06 18:05:00+00:00,2.1448054,1.0887015,1.4225837,42,59,110,121,0.9166666,0.25
75,2015-09-06 18:05:00+00:00,1.3750447,2.5577903,2.4127991,59,76,25,42,-0.4359375,0.65
75,2015-09-06 18:05:00+00:00,1.4230086,2.2265263,2.2486713,59,76,42,59,-0.17864583,0.6183594
75,2015-09-06 18:05:00+00:00,2.7304528,2.1431408,2.5256495,59,76,76,93,0.39192706,0.6398438
75,2015-09-06 18:05:00+00:00,2.2256677,1.8138322,1.823731,59,76,93,110,0.70572925,0.6441406
75,2015-09-06 18:05:00+00:00,1.9518266,1.6599162,1.7395293,59,76,110,121,0.9166666,0.67499995
76,2015-09-14 18:55:00+00:00,3.7094445,2.0997565,2.5671282,8,25,93,110,0.6822916,-0.56132805
76,2015-09-14 18:55:00+00:00,4.6162753,2.9967983,3.1766849,25,42,42,59,-0.15833333,-0.15703124
76,2015-09-14 18:55:00+00:00,4.0985847,3.607606,3.7180245,25,42,76,93,0.40989584,-0.16953126
76,2015-09-14 18:55:00+00:00,3.7113318,2.8337195,2.9513488,25,42,93,110,0.68333334,-0.175
76,2015-09-14 18:55:00+00:00,3.0992143,2.7215312,2.814314,25,42,110,121,0.9145833,-0.18945312
76,2015-09-14 18:55:00+00:00,4.5815744,3.2315817,3.4024873,42,59,8,25,-0.7294271,0.240625
76,2015-09-14 18:55:00+00:00,3.956093,3.4855485,3.7143607,42,59,25,42,-0.45,0.25
76,2015-09-14 18:55:00+00:00,3.613458,3.0241446,3.3402987,42,59,42,59,-0.16666667,0.25
76,2015-09-14 18:55:00+00:00,4.0162125,1.8838359,3.0963607,42,59,59,76,0.11380209,0.25390625
76,2015-09-14 18:55:00+00:00,3.6522946,2.6560228,3.0765793,42,59,93,110,0.68333334,0.25
76,2015-09-14 18:55:00+00:00,2.8324003,2.556553,2.9119108,42,59,110,121,0.90234375,0.26874998
76,2015-09-14 18:55:00+00:00,2.631628,3.9619052,3.6039507,59,76,25,42,-0.43619788,0.6511719
76,2015-09-14 18:55:00+00:00,2.7389617,3.5951958,3.4071221,59,76,42,59,-0.19843751,0.6269531
76,2015-09-14 18:55:00+00:00,3.9750183,4.0690904,4.0231123,59,76,76,93,0.39921874,0.6464844
76,2015-09-14 18:55:00+00:00,3.8442752,3.3700535,3.3599014,59,76,93,110,0.69921875,0.64374995
76,2015-09-14 18:55:00+00:00,2.6836832,3.3271444,3.2346797,59,76,110,121,0.9166666,0.67499995
77,2015-09-17 17:50:00+00:00,1.6779588,0.6520709,1.099446,8,25,93,110,0.6825521,-0.55625
77,2015-09-17 17:50:00+00:00,2.0225675,1.3943535,1.2186302,25,42,42,59,-0.15859376,-0.15703125
77,2015-09-17 17:50:00+00:00,1.7478081,1.5895671,1.6272908,25,42,76,93,0.4143229,-0.171875
77,2015-09-17 17:50:00+00:00,1.7032425,1.0672697,1.3314049,25,42,93,110,0.68333334,-0.175
77,2015-09-17 17:50:00+00:00,1.5983493,1.1441787,1.2211099,25,42,110,121,0.9166666,-0.175
77,2015-09-17 17:50:00+00:00,1.8621687,1.0422244,1.2461022,42,59,8,25,-0.7270833,0.24882813
77,2015-09-17 17:50:00+00:00,1.5321937,1.0886853,1.3428347,42,59,25,42,-0.45,0.25
77,2015-09-17 17:50:00+00:00,1.4861373,1.1397346,1.2620058,42,59,42,59,-0.16666667,0.25
77,2015-09-17 17:50:00+00:00,1.7912029,0.3313755,1.0424527,42,59,59,76,0.119531244,0.25273436
77,2015-09-17 17:50:00+00:00,2.4181426,0.7885398,1.3774033,42,59,93,110,0.68333334,0.25
77,2015-09-17 17:50:00+00:00,1.7864735,0.82142514,1.289156,42,59,110,121,0.9166666,0.25
77,2015-09-17 17:50:00+00:00,1.2008222,1.7499043,1.40743,59,76,25,42,-0.43307292,0.6464844
77,2015-09-17 17:50:00+00:00,1.5307013,0.5742668,1.1945786,59,76,59,76,0.125,0.6121094
77,2015-09-17 17:50:00+00:00,2.2583811,1.6214417,1.9800973,59,76,76,93,0.3934896,0.6382813
77,2015-09-17 17:50:00+00:00,2.1728203,1.4363952,1.6638018,59,76,93,110,0.7153646,0.6425781
77,2015-09-17 17:50:00+00:00,1.7725918,1.319774,1.5316521,59,76,110,121,0.9166666,0.67499995
78,2015-09-17 19:25:00+00:00,3.0765796,1.1895615,1.8583465,8,25,93,110,0.6820313,-0.5691406
78,2015-09-17 19:25:00+00:00,3.5468557,2.107017,2.1125104,25,42,42,59,-0.1484375,-0.16523437
78,2015-09-17 19:25:00+00:00,2.7349834,3.0197725,2.8661084,25,42,76,93,0.40703124,-0.16757813
78,2015-09-17 19:25:00+00:00,2.7133906,2.1707754,2.208802,25,42,93,110,0.68333334,-0.175
78,2015-09-17 19:25:00+00:00,2.3718698,2.3402379,2.151526,25,42,110,121,0.9166666,-0.175
78,2015-09-17 19:25:00+00:00,4.2604938,2.1178286,2.6165402,42,59,8,25,-0.7270833,0.24414062
78,2015-09-17 19:25:00+00:00,2.830653,2.4991453,2.8192525,42,59,25,42,-0.45,0.25
78,2015-09-17 19:25:00+00:00,2.3695447,2.0168035,2.3729835,42,59,42,59,-0.16666667,0.25
78,2015-09-17 19:25:00+00:00,2.620423,0.87434906,2.0217297,42,59,59,76,0.11718751,0.25312498
78,2015-09-17 19:25:00+00:00,3.413393,1.8250394,2.4372404,42,59,93,110,0.68333334,0.25
78,2015-09-17 19:25:00+00:00,2.4900637,1.9862843,2.3907816,42,59,110,121,0.9166666,0.25
78,2015-09-17 19:25:00+00:00,2.5380967,3.243574,2.7260058,59,76,25,42,-0.4401042,0.64921874
78,2015-09-17 19:25:00+00:00,2.420373,2.6225524,2.6458647,59,76,110,121,0.9166666,0.67499995
79,2015-09-21 19:00:00+00:00,3.642934,2.3261867,2.8182342,8,25,93,110,0.6817708,-0.5609375
79,2015-09-21 19:00:00+00:00,3.342275,2.98569,2.8871484,8,25,110,121,0.9148438,-0.52421874
79,2015-09-21 19:00:00+00:00,4.619933,3.2797658,3.2151544,25,42,42,59,-0.16197917,-0.15742187
79,2015-09-21 19:00:00+00:00,4.0852885,3.9509764,3.9038486,25,42,76,93,0.41145834,-0.16679688
79,2015-09-21 19:00:00+00:00,3.3685994,3.1231017,3.1744256,25,42,93,110,0.68333334,-0.175
79,2015-09-21 19:00:00+00:00,3.1493037,3.2790165,3.157385,25,42,110,121,0.9166666,-0.175
79,2015-09-21 19:00:00+00:00,4.614889,3.4542875,3.7532954,42,59,8,25,-0.7130208,0.240625
79,2015-09-21 19:00:00+00:00,4.1831813,3.5838966,3.8473725,42,59,25,42,-0.45234373,0.25078124
79,2015-09-21 19:00:00+00:00,3.6911871,3.15936,3.432666,42,59,42,59,-0.16666667,0.25
79,2015-09-21 19:00:00+00:00,4.025662,1.9037248,3.113099,42,59,59,76,0.11979167,0.25234374
79,2015-09-21 19:00:00+00:00,4.365804,2.8551676,3.3747187,42,59,93,110,0.68333334,0.25
79,2015-09-21 19:00:00+00:00,3.6686816,3.0270061,3.371845,42,59,110,121,0.9166666,0.25
79,2015-09-21 19:00:00+00:00,3.4903138,4.097501,3.7583404,59,76,25,42,-0.43020833,0.64804685
79,2015-09-21 19:00:00+00:00,2.553025,3.6558535,3.5047407,59,76,42,59,-0.17942709,0.6195313
79,2015-09-21 19:00:00+00:00,2.8090758,2.2273107,3.1694877,59,76,59,76,0.12708333,0.60976565
79,2015-09-21 19:00:00+00:00,3.5760736,4.3565803,4.2831726,59,76,76,93,0.3955729,0.6429688
79,2015-09-21 19:00:00+00:00,4.3077273,3.4508963,3.6550484,59,76,93,110,0.71276045,0.64140624
79,2015-09-21 19:00:00+00:00,3.4424632,3.736728,3.6599724,59,76,110,121,0.9166666,0.67499995
80,2015-09-22 18:05:00+00:00,2.8491063,1.3560487,1.8559097,8,25,93,110,0.68072915,-0.559375
80,2015-09-22 18:05:00+00:00,4.152345,2.402191,2.3403761,25,42,42,59,-0.16119793,-0.15703124
80,2015-09-22 18:05:00+00:00,3.1465993,2.998621,2.9904413,25,42,76,93,0.40208334,-0.16757813
80,2015-09-22 18:05:00+00:00,2.306032,2.24013,2.2364368,25,42,93,110,0.68333334,-0.175
80,2015-09-22 18:05:00+00:00,2.0830154,2.4252274,2.239086,25,42,110,121,0.9166666,-0.175
80,2015-09-22 18:05:00+00:00,4.523671,2.3500419,2.812639,42,59,8,25,-0.72526044,0.24101563
80,2015-09-22 18:05:00+00:00,3.5694382,2.775493,3.0906398,42,59,25,42,-0.45,0.25
80,2015-09-22 18:05:00+00:00,2.87227,2.2269225,2.5942984,42,59,42,59,-0.16666667,0.25
80,2015-09-22 18:05:00+00:00,2.7841334,1.1578505,2.1765018,42,59,59,76,0.110677086,0.26523435
80,2015-09-22 18:05:00+00:00,2.5574467,2.1540716,2.4965236,42,59,110,121,0.9166666,0.25
80,2015-09-22 18:05:00+00:00,2.3414633,3.5258992,3.0378835,59,76,25,42,-0.4395833,0.6511719
80,2015-09-22 18:05:00+00:00,2.0144665,2.7803996,2.6739936,59,76,42,59,-0.178125,0.6191406
80,2015-09-22 18:05:00+00:00,1.9594232,1.2986403,2.215078,59,76,59,76,0.12552083,0.6085937
80,2015-09-22 18:05:00+00:00,2.459915,3.4758005,3.465245,59,76,76,93,0.3934896,0.6429688
80,2015-09-22 18:05:00+00:00,3.629549,2.73347,2.8015575,59,76,93,110,0.6981771,0.6453125
80,2015-09-22 18:05:00+00:00,2.5427928,2.819589,2.7970412,59,76,110,121,0.9166666,0.67499995
81,2015-09-23 18:50:00+00:00,3.536367,2.1347504,2.5517654,8,25,93,110,0.68385416,-0.55898434
81,2015-09-23 18:50:00+00:00,2.983716,2.9011323,2.9413283,25,42,93,110,0.68333334,-0.175
81,2015-09-23 18:50:00+00:00,2.5792153,3.1251657,2.9643059,25,42,110,121,0.9166666,-0.175
81,2015-09-23 18:50:00+00:00,4.598778,3.0302598,3.4267232,42,59,8,25,-0.7294271,0.240625
81,2015-09-23 18:50:00+00:00,4.020204,3.3155427,3.625921,42,59,25,42,-0.45,0.25
81,2015-09-23 18:50:00+00:00,3.4020638,2.9207296,3.1921055,42,59,42,59,-0.16666667,0.25
81,2015-09-23 18:50:00+00:00,3.5806408,1.5571084,2.7586963,42,59,59,76,0.11536459,0.25546876
81,2015-09-23 18:50:00+00:00,4.034606,2.6282496,3.1945307,42,59,93,110,0.68333334,0.25
81,2015-09-23 18:50:00+00:00,3.445489,2.8712492,3.2358067,42,59,110,121,0.9166666,0.25
81,2015-09-23 18:50:00+00:00,2.6053278,4.0187197,3.6208963,59,76,25,42,-0.43880206,0.64882815
81,2015-09-23 18:50:00+00:00,2.506902,3.34497,3.3408847,59,76,42,59,-0.20000002,0.6265625
81,2015-09-23 18:50:00+00:00,2.4847202,1.8921696,2.8752384,59,76,59,76,0.1234375,0.609375
81,2015-09-23 18:50:00+00:00,3.129013,4.21284,4.107296,59,76,76,93,0.39947915,0.64453125
81,2015-09-23 18:50:00+00:00,4.2694726,3.3934817,3.5138223,59,76,93,110,0.7028646,0.64375
81,2015-09-23 18:50:00+00:00,3.6770718,3.5932453,3.550167,59,76,110,121,0.9166666,0.67499995
82,2015-09-24 17:55:00+00:00,2.8989763,1.404523,1.998931,8,25,93,110,0.6815104,-0.5648438
82,2015-09-24 17:55:00+00:00,4.262584,2.8831651,2.8619835,25,42,25,42,-0.4299479,-0.07851563
82,2015-09-24 17:55:00+00:00,4.001861,2.3732355,2.4304514,25,42,42,59,-0.15052083,-0.16093749
82,2015-09-24 17:55:00+00:00,3.335714,3.2638152,3.0595875,25,42,76,93,0.41588542,-0.16914064
82,2015-09-24 17:55:00+00:00,2.4675896,2.3514943,2.3868272,25,42,93,110,0.68333334,-0.175
82,2015-09-24 17:55:00+00:00,2.3126717,2.4675858,2.3408546,25,42,110,121,0.9166666,-0.175
82,2015-09-24 17:55:00+00:00,4.4554935,2.6615531,2.9124136,42,59,8,25,-0.72265625,0.22851562
82,2015-09-24 17:55:00+00:00,3.227282,2.7044234,3.0938282,42,59,25,42,-0.45208332,0.24765623
82,2015-09-24 17:55:00+00:00,2.7060814,2.3439834,2.6681871,42,59,42,59,-0.16666667,0.25
82,2015-09-24 17:55:00+00:00,2.9910553,1.0937846,2.3495078,42,59,59,76,0.115625,0.25078124
82,2015-09-24 17:55:00+00:00,3.4308531,2.0399745,2.5951319,42,59,93,110,0.68333334,0.25
82,2015-09-24 17:55:00+00:00,2.6952121,2.1482952,2.559901,42,59,110,121,0.9166666,0.25
82,2015-09-24 17:55:00+00:00,2.5302258,3.3664815,3.4668133,59,76,76,93,0.39010417,0.6382812
82,2015-09-24 17:55:00+00:00,3.7048874,2.577258,2.7985857,59,76,93,110,0.7161458,0.6441406
82,2015-09-24 17:55:00+00:00,3.073823,2.8016171,2.8085287,59,76,110,121,0.9166666,0.67499995
83,2016-04-16 19:00:00+00:00,2.858482,1.8360633,2.185757,25,42,93,110,0.68333334,-0.175
83,2016-04-16 19:00:00+00:00,2.5499272,1.8343287,2.2266583,25,42,110,121,0.9166666,-0.175
83,2016-04-16 19:00:00+00:00,3.770659,2.9654162,3.1796324,42,59,25,42,-0.45156252,0.25078124
83,2016-04-16 19:00:00+00:00,3.274976,2.678827,3.0024042,42,59,42,59,-0.16666667,0.25
83,2016-04-16 19:00:00+00:00,2.0972,1.7345175,2.6840181,42,59,59,76,0.116145834,0.25312498
83,2016-04-16 19:00:00+00:00,2.3534393,1.8230139,1.9905157,42,59,93,110,0.68333334,0.25
83,2016-04-16 19:00:00+00:00,2.0878918,1.758042,2.0494225,42,59,110,121,0.9166666,0.25
83,2016-04-16 19:00:00+00:00,3.753569,3.5779235,3.3690534,59,76,42,59,-0.18281251,0.6261719
83,2016-04-16 19:00:00+00:00,2.3774428,2.8847473,3.0853205,59,76,76,93,0.39505208,0.65234375
83,2016-04-16 19:00:00+00:00,2.2532823,2.896031,2.4716868,59,76,93,110,0.7018229,0.65
83,2016-04-16 19:00:00+00:00,1.8938373,2.486445,2.4816508,59,76,110,121,0.9166666,0.67499995
84,2016-04-23 19:10:00+00:00,1.9250976,2.191296,2.8700097,25,42,76,93,0.40885416,-0.171875
84,2016-04-23 19:10:00+00:00,2.0138717,1.5937115,2.0119517,25,42,93,110,0.68333334,-0.175
84,2016-04-23 19:10:00+00:00,2.0432415,1.4541665,1.9713069,25,42,110,121,0.9166666,-0.175
84,2016-04-23 19:10:00+00:00,3.9911892,2.6473246,3.0968485,42,59,25,42,-0.43828124,0.2613281
84,2016-04-23 19:10:00+00:00,3.622605,2.4638717,2.9195817,42,59,42,59,-0.16666667,0.25
84,2016-04-23 19:10:00+00:00,2.428453,1.5444653,2.7071195,42,59,59,76,0.11979167,0.25859374
84,2016-04-23 19:10:00+00:00,1.8264359,1.6485282,1.7142795,42,59,93,110,0.68333334,0.25
84,2016-04-23 19:10:00+00:00,1.763097,1.4130224,1.6848887,42,59,110,121,0.9166666,0.25
84,2016-04-23 19:10:00+00:00,3.6780891,3.4375582,3.3207781,59,76,25,42,-0.43671873,0.6542969
84,2016-04-23 19:10:00+00:00,3.5282526,3.5104434,3.2023394,59,76,42,59,-0.17864585,0.6273438
84,2016-04-23 19:10:00+00:00,2.8578367,2.5031087,2.9562502,59,76,59,76,0.13255209,0.62070316
84,2016-04-23 19:10:00+00:00,2.8133242,2.5784285,2.9382398,59,76,76,93,0.39010417,0.6503906
84,2016-04-23 19:10:00+00:00,1.3911862,2.588787,2.1624963,59,76,93,110,0.70390624,0.6484375
84,2016-04-23 19:10:00+00:00,1.5549482,1.9691691,2.0298321,59,76,110,121,0.9166666,0.67499995
85,2016-05-06 18:00:00+00:00,3.432641,2.1474254,2.4810996,25,42,42,59,-0.146875,-0.16953126
85,2016-05-06 18:00:00+00:00,2.339004,2.088952,2.4924753,25,42,76,93,0.40703124,-0.17070313
85,2016-05-06 18:00:00+00:00,2.1204305,1.7082473,1.9629115,25,42,93,110,0.68333334,-0.175
85,2016-05-06 18:00:00+00:00,2.0017524,1.7003541,1.9618882,25,42,110,121,0.9166666,-0.175
85,2016-05-06 18:00:00+00:00,3.1012259,2.3727849,2.6326475,42,59,25,42,-0.4528646,0.2578125
85,2016-05-06 18:00:00+00:00,2.8144746,1.3015676,2.1774185,42,59,59,76,0.11562501,0.25429687
85,2016-05-06 18:00:00+00:00,2.2742941,2.000223,2.4523137,42,59,76,93,0.40989584,0.25195312
85,2016-05-06 18:00:00+00:00,2.2442455,1.5593177,1.8062099,42,59,93,110,0.68333334,0.25
85,2016-05-06 18:00:00+00:00,2.2381349,1.4914182,1.8174661,42,59,110,121,0.9166666,0.25
85,2016-05-06 18:00:00+00:00,2.4895895,2.5303938,2.66644,59,76,76,93,0.3981771,0.6511719
85,2016-05-06 18:00:00+00:00,2.1670775,2.5837896,2.176734,59,76,93,110,0.7096354,0.6496094
85,2016-05-06 18:00:00+00:00,2.1407294,2.0907795,2.1459906,59,76,110,121,0.9166666,0.67499995
86,2016-05-18 19:00:00+00:00,3.9518206,2.0916495,2.6628535,25,42,42,59,-0.14921875,-0.15546876
86,2016-05-18 19:00:00+00:00,3.285187,2.12842,2.7662277,25,42,76,93,0.40989584,-0.16875002
86,2016-05-18 19:00:00+00:00,2.2720363,1.5474132,1.9308307,25,42,93,110,0.68333334,-0.175
86,2016-05-18 19:00:00+00:00,2.095284,1.3708096,1.7921731,25,42,110,121,0.9166666,-0.175
86,2016-05-18 19:00:00+00:00,3.7066948,2.432463,2.35034,42,59,8,25,-0.71875,0.24960937
86,2016-05-18 19:00:00+00:00,2.6268795,2.6878653,2.89082,42,59,25,42,-0.44895834,0.25195312
86,2016-05-18 19:00:00+00:00,2.817515,2.271354,2.672227,42,59,42,59,-0.16666667,0.25
86,2016-05-18 19:00:00+00:00,3.5513568,1.401992,2.5361269,42,59,59,76,0.114322916,0.25703123
86,2016-05-18 19:00:00+00:00,2.2577534,1.5646112,1.7793341,42,59,93,110,0.68333334,0.25
86,2016-05-18 19:00:00+00:00,1.9796785,1.2914549,1.6451309,42,59,110,121,0.9166666,0.25
86,2016-05-18 19:00:00+00:00,1.5809094,3.1148539,2.8898456,59,76,25,42,-0.4403646,0.65312505
86,2016-05-18 19:00:00+00:00,2.869066,2.6108177,2.8462975,59,76,76,93,0.39375,0.63789064
86,2016-05-18 19:00:00+00:00,1.6269569,2.226581,2.1114573,59,76,93,110,0.69427085,0.65
86,2016-05-18 19:00:00+00:00,1.2930436,1.7875166,1.8915406,59,76,110,121,0.9166666,0.67499995
87,2016-05-23 17:40:00+00:00,1.9249228,1.2785051,1.5653971,25,42,93,110,0.68333334,-0.175
87,2016-05-23 17:40:00+00:00,1.7878683,1.2481166,1.4825876,25,42,110,121,0.9166666,-0.175
87,2016-05-23 17:40:00+00:00,2.9402401,1.6218976,1.6018002,42,59,8,25,-0.71718746,0.24921873
87,2016-05-23 17:40:00+00:00,2.1696982,1.775516,1.9028437,42,59,25,42,-0.45,0.25
87,2016-05-23 17:40:00+00:00,2.0680945,1.6759598,1.8377676,42,59,42,59,-0.16666667,0.25
87,2016-05-23 17:40:00+00:00,2.0725772,0.87306863,1.6104937,42,59,59,76,0.11901042,0.25625
87,2016-05-23 17:40:00+00:00,1.846491,1.1276721,1.4117149,42,59,93,110,0.68333334,0.25
87,2016-05-23 17:40:00+00:00,1.7019113,1.0414609,1.3439114,42,59,110,121,0.9166666,0.25
87,2016-05-23 17:40:00+00:00,2.1457803,1.3556727,1.8999261,59,76,59,76,0.13255209,0.62968755
87,2016-05-23 17:40:00+00:00,1.5832403,1.4877808,1.6236252,59,76,110,121,0.9166666,0.67499995
88,2016-06-12 18:55:00+00:00,2.9751232,1.9660933,1.9992621,25,42,42,59,-0.159375,-0.15703124
88,2016-06-12 18:55:00+00:00,3.1377244,1.1195346,1.7467842,25,42,59,76,0.11302084,-0.16015625
88,2016-06-12 18:55:00+00:00,2.560445,1.8931165,2.199579,25,42,76,93,0.40208334,-0.16874999
88,2016-06-12 18:55:00+00:00,2.0180874,1.424224,1.6675122,25,42,93,110,0.68333334,-0.175
88,2016-06-12 18:55:00+00:00,1.957909,1.4839966,1.6262469,25,42,110,121,0.9166666,-0.175
88,2016-06-12 18:55:00+00:00,3.4061108,1.8497642,1.9529712,42,59,8,25,-0.7132813,0.240625
88,2016-06-12 18:55:00+00:00,2.3523586,2.026001,2.2304544,42,59,25,42,-0.45,0.25
88,2016-06-12 18:55:00+00:00,2.133655,1.8014361,2.0053487,42,59,42,59,-0.16666667,0.25
88,2016-06-12 18:55:00+00:00,2.1757855,0.80442125,1.7124859,42,59,59,76,0.11796875,0.25234374
88,2016-06-12 18:55:00+00:00,1.9984038,1.2487032,1.5730665,42,59,93,110,0.68333334,0.25
88,2016-06-12 18:55:00+00:00,1.8281205,1.262102,1.5581983,42,59,110,121,0.9166666,0.25
88,2016-06-12 18:55:00+00:00,2.4667442,2.808355,2.40655,59,76,25,42,-0.43958336,0.65
88,2016-06-12 18:55:00+00:00,2.0645096,2.5722125,2.2784207,59,76,42,59,-0.18255208,0.62460935
88,2016-06-12 18:55:00+00:00,2.1501186,1.4242867,1.9882658,59,76,59,76,0.12526041,0.6082031
88,2016-06-12 18:55:00+00:00,2.2731647,2.4568915,2.5098166,59,76,76,93,0.39635417,0.6441406
88,2016-06-12 18:55:00+00:00,2.1606934,2.1899648,1.9780774,59,76,93,110,0.7132813,0.6421875
88,2016-06-12 18:55:00+00:00,1.7818257,1.8252108,1.8892019,59,76,110,121,0.9166666,0.67499995
89,2016-06-17 19:15:00+00:00,2.615507,1.0956352,1.3033001,8,25,93,110,0.68854165,-0.55781245
89,2016-06-17 19:15:00+00:00,3.3832853,1.9275908,1.9399096,25,42,42,59,-0.16458334,-0.15625
89,2016-06-17 19:15:00+00:00,2.2397137,2.0313988,2.1039433,25,42,76,93,0.4143229,-0.1703125
89,2016-06-17 19:15:00+00:00,1.8709997,1.367262,1.5517192,25,42,93,110,0.68333334,-0.175
89,2016-06-17 19:15:00+00:00,1.8220456,1.4098921,1.5366828,25,42,110,121,0.9166666,-0.175
89,2016-06-17 19:15:00+00:00,3.5157404,1.6163483,1.7817215,42,59,8,25,-0.7289063,0.24531248
89,2016-06-17 19:15:00+00:00,2.3305502,1.9662684,2.1911113,42,59,25,42,-0.45,0.25
89,2016-06-17 19:15:00+00:00,2.0588124,1.7476125,1.9451045,42,59,42,59,-0.16666667,0.25
89,2016-06-17 19:15:00+00:00,2.0543,0.77114415,1.6225146,42,59,59,76,0.118489586,0.2515625
89,2016-06-17 19:15:00+00:00,1.779838,1.1969231,1.4329884,42,59,93,110,0.68333334,0.25
89,2016-06-17 19:15:00+00:00,1.6513655,1.1871337,1.4362295,42,59,110,121,0.9166666,0.25
89,2016-06-17 19:15:00+00:00,2.3082812,2.6460185,2.2284036,59,76,25,42,-0.43932292,0.65
89,2016-06-17 19:15:00+00:00,1.8846077,1.290791,1.8194544,59,76,59,76,0.128125,0.6105469
89,2016-06-17 19:15:00+00:00,1.8934546,2.262387,2.287861,59,76,76,93,0.3919271,0.64023435
89,2016-06-17 19:15:00+00:00,1.9553493,2.027472,1.7183233,59,76,93,110,0.7005209,0.6421875
89,2016-06-17 19:15:00+00:00,1.5770273,1.6312364,1.6830716,59,76,110,121,0.9166666,0.67499995
90,2016-06-19 19:00:00+00:00,1.5086291,1.0407861,1.2427866,25,42,93,110,0.68333334,-0.175
90,2016-06-19 19:00:00+00:00,1.4829198,1.0574911,1.1924468,25,42,110,121,0.9166666,-0.175
90,2016-06-19 19:00:00+00:00,1.7641855,1.5151521,1.6375645,42,59,25,42,-0.45364583,0.2640625
90,2016-06-19 19:00:00+00:00,1.651508,1.0405077,1.5271217,42,59,42,59,-0.14791667,0.26093748
90,2016-06-19 19:00:00+00:00,1.689343,0.52100044,1.278546,42,59,59,76,0.12057292,0.25234374
90,2016-06-19 19:00:00+00:00,1.4933987,0.85950124,1.1688904,42,59,93,110,0.68333334,0.25
90,2016-06-19 19:00:00+00:00,1.3937064,0.83092225,1.1393384,42,59,110,121,0.9166666,0.25
90,2016-06-19 19:00:00+00:00,2.0248158,2.164567,1.8176132,59,76,25,42,-0.44322917,0.64804685
90,2016-06-19 19:00:00+00:00,1.7498902,1.925352,1.7418189,59,76,42,59,-0.17447917,0.6183594
90,2016-06-19 19:00:00+00:00,1.716194,0.9893246,1.5130454,59,76,59,76,0.13020834,0.609375
90,2016-06-19 19:00:00+00:00,1.6411703,1.6801419,1.8864142,59,76,76,93,0.3953125,0.6386719
90,2016-06-19 19:00:00+00:00,1.5152959,1.6295457,1.4783226,59,76,93,110,0.70677084,0.64023435
90,2016-06-19 19:00:00+00:00,1.3665651,1.2266715,1.367063,59,76,110,121,0.9166666,0.67499995
91,2016-06-21 18:50:00+00:00,2.33292,1.0413225,1.4006699,8,25,93,110,0.6817708,-0.5601562
91,2016-06-21 18:50:00+00:00,2.4653776,1.8448819,1.8034283,25,42,42,59,-0.1591146,-0.15585938
91,2016-06-21 18:50:00+00:00,2.2190042,2.1717286,2.0803964,25,42,76,93,0.41536456,-0.16835937
91,2016-06-21 18:50:00+00:00,1.9240171,1.4713814,1.6195104,25,42,93,110,0.68333334,-0.175
91,2016-06-21 18:50:00+00:00,1.9724861,1.5974106,1.6207843,25,42,110,121,0.9166666,-0.175
91,2016-06-21 18:50:00+00:00,1.7789443,1.7909085,2.025767,42,59,25,42,-0.43645835,0.2390625
91,2016-06-21 18:50:00+00:00,1.87881,1.6632017,1.8108269,42,59,42,59,-0.16666667,0.25
91,2016-06-21 18:50:00+00:00,1.9753956,0.70261663,1.4802144,42,59,59,76,0.11692709,0.25312498
91,2016-06-21 18:50:00+00:00,1.94165,1.2043229,1.5342793,42,59,93,110,0.68333334,0.25
91,2016-06-21 18:50:00+00:00,1.8249941,1.2858326,1.5617571,42,59,110,121,0.9166666,0.25
91,2016-06-21 18:50:00+00:00,1.817632,2.3311753,2.0377367,59,76,42,59,-0.19453126,0.6265625
91,2016-06-21 18:50:00+00:00,1.9778916,2.375431,2.321857,59,76,76,93,0.39947915,0.64453125
91,2016-06-21 18:50:00+00:00,2.0368462,2.0457222,1.8705201,59,76,93,110,0.7007812,0.6441406
91,2016-06-21 18:50:00+00:00,1.747684,1.7869247,1.8416442,59,76,110,121,0.9166666,0.67499995
92,2016-06-24 17:40:00+00:00,2.0591235,0.77362645,1.1544822,8,25,93,110,0.68125,-0.5660156
92,2016-06-24 17:40:00+00:00,1.8890326,0.9592533,1.1244447,8,25,110,121,0.9117187,-0.5246093
92,2016-06-24 17:40:00+00:00,2.3713307,1.5140615,1.477681,25,42,42,59,-0.15833333,-0.15585938
92,2016-06-24 17:40:00+00:00,1.8408003,1.4486295,1.6828293,25,42,76,93,0.3986979,-0.16523437
92,2016-06-24 17:40:00+00:00,1.6346518,1.1172739,1.3515979,25,42,93,110,0.68333334,-0.175
92,2016-06-24 17:40:00+00:00,1.6196179,1.1537105,1.2715893,25,42,110,121,0.9166666,-0.175
92,2016-06-24 17:40:00+00:00,2.8456526,1.2350495,1.3363205,42,59,8,25,-0.728125,0.240625
92,2016-06-24 17:40:00+00:00,1.7518431,1.3675382,1.5577649,42,59,25,42,-0.45,0.25
92,2016-06-24 17:40:00+00:00,1.6565608,1.3616883,1.4647171,42,59,42,59,-0.16666667,0.25
92,2016-06-24 17:40:00+00:00,1.7589302,0.53590584,1.2454456,42,59,59,76,0.11822917,0.25312498
92,2016-06-24 17:40:00+00:00,1.6745226,0.91566366,1.278685,42,59,93,110,0.68437505,0.24921876
92,2016-06-24 17:40:00+00:00,1.525925,0.87889266,1.2118655,42,59,110,121,0.9166666,0.25
92,2016-06-24 17:40:00+00:00,1.799868,2.0653732,1.697055,59,76,25,42,-0.45052084,0.65117186
92,2016-06-24 17:40:00+00:00,1.7872748,1.6680454,1.51388,59,76,93,110,0.70624995,0.65
92,2016-06-24 17:40:00+00:00,1.4641942,1.2485535,1.4184061,59,76,110,121,0.9166666,0.67499995
93,2016-06-30 18:45:00+00:00,1.965324,1.0640343,1.2306405,8,25,93,110,0.6903646,-0.5582031
93,2016-06-30 18:45:00+00:00,2.179301,1.6243447,1.6551858,25,42,42,59,-0.15338543,-0.15546875
93,2016-06-30 18:45:00+00:00,1.8590338,1.4932748,1.7792538,25,42,76,93,0.3953125,-0.16640624
93,2016-06-30 18:45:00+00:00,1.6996508,1.215278,1.4395398,25,42,93,110,0.68333334,-0.175
93,2016-06-30 18:45:00+00:00,1.6952903,1.2691702,1.3880563,25,42,110,121,0.9166666,-0.175
93,2016-06-30 18:45:00+00:00,2.6335943,1.4291803,1.5296841,42,59,8,25,-0.7184896,0.24140625
93,2016-06-30 18:45:00+00:00,1.9133787,1.5376158,1.7305951,42,59,25,42,-0.45,0.25
93,2016-06-30 18:45:00+00:00,1.7860576,1.5087489,1.6434158,42,59,42,59,-0.16666667,0.25
93,2016-06-30 18:45:00+00:00,1.8566225,0.63774854,1.38066,42,59,59,76,0.118229166,0.25234374
93,2016-06-30 18:45:00+00:00,1.7993239,0.9854283,1.3540176,42,59,93,110,0.68333334,0.25
93,2016-06-30 18:45:00+00:00,1.6882126,0.99512786,1.3289227,42,59,110,121,0.9166666,0.25
93,2016-06-30 18:45:00+00:00,2.2210064,2.3160682,1.9717581,59,76,25,42,-0.43906248,0.6496094
93,2016-06-30 18:45:00+00:00,1.8397162,2.059346,1.9289268,59,76,42,59,-0.19843751,0.6265625
93,2016-06-30 18:45:00+00:00,1.8518534,2.0027273,2.100575,59,76,76,93,0.39947915,0.64453125
93,2016-06-30 18:45:00+00:00,1.9370344,1.8369302,1.726204,59,76,93,110,0.6997396,0.64375
93,2016-06-30 18:45:00+00:00,1.7948077,1.5181481,1.6496837,59,76,110,121,0.9166666,0.67499995
94,2016-07-05 19:00:00+00:00,1.3747034,1.3804684,1.4385308,25,42,76,93,0.40963542,-0.16874999
94,2016-07-05 19:00:00+00:00,1.2773557,0.84407914,1.0465208,25,42,93,110,0.68333334,-0.175
94,2016-07-05 19:00:00+00:00,1.3447317,0.9338066,0.99863344,25,42,110,121,0.9166666,-0.175
94,2016-07-05 19:00:00+00:00,1.5045047,1.2173014,1.461954,42,59,25,42,-0.45104164,0.2515625
94,2016-07-05 19:00:00+00:00,1.5016237,1.0900235,1.2886938,42,59,42,59,-0.16458334,0.25195312
94,2016-07-05 19:00:00+00:00,1.5311627,0.34265006,1.0387814,42,59,59,76,0.11979167,0.25234374
94,2016-07-05 19:00:00+00:00,1.4444284,0.68252,1.0531757,42,59,93,110,0.68333334,0.25
94,2016-07-05 19:00:00+00:00,1.4745389,0.7297511,1.0345844,42,59,110,121,0.9166666,0.25
94,2016-07-05 19:00:00+00:00,1.5966636,0.67069316,1.256532,59,76,59,76,0.13255209,0.609375
94,2016-07-05 19:00:00+00:00,1.5842782,1.60526,1.7827243,59,76,76,93,0.3984375,0.64453125
94,2016-07-05 19:00:00+00:00,1.8481773,1.3733987,1.3621908,59,76,93,110,0.7104167,0.6429688
94,2016-07-05 19:00:00+00:00,1.5799494,1.160504,1.2958713,59,76,110,121,0.9166666,0.67499995
95,2016-07-12 19:05:00+00:00,1.5652726,1.0554302,1.143787,25,42,110,121,0.9166666,-0.175
95,2016-07-12 19:05:00+00:00,1.4922177,1.1479405,1.3354907,42,59,42,59,-0.16458333,0.24726562
95,2016-07-12 19:05:00+00:00,1.6296871,0.42085853,1.1345906,42,59,59,76,0.11979167,0.25234374
95,2016-07-12 19:05:00+00:00,1.5986714,0.759026,1.1847235,42,59,93,110,0.68333334,0.25
95,2016-07-12 19:05:00+00:00,1.613873,0.7778411,1.1341357,42,59,110,121,0.9166666,0.25
95,2016-07-12 19:05:00+00:00,2.1094463,2.0052748,1.6230012,59,76,25,42,-0.44140625,0.65664065
95,2016-07-12 19:05:00+00:00,1.6387824,0.82347417,1.371381,59,76,59,76,0.12604168,0.609375
95,2016-07-12 19:05:00+00:00,1.6287727,1.6642243,1.8844824,59,76,76,93,0.3963542,0.64101565
95,2016-07-12 19:05:00+00:00,1.7871885,1.5111865,1.4802533,59,76,93,110,0.70390624,0.6429688
95,2016-07-12 19:05:00+00:00,1.6484438,1.2330427,1.4079918,59,76,110,121,0.9166666,0.67499995
96,2016-08-01 18:45:00+00:00,2.1943178,0.8380385,1.1904621,8,25,93,110,0.6809896,-0.559375
96,2016-08-01 18:45:00+00:00,2.823736,1.7687168,1.8590503,25,42,42,59,-0.159375,-0.15703124
96,2016-08-01 18:45:00+00:00,2.1224356,1.8848232,2.026531,25,42,76,93,0.41458333,-0.16679688
96,2016-08-01 18:45:00+00:00,1.7196062,1.2335727,1.4531502,25,42,93,110,0.68333334,-0.175
96,2016-08-01 18:45:00+00:00,1.6738251,1.2375269,1.3960687,25,42,110,121,0.9166666,-0.175
96,2016-08-01 18:45:00+00:00,3.4895935,1.6205002,1.6713351,42,59,8,25,-0.7328125,0.24023438
96,2016-08-01 18:45:00+00:00,2.6276286,1.8643273,2.1188326,42,59,25,42,-0.45,0.25
96,2016-08-01 18:45:00+00:00,2.3672905,1.6773266,1.910961,42,59,42,59,-0.16666667,0.25
96,2016-08-01 18:45:00+00:00,2.1833632,0.707322,1.6243417,42,59,59,76,0.11692709,0.25312498
96,2016-08-01 18:45:00+00:00,1.9033188,1.0903774,1.3958434,42,59,93,110,0.68333334,0.25
96,2016-08-01 18:45:00+00:00,1.8085531,1.0380789,1.3515917,42,59,110,121,0.9166666,0.25
96,2016-08-01 18:45:00+00:00,1.7436746,2.4633212,2.1475244,59,76,25,42,-0.43828124,0.6484375
96,2016-08-01 18:45:00+00:00,1.8253884,2.3299272,2.0784104,59,76,42,59,-0.18125,0.6238282
96,2016-08-01 18:45:00+00:00,1.6595598,2.1176038,2.2381048,59,76,76,93,0.40234375,0.63750005
96,2016-08-01 18:45:00+00:00,1.7140796,1.919025,1.7111248,59,76,93,110,0.70911455,0.6363281
96,2016-08-01 18:45:00+00:00,1.5925815,1.4882797,1.5876967,59,76,110,121,0.9166666,0.67499995
97,2016-08-07 18:05:00+00:00,2.0271552,0.7669925,1.1786344,8,25,93,110,0.6820313,-0.5605469
97,2016-08-07 18:05:00+00:00,2.6938248,1.5427645,1.7267922,25,42,42,59,-0.15078124,-0.16132812
97,2016-08-07 18:05:00+00:00,3.5379012,1.5765736,1.7682661,42,59,8,25,-0.7234375,0.23515625
97,2016-08-07 18:05:00+00:00,2.2934642,1.7892609,2.0730622,42,59,25,42,-0.45416665,0.2515625
97,2016-08-07 18:05:00+00:00,2.165638,1.5268121,1.7975911,42,59,42,59,-0.16666667,0.25
97,2016-08-07 18:05:00+00:00,2.0221536,0.622729,1.5643549,42,59,59,76,0.11692709,0.25312498
97,2016-08-07 18:05:00+00:00,1.8092855,1.0311295,1.4205059,42,59,93,110,0.6783854,0.26757812
97,2016-08-07 18:05:00+00:00,1.7127781,0.9933327,1.3849165,42,59,110,121,0.9135417,0.2515625
97,2016-08-07 18:05:00+00:00,1.938684,1.7649188,1.7489207,59,76,93,110,0.71406245,0.6472657
97,2016-08-07 18:05:00+00:00,1.6653055,1.4945738,1.5953503,59,76,110,121,0.9166666,0.67499995
98,2016-08-10 18:35:00+00:00,1.8094455,1.5658312,1.7428606,25,42,76,93,0.40729165,-0.165625
98,2016-08-10 18:35:00+00:00,1.4978195,1.03319,1.2725693,25,42,93,110,0.68333334,-0.175
98,2016-08-10 18:35:00+00:00,1.4236912,1.0751897,1.2240784,25,42,110,121,0.9166666,-0.175
98,2016-08-10 18:35:00+00:00,2.1427567,1.4758505,1.7187747,42,59,42,59,-0.16666667,0.25
98,2016-08-10 18:35:00+00:00,1.952047,0.53716564,1.4182746,42,59,59,76,0.11692709,0.25312498
98,2016-08-10 18:35:00+00:00,2.0096128,1.2344481,1.8470569,42,59,76,93,0.39479166,0.26171875
98,2016-08-10 18:35:00+00:00,1.7812952,0.90450895,1.2667319,42,59,93,110,0.68333334,0.25
98,2016-08-10 18:35:00+00:00,1.6813791,0.90315014,1.2435814,42,59,110,121,0.9166666,0.25
98,2016-08-10 18:35:00+00:00,2.0277803,2.3215272,2.05316,59,76,25,42,-0.4372396,0.65117186
98,2016-08-10 18:35:00+00:00,2.1934369,2.0803845,1.9907506,59,76,42,59,-0.18359375,0.62460935
98,2016-08-10 18:35:00+00:00,2.1567585,1.9436035,2.1347022,59,76,76,93,0.39999998,0.646875
98,2016-08-10 18:35:00+00:00,1.9249282,1.6565976,1.6403117,59,76,93,110,0.69739586,0.64453125
98,2016-08-10 18:35:00+00:00,1.660942,1.427046,1.552677,59,76,110,121,0.9166666,0.67499995
99,2016-08-19 18:30:00+00:00,1.7926701,1.4043931,1.6198988,25,42,93,110,0.68046874,-0.16992188
99,2016-08-19 18:30:00+00:00,1.5689983,1.4518989,1.5657569,25,42,110,121,0.9166666,-0.175
99,2016-08-19 18:30:00+00:00,2.6175072,0.75197446,1.9329836,42,59,59,76,0.11692709,0.25312498
99,2016-08-19 18:30:00+00:00,2.3682535,1.4402065,1.7370002,42,59,93,110,0.68671876,0.24570312
99,2016-08-19 18:30:00+00:00,2.4751568,1.3488526,1.7263216,42,59,110,121,0.9166666,0.25
99,2016-08-19 18:30:00+00:00,2.1825116,2.5152905,2.5358968,59,76,42,59,-0.1809896,0.6234375
99,2016-08-19 18:30:00+00:00,2.5514946,2.5643406,2.8577564,59,76,76,93,0.3971354,0.64179695
99,2016-08-19 18:30:00+00:00,2.3817863,2.0547812,2.105188,59,76,110,121,0.9166666,0.67499995
100,2016-09-27 18:35:00+00:00,3.9125507,3.0000544,3.0602,8,25,93,110,0.69062495,-0.56249994
100,2016-09-27 18:35:00+00:00,3.6225219,3.4200385,3.2588882,8,25,110,121,0.9125,-0.52421874
100,2016-09-27 18:35:00+00:00,4.509701,3.81373,4.017525,25,42,42,59,-0.16041668,-0.1578125
100,2016-09-27 18:35:00+00:00,4.1320214,3.8574898,4.1021504,25,42,76,93,0.40833333,-0.16874999
100,2016-09-27 18:35:00+00:00,4.006049,3.0645335,3.3793852,25,42,93,110,0.68333334,-0.175
100,2016-09-27 18:35:00+00:00,3.4943514,3.2437246,3.4482136,25,42,110,121,0.9166666,-0.175
100,2016-09-27 18:35:00+00:00,4.615579,4.0306234,3.9780676,42,59,8,25,-0.7442708,0.23945312
100,2016-09-27 18:35:00+00:00,4.6193323,4.15661,4.3860545,42,59,25,42,-0.45,0.25
100,2016-09-27 18:35:00+00:00,4.4975944,3.8680234,4.1149764,42,59,42,59,-0.16666667,0.25
100,2016-09-27 18:35:00+00:00,4.4105983,2.6740866,3.7423732,42,59,59,76,0.11354167,0.2515625
100,2016-09-27 18:35:00+00:00,3.9839792,3.122349,3.389145,42,59,93,110,0.68333334,0.25
100,2016-09-27 18:35:00+00:00,3.6273658,3.2984805,3.4998677,42,59,110,121,0.9166666,0.25
100,2016-09-27 18:35:00+00:00,4.4682603,4.7839594,4.6283956,59,76,25,42,-0.43411458,0.6472656
100,2016-09-27 18:35:00+00:00,4.595763,4.6042423,4.5130844,59,76,42,59,-0.17890626,0.62187505
100,2016-09-27 18:35:00+00:00,4.587249,4.691177,4.623317,59,76,76,93,0.39635417,0.6441406
100,2016-09-27 18:35:00+00:00,4.2730737,4.173131,4.006174,59,76,93,110,0.6955729,0.64375
100,2016-09-27 18:35:00+00:00,3.143851,4.2092857,4.024772,59,76,110,121,0.9166666,0.67499995
101,2016-10-17 18:10:00+00:00,2.7757998,1.9939712,1.950615,25,42,42,59,-0.15703125,-0.15625
101,2016-10-17 18:10:00+00:00,2.7228308,2.2968197,2.3552139,25,42,76,93,0.403125,-0.16796875
101,2016-10-17 18:10:00+00:00,2.4469347,1.7716907,1.9345382,25,42,93,110,0.68333334,-0.175
101,2016-10-17 18:10:00+00:00,2.3422203,1.9592583,1.9248391,25,42,110,121,0.9166666,-0.175
101,2016-10-17 18:10:00+00:00,3.608541,1.6355317,1.9396641,42,59,8,25,-0.72786456,0.24492186
101,2016-10-17 18:10:00+00:00,2.5171854,2.0101614,2.2056618,42,59,25,42,-0.44947916,0.25195312
101,2016-10-17 18:10:00+00:00,2.0407214,1.8395872,1.9641322,42,59,42,59,-0.16666667,0.25
101,2016-10-17 18:10:00+00:00,1.9427646,0.8242047,1.6083134,42,59,59,76,0.114322916,0.25742185
101,2016-10-17 18:10:00+00:00,2.5039396,1.4350106,1.8690689,42,59,93,110,0.68333334,0.25
101,2016-10-17 18:10:00+00:00,2.3022306,1.5874147,1.8900825,42,59,110,121,0.9166666,0.25
101,2016-10-17 18:10:00+00:00,2.110994,2.8547068,2.2951229,59,76,25,42,-0.44036457,0.65
101,2016-10-17 18:10:00+00:00,1.8736836,2.615117,2.1558542,59,76,42,59,-0.18125,0.628125
101,2016-10-17 18:10:00+00:00,1.9073927,1.186933,1.8198534,59,76,59,76,0.13177083,0.62070316
101,2016-10-17 18:10:00+00:00,2.3257394,2.7751458,2.639727,59,76,76,93,0.39427084,0.64804685
101,2016-10-17 18:10:00+00:00,2.591554,2.3190072,2.1801288,59,76,93,110,0.7028645,0.65
101,2016-10-17 18:10:00+00:00,2.3553119,2.1629617,2.1928225,59,76,110,121,0.9166666,0.67499995
