t,date,target,pred,post,y0,y1,x0,x1,cx,cy
0,2014-05-24 18:45:00+00:00,2.5931726,2.2889588,2.2889588,19,32,84,97,0.5,-0.375
0,2014-05-24 18:45:00+00:00,3.1672716,3.452201,3.452201,32,45,32,45,-0.3645833,-0.03984375
0,2014-05-24 18:45:00+00:00,2.4746385,3.062066,3.062066,32,45,45,58,-0.15,-0.050000004
0,2014-05-24 18:45:00+00:00,2.5509362,2.6508217,2.6508217,32,45,71,84,0.28046876,-0.03984375
0,2014-05-24 18:45:00+00:00,2.1373417,2.3527086,2.3527086,32,45,84,97,0.5,-0.050000004
0,2014-05-24 18:45:00+00:00,1.7445829,1.9470668,1.9470668,32,45,97,110,0.7166667,-0.050000004
0,2014-05-24 18:45:00+00:00,1.7499595,1.9028766,1.9028766,32,45,110,121,0.9166666,-0.050000004
0,2014-05-24 18:45:00+00:00,3.2643802,2.6737,2.6737,45,58,6,19,-0.78776044,0.2671875
0,2014-05-24 18:45:00+00:00,2.4658046,3.1407082,3.1407082,45,58,19,32,-0.5833333,0.275
0,2014-05-24 18:45:00+00:00,2.358268,2.584628,2.584628,45,58,32,45,-0.37187502,0.27734375
0,2014-05-24 18:45:00+00:00,2.1362355,2.3027742,2.3027742,45,58,45,58,-0.15,0.275
0,2014-05-24 18:45:00+00:00,2.232104,2.3307085,2.3307085,45,58,58,71,0.07630208,0.27421877
0,2014-05-24 18:45:00+00:00,2.0569317,2.1273692,2.1273692,45,58,84,97,0.5101563,0.28671876
0,2014-05-24 18:45:00+00:00,1.8907422,1.9410949,1.9410949,45,58,97,110,0.7166667,0.275
0,2014-05-24 18:45:00+00:00,2.61508,2.682823,2.682823,58,71,19,32,-0.5697917,0.57421875
0,2014-05-24 18:45:00+00:00,2.4780805,2.2260718,2.2260718,58,71,32,45,-0.36666667,0.6
0,2014-05-24 18:45:00+00:00,2.3475149,1.9938085,1.9938085,58,71,45,58,-0.15572916,0.5835937
0,2014-05-24 18:45:00+00:00,2.2883074,2.0688279,2.0688279,58,71,71,84,0.284375,0.5972656
1,2014-05-25 17:50:00+00:00,1.5077957,1.4440849,1.4440849,19,32,84,97,0.5,-0.375
1,2014-05-25 17:50:00+00:00,1.3769561,1.385975,1.385975,19,32,97,110,0.7166667,-0.375
1,2014-05-25 17:50:00+00:00,1.3854364,1.3797468,1.3797468,19,32,110,121,0.9166666,-0.375
1,2014-05-25 17:50:00+00:00,1.6404147,2.0079887,2.0079887,32,45,32,45,-0.36302084,-0.03359375
1,2014-05-25 17:50:00+00:00,1.5515301,1.8432791,1.8432791,32,45,45,58,-0.15,-0.050000004
1,2014-05-25 17:50:00+00:00,1.8802419,1.7109771,1.7109771,32,45,58,71,0.05729167,-0.05078125
1,2014-05-25 17:50:00+00:00,1.6888909,1.5658542,1.5658542,32,45,71,84,0.27916667,-0.04414063
1,2014-05-25 17:50:00+00:00,1.3750097,1.375834,1.375834,32,45,84,97,0.49114585,-0.051562503
1,2014-05-25 17:50:00+00:00,1.2938359,1.2892863,1.2892863,32,45,97,110,0.7166667,-0.050000004
1,2014-05-25 17:50:00+00:00,1.3703035,1.2928491,1.2928491,32,45,110,121,0.9166666,-0.050000004
1,2014-05-25 17:50:00+00:00,1.5883125,2.0050054,2.0050054,45,58,19,32,-0.5833333,0.275
1,2014-05-25 17:50:00+00:00,1.4883579,1.6024826,1.6024826,45,58,32,45,-0.36666667,0.275
1,2014-05-25 17:50:00+00:00,1.3874615,1.5541188,1.5541188,45,58,45,58,-0.15,0.275
1,2014-05-25 17:50:00+00:00,1.4943277,1.5200269,1.5200269,45,58,58,71,0.06666666,0.275
1,2014-05-25 17:50:00+00:00,1.5589353,1.4427569,1.4427569,45,58,84,97,0.509375,0.278125
1,2014-05-25 17:50:00+00:00,1.3507843,1.4219581,1.4219581,45,58,97,110,0.7166667,0.275
1,2014-05-25 17:50:00+00:00,1.3562243,1.4353243,1.4353243,45,58,110,121,0.9166666,0.275
1,2014-05-25 17:50:00+00:00,1.6551791,1.4573082,1.4573082,58,71,32,45,-0.36666667,0.6
1,2014-05-25 17:50:00+00:00,1.5784546,1.3976507,1.3976507,58,71,45,58,-0.15598959,0.58320314
1,2014-05-25 17:50:00+00:00,1.5892786,1.3862922,1.3862922,58,71,58,71,0.07057291,0.584375
1,2014-05-25 17:50:00+00:00,1.5763836,1.4368213,1.4368213,58,71,71,84,0.28619793,0.5929687
1,2014-05-25 17:50:00+00:00,1.6171257,1.4472364,1.4472364,58,71,84,97,0.48854166,0.5800781
1,2014-05-25 17:50:00+00:00,1.4269342,1.3813684,1.3813684,58,71,97,110,0.73046875,0.58906245
1,2014-05-25 17:50:00+00:00,1.3542476,1.4466047,1.4466047,58,71,110,121,0.9166666,0.6
1,2014-05-25 17:50:00+00:00,1.253662,1.3647013,1.3647013,71,81,110,121,0.9166666,0.8875
2,2014-05-30 18:05:00+00:00,1.8474857,1.750318,1.750318,19,32,84,97,0.5,-0.375
2,2014-05-30 18:05:00+00:00,1.8603139,1.6040424,1.6040424,19,32,97,110,0.7166667,-0.375
2,2014-05-30 18:05:00+00:00,1.9036222,1.5939326,1.5939326,19,32,110,121,0.9166666,-0.375
2,2014-05-30 18:05:00+00:00,1.9795693,2.3785698,2.3785698,32,45,32,45,-0.35989583,-0.035937503
2,2014-05-30 18:05:00+00:00,1.8313289,2.1854212,2.1854212,32,45,45,58,-0.15,-0.050000004
2,2014-05-30 18:05:00+00:00,2.1226,2.0259953,2.0259953,32,45,58,71,0.055729166,-0.051171873
2,2014-05-30 18:05:00+00:00,1.9358379,1.905704,1.905704,32,45,71,84,0.27526042,-0.043750003
2,2014-05-30 18:05:00+00:00,1.6488578,1.724211,1.724211,32,45,84,97,0.5,-0.050000004
2,2014-05-30 18:05:00+00:00,1.5283374,1.5236642,1.5236642,32,45,97,110,0.7166667,-0.050000004
2,2014-05-30 18:05:00+00:00,1.5838499,1.5192456,1.5192456,32,45,110,121,0.9166666,-0.050000004
2,2014-05-30 18:05:00+00:00,3.6746523,1.9593201,1.9593201,45,58,6,19,-0.7856771,0.26210937
2,2014-05-30 18:05:00+00:00,2.0096924,2.3157866,2.3157866,45,58,19,32,-0.5833333,0.275
2,2014-05-30 18:05:00+00:00,1.6563807,1.8157971,1.8157971,45,58,32,45,-0.36666667,0.275
2,2014-05-30 18:05:00+00:00,1.4894643,1.7108963,1.7108963,45,58,45,58,-0.15,0.275
2,2014-05-30 18:05:00+00:00,1.6308112,1.7081405,1.7081405,45,58,58,71,0.06666666,0.275
2,2014-05-30 18:05:00+00:00,1.7038473,1.6974378,1.6974378,45,58,71,84,0.2671875,0.2925781
2,2014-05-30 18:05:00+00:00,1.8086975,1.6122909,1.6122909,45,58,84,97,0.5132812,0.28671876
2,2014-05-30 18:05:00+00:00,1.5117108,1.594316,1.594316,45,58,97,110,0.7166667,0.275
2,2014-05-30 18:05:00+00:00,1.4135512,1.6157876,1.6157876,45,58,110,121,0.9166666,0.275
2,2014-05-30 18:05:00+00:00,1.7718899,1.6110622,1.6110622,58,71,32,45,-0.36666667,0.6
2,2014-05-30 18:05:00+00:00,1.6900753,1.5496409,1.5496409,58,71,45,58,-0.15416667,0.5890625
2,2014-05-30 18:05:00+00:00,1.6744857,1.5182894,1.5182894,58,71,58,71,0.069270834,0.5824219
2,2014-05-30 18:05:00+00:00,1.7051746,1.6043305,1.6043305,58,71,71,84,0.2833333,0.6
2,2014-05-30 18:05:00+00:00,1.6631075,1.6481766,1.6481766,58,71,84,97,0.4924479,0.5867188
2,2014-05-30 18:05:00+00:00,1.4909339,1.516615,1.516615,58,71,97,110,0.7348958,0.5878906
2,2014-05-30 18:05:00+00:00,1.3455092,1.5963296,1.5963296,58,71,110,121,0.9166666,0.6
2,2014-05-30 18:05:00+00:00,1.3404161,1.5541034,1.5541034,71,81,110,121,0.9166666,0.8875
3,2014-05-31 18:50:00+00:00,2.2378886,2.2057245,2.2057245,19,32,84,97,0.5,-0.375
3,2014-05-31 18:50:00+00:00,2.3088512,1.9730136,1.9730136,19,32,97,110,0.7166667,-0.375
3,2014-05-31 18:50:00+00:00,2.2089725,1.9517517,1.9517517,19,32,110,121,0.9166666,-0.375
3,2014-05-31 18:50:00+00:00,2.4765897,3.038929,3.038929,32,45,32,45,-0.36041668,-0.036718752
3,2014-05-31 18:50:00+00:00,2.3765302,2.714635,2.714635,32,45,45,58,-0.15,-0.050000004
3,2014-05-31 18:50:00+00:00,2.3630807,2.4518826,2.4518826,32,45,71,84,0.28177083,-0.043750003
3,2014-05-31 18:50:00+00:00,2.0138338,2.2492254,2.2492254,32,45,84,97,0.5,-0.050000004
3,2014-05-31 18:50:00+00:00,1.8190742,1.9458127,1.9458127,32,45,97,110,0.7166667,-0.050000004
3,2014-05-31 18:50:00+00:00,1.7955627,1.9249673,1.9249673,32,45,110,121,0.9166666,-0.050000004
3,2014-05-31 18:50:00+00:00,3.9862552,2.4287345,2.4287345,45,58,6,19,-0.78307295,0.26171875
3,2014-05-31 18:50:00+00:00,2.5977259,2.806014,2.806014,45,58,19,32,-0.5833333,0.275
3,2014-05-31 18:50:00+00:00,2.0529826,2.2032013,2.2032013,45,58,32,45,-0.36666667,0.275
3,2014-05-31 18:50:00+00:00,1.8358514,2.0407164,2.0407164,45,58,45,58,-0.15,0.275
3,2014-05-31 18:50:00+00:00,2.0338664,2.0832412,2.0832412,45,58,58,71,0.06666666,0.275
3,2014-05-31 18:50:00+00:00,2.228806,2.0781531,2.0781531,45,58,71,84,0.26901042,0.28945312
3,2014-05-31 18:50:00+00:00,2.4504616,2.040295,2.040295,45,58,84,97,0.5158854,0.28671876
3,2014-05-31 18:50:00+00:00,1.8344002,1.936301,1.936301,45,58,97,110,0.7166667,0.275
3,2014-05-31 18:50:00+00:00,1.6842126,1.9603357,1.9603357,45,58,110,121,0.9166666,0.275
3,2014-05-31 18:50:00+00:00,2.5715935,2.3404558,2.3404558,58,71,19,32,-0.5679687,0.56640625
3,2014-05-31 18:50:00+00:00,2.1779854,1.9277579,1.9277579,58,71,32,45,-0.36666667,0.6
3,2014-05-31 18:50:00+00:00,2.048231,1.8123268,1.8123268,58,71,45,58,-0.15546876,0.590625
3,2014-05-31 18:50:00+00:00,2.0400121,1.791034,1.791034,58,71,58,71,0.07239584,0.578125
3,2014-05-31 18:50:00+00:00,2.1191463,1.9482272,1.9482272,58,71,71,84,0.2833333,0.6
3,2014-05-31 18:50:00+00:00,2.009936,1.9712191,1.9712191,58,71,84,97,0.49583334,0.5910156
3,2014-05-31 18:50:00+00:00,1.8209743,1.8252995,1.8252995,58,71,97,110,0.72968745,0.59023434
3,2014-05-31 18:50:00+00:00,1.6887293,1.9058679,1.9058679,58,71,110,121,0.9166666,0.6
3,2014-05-31 18:50:00+00:00,1.7074684,1.9264641,1.9264641,71,81,110,121,0.9166666,0.8875
4,2014-06-03 19:20:00+00:00,2.489339,2.5798712,2.5798712,19,32,84,97,0.49791667,-0.37226564
4,2014-06-03 19:20:00+00:00,1.9357593,2.1089942,2.1089942,19,32,97,110,0.71875,-0.3722656
4,2014-06-03 19:20:00+00:00,1.8775581,2.0691772,2.0691772,19,32,110,121,0.9166666,-0.375
4,2014-06-03 19:20:00+00:00,3.8052104,4.0323462,4.0323462,32,45,32,45,-0.36562502,-0.04140625
4,2014-06-03 19:20:00+00:00,3.278504,3.5730224,3.5730224,32,45,45,58,-0.15,-0.050000004
4,2014-06-03 19:20:00+00:00,2.8729746,3.077119,3.077119,32,45,71,84,0.27291667,-0.047656253
4,2014-06-03 19:20:00+00:00,2.5109053,2.6599145,2.6599145,32,45,84,97,0.5057292,-0.05234375
4,2014-06-03 19:20:00+00:00,1.9287193,2.1446698,2.1446698,32,45,97,110,0.7166667,-0.050000004
4,2014-06-03 19:20:00+00:00,1.7837917,2.096193,2.096193,32,45,110,121,0.9166666,-0.050000004
4,2014-06-03 19:20:00+00:00,4.2162,3.7044938,3.7044938,45,58,19,32,-0.5833333,0.275
4,2014-06-03 19:20:00+00:00,2.5961773,3.0782964,3.0782964,45,58,32,45,-0.36666667,0.275
4,2014-06-03 19:20:00+00:00,2.3211281,2.7747104,2.7747104,45,58,45,58,-0.15,0.275
4,2014-06-03 19:20:00+00:00,2.2211182,2.7743897,2.7743897,45,58,58,71,0.06302083,0.27890626
4,2014-06-03 19:20:00+00:00,2.5391657,2.5158799,2.5158799,45,58,84,97,0.5153646,0.2878906
4,2014-06-03 19:20:00+00:00,2.1396542,2.1648808,2.1648808,45,58,97,110,0.7166667,0.275
4,2014-06-03 19:20:00+00:00,1.9310008,2.1635437,2.1635437,45,58,110,121,0.9166666,0.275
4,2014-06-03 19:20:00+00:00,3.887687,2.674571,2.674571,58,71,32,45,-0.36249998,0.59765625
4,2014-06-03 19:20:00+00:00,2.9955494,2.4058907,2.4058907,58,71,45,58,-0.15338542,0.58554685
4,2014-06-03 19:20:00+00:00,2.3397737,2.3964043,2.3964043,58,71,58,71,0.06979167,0.57851565
4,2014-06-03 19:20:00+00:00,2.249989,2.424335,2.424335,58,71,71,84,0.28255206,0.590625
4,2014-06-03 19:20:00+00:00,2.255054,2.3881867,2.3881867,58,71,84,97,0.49114585,0.5835937
4,2014-06-03 19:20:00+00:00,2.2554412,2.066341,2.066341,58,71,97,110,0.734375,0.5894531
4,2014-06-03 19:20:00+00:00,1.8497621,2.116537,2.116537,58,71,110,121,0.9166666,0.6
4,2014-06-03 19:20:00+00:00,1.9629823,2.0840619,2.0840619,71,81,110,121,0.9195313,0.8851563
5,2014-06-05 19:10:00+00:00,2.2928843,2.347802,2.347802,19,32,84,97,0.49609375,-0.37265623
5,2014-06-05 19:10:00+00:00,1.9913427,1.9418756,1.9418756,19,32,97,110,0.7166667,-0.375
5,2014-06-05 19:10:00+00:00,1.9343584,1.9117764,1.9117764,19,32,110,121,0.9166666,-0.375
5,2014-06-05 19:10:00+00:00,2.7656388,3.6784306,3.6784306,32,45,32,45,-0.36770833,-0.034765624
5,2014-06-05 19:10:00+00:00,2.5020275,3.2047987,3.2047987,32,45,45,58,-0.15,-0.050000004
5,2014-06-05 19:10:00+00:00,2.3255754,2.7777529,2.7777529,32,45,71,84,0.278125,-0.04257813
5,2014-06-05 19:10:00+00:00,2.2222428,2.4554467,2.4554467,32,45,84,97,0.49635416,-0.051953126
5,2014-06-05 19:10:00+00:00,1.8378971,1.9494711,1.9494711,32,45,97,110,0.7166667,-0.050000004
5,2014-06-05 19:10:00+00:00,1.7394079,1.9196124,1.9196124,32,45,110,121,0.9166666,-0.050000004
5,2014-06-05 19:10:00+00:00,4.2808456,2.8935459,2.8935459,45,58,6,19,-0.78723955,0.25820312
5,2014-06-05 19:10:00+00:00,2.7870684,3.3466232,3.3466232,45,58,19,32,-0.5833333,0.275
5,2014-06-05 19:10:00+00:00,2.318343,2.6920824,2.6920824,45,58,32,45,-0.36666667,0.275
5,2014-06-05 19:10:00+00:00,2.0944,2.3976858,2.3976858,45,58,45,58,-0.15,0.275
5,2014-06-05 19:10:00+00:00,2.0209973,2.4320548,2.4320548,45,58,58,71,0.06666666,0.275
5,2014-06-05 19:10:00+00:00,2.2824914,2.3080301,2.3080301,45,58,71,84,0.27161458,0.28984377
5,2014-06-05 19:10:00+00:00,1.9204314,1.9424988,1.9424988,45,58,97,110,0.7166667,0.275
5,2014-06-05 19:10:00+00:00,1.7510315,1.9549817,1.9549817,45,58,110,121,0.9166666,0.275
5,2014-06-05 19:10:00+00:00,2.4230921,2.3051672,2.3051672,58,71,32,45,-0.36666667,0.6
5,2014-06-05 19:10:00+00:00,2.5572138,2.0782866,2.0782866,58,71,45,58,-0.15572917,0.58750004
5,2014-06-05 19:10:00+00:00,2.1662588,2.0717626,2.0717626,58,71,58,71,0.07109375,0.57890624
5,2014-06-05 19:10:00+00:00,2.0032463,2.0742946,2.0742946,58,71,71,84,0.27473956,0.59765625
5,2014-06-05 19:10:00+00:00,2.1060495,2.1142383,2.1142383,58,71,84,97,0.49218753,0.5835937
5,2014-06-05 19:10:00+00:00,1.8610089,1.8242272,1.8242272,58,71,97,110,0.72968745,0.5875
5,2014-06-05 19:10:00+00:00,1.6139379,1.888102,1.888102,58,71,110,121,0.9166666,0.6
5,2014-06-05 19:10:00+00:00,1.6778843,1.8867211,1.8867211,71,81,110,121,0.9166666,0.8875
6,2014-06-07 18:55:00+00:00,1.9533806,1.9278187,1.9278187,19,32,84,97,0.5,-0.375
6,2014-06-07 18:55:00+00:00,1.7809042,1.8517734,1.8517734,19,32,97,110,0.7166667,-0.375
6,2014-06-07 18:55:00+00:00,1.7422769,1.819901,1.819901,19,32,110,121,0.9166666,-0.375
6,2014-06-07 18:55:00+00:00,2.0141656,2.3955522,2.3955522,32,45,32,45,-0.36015624,-0.036718752
6,2014-06-07 18:55:00+00:00,1.9264095,2.2138302,2.2138302,32,45,45,58,-0.15,-0.050000004
6,2014-06-07 18:55:00+00:00,1.9422853,1.8776228,1.8776228,32,45,84,97,0.5,-0.050000004
6,2014-06-07 18:55:00+00:00,1.8380175,1.7635669,1.7635669,32,45,97,110,0.7166667,-0.050000004
6,2014-06-07 18:55:00+00:00,1.6480135,1.7352948,1.7352948,32,45,110,121,0.9166666,-0.050000004
6,2014-06-07 18:55:00+00:00,2.0006354,2.3482435,2.3482435,45,58,19,32,-0.58020836,0.265625
6,2014-06-07 18:55:00+00:00,1.7122592,1.8041548,1.8041548,45,58,58,71,0.07057292,0.28398436
6,2014-06-07 18:55:00+00:00,1.9334158,1.8287544,1.8287544,45,58,71,84,0.27031252,0.2890625
6,2014-06-07 18:55:00+00:00,2.0099993,1.8485103,1.8485103,45,58,97,110,0.7166667,0.275
6,2014-06-07 18:55:00+00:00,1.8335596,1.8549477,1.8549477,45,58,110,121,0.9166666,0.275
6,2014-06-07 18:55:00+00:00,1.8629054,1.7143865,1.7143865,58,71,32,45,-0.3627604,0.60234374
6,2014-06-07 18:55:00+00:00,2.1171236,1.6637919,1.6637919,58,71,45,58,-0.1513021,0.58906245
6,2014-06-07 18:55:00+00:00,2.1427596,1.6542493,1.6542493,58,71,58,71,0.069270834,0.5824219
6,2014-06-07 18:55:00+00:00,2.0236466,1.7728082,1.7728082,58,71,71,84,0.2833333,0.6
6,2014-06-07 18:55:00+00:00,2.052623,1.8261541,1.8261541,58,71,84,97,0.49765626,0.5914062
6,2014-06-07 18:55:00+00:00,1.865542,1.7924331,1.7924331,58,71,97,110,0.7309896,0.5886719
6,2014-06-07 18:55:00+00:00,1.799222,1.8510575,1.8510575,58,71,110,121,0.9166666,0.6
6,2014-06-07 18:55:00+00:00,1.5750288,1.8095344,1.8095344,71,81,110,121,0.9166666,0.8875
7,2014-06-14 19:00:00+00:00,2.364213,2.180035,2.180035,19,32,84,97,0.5,-0.375
7,2014-06-14 19:00:00+00:00,1.8592469,1.8566265,1.8566265,19,32,97,110,0.7166667,-0.375
7,2014-06-14 19:00:00+00:00,1.8302565,1.815906,1.815906,19,32,110,121,0.9166666,-0.375
7,2014-06-14 19:00:00+00:00,2.6801333,3.4292634,3.4292634,32,45,32,45,-0.36197916,-0.0375
7,2014-06-14 19:00:00+00:00,2.4131842,2.9793248,2.9793248,32,45,45,58,-0.15,-0.050000004
7,2014-06-14 19:00:00+00:00,2.2520049,2.5951784,2.5951784,32,45,71,84,0.28125,-0.043359376
7,2014-06-14 19:00:00+00:00,2.1052828,2.2456973,2.2456973,32,45,84,97,0.5,-0.050000004
7,2014-06-14 19:00:00+00:00,1.7797103,1.8331949,1.8331949,32,45,97,110,0.7166667,-0.050000004
7,2014-06-14 19:00:00+00:00,1.6180053,1.7943021,1.7943021,32,45,110,121,0.9166666,-0.050000004
7,2014-06-14 19:00:00+00:00,3.675173,2.7186742,2.7186742,45,58,6,19,-0.78151035,0.26171875
7,2014-06-14 19:00:00+00:00,2.5232282,3.1854331,3.1854331,45,58,19,32,-0.5833333,0.275
7,2014-06-14 19:00:00+00:00,2.4070764,2.6111126,2.6111126,45,58,32,45,-0.36666667,0.275
7,2014-06-14 19:00:00+00:00,2.2510755,2.346808,2.346808,45,58,45,58,-0.15,0.275
7,2014-06-14 19:00:00+00:00,2.2484508,2.3864782,2.3864782,45,58,58,71,0.06666666,0.275
7,2014-06-14 19:00:00+00:00,2.2667246,2.271748,2.271748,45,58,71,84,0.2653646,0.29140624
7,2014-06-14 19:00:00+00:00,2.1458123,2.1268003,2.1268003,45,58,84,97,0.5122396,0.2875
7,2014-06-14 19:00:00+00:00,1.8099726,1.9055464,1.9055464,45,58,97,110,0.7166667,0.275
7,2014-06-14 19:00:00+00:00,1.5968282,1.899931,1.899931,45,58,110,121,0.9166666,0.275
7,2014-06-14 19:00:00+00:00,2.3819017,2.2913277,2.2913277,58,71,32,45,-0.36666667,0.6
7,2014-06-14 19:00:00+00:00,2.3584185,2.0988042,2.0988042,58,71,45,58,-0.15078126,0.5917969
7,2014-06-14 19:00:00+00:00,2.3181581,2.1296384,2.1296384,58,71,58,71,0.07291667,0.584375
7,2014-06-14 19:00:00+00:00,2.1770003,2.1047463,2.1047463,58,71,71,84,0.2833333,0.6
7,2014-06-14 19:00:00+00:00,2.1839721,2.0787497,2.0787497,58,71,84,97,0.4950521,0.5910156
7,2014-06-14 19:00:00+00:00,1.7455274,1.8547405,1.8547405,58,71,97,110,0.726823,0.59023434
7,2014-06-14 19:00:00+00:00,1.5179192,1.8748554,1.8748554,58,71,110,121,0.9166666,0.6
7,2014-06-14 19:00:00+00:00,1.6128894,1.8250682,1.8250682,71,81,110,121,0.9166666,0.8875
8,2014-06-16 18:50:00+00:00,1.5669091,1.6660566,1.6660566,19,32,84,97,0.49791664,-0.35742188
8,2014-06-16 18:50:00+00:00,1.6865349,2.2676504,2.2676504,32,45,45,58,-0.14401042,-0.03828125
8,2014-06-16 18:50:00+00:00,1.7933706,1.9142221,1.9142221,32,45,71,84,0.28020835,-0.042968754
8,2014-06-16 18:50:00+00:00,1.6967812,1.6277814,1.6277814,32,45,84,97,0.5057292,-0.05234375
8,2014-06-16 18:50:00+00:00,1.4625274,1.4663372,1.4663372,32,45,97,110,0.7166667,-0.050000004
8,2014-06-16 18:50:00+00:00,1.4173154,1.4584562,1.4584562,32,45,110,121,0.9166666,-0.050000004
8,2014-06-16 18:50:00+00:00,2.1665165,2.4462733,2.4462733,45,58,19,32,-0.5809896,0.26640624
8,2014-06-16 18:50:00+00:00,2.0307813,2.0976317,2.0976317,45,58,32,45,-0.36666667,0.275
8,2014-06-16 18:50:00+00:00,1.8204277,1.9816062,1.9816062,45,58,45,58,-0.15,0.275
8,2014-06-16 18:50:00+00:00,1.9226738,1.9756341,1.9756341,45,58,58,71,0.06666666,0.275
8,2014-06-16 18:50:00+00:00,1.9969093,1.903137,1.903137,45,58,71,84,0.26770836,0.28945312
8,2014-06-16 18:50:00+00:00,1.93564,1.7679284,1.7679284,45,58,84,97,0.5177083,0.28398436
8,2014-06-16 18:50:00+00:00,1.7255895,1.6988192,1.6988192,45,58,97,110,0.7166667,0.275
8,2014-06-16 18:50:00+00:00,1.5911896,1.6967877,1.6967877,45,58,110,121,0.9166666,0.275
8,2014-06-16 18:50:00+00:00,2.182338,1.9299536,1.9299536,58,71,32,45,-0.35833335,0.5894531
8,2014-06-16 18:50:00+00:00,2.0004275,1.8555835,1.8555835,58,71,45,58,-0.1484375,0.5894531
8,2014-06-16 18:50:00+00:00,2.0494986,1.803746,1.803746,58,71,58,71,0.06796875,0.58125
8,2014-06-16 18:50:00+00:00,2.034253,1.8461418,1.8461418,58,71,71,84,0.2833333,0.6
8,2014-06-16 18:50:00+00:00,2.046587,1.7950028,1.7950028,58,71,84,97,0.49765626,0.5914062
8,2014-06-16 18:50:00+00:00,1.8694555,1.6894765,1.6894765,58,71,97,110,0.73072916,0.59023434
8,2014-06-16 18:50:00+00:00,1.6424208,1.7330743,1.7330743,58,71,110,121,0.9166666,0.6
8,2014-06-16 18:50:00+00:00,1.5198015,1.6040243,1.6040243,71,81,110,121,0.9166666,0.8875
9,2014-06-21 19:10:00+00:00,2.1767561,2.0484262,2.0484262,32,45,84,97,0.5052084,-0.050000004
9,2014-06-21 19:10:00+00:00,1.4771063,1.6606808,1.6606808,32,45,97,110,0.71796876,-0.04921875
9,2014-06-21 19:10:00+00:00,1.6190454,1.636447,1.636447,32,45,110,121,0.9166666,-0.050000004
9,2014-06-21 19:10:00+00:00,2.5486002,2.6439688,2.6439688,45,58,32,45,-0.36354166,0.2808594
9,2014-06-21 19:10:00+00:00,2.277262,2.4463696,2.4463696,45,58,45,58,-0.15,0.275
9,2014-06-21 19:10:00+00:00,2.3968756,2.4743326,2.4743326,45,58,58,71,0.071354166,0.27109373
9,2014-06-21 19:10:00+00:00,2.2315152,2.0844266,2.0844266,45,58,84,97,0.5148437,0.27539062
9,2014-06-21 19:10:00+00:00,1.796021,1.8501322,1.8501322,45,58,97,110,0.7166667,0.275
9,2014-06-21 19:10:00+00:00,1.3245343,1.8354915,1.8354915,45,58,110,121,0.9166666,0.275
9,2014-06-21 19:10:00+00:00,2.290725,2.3695865,2.3695865,58,71,32,45,-0.36015624,0.590625
9,2014-06-21 19:10:00+00:00,2.2255943,2.1949189,2.1949189,58,71,45,58,-0.1575521,0.590625
9,2014-06-21 19:10:00+00:00,2.3762517,2.2250404,2.2250404,58,71,58,71,0.071614586,0.5902344
9,2014-06-21 19:10:00+00:00,2.3726082,2.1876917,2.1876917,58,71,71,84,0.2833333,0.6
9,2014-06-21 19:10:00+00:00,1.8008162,1.820363,1.820363,58,71,97,110,0.72760415,0.5882812
9,2014-06-21 19:10:00+00:00,1.265287,1.8455226,1.8455226,58,71,110,121,0.9166666,0.6
10,2014-06-28 19:15:00+00:00,1.4809259,1.6495092,1.6495092,19,32,97,110,0.7268229,-0.365625
10,2014-06-28 19:15:00+00:00,1.7597475,1.6459868,1.6459868,19,32,110,121,0.9161458,-0.36562496
10,2014-06-28 19:15:00+00:00,1.9299989,2.1048717,2.1048717,32,45,84,97,0.5,-0.050000004
10,2014-06-28 19:15:00+00:00,1.6267723,1.677133,1.677133,32,45,97,110,0.7166667,-0.050000004
10,2014-06-28 19:15:00+00:00,1.5618169,1.648744,1.648744,32,45,110,121,0.9166666,-0.050000004
10,2014-06-28 19:15:00+00:00,2.0424855,2.4504044,2.4504044,45,58,45,58,-0.15,0.275
10,2014-06-28 19:15:00+00:00,2.034514,2.370818,2.370818,45,58,58,71,0.061979167,0.28398436
10,2014-06-28 19:15:00+00:00,1.9247459,1.7944055,1.7944055,45,58,97,110,0.7166667,0.275
10,2014-06-28 19:15:00+00:00,1.5966417,1.7829841,1.7829841,45,58,110,121,0.9166666,0.275
10,2014-06-28 19:15:00+00:00,2.2221694,2.16736,2.16736,58,71,45,58,-0.15859374,0.58984375
10,2014-06-28 19:15:00+00:00,2.177288,2.2116568,2.2116568,58,71,58,71,0.07265625,0.5875
10,2014-06-28 19:15:00+00:00,2.2686882,2.107962,2.107962,58,71,71,84,0.2833333,0.6
10,2014-06-28 19:15:00+00:00,1.8333769,1.7076141,1.7076141,58,71,97,110,0.7322917,0.5914062
10,2014-06-28 19:15:00+00:00,1.4016793,1.7801846,1.7801846,58,71,110,121,0.9166666,0.6
10,2014-06-28 19:15:00+00:00,1.0554264,1.6976733,1.6976733,71,81,110,121,0.921875,0.8851563
11,2014-07-02 18:50:00+00:00,1.6734809,1.7641919,1.7641919,32,45,97,110,0.7085937,-0.04140625
11,2014-07-02 18:50:00+00:00,1.7970262,1.860183,1.860183,45,58,110,121,0.9166666,0.275
11,2014-07-02 18:50:00+00:00,2.2632377,1.9595145,1.9595145,58,71,84,97,0.4872396,0.5914062
11,2014-07-02 18:50:00+00:00,1.8599885,1.7768484,1.7768484,71,81,110,121,0.91770834,0.8871094
12,2014-07-04 18:35:00+00:00,1.9861186,1.898318,1.898318,19,32,84,97,0.5,-0.375
12,2014-07-04 18:35:00+00:00,1.7490393,1.7755265,1.7755265,19,32,97,110,0.7166667,-0.375
12,2014-07-04 18:35:00+00:00,1.7350055,1.7421125,1.7421125,19,32,110,121,0.9166666,-0.375
12,2014-07-04 18:35:00+00:00,2.2522662,2.646205,2.646205,32,45,32,45,-0.3622396,-0.034765624
12,2014-07-04 18:35:00+00:00,2.062471,2.404806,2.404806,32,45,45,58,-0.15,-0.050000004
12,2014-07-04 18:35:00+00:00,1.8461959,2.0581563,2.0581563,32,45,71,84,0.27604166,-0.042578127
12,2014-07-04 18:35:00+00:00,1.699772,1.701722,1.701722,32,45,97,110,0.7166667,-0.050000004
12,2014-07-04 18:35:00+00:00,1.6353811,1.6740738,1.6740738,32,45,110,121,0.9166666,-0.050000004
12,2014-07-04 18:35:00+00:00,2.267165,2.5654888,2.5654888,45,58,19,32,-0.58437496,0.27382815
12,2014-07-04 18:35:00+00:00,2.4360807,2.1381924,2.1381924,45,58,32,45,-0.36666667,0.275
12,2014-07-04 18:35:00+00:00,2.2659588,2.0085704,2.0085704,45,58,45,58,-0.15677084,0.27304688
12,2014-07-04 18:35:00+00:00,1.8485438,1.9271824,1.9271824,45,58,58,71,0.05885417,0.265625
12,2014-07-04 18:35:00+00:00,1.9555634,1.828295,1.828295,45,58,97,110,0.7166667,0.275
12,2014-07-04 18:35:00+00:00,1.8893461,1.8250052,1.8250052,45,58,110,121,0.9166666,0.275
12,2014-07-04 18:35:00+00:00,2.26516,1.956583,1.956583,58,71,32,45,-0.36432293,0.5929687
12,2014-07-04 18:35:00+00:00,2.0500343,1.920257,1.920257,58,71,84,97,0.49166667,0.58515626
12,2014-07-04 18:35:00+00:00,2.0047426,1.7862569,1.7862569,58,71,97,110,0.7356771,0.5871093
12,2014-07-04 18:35:00+00:00,1.8323895,1.8353354,1.8353354,58,71,110,121,0.9166666,0.6
12,2014-07-04 18:35:00+00:00,1.8626575,1.775756,1.775756,71,81,110,121,0.9166666,0.8875
15,2014-07-07 19:10:00+00:00,1.7501307,2.7054563,2.7054563,32,45,84,97,0.5033854,-0.041796874
15,2014-07-07 19:10:00+00:00,1.6118611,2.102634,2.102634,32,45,97,110,0.7190105,-0.028906247
15,2014-07-07 19:10:00+00:00,2.929037,3.626271,3.626271,45,58,32,45,-0.3671875,0.28671876
15,2014-07-07 19:10:00+00:00,2.9857805,3.36457,3.36457,45,58,45,58,-0.14583334,0.27617186
15,2014-07-07 19:10:00+00:00,2.8606668,3.3605204,3.3605204,45,58,58,71,0.072916664,0.275
15,2014-07-07 19:10:00+00:00,2.2080362,2.1540189,2.1540189,45,58,97,110,0.7166667,0.275
15,2014-07-07 19:10:00+00:00,1.845745,2.1029408,2.1029408,45,58,110,121,0.9166666,0.275
15,2014-07-07 19:10:00+00:00,2.9600613,2.7870486,2.7870486,58,71,71,84,0.28802085,0.59335935
15,2014-07-07 19:10:00+00:00,2.338174,2.1630087,2.1630087,58,71,97,110,0.7218751,0.58984375
15,2014-07-07 19:10:00+00:00,2.2047114,2.1025374,2.1025374,58,71,110,121,0.9166666,0.6
15,2014-07-07 19:10:00+00:00,1.8842033,2.0137484,2.0137484,71,81,110,121,0.9166666,0.8875
16,2014-07-09 18:55:00+00:00,2.3395042,3.2150643,3.2150643,45,58,19,32,-0.58515626,0.27929688
16,2014-07-09 18:55:00+00:00,2.204261,2.71816,2.71816,45,58,32,45,-0.3658854,0.2808594
16,2014-07-09 18:55:00+00:00,2.340111,2.422526,2.422526,45,58,45,58,-0.15,0.275
16,2014-07-09 18:55:00+00:00,2.1141343,2.3852909,2.3852909,45,58,58,71,0.06328125,0.27812502
16,2014-07-09 18:55:00+00:00,1.7140267,1.6585176,1.6585176,45,58,110,121,0.91875005,0.27968752
16,2014-07-09 18:55:00+00:00,2.9253163,2.2786875,2.2786875,58,71,32,45,-0.36380208,0.58320314
16,2014-07-09 18:55:00+00:00,2.3477094,2.120304,2.120304,58,71,45,58,-0.15130208,0.5875
16,2014-07-09 18:55:00+00:00,2.5391185,2.082025,2.082025,58,71,58,71,0.064062506,0.5765625
17,2014-07-11 18:45:00+00:00,1.6112733,1.6234396,1.6234396,19,32,110,121,0.915625,-0.3738281
17,2014-07-11 18:45:00+00:00,1.7023233,1.8198982,1.8198982,32,45,84,97,0.5,-0.050000004
17,2014-07-11 18:45:00+00:00,1.420778,1.5835615,1.5835615,32,45,97,110,0.7166667,-0.04296875
17,2014-07-11 18:45:00+00:00,1.3655324,1.5265574,1.5265574,32,45,110,121,0.9195313,-0.051562503
17,2014-07-11 18:45:00+00:00,2.415806,1.6932381,1.6932381,45,58,110,121,0.9166666,0.275
17,2014-07-11 18:45:00+00:00,1.8887825,1.6240209,1.6240209,71,81,110,121,0.9161458,0.88593745
18,2014-07-14 19:15:00+00:00,1.3552196,1.3914281,1.3914281,19,32,84,97,0.5,-0.375
18,2014-07-14 19:15:00+00:00,1.3740602,1.3285395,1.3285395,19,32,97,110,0.7166667,-0.375
18,2014-07-14 19:15:00+00:00,1.3521619,1.3208406,1.3208406,19,32,110,121,0.9166666,-0.375
18,2014-07-14 19:15:00+00:00,1.5264171,1.947333,1.947333,32,45,32,45,-0.36041668,-0.036718752
18,2014-07-14 19:15:00+00:00,1.441046,1.8077047,1.8077047,32,45,45,58,-0.15,-0.050000004
18,2014-07-14 19:15:00+00:00,1.566901,1.5321908,1.5321908,32,45,71,84,0.27968752,-0.04140625
18,2014-07-14 19:15:00+00:00,1.4081566,1.3199,1.3199,32,45,84,97,0.5,-0.050000004
18,2014-07-14 19:15:00+00:00,1.2630668,1.2181919,1.2181919,32,45,97,110,0.7166667,-0.050000004
18,2014-07-14 19:15:00+00:00,1.2599078,1.2215784,1.2215784,32,45,110,121,0.9166666,-0.050000004
18,2014-07-14 19:15:00+00:00,1.7094834,2.0249152,2.0249152,45,58,19,32,-0.5833333,0.275
18,2014-07-14 19:15:00+00:00,1.7959318,1.6472805,1.6472805,45,58,32,45,-0.36666667,0.275
18,2014-07-14 19:15:00+00:00,1.7593434,1.5904293,1.5904293,45,58,45,58,-0.15,0.275
18,2014-07-14 19:15:00+00:00,1.714783,1.5688652,1.5688652,45,58,58,71,0.06666666,0.275
18,2014-07-14 19:15:00+00:00,1.6843638,1.5211838,1.5211838,45,58,71,84,0.26041666,0.2925781
18,2014-07-14 19:15:00+00:00,1.7736217,1.4005213,1.4005213,45,58,84,97,0.5158854,0.28398436
18,2014-07-14 19:15:00+00:00,1.453085,1.3995098,1.3995098,45,58,97,110,0.7166667,0.275
18,2014-07-14 19:15:00+00:00,1.4009811,1.4058936,1.4058936,45,58,110,121,0.9166666,0.275
18,2014-07-14 19:15:00+00:00,1.622746,1.5171915,1.5171915,58,71,32,45,-0.36666667,0.6
18,2014-07-14 19:15:00+00:00,2.090092,1.4707447,1.4707447,58,71,45,58,-0.15651041,0.5914062
18,2014-07-14 19:15:00+00:00,1.9528714,1.4512968,1.4512968,58,71,58,71,0.069270834,0.5824219
18,2014-07-14 19:15:00+00:00,1.8108695,1.4730197,1.4730197,58,71,71,84,0.2833333,0.6
18,2014-07-14 19:15:00+00:00,1.7636223,1.4025414,1.4025414,58,71,84,97,0.49244794,0.58554685
18,2014-07-14 19:15:00+00:00,1.4551153,1.4086897,1.4086897,58,71,97,110,0.7299479,0.59023434
18,2014-07-14 19:15:00+00:00,1.2704881,1.4362295,1.4362295,58,71,110,121,0.9166666,0.6
18,2014-07-14 19:15:00+00:00,1.1984516,1.3242992,1.3242992,71,81,110,121,0.9166666,0.8875
19,2014-07-17 18:05:00+00:00,1.6915694,1.7114066,1.7114066,19,32,84,97,0.5,-0.375
19,2014-07-17 18:05:00+00:00,1.5219922,1.5827558,1.5827558,19,32,97,110,0.7166667,-0.375
19,2014-07-17 18:05:00+00:00,1.4690487,1.5633622,1.5633622,19,32,110,121,0.9166666,-0.375
19,2014-07-17 18:05:00+00:00,2.2151563,2.5199058,2.5199058,32,45,32,45,-0.365625,-0.039453126
19,2014-07-17 18:05:00+00:00,1.9794114,2.254845,2.254845,32,45,45,58,-0.15,-0.050000004
19,2014-07-17 18:05:00+00:00,1.9005781,1.9098955,1.9098955,32,45,71,84,0.27942708,-0.045703128
19,2014-07-17 18:05:00+00:00,1.7050498,1.6728283,1.6728283,32,45,84,97,0.5044271,-0.051953126
19,2014-07-17 18:05:00+00:00,1.635195,1.4939889,1.4939889,32,45,97,110,0.7166667,-0.050000004
19,2014-07-17 18:05:00+00:00,1.6102817,1.484438,1.484438,32,45,110,121,0.9166666,-0.050000004
19,2014-07-17 18:05:00+00:00,1.7257217,2.5373793,2.5373793,45,58,19,32,-0.584375,0.27109376
19,2014-07-17 18:05:00+00:00,1.8575035,2.0529795,2.0529795,45,58,32,45,-0.36666667,0.275
19,2014-07-17 18:05:00+00:00,1.9509691,1.9211533,1.9211533,45,58,45,58,-0.15,0.275
19,2014-07-17 18:05:00+00:00,1.992856,1.8979524,1.8979524,45,58,58,71,0.06666666,0.275
19,2014-07-17 18:05:00+00:00,1.9806659,1.8137633,1.8137633,45,58,71,84,0.265625,0.28945315
19,2014-07-17 18:05:00+00:00,2.0565572,1.7612673,1.7612673,45,58,84,97,0.5119791,0.28203124
19,2014-07-17 18:05:00+00:00,1.725294,1.6637026,1.6637026,45,58,97,110,0.7166667,0.275
19,2014-07-17 18:05:00+00:00,1.5764804,1.6670442,1.6670442,45,58,110,121,0.9166666,0.275
19,2014-07-17 18:05:00+00:00,1.5046049,1.8762755,1.8762755,58,71,32,45,-0.37187502,0.5816406
19,2014-07-17 18:05:00+00:00,1.7412037,1.8366206,1.8366206,58,71,71,84,0.29609376,0.5992187
19,2014-07-17 18:05:00+00:00,1.9649774,1.7629747,1.7629747,58,71,84,97,0.49375,0.58984375
19,2014-07-17 18:05:00+00:00,1.5226324,1.6515932,1.6515932,58,71,97,110,0.7278646,0.58984375
19,2014-07-17 18:05:00+00:00,1.4926031,1.719858,1.719858,58,71,110,121,0.9104167,0.58867186
20,2014-07-31 18:20:00+00:00,0.83307266,0.8008788,0.8008788,19,32,110,121,0.91536456,-0.39023435
21,2014-08-03 18:50:00+00:00,1.4330413,1.4152374,1.4152374,19,32,84,97,0.5,-0.375
21,2014-08-03 18:50:00+00:00,1.4289101,1.2729193,1.2729193,19,32,97,110,0.7166667,-0.375
21,2014-08-03 18:50:00+00:00,1.189059,1.2623042,1.2623042,19,32,110,121,0.9166666,-0.375
21,2014-08-03 18:50:00+00:00,2.045771,2.317091,2.317091,32,45,32,45,-0.36015624,-0.036718752
21,2014-08-03 18:50:00+00:00,1.7044238,2.027674,2.027674,32,45,45,58,-0.15,-0.050000004
21,2014-08-03 18:50:00+00:00,1.5304615,1.63151,1.63151,32,45,71,84,0.27916667,-0.041015625
21,2014-08-03 18:50:00+00:00,1.3753499,1.401585,1.401585,32,45,84,97,0.5,-0.050000004
21,2014-08-03 18:50:00+00:00,1.5424125,1.2017162,1.2017162,32,45,97,110,0.7166667,-0.050000004
21,2014-08-03 18:50:00+00:00,1.2875199,1.2007327,1.2007327,32,45,110,121,0.9166666,-0.050000004
21,2014-08-03 18:50:00+00:00,2.8530645,2.2409627,2.2409627,45,58,19,32,-0.578125,0.27265626
21,2014-08-03 18:50:00+00:00,2.1789906,1.8313714,1.8313714,45,58,32,45,-0.36666667,0.275
21,2014-08-03 18:50:00+00:00,1.4338324,1.685593,1.685593,45,58,45,58,-0.15,0.275
21,2014-08-03 18:50:00+00:00,1.6011693,1.6523774,1.6523774,45,58,58,71,0.06666666,0.275
21,2014-08-03 18:50:00+00:00,1.643574,1.5307914,1.5307914,45,58,71,84,0.26718754,0.28945312
21,2014-08-03 18:50:00+00:00,1.6501205,1.4229501,1.4229501,45,58,84,97,0.5119792,0.28476563
21,2014-08-03 18:50:00+00:00,1.429468,1.3395761,1.3395761,45,58,97,110,0.7166667,0.275
21,2014-08-03 18:50:00+00:00,1.2258357,1.3396128,1.3396128,45,58,110,121,0.9166666,0.275
21,2014-08-03 18:50:00+00:00,1.1284068,1.6171042,1.6171042,58,71,32,45,-0.36666667,0.6
21,2014-08-03 18:50:00+00:00,1.3760762,1.5235012,1.5235012,58,71,45,58,-0.15338542,0.5929687
21,2014-08-03 18:50:00+00:00,1.4144907,1.4721347,1.4721347,58,71,58,71,0.07213542,0.5832032
21,2014-08-03 18:50:00+00:00,1.4653004,1.464224,1.464224,58,71,71,84,0.2833333,0.6
21,2014-08-03 18:50:00+00:00,1.4513769,1.405067,1.405067,58,71,84,97,0.49583334,0.5910156
21,2014-08-03 18:50:00+00:00,1.2667735,1.2819417,1.2819417,58,71,97,110,0.7307292,0.5882813
21,2014-08-03 18:50:00+00:00,1.1723866,1.3438057,1.3438057,58,71,110,121,0.9166666,0.6
21,2014-08-03 18:50:00+00:00,1.1139294,1.2489858,1.2489858,71,81,110,121,0.9166666,0.8875
22,2014-08-07 18:25:00+00:00,0.868674,1.1616971,1.1616971,19,32,110,121,0.9166666,-0.375
22,2014-08-07 18:25:00+00:00,2.021272,2.1400144,2.1400144,32,45,32,45,-0.36380208,-0.037109375
22,2014-08-07 18:25:00+00:00,1.5956626,1.9165009,1.9165009,32,45,45,58,-0.15,-0.050000004
22,2014-08-07 18:25:00+00:00,1.6050767,1.5028483,1.5028483,32,45,71,84,0.27421874,-0.044921875
22,2014-08-07 18:25:00+00:00,0.97840536,1.0933155,1.0933155,32,45,110,121,0.9166666,-0.050000004
22,2014-08-07 18:25:00+00:00,2.289383,1.7505188,1.7505188,45,58,32,45,-0.36380208,0.2691406
22,2014-08-07 18:25:00+00:00,1.4879586,1.6351125,1.6351125,45,58,45,58,-0.15,0.275
22,2014-08-07 18:25:00+00:00,1.5513693,1.5308125,1.5308125,45,58,58,71,0.05859375,0.2578125
22,2014-08-07 18:25:00+00:00,1.1756305,1.2137425,1.2137425,45,58,97,110,0.7174479,0.27421877
22,2014-08-07 18:25:00+00:00,0.99435616,1.2509444,1.2509444,45,58,110,121,0.9166666,0.275
23,2014-08-09 18:15:00+00:00,1.164666,1.3859859,1.3859859,19,32,84,97,0.5,-0.375
23,2014-08-09 18:15:00+00:00,1.0940973,1.1911407,1.1911407,19,32,97,110,0.7166667,-0.375
23,2014-08-09 18:15:00+00:00,1.1067027,1.1965594,1.1965594,19,32,110,121,0.9166666,-0.375
23,2014-08-09 18:15:00+00:00,1.8036748,2.566105,2.566105,32,45,32,45,-0.36015624,-0.036718752
23,2014-08-09 18:15:00+00:00,1.5933839,2.2404249,2.2404249,32,45,45,58,-0.15,-0.050000004
23,2014-08-09 18:15:00+00:00,1.752171,1.7233828,1.7233828,32,45,71,84,0.2794271,-0.044531252
23,2014-08-09 18:15:00+00:00,1.6281022,1.3913765,1.3913765,32,45,84,97,0.5,-0.050000004
23,2014-08-09 18:15:00+00:00,1.503488,1.1234856,1.1234856,32,45,97,110,0.7166667,-0.050000004
23,2014-08-09 18:15:00+00:00,1.5085266,1.1407152,1.1407152,32,45,110,121,0.9166666,-0.050000004
23,2014-08-09 18:15:00+00:00,2.7936583,2.0970376,2.0970376,45,58,6,19,-0.78020835,0.26210934
23,2014-08-09 18:15:00+00:00,2.667291,2.5048277,2.5048277,45,58,19,32,-0.5833333,0.275
23,2014-08-09 18:15:00+00:00,2.205727,2.0483003,2.0483003,45,58,32,45,-0.36666667,0.275
23,2014-08-09 18:15:00+00:00,1.9871175,1.8813405,1.8813405,45,58,45,58,-0.15,0.275
23,2014-08-09 18:15:00+00:00,1.7694478,1.8020502,1.8020502,45,58,58,71,0.06328125,0.271875
23,2014-08-09 18:15:00+00:00,0.9631261,1.1908785,1.1908785,71,81,110,121,0.91875005,0.88789064
24,2014-08-10 18:55:00+00:00,1.3436333,1.2507654,1.2507654,19,32,84,97,0.5,-0.375
24,2014-08-10 18:55:00+00:00,1.1401851,1.125818,1.125818,19,32,97,110,0.7166667,-0.375
24,2014-08-10 18:55:00+00:00,1.1574023,1.1405593,1.1405593,19,32,110,121,0.9166666,-0.375
24,2014-08-10 18:55:00+00:00,1.5812247,2.040594,2.040594,32,45,32,45,-0.35989583,-0.035937503
24,2014-08-10 18:55:00+00:00,1.4000893,1.8610814,1.8610814,32,45,45,58,-0.15,-0.050000004
24,2014-08-10 18:55:00+00:00,1.64965,1.4589338,1.4589338,32,45,71,84,0.28203124,-0.044140626
24,2014-08-10 18:55:00+00:00,1.4740864,1.2272673,1.2272673,32,45,84,97,0.5,-0.050000004
24,2014-08-10 18:55:00+00:00,1.2012011,1.0467274,1.0467274,32,45,97,110,0.7166667,-0.050000004
24,2014-08-10 18:55:00+00:00,1.2654569,1.073322,1.073322,32,45,110,121,0.9166666,-0.050000004
24,2014-08-10 18:55:00+00:00,2.448365,1.7112387,1.7112387,45,58,6,19,-0.7820312,0.26171875
24,2014-08-10 18:55:00+00:00,2.590342,2.0527456,2.0527456,45,58,19,32,-0.5833333,0.275
24,2014-08-10 18:55:00+00:00,1.8362163,1.6184889,1.6184889,45,58,32,45,-0.36666667,0.275
24,2014-08-10 18:55:00+00:00,1.5368389,1.5310882,1.5310882,45,58,45,58,-0.15,0.275
24,2014-08-10 18:55:00+00:00,1.4069824,1.471203,1.471203,45,58,58,71,0.06666666,0.275
24,2014-08-10 18:55:00+00:00,1.4530065,1.3607224,1.3607224,45,58,71,84,0.27031252,0.2890625
24,2014-08-10 18:55:00+00:00,1.5407989,1.2366732,1.2366732,45,58,84,97,0.5148437,0.28476563
24,2014-08-10 18:55:00+00:00,1.2842417,1.1742356,1.1742356,45,58,97,110,0.7166667,0.275
24,2014-08-10 18:55:00+00:00,1.2239097,1.1994436,1.1994436,45,58,110,121,0.9166666,0.275
24,2014-08-10 18:55:00+00:00,1.4657811,1.725836,1.725836,58,71,19,32,-0.56848955,0.56757814
24,2014-08-10 18:55:00+00:00,1.0992657,1.4306661,1.4306661,58,71,32,45,-0.36666667,0.6
24,2014-08-10 18:55:00+00:00,1.1852382,1.3874782,1.3874782,58,71,45,58,-0.15338542,0.5929687
24,2014-08-10 18:55:00+00:00,1.1904012,1.3087887,1.3087887,58,71,58,71,0.069270834,0.5824219
24,2014-08-10 18:55:00+00:00,1.3364882,1.3065842,1.3065842,58,71,71,84,0.2833333,0.6
24,2014-08-10 18:55:00+00:00,1.3453346,1.2314931,1.2314931,58,71,84,97,0.49765626,0.5914062
24,2014-08-10 18:55:00+00:00,1.279044,1.1346812,1.1346812,58,71,97,110,0.7294271,0.5894531
24,2014-08-10 18:55:00+00:00,1.1923702,1.2069255,1.2069255,58,71,110,121,0.9166666,0.6
24,2014-08-10 18:55:00+00:00,1.1008853,1.1046671,1.1046671,71,81,110,121,0.9166666,0.8875
25,2014-08-13 17:50:00+00:00,3.1488376,3.2068276,3.2068276,19,32,84,97,0.5,-0.375
25,2014-08-13 17:50:00+00:00,2.581678,2.6053965,2.6053965,19,32,97,110,0.7166667,-0.375
25,2014-08-13 17:50:00+00:00,2.4387393,2.5064359,2.5064359,19,32,110,121,0.9166666,-0.375
25,2014-08-13 17:50:00+00:00,4.206282,4.8698487,4.8698487,32,45,32,45,-0.36354166,-0.035546876
25,2014-08-13 17:50:00+00:00,3.5493855,4.40208,4.40208,32,45,45,58,-0.15,-0.050000004
25,2014-08-13 17:50:00+00:00,2.9225202,3.9255812,3.9255812,32,45,71,84,0.2809896,-0.046484374
25,2014-08-13 17:50:00+00:00,2.9502506,3.442203,3.442203,32,45,84,97,0.5057292,-0.05234375
25,2014-08-13 17:50:00+00:00,2.3305497,2.7523804,2.7523804,32,45,97,110,0.7166667,-0.050000004
25,2014-08-13 17:50:00+00:00,2.2705739,2.6362407,2.6362407,32,45,110,121,0.9166666,-0.050000004
25,2014-08-13 17:50:00+00:00,4.538493,3.6732528,3.6732528,45,58,6,19,-0.79010415,0.2625
25,2014-08-13 17:50:00+00:00,3.8223588,4.180254,4.180254,45,58,19,32,-0.5833333,0.275
25,2014-08-13 17:50:00+00:00,3.470253,3.519495,3.519495,45,58,32,45,-0.36666667,0.275
25,2014-08-13 17:50:00+00:00,3.0227108,3.172224,3.172224,45,58,45,58,-0.15,0.275
25,2014-08-13 17:50:00+00:00,2.670455,3.2756305,3.2756305,45,58,58,71,0.06979167,0.27695313
25,2014-08-13 17:50:00+00:00,2.7646482,2.854355,2.854355,45,58,84,97,0.5125,0.2824219
25,2014-08-13 17:50:00+00:00,2.286983,2.4778287,2.4778287,45,58,97,110,0.7166667,0.275
25,2014-08-13 17:50:00+00:00,2.128858,2.4484594,2.4484594,45,58,110,121,0.9166666,0.275
25,2014-08-13 17:50:00+00:00,2.5374417,3.5092938,3.5092938,58,71,19,32,-0.5658854,0.5796875
25,2014-08-13 17:50:00+00:00,2.4551752,2.9511206,2.9511206,58,71,32,45,-0.36666667,0.6
25,2014-08-13 17:50:00+00:00,2.5463707,2.6344838,2.6344838,58,71,45,58,-0.15442708,0.5800781
25,2014-08-13 17:50:00+00:00,2.435583,2.7628179,2.7628179,58,71,58,71,0.071875006,0.5851562
25,2014-08-13 17:50:00+00:00,2.4611661,2.7505653,2.7505653,58,71,71,84,0.2833333,0.6
25,2014-08-13 17:50:00+00:00,2.5209415,2.8024137,2.8024137,58,71,84,97,0.48854166,0.58632815
25,2014-08-13 17:50:00+00:00,2.1431289,2.2963588,2.2963588,58,71,97,110,0.73020834,0.5921875
25,2014-08-13 17:50:00+00:00,1.9353529,2.3173108,2.3173108,58,71,110,121,0.9166666,0.6
25,2014-08-13 17:50:00+00:00,1.8789506,2.4043071,2.4043071,71,81,110,121,0.9166666,0.8875
26,2014-08-17 19:00:00+00:00,1.4073787,1.4467673,1.4467673,71,81,110,121,0.9166666,0.8875
27,2014-08-18 18:05:00+00:00,2.9558165,2.3013613,2.3013613,32,45,32,45,-0.36562496,-0.0375
27,2014-08-18 18:05:00+00:00,1.937823,2.0856612,2.0856612,32,45,45,58,-0.15286458,-0.040234376
27,2014-08-18 18:05:00+00:00,3.2858555,1.7322128,1.7322128,45,58,6,19,-0.7856771,0.26289064
27,2014-08-18 18:05:00+00:00,1.5205535,2.1987238,2.1987238,45,58,19,32,-0.58489585,0.2703125
27,2014-08-18 18:05:00+00:00,1.3033926,1.6810272,1.6810272,45,58,32,45,-0.36328125,0.26640624
27,2014-08-18 18:05:00+00:00,1.4613372,1.5799608,1.5799608,45,58,45,58,-0.15,0.275
27,2014-08-18 18:05:00+00:00,1.6462473,1.4612951,1.4612951,45,58,58,71,0.06119792,0.28945315
27,2014-08-18 18:05:00+00:00,1.0706987,1.4386699,1.4386699,58,71,32,45,-0.37083334,0.60234374
27,2014-08-18 18:05:00+00:00,1.3494223,1.4010928,1.4010928,58,71,45,58,-0.15156251,0.5917969
27,2014-08-18 18:05:00+00:00,1.3279766,1.304075,1.304075,58,71,58,71,0.07057292,0.5832032
27,2014-08-18 18:05:00+00:00,1.4608201,1.3128927,1.3128927,58,71,71,84,0.28020835,0.60195315
27,2014-08-18 18:05:00+00:00,1.5328119,1.2499142,1.2499142,58,71,84,97,0.49583334,0.5910156
27,2014-08-18 18:05:00+00:00,1.298427,1.1293849,1.1293849,58,71,97,110,0.7317709,0.58906245
27,2014-08-18 18:05:00+00:00,1.2417883,1.2132913,1.2132913,58,71,110,121,0.9166666,0.6
27,2014-08-18 18:05:00+00:00,1.3239964,1.1293167,1.1293167,71,81,110,121,0.9166666,0.8875
28,2014-08-25 18:15:00+00:00,3.1652112,3.3566267,3.3566267,32,45,32,45,-0.3643229,-0.03828125
28,2014-08-25 18:15:00+00:00,2.4599109,2.9864016,2.9864016,32,45,45,58,-0.15,-0.050000004
28,2014-08-25 18:15:00+00:00,2.7465096,2.6700506,2.6700506,32,45,71,84,0.278125,-0.041015625
28,2014-08-25 18:15:00+00:00,2.646603,2.375953,2.375953,32,45,84,97,0.4997396,-0.05078125
28,2014-08-25 18:15:00+00:00,2.1070323,1.9966475,1.9966475,32,45,97,110,0.7166667,-0.050000004
28,2014-08-25 18:15:00+00:00,1.688688,1.9700974,1.9700974,32,45,110,121,0.9166666,-0.050000004
28,2014-08-25 18:15:00+00:00,3.2818117,2.383632,2.383632,45,58,6,19,-0.78125,0.25859374
28,2014-08-25 18:15:00+00:00,2.5249507,2.8732932,2.8732932,45,58,19,32,-0.5833333,0.275
28,2014-08-25 18:15:00+00:00,1.9663405,2.2336144,2.2336144,45,58,32,45,-0.36666667,0.275
28,2014-08-25 18:15:00+00:00,1.9183125,2.0466304,2.0466304,45,58,45,58,-0.15,0.275
28,2014-08-25 18:15:00+00:00,2.3071258,2.0955262,2.0955262,45,58,58,71,0.06666666,0.275
28,2014-08-25 18:15:00+00:00,2.213224,2.0199938,2.0199938,45,58,71,84,0.26875,0.2890625
28,2014-08-25 18:15:00+00:00,2.297302,1.978418,1.978418,45,58,84,97,0.5132813,0.28671876
28,2014-08-25 18:15:00+00:00,2.0144095,1.8224748,1.8224748,45,58,97,110,0.7166667,0.275
28,2014-08-25 18:15:00+00:00,1.9252557,1.850414,1.850414,45,58,110,121,0.9166666,0.275
28,2014-08-25 18:15:00+00:00,1.9319474,2.3225987,2.3225987,58,71,19,32,-0.56927085,0.56718755
28,2014-08-25 18:15:00+00:00,1.7364573,1.8580501,1.8580501,58,71,32,45,-0.36666667,0.6
28,2014-08-25 18:15:00+00:00,1.7693739,1.7391528,1.7391528,58,71,45,58,-0.15572917,0.5914062
28,2014-08-25 18:15:00+00:00,1.8376113,1.7356789,1.7356789,58,71,58,71,0.069270834,0.5824219
28,2014-08-25 18:15:00+00:00,1.9744437,1.8534213,1.8534213,58,71,71,84,0.2833333,0.6
28,2014-08-25 18:15:00+00:00,1.9099258,1.8610414,1.8610414,58,71,84,97,0.49583334,0.5910156
28,2014-08-25 18:15:00+00:00,1.6852632,1.6732149,1.6732149,58,71,97,110,0.7278646,0.58984375
28,2014-08-25 18:15:00+00:00,1.6292338,1.7483977,1.7483977,58,71,110,121,0.9166666,0.6
28,2014-08-25 18:15:00+00:00,1.4933487,1.8070959,1.8070959,71,81,110,121,0.9166666,0.8875
29,2014-08-26 18:55:00+00:00,2.2475195,2.336518,2.336518,19,32,84,97,0.5,-0.375
29,2014-08-26 18:55:00+00:00,1.9395125,2.0503244,2.0503244,19,32,97,110,0.7166667,-0.375
29,2014-08-26 18:55:00+00:00,1.7906429,2.0030346,2.0030346,19,32,110,121,0.9166666,-0.375
29,2014-08-26 18:55:00+00:00,2.840438,3.200818,3.200818,32,45,32,45,-0.36640623,-0.034765624
29,2014-08-26 18:55:00+00:00,2.4258993,2.9227917,2.9227917,32,45,45,58,-0.14583334,-0.05390625
29,2014-08-26 18:55:00+00:00,2.7348433,2.619771,2.619771,32,45,71,84,0.278125,-0.041015625
29,2014-08-26 18:55:00+00:00,2.8375404,2.4297266,2.4297266,32,45,84,97,0.5,-0.050000004
29,2014-08-26 18:55:00+00:00,2.210384,2.060187,2.060187,32,45,97,110,0.7166667,-0.050000004
29,2014-08-26 18:55:00+00:00,1.8021414,2.0083663,2.0083663,32,45,110,121,0.9166666,-0.050000004
29,2014-08-26 18:55:00+00:00,2.0010684,2.2975175,2.2975175,45,58,32,45,-0.37942708,0.28046876
29,2014-08-26 18:55:00+00:00,2.131944,2.1488452,2.1488452,45,58,58,71,0.07213542,0.27382812
29,2014-08-26 18:55:00+00:00,2.3610914,2.090371,2.090371,45,58,71,84,0.27005208,0.28867185
29,2014-08-26 18:55:00+00:00,2.4349148,2.0970123,2.0970123,45,58,84,97,0.5122396,0.2875
29,2014-08-26 18:55:00+00:00,1.8687062,1.9485372,1.9485372,45,58,97,110,0.7166667,0.275
29,2014-08-26 18:55:00+00:00,1.9492755,1.9540787,1.9540787,45,58,110,121,0.9166666,0.275
29,2014-08-26 18:55:00+00:00,1.6853356,1.9115188,1.9115188,58,71,32,45,-0.36666667,0.6
29,2014-08-26 18:55:00+00:00,1.9829631,1.9439454,1.9439454,58,71,71,84,0.2833333,0.6
29,2014-08-26 18:55:00+00:00,2.0848403,1.983627,1.983627,58,71,84,97,0.4950521,0.5925781
29,2014-08-26 18:55:00+00:00,1.6694678,1.8421369,1.8421369,58,71,97,110,0.7273438,0.59023434
29,2014-08-26 18:55:00+00:00,1.4786165,1.876437,1.876437,58,71,110,121,0.9166666,0.6
29,2014-08-26 18:55:00+00:00,1.4515952,1.9170249,1.9170249,71,81,110,121,0.9166666,0.8875
30,2014-08-27 18:00:00+00:00,1.7531729,1.7975308,1.7975308,19,32,84,97,0.5,-0.375
30,2014-08-27 18:00:00+00:00,1.4213266,1.673141,1.673141,19,32,97,110,0.7117188,-0.3640625
30,2014-08-27 18:00:00+00:00,2.1259825,1.792521,1.792521,32,45,84,97,0.50390625,-0.05625
30,2014-08-27 18:00:00+00:00,1.741674,1.5996865,1.5996865,32,45,97,110,0.7166667,-0.050000004
30,2014-08-27 18:00:00+00:00,1.4940525,1.5914869,1.5914869,32,45,110,121,0.9166666,-0.050000004
30,2014-08-27 18:00:00+00:00,1.7959346,2.0756109,2.0756109,45,58,19,32,-0.5802083,0.27695313
30,2014-08-27 18:00:00+00:00,1.3893425,1.5648315,1.5648315,45,58,45,58,-0.15807292,0.2644531
30,2014-08-27 18:00:00+00:00,1.7467092,1.528694,1.528694,45,58,58,71,0.071614586,0.259375
30,2014-08-27 18:00:00+00:00,1.8736323,1.5521643,1.5521643,45,58,71,84,0.265625,0.2925781
30,2014-08-27 18:00:00+00:00,1.7683566,1.5858988,1.5858988,45,58,84,97,0.5101563,0.2890625
30,2014-08-27 18:00:00+00:00,1.4423678,1.535242,1.535242,45,58,97,110,0.7166667,0.275
30,2014-08-27 18:00:00+00:00,1.5591611,1.5649235,1.5649235,45,58,110,121,0.9166666,0.275
30,2014-08-27 18:00:00+00:00,1.3830246,1.3938605,1.3938605,58,71,32,45,-0.36796874,0.5992187
31,2014-08-28 18:45:00+00:00,2.5890872,2.370714,2.370714,19,32,97,110,0.71250004,-0.38828123
31,2014-08-28 18:45:00+00:00,3.9089782,3.9883506,3.9883506,32,45,32,45,-0.36015624,-0.036718752
31,2014-08-28 18:45:00+00:00,3.30533,3.5604925,3.5604925,32,45,45,58,-0.15,-0.050000004
31,2014-08-28 18:45:00+00:00,4.36489,3.045158,3.045158,45,58,6,19,-0.7859375,0.2625
31,2014-08-28 18:45:00+00:00,3.3840394,3.513046,3.513046,45,58,19,32,-0.5833333,0.275
31,2014-08-28 18:45:00+00:00,2.7259371,2.8399148,2.8399148,45,58,32,45,-0.36666667,0.275
31,2014-08-28 18:45:00+00:00,2.4473188,2.6344619,2.6344619,45,58,45,58,-0.15598959,0.2722656
31,2014-08-28 18:45:00+00:00,2.215713,2.2534058,2.2534058,45,58,97,110,0.7166667,0.275
31,2014-08-28 18:45:00+00:00,2.5036907,2.2450912,2.2450912,45,58,110,121,0.9166666,0.275
31,2014-08-28 18:45:00+00:00,2.2036004,2.4226804,2.4226804,58,71,32,45,-0.3674479,0.5992187
31,2014-08-28 18:45:00+00:00,2.4917808,2.3710546,2.3710546,58,71,71,84,0.28333336,0.60117185
31,2014-08-28 18:45:00+00:00,2.684044,2.3903809,2.3903809,58,71,84,97,0.49765626,0.5914062
31,2014-08-28 18:45:00+00:00,2.1852565,2.098622,2.098622,58,71,97,110,0.7270834,0.5882813
31,2014-08-28 18:45:00+00:00,1.8908843,2.1510875,2.1510875,58,71,110,121,0.9166666,0.6
31,2014-08-28 18:45:00+00:00,1.8820314,2.1953895,2.1953895,71,81,110,121,0.9166666,0.8875
32,2014-09-03 18:05:00+00:00,2.0442219,2.693982,2.693982,19,32,84,97,0.5,-0.375
32,2014-09-03 18:05:00+00:00,1.6310744,2.3252056,2.3252056,19,32,97,110,0.7166667,-0.375
32,2014-09-03 18:05:00+00:00,1.41809,2.252647,2.252647,19,32,110,121,0.9166666,-0.375
32,2014-09-03 18:05:00+00:00,3.3487957,3.6253273,3.6253273,32,45,45,58,-0.14531249,-0.047656253
32,2014-09-03 18:05:00+00:00,3.095413,3.1728482,3.1728482,32,45,71,84,0.28177083,-0.040234376
32,2014-09-03 18:05:00+00:00,2.929462,2.8171606,2.8171606,32,45,84,97,0.5,-0.050000004
32,2014-09-03 18:05:00+00:00,2.2615457,2.3471086,2.3471086,32,45,97,110,0.7166667,-0.050000004
32,2014-09-03 18:05:00+00:00,1.5527811,2.271188,2.271188,32,45,110,121,0.9166666,-0.050000004
32,2014-09-03 18:05:00+00:00,3.272423,3.8210096,3.8210096,45,58,19,32,-0.5833333,0.275
32,2014-09-03 18:05:00+00:00,2.5179448,3.2039099,3.2039099,45,58,32,45,-0.36666667,0.275
32,2014-09-03 18:05:00+00:00,2.4803643,2.9466803,2.9466803,45,58,45,58,-0.15,0.275
32,2014-09-03 18:05:00+00:00,2.8618162,2.9853003,2.9853003,45,58,58,71,0.06666666,0.275
32,2014-09-03 18:05:00+00:00,3.3969831,2.7772114,2.7772114,45,58,84,97,0.50911456,0.284375
32,2014-09-03 18:05:00+00:00,3.3354483,2.47198,2.47198,45,58,97,110,0.7166667,0.275
32,2014-09-03 18:05:00+00:00,3.3872252,2.4417708,2.4417708,45,58,110,121,0.9166666,0.275
32,2014-09-03 18:05:00+00:00,4.3066525,3.3972788,3.3972788,58,71,19,32,-0.5643229,0.57109374
32,2014-09-03 18:05:00+00:00,2.8157182,2.8722568,2.8722568,58,71,32,45,-0.36666667,0.6
32,2014-09-03 18:05:00+00:00,2.3874292,2.631598,2.631598,58,71,45,58,-0.15156251,0.5847657
32,2014-09-03 18:05:00+00:00,2.4556828,2.6763477,2.6763477,58,71,58,71,0.07421875,0.58867186
32,2014-09-03 18:05:00+00:00,2.6291618,2.738146,2.738146,58,71,71,84,0.2833333,0.6
32,2014-09-03 18:05:00+00:00,2.4790928,2.7439551,2.7439551,58,71,84,97,0.48984376,0.58671874
32,2014-09-03 18:05:00+00:00,2.4828203,2.4511068,2.4511068,58,71,97,110,0.7265625,0.5925781
32,2014-09-03 18:05:00+00:00,3.2384233,2.4268649,2.4268649,58,71,110,121,0.9166666,0.6
32,2014-09-03 18:05:00+00:00,2.302075,2.3480537,2.3480537,71,81,110,121,0.9166666,0.8875
33,2014-09-04 18:50:00+00:00,2.5288982,3.1480925,3.1480925,19,32,84,97,0.5083333,-0.3734375
33,2014-09-04 18:50:00+00:00,1.5653973,2.5595946,2.5595946,19,32,110,121,0.9166666,-0.375
33,2014-09-04 18:50:00+00:00,3.3119025,3.3822765,3.3822765,32,45,84,97,0.5,-0.050000004
33,2014-09-04 18:50:00+00:00,2.2860572,2.812933,2.812933,32,45,97,110,0.7111979,-0.041796874
33,2014-09-04 18:50:00+00:00,1.6011146,2.6433578,2.6433578,32,45,110,121,0.9166666,-0.050000004
33,2014-09-04 18:50:00+00:00,3.473265,2.791414,2.791414,45,58,97,110,0.7252604,0.2660156
33,2014-09-04 18:50:00+00:00,3.232723,2.711201,2.711201,45,58,110,121,0.9244792,0.26328123
33,2014-09-04 18:50:00+00:00,3.0240183,2.7931175,2.7931175,58,71,97,110,0.7291667,0.5921875
34,2014-09-07 17:40:00+00:00,2.0924506,2.414397,2.414397,19,32,84,97,0.49843752,-0.37304688
34,2014-09-07 17:40:00+00:00,1.8332992,2.128003,2.128003,19,32,97,110,0.71562505,-0.37421876
34,2014-09-07 17:40:00+00:00,1.7550552,2.0431058,2.0431058,19,32,110,121,0.9166666,-0.375
34,2014-09-07 17:40:00+00:00,3.3888667,3.6993828,3.6993828,32,45,32,45,-0.36302084,-0.04296875
34,2014-09-07 17:40:00+00:00,3.2042387,3.3406131,3.3406131,32,45,45,58,-0.15,-0.050000004
34,2014-09-07 17:40:00+00:00,3.2644732,3.3124905,3.3124905,32,45,58,71,0.06848958,-0.04921875
34,2014-09-07 17:40:00+00:00,2.8335931,2.9265249,2.9265249,32,45,71,84,0.28333336,-0.049609378
34,2014-09-07 17:40:00+00:00,2.4528348,2.5155728,2.5155728,32,45,84,97,0.4997396,-0.051953126
34,2014-09-07 17:40:00+00:00,2.084564,2.1263013,2.1263013,32,45,97,110,0.7166667,-0.050000004
34,2014-09-07 17:40:00+00:00,1.8069984,2.0525854,2.0525854,32,45,110,121,0.9166666,-0.050000004
34,2014-09-07 17:40:00+00:00,3.4289944,3.7026384,3.7026384,45,58,19,32,-0.58229166,0.27421877
34,2014-09-07 17:40:00+00:00,2.9106908,3.1365712,3.1365712,45,58,32,45,-0.36666667,0.275
34,2014-09-07 17:40:00+00:00,2.5496361,2.8706264,2.8706264,45,58,45,58,-0.15,0.275
34,2014-09-07 17:40:00+00:00,2.7727892,2.8741968,2.8741968,45,58,58,71,0.07057292,0.27851564
34,2014-09-07 17:40:00+00:00,3.4384208,2.5386634,2.5386634,45,58,84,97,0.5184896,0.2875
34,2014-09-07 17:40:00+00:00,2.870146,2.325667,2.325667,45,58,97,110,0.7166667,0.275
34,2014-09-07 17:40:00+00:00,2.1082299,2.279522,2.279522,45,58,110,121,0.9166666,0.275
34,2014-09-07 17:40:00+00:00,2.7393441,2.852166,2.852166,58,71,32,45,-0.365625,0.5992187
34,2014-09-07 17:40:00+00:00,2.408971,2.6169572,2.6169572,58,71,45,58,-0.16302085,0.5882813
34,2014-09-07 17:40:00+00:00,2.7539442,2.6105483,2.6105483,58,71,71,84,0.27421874,0.59765625
34,2014-09-07 17:40:00+00:00,2.8365366,2.2990863,2.2990863,58,71,110,121,0.9166666,0.6
34,2014-09-07 17:40:00+00:00,3.138971,2.185098,2.185098,71,81,110,121,0.9184896,0.8863281
35,2014-09-08 18:25:00+00:00,2.3404582,2.8711913,2.8711913,19,32,84,97,0.5,-0.375
35,2014-09-08 18:25:00+00:00,1.5390897,2.3926919,2.3926919,19,32,97,110,0.7166667,-0.375
35,2014-09-08 18:25:00+00:00,1.115588,2.2841713,2.2841713,19,32,110,121,0.9166666,-0.375
35,2014-09-08 18:25:00+00:00,4.281919,4.5631194,4.5631194,32,45,32,45,-0.3640625,-0.034765624
35,2014-09-08 18:25:00+00:00,4.089861,4.104093,4.104093,32,45,45,58,-0.15,-0.050000004
35,2014-09-08 18:25:00+00:00,3.4388082,3.6347535,3.6347535,32,45,71,84,0.2828125,-0.04140625
35,2014-09-08 18:25:00+00:00,2.7249594,3.087763,3.087763,32,45,84,97,0.5,-0.050000004
35,2014-09-08 18:25:00+00:00,1.7544578,2.4860866,2.4860866,32,45,97,110,0.7166667,-0.050000004
35,2014-09-08 18:25:00+00:00,0.8369413,2.3704565,2.3704565,32,45,110,121,0.9166666,-0.050000004
35,2014-09-08 18:25:00+00:00,4.393651,4.4487066,4.4487066,45,58,19,32,-0.5833333,0.275
35,2014-09-08 18:25:00+00:00,3.6091936,3.8654542,3.8654542,45,58,32,45,-0.36145833,0.27695313
35,2014-09-08 18:25:00+00:00,3.1848335,3.6086864,3.6086864,45,58,45,58,-0.15,0.275
35,2014-09-08 18:25:00+00:00,3.4096432,3.6574929,3.6574929,45,58,58,71,0.071875,0.275
35,2014-09-08 18:25:00+00:00,3.3252676,2.700185,2.700185,45,58,97,110,0.7166667,0.275
35,2014-09-08 18:25:00+00:00,1.5127245,2.615472,2.615472,45,58,110,121,0.9166666,0.275
35,2014-09-08 18:25:00+00:00,4.1425753,4.0977654,4.0977654,58,71,19,32,-0.5695312,0.57109374
35,2014-09-08 18:25:00+00:00,3.622524,3.5919442,3.5919442,58,71,32,45,-0.36666667,0.6
35,2014-09-08 18:25:00+00:00,3.1475217,3.255547,3.255547,58,71,45,58,-0.16302083,0.59765625
35,2014-09-08 18:25:00+00:00,3.219804,3.3677866,3.3677866,58,71,58,71,0.07083333,0.58984375
35,2014-09-08 18:25:00+00:00,3.5420654,3.2919037,3.2919037,58,71,71,84,0.2833333,0.6
35,2014-09-08 18:25:00+00:00,3.5574832,3.1015692,3.1015692,58,71,84,97,0.49062502,0.590625
35,2014-09-08 18:25:00+00:00,3.403518,2.7079198,2.7079198,58,71,97,110,0.7296875,0.59062505
35,2014-09-08 18:25:00+00:00,3.0563533,2.6488147,2.6488147,58,71,110,121,0.9166666,0.6
35,2014-09-08 18:25:00+00:00,3.079385,2.6743956,2.6743956,71,81,84,97,0.44999996,0.80740744
35,2014-09-08 18:25:00+00:00,3.361422,2.5157025,2.5157025,71,81,110,121,0.9166666,0.8875
36,2014-09-16 17:35:00+00:00,1.5981737,1.8525512,1.8525512,45,58,110,121,0.9158854,0.2765625
36,2014-09-16 17:35:00+00:00,1.3614988,1.7868019,1.7868019,58,71,110,121,0.9125,0.59765625
37,2014-09-16 19:15:00+00:00,2.1096501,2.0497634,2.0497634,19,32,84,97,0.50078124,-0.38242185
37,2014-09-16 19:15:00+00:00,2.7524824,3.1044137,3.1044137,32,45,32,45,-0.35885417,-0.036328126
37,2014-09-16 19:15:00+00:00,2.5992148,2.8175955,2.8175955,32,45,45,58,-0.15,-0.050000004
37,2014-09-16 19:15:00+00:00,2.7280335,2.4311147,2.4311147,32,45,71,84,0.28046876,-0.044921875
37,2014-09-16 19:15:00+00:00,2.279551,2.1245487,2.1245487,32,45,84,97,0.5054687,-0.059375003
37,2014-09-16 19:15:00+00:00,2.6383126,2.9560726,2.9560726,45,58,19,32,-0.5833333,0.275
37,2014-09-16 19:15:00+00:00,2.4681034,2.387468,2.387468,45,58,32,45,-0.36666667,0.275
37,2014-09-16 19:15:00+00:00,2.4565477,2.2128558,2.2128558,45,58,45,58,-0.15,0.275
37,2014-09-16 19:15:00+00:00,2.6585703,2.2197633,2.2197633,45,58,58,71,0.0671875,0.27578124
37,2014-09-16 19:15:00+00:00,2.6116292,2.159351,2.159351,45,58,71,84,0.26796874,0.28867185
37,2014-09-16 19:15:00+00:00,2.1143343,1.8827705,1.8827705,45,58,97,110,0.7166667,0.275
37,2014-09-16 19:15:00+00:00,1.8274016,1.8682872,1.8682872,45,58,110,121,0.91536456,0.27734375
37,2014-09-16 19:15:00+00:00,1.7075588,2.0911024,2.0911024,58,71,32,45,-0.36666667,0.6
37,2014-09-16 19:15:00+00:00,2.059561,2.0328474,2.0328474,58,71,84,97,0.49270833,0.578125
37,2014-09-16 19:15:00+00:00,1.3680313,1.8547081,1.8547081,58,71,110,121,0.9166666,0.6
38,2014-09-17 18:20:00+00:00,2.1715596,2.1793528,2.1793528,19,32,84,97,0.5,-0.375
38,2014-09-17 18:20:00+00:00,1.6423765,1.9620298,1.9620298,19,32,97,110,0.7166667,-0.375
38,2014-09-17 18:20:00+00:00,1.5365185,1.9204959,1.9204959,19,32,110,121,0.9166666,-0.375
38,2014-09-17 18:20:00+00:00,2.3107789,2.8366761,2.8366761,32,45,45,58,-0.1471354,-0.037109375
38,2014-09-17 18:20:00+00:00,2.4429023,2.5056489,2.5056489,32,45,71,84,0.27578127,-0.041015625
38,2014-09-17 18:20:00+00:00,2.216168,2.2242877,2.2242877,32,45,84,97,0.5,-0.050000004
38,2014-09-17 18:20:00+00:00,1.9076934,1.930721,1.930721,32,45,97,110,0.7166667,-0.050000004
38,2014-09-17 18:20:00+00:00,1.6334151,1.8931209,1.8931209,32,45,110,121,0.9166666,-0.050000004
38,2014-09-17 18:20:00+00:00,4.114791,2.773976,2.773976,45,58,6,19,-0.78697914,0.2621094
38,2014-09-17 18:20:00+00:00,2.878277,3.1403973,3.1403973,45,58,19,32,-0.5833333,0.275
38,2014-09-17 18:20:00+00:00,2.3863735,2.5646667,2.5646667,45,58,32,45,-0.36666667,0.275
38,2014-09-17 18:20:00+00:00,2.4540784,2.4069037,2.4069037,45,58,45,58,-0.15,0.275
38,2014-09-17 18:20:00+00:00,2.5176494,2.4259617,2.4259617,45,58,58,71,0.06666666,0.275
38,2014-09-17 18:20:00+00:00,2.4758554,2.385492,2.385492,45,58,71,84,0.26796877,0.28828126
38,2014-09-17 18:20:00+00:00,2.5480433,2.2797291,2.2797291,45,58,84,97,0.5119792,0.28476563
38,2014-09-17 18:20:00+00:00,2.3713171,2.128156,2.128156,45,58,97,110,0.7166667,0.275
38,2014-09-17 18:20:00+00:00,2.0663154,2.1165395,2.1165395,45,58,110,121,0.9166666,0.275
38,2014-09-17 18:20:00+00:00,3.491698,2.784425,2.784425,58,71,19,32,-0.56875,0.5671875
38,2014-09-17 18:20:00+00:00,2.042506,2.3268049,2.3268049,58,71,32,45,-0.36666667,0.6
38,2014-09-17 18:20:00+00:00,2.2341616,2.1992981,2.1992981,58,71,45,58,-0.15338542,0.5929687
38,2014-09-17 18:20:00+00:00,2.32012,2.2034419,2.2034419,58,71,58,71,0.07005209,0.58554685
38,2014-09-17 18:20:00+00:00,2.4111311,2.295334,2.295334,58,71,71,84,0.2833333,0.6
38,2014-09-17 18:20:00+00:00,2.4202912,2.2633147,2.2633147,58,71,84,97,0.49583334,0.5910156
38,2014-09-17 18:20:00+00:00,2.197209,2.0870829,2.0870829,58,71,97,110,0.7307292,0.5878906
38,2014-09-17 18:20:00+00:00,2.0611699,2.1254838,2.1254838,58,71,110,121,0.9166666,0.6
38,2014-09-17 18:20:00+00:00,2.077846,2.0295699,2.0295699,71,81,110,121,0.9166666,0.8875
39,2014-09-18 19:00:00+00:00,2.2462516,1.9407772,1.9407772,19,32,84,97,0.4986979,-0.3734375
39,2014-09-18 19:00:00+00:00,2.8987331,3.0035605,3.0035605,32,45,32,45,-0.36145833,-0.03828125
39,2014-09-18 19:00:00+00:00,2.3099258,2.6550605,2.6550605,32,45,45,58,-0.14739583,-0.051953126
39,2014-09-18 19:00:00+00:00,1.9485548,1.99797,1.99797,32,45,84,97,0.50156254,-0.051171876
39,2014-09-18 19:00:00+00:00,1.6996185,1.6143547,1.6143547,32,45,97,110,0.7166667,-0.050000004
39,2014-09-18 19:00:00+00:00,1.4964525,1.6063113,1.6063113,32,45,110,121,0.915625,-0.047656253
39,2014-09-18 19:00:00+00:00,2.111631,2.5000458,2.5000458,45,58,19,32,-0.5833333,0.275
39,2014-09-18 19:00:00+00:00,1.8937336,1.908279,1.908279,45,58,32,45,-0.36666667,0.275
39,2014-09-18 19:00:00+00:00,1.9673741,1.7357408,1.7357408,45,58,45,58,-0.15,0.275
39,2014-09-18 19:00:00+00:00,1.9024806,1.6272975,1.6272975,45,58,58,71,0.06432292,0.28750002
39,2014-09-18 19:00:00+00:00,1.9469799,1.668398,1.668398,45,58,71,84,0.26901042,0.2925781
39,2014-09-18 19:00:00+00:00,1.6747433,1.4658443,1.4658443,45,58,97,110,0.7166667,0.275
39,2014-09-18 19:00:00+00:00,1.3793193,1.4998153,1.4998153,45,58,110,121,0.9166666,0.275
39,2014-09-18 19:00:00+00:00,1.1507777,1.4142163,1.4142163,58,71,110,121,0.9164063,0.5902344
40,2014-09-19 18:05:00+00:00,1.9773427,1.9449869,1.9449869,19,32,84,97,0.49765626,-0.37656248
40,2014-09-19 18:05:00+00:00,1.5876697,1.6698496,1.6698496,19,32,97,110,0.7135416,-0.37695312
40,2014-09-19 18:05:00+00:00,1.4260828,1.6122637,1.6122637,19,32,110,121,0.9166666,-0.375
40,2014-09-19 18:05:00+00:00,2.8529809,3.015401,3.015401,32,45,32,45,-0.36171874,-0.040625
40,2014-09-19 18:05:00+00:00,2.2160258,2.7042184,2.7042184,32,45,45,58,-0.15,-0.050000004
40,2014-09-19 18:05:00+00:00,1.8574474,1.9868362,1.9868362,32,45,84,97,0.49895835,-0.055468753
40,2014-09-19 18:05:00+00:00,2.7939184,2.871964,2.871964,45,58,19,32,-0.5833333,0.275
40,2014-09-19 18:05:00+00:00,2.0357533,2.272852,2.272852,45,58,32,45,-0.36666667,0.275
40,2014-09-19 18:05:00+00:00,2.091547,2.0857735,2.0857735,45,58,45,58,-0.15,0.275
40,2014-09-19 18:05:00+00:00,2.131316,2.0974584,2.0974584,45,58,58,71,0.06770833,0.27695313
40,2014-09-19 18:05:00+00:00,1.7612331,1.9646156,1.9646156,58,71,32,45,-0.36484373,0.59843755
40,2014-09-19 18:05:00+00:00,1.7150127,1.7901535,1.7901535,58,71,58,71,0.0671875,0.5804688
40,2014-09-19 18:05:00+00:00,1.7424865,1.8712326,1.8712326,58,71,71,84,0.2890625,0.59765625
41,2014-09-20 18:50:00+00:00,3.4039261,3.303361,3.303361,19,32,84,97,0.5,-0.375
41,2014-09-20 18:50:00+00:00,2.5604854,2.7450752,2.7450752,19,32,97,110,0.7166667,-0.375
41,2014-09-20 18:50:00+00:00,2.1755292,2.6740975,2.6740975,19,32,110,121,0.9166666,-0.375
41,2014-09-20 18:50:00+00:00,4.158234,4.221227,4.221227,32,45,45,58,-0.15,-0.050000004
41,2014-09-20 18:50:00+00:00,3.2632291,3.9619422,3.9619422,32,45,71,84,0.28281248,-0.041796878
41,2014-09-20 18:50:00+00:00,3.6210282,3.5608273,3.5608273,32,45,84,97,0.5,-0.050000004
41,2014-09-20 18:50:00+00:00,2.4809754,2.8835309,2.8835309,32,45,97,110,0.7166667,-0.050000004
41,2014-09-20 18:50:00+00:00,2.3216782,2.7986536,2.7986536,32,45,110,121,0.9166666,-0.050000004
41,2014-09-20 18:50:00+00:00,3.5975852,3.3261323,3.3261323,45,58,58,71,0.06510417,0.27578124
41,2014-09-20 18:50:00+00:00,3.0842323,2.7747192,2.7747192,45,58,97,110,0.7166667,0.275
41,2014-09-20 18:50:00+00:00,2.6361454,2.7691944,2.7691944,45,58,110,121,0.9166666,0.275
41,2014-09-20 18:50:00+00:00,3.4275947,3.0665798,3.0665798,58,71,71,84,0.2841146,0.5929687
41,2014-09-20 18:50:00+00:00,2.6657047,2.615116,2.615116,58,71,97,110,0.7270833,0.590625
41,2014-09-20 18:50:00+00:00,2.4333088,2.6586509,2.6586509,58,71,110,121,0.9190104,0.5914062
42,2014-09-23 17:40:00+00:00,2.628102,2.9315922,2.9315922,19,32,84,97,0.5002604,-0.37421876
42,2014-09-23 17:40:00+00:00,2.3378248,2.427751,2.427751,19,32,97,110,0.7166667,-0.375
42,2014-09-23 17:40:00+00:00,2.2395017,2.344073,2.344073,19,32,110,121,0.9166666,-0.375
42,2014-09-23 17:40:00+00:00,4.1830087,4.390366,4.390366,32,45,32,45,-0.36015627,-0.043359376
42,2014-09-23 17:40:00+00:00,3.728694,4.001566,4.001566,32,45,45,58,-0.15,-0.050000004
42,2014-09-23 17:40:00+00:00,3.588858,4.0347896,4.0347896,32,45,58,71,0.07109375,-0.04921875
42,2014-09-23 17:40:00+00:00,3.563246,3.6122117,3.6122117,32,45,71,84,0.2828125,-0.05039063
42,2014-09-23 17:40:00+00:00,3.2069602,3.2314396,3.2314396,32,45,84,97,0.49401045,-0.05078125
42,2014-09-23 17:40:00+00:00,2.4620626,2.5374048,2.5374048,32,45,97,110,0.7166667,-0.050000004
42,2014-09-23 17:40:00+00:00,2.3393312,2.4401138,2.4401138,32,45,110,121,0.9166666,-0.050000004
42,2014-09-23 17:40:00+00:00,3.7082758,3.9542325,3.9542325,45,58,19,32,-0.5835937,0.27421877
42,2014-09-23 17:40:00+00:00,2.3019764,3.2838037,3.2838037,45,58,32,45,-0.36666667,0.275
42,2014-09-23 17:40:00+00:00,2.6214092,2.9899201,2.9899201,45,58,45,58,-0.15,0.275
42,2014-09-23 17:40:00+00:00,3.1574101,3.0441322,3.0441322,45,58,58,71,0.0625,0.28007814
42,2014-09-23 17:40:00+00:00,3.357375,2.8279016,2.8279016,45,58,84,97,0.50911456,0.28125
42,2014-09-23 17:40:00+00:00,2.546132,2.4102101,2.4102101,45,58,97,110,0.7166667,0.275
42,2014-09-23 17:40:00+00:00,2.422905,2.3845038,2.3845038,45,58,110,121,0.9166666,0.275
42,2014-09-23 17:40:00+00:00,2.170093,2.8018792,2.8018792,58,71,32,45,-0.36666667,0.6
42,2014-09-23 17:40:00+00:00,2.3973672,2.5787203,2.5787203,58,71,45,58,-0.15494792,0.5847656
42,2014-09-23 17:40:00+00:00,2.5552986,2.695364,2.695364,58,71,71,84,0.2833333,0.6
42,2014-09-23 17:40:00+00:00,2.7342668,2.7156165,2.7156165,58,71,84,97,0.48463544,0.578125
42,2014-09-23 17:40:00+00:00,2.284765,2.2558608,2.2558608,58,71,97,110,0.72812504,0.58515626
42,2014-09-23 17:40:00+00:00,2.223341,2.2866466,2.2866466,58,71,110,121,0.9164062,0.6
42,2014-09-23 17:40:00+00:00,2.1076024,2.3478909,2.3478909,71,81,110,121,0.9117187,0.88984376
43,2014-09-23 19:20:00+00:00,2.6165645,3.039022,3.039022,19,32,84,97,0.5,-0.375
43,2014-09-23 19:20:00+00:00,2.1639636,2.480111,2.480111,19,32,97,110,0.7166667,-0.375
43,2014-09-23 19:20:00+00:00,2.0591898,2.4022417,2.4022417,19,32,110,121,0.9166666,-0.375
43,2014-09-23 19:20:00+00:00,4.0785236,4.681441,4.681441,32,45,32,45,-0.36380208,-0.037109375
43,2014-09-23 19:20:00+00:00,3.7381516,4.124399,4.124399,32,45,45,58,-0.15,-0.050000004
43,2014-09-23 19:20:00+00:00,3.5901206,3.7319944,3.7319944,32,45,71,84,0.2828125,-0.041796878
43,2014-09-23 19:20:00+00:00,3.3439825,3.300384,3.300384,32,45,84,97,0.5,-0.050000004
43,2014-09-23 19:20:00+00:00,2.353407,2.613844,2.613844,32,45,97,110,0.7166667,-0.050000004
43,2014-09-23 19:20:00+00:00,2.1693757,2.52181,2.52181,32,45,110,121,0.9166666,-0.050000004
43,2014-09-23 19:20:00+00:00,4.5585985,3.6360757,3.6360757,45,58,6,19,-0.78437495,0.26289064
43,2014-09-23 19:20:00+00:00,3.8168113,4.117988,4.117988,45,58,19,32,-0.5833333,0.275
43,2014-09-23 19:20:00+00:00,2.2182286,3.4097574,3.4097574,45,58,32,45,-0.36666667,0.275
43,2014-09-23 19:20:00+00:00,2.6682937,3.0652158,3.0652158,45,58,45,58,-0.15,0.275
43,2014-09-23 19:20:00+00:00,3.3141541,3.1910102,3.1910102,45,58,58,71,0.06666666,0.275
43,2014-09-23 19:20:00+00:00,3.15917,2.8333025,2.8333025,45,58,84,97,0.509375,0.28398436
43,2014-09-23 19:20:00+00:00,2.4672081,2.469467,2.469467,45,58,97,110,0.7166667,0.275
43,2014-09-23 19:20:00+00:00,2.3037567,2.4496443,2.4496443,45,58,110,121,0.9166666,0.275
43,2014-09-23 19:20:00+00:00,3.8257692,3.4666007,3.4666007,58,71,19,32,-0.56666666,0.56757814
43,2014-09-23 19:20:00+00:00,2.1195562,2.890938,2.890938,58,71,32,45,-0.36666667,0.6
43,2014-09-23 19:20:00+00:00,2.2993996,2.6203587,2.6203587,58,71,45,58,-0.15260416,0.590625
43,2014-09-23 19:20:00+00:00,2.6566482,2.682391,2.682391,58,71,58,71,0.0703125,0.58671874
43,2014-09-23 19:20:00+00:00,2.5276873,2.749397,2.749397,58,71,71,84,0.2833333,0.6
43,2014-09-23 19:20:00+00:00,2.6418197,2.7137055,2.7137055,58,71,84,97,0.49427083,0.5890625
43,2014-09-23 19:20:00+00:00,2.560075,2.3021145,2.3021145,58,71,97,110,0.73072916,0.58984375
43,2014-09-23 19:20:00+00:00,1.9755048,2.333442,2.333442,58,71,110,121,0.9166666,0.6
43,2014-09-23 19:20:00+00:00,1.9374506,2.4007595,2.4007595,71,81,110,121,0.9166666,0.8875
44,2014-09-24 18:25:00+00:00,3.0556324,3.0559173,3.0559173,19,32,84,97,0.5,-0.375
44,2014-09-24 18:25:00+00:00,2.42387,2.66483,2.66483,19,32,97,110,0.7166667,-0.375
44,2014-09-24 18:25:00+00:00,2.29984,2.58299,2.58299,19,32,110,121,0.9166666,-0.375
44,2014-09-24 18:25:00+00:00,3.874398,4.094201,4.094201,32,45,32,45,-0.36015624,-0.036718752
44,2014-09-24 18:25:00+00:00,3.4807925,3.695244,3.695244,32,45,45,58,-0.15,-0.050000004
44,2014-09-24 18:25:00+00:00,3.5573616,3.6879864,3.6879864,32,45,58,71,0.06510417,-0.049999997
44,2014-09-24 18:25:00+00:00,3.6821413,3.509408,3.509408,32,45,71,84,0.2830729,-0.041796878
44,2014-09-24 18:25:00+00:00,3.548844,3.2022831,3.2022831,32,45,84,97,0.5,-0.050000004
44,2014-09-24 18:25:00+00:00,2.5484197,2.7138531,2.7138531,32,45,97,110,0.7166667,-0.050000004
44,2014-09-24 18:25:00+00:00,2.554511,2.6223915,2.6223915,32,45,110,121,0.9166666,-0.050000004
44,2014-09-24 18:25:00+00:00,4.534952,3.5060716,3.5060716,45,58,6,19,-0.78333336,0.26289064
44,2014-09-24 18:25:00+00:00,3.3434246,3.9377317,3.9377317,45,58,19,32,-0.5833333,0.275
44,2014-09-24 18:25:00+00:00,2.4023912,3.2438138,3.2438138,45,58,32,45,-0.36666667,0.275
44,2014-09-24 18:25:00+00:00,2.744226,2.9935582,2.9935582,45,58,45,58,-0.15,0.275
44,2014-09-24 18:25:00+00:00,3.4656224,3.0849397,3.0849397,45,58,58,71,0.06666666,0.275
44,2014-09-24 18:25:00+00:00,3.6451104,3.1086807,3.1086807,45,58,71,84,0.26901042,0.28828123
44,2014-09-24 18:25:00+00:00,2.9160044,2.7692888,2.7692888,45,58,97,110,0.7166667,0.275
44,2014-09-24 18:25:00+00:00,2.8240347,2.7441027,2.7441027,45,58,110,121,0.9166666,0.275
44,2014-09-24 18:25:00+00:00,3.8592947,3.4562461,3.4562461,58,71,19,32,-0.5679687,0.56757814
44,2014-09-24 18:25:00+00:00,2.0898976,2.9003398,2.9003398,58,71,32,45,-0.36666667,0.6
44,2014-09-24 18:25:00+00:00,2.53038,2.6980398,2.6980398,58,71,45,58,-0.15078126,0.5917969
44,2014-09-24 18:25:00+00:00,2.9297223,2.7484746,2.7484746,58,71,58,71,0.069270834,0.5824219
44,2014-09-24 18:25:00+00:00,2.9248714,2.940705,2.940705,58,71,71,84,0.2833333,0.6
44,2014-09-24 18:25:00+00:00,3.0463588,2.9703114,2.9703114,58,71,84,97,0.49765626,0.5914062
44,2014-09-24 18:25:00+00:00,2.623333,2.6890833,2.6890833,58,71,97,110,0.7289063,0.5882813
44,2014-09-24 18:25:00+00:00,2.33088,2.7026374,2.7026374,58,71,110,121,0.9166666,0.6
44,2014-09-24 18:25:00+00:00,2.1712582,2.669256,2.669256,71,81,110,121,0.9166666,0.8875
45,2014-09-25 19:10:00+00:00,2.7040212,2.8393595,2.8393595,58,71,110,121,0.9197917,0.6
46,2014-09-26 18:15:00+00:00,2.5019016,2.6741407,2.6741407,19,32,84,97,0.5,-0.375
46,2014-09-26 18:15:00+00:00,2.1608822,2.371438,2.371438,19,32,97,110,0.7166667,-0.375
46,2014-09-26 18:15:00+00:00,1.9933927,2.2869692,2.2869692,19,32,110,121,0.9166666,-0.375
46,2014-09-26 18:15:00+00:00,3.331243,3.5924575,3.5924575,32,45,32,45,-0.36197916,-0.041796878
46,2014-09-26 18:15:00+00:00,3.236784,3.2702327,3.2702327,32,45,45,58,-0.15,-0.050000004
46,2014-09-26 18:15:00+00:00,3.130015,3.287698,3.287698,32,45,58,71,0.059114583,-0.051562503
46,2014-09-26 18:15:00+00:00,3.2750766,3.083823,3.083823,32,45,71,84,0.27760416,-0.042578124
46,2014-09-26 18:15:00+00:00,2.99865,2.7274868,2.7274868,32,45,84,97,0.50104165,-0.05078125
46,2014-09-26 18:15:00+00:00,2.1971614,2.3939457,2.3939457,32,45,97,110,0.7166667,-0.050000004
46,2014-09-26 18:15:00+00:00,2.1056037,2.3030508,2.3030508,32,45,110,121,0.9166666,-0.050000004
46,2014-09-26 18:15:00+00:00,3.1187847,3.5500314,3.5500314,45,58,19,32,-0.5833333,0.275
46,2014-09-26 18:15:00+00:00,2.1332579,2.918116,2.918116,45,58,32,45,-0.36666667,0.275
46,2014-09-26 18:15:00+00:00,2.5457232,2.704962,2.704962,45,58,45,58,-0.15,0.275
46,2014-09-26 18:15:00+00:00,3.1305044,2.7903934,2.7903934,45,58,58,71,0.06666666,0.275
46,2014-09-26 18:15:00+00:00,3.3848414,2.7942061,2.7942061,45,58,71,84,0.27005208,0.2890625
46,2014-09-26 18:15:00+00:00,3.4070852,2.732476,2.732476,45,58,84,97,0.5114583,0.28476563
46,2014-09-26 18:15:00+00:00,2.754787,2.5111403,2.5111403,45,58,97,110,0.7166667,0.275
46,2014-09-26 18:15:00+00:00,2.4433608,2.4691892,2.4691892,45,58,110,121,0.9166666,0.275
46,2014-09-26 18:15:00+00:00,1.8270955,2.5980895,2.5980895,58,71,32,45,-0.36380208,0.5992187
46,2014-09-26 18:15:00+00:00,2.4009852,2.4504986,2.4504986,58,71,45,58,-0.15078126,0.5917969
46,2014-09-26 18:15:00+00:00,2.954545,2.4859872,2.4859872,58,71,58,71,0.06666666,0.58085936
46,2014-09-26 18:15:00+00:00,2.8212042,2.6587088,2.6587088,58,71,71,84,0.2833333,0.6
46,2014-09-26 18:15:00+00:00,2.8202922,2.6629264,2.6629264,58,71,84,97,0.49765626,0.5914062
46,2014-09-26 18:15:00+00:00,2.6669207,2.4434407,2.4434407,58,71,97,110,0.72786456,0.58906245
46,2014-09-26 18:15:00+00:00,2.6495407,2.448389,2.448389,58,71,110,121,0.9166666,0.6
46,2014-09-26 18:15:00+00:00,2.2319849,2.4002,2.4002,71,81,110,121,0.9166666,0.8875
47,2014-09-27 18:55:00+00:00,2.7221067,2.8685656,2.8685656,45,58,32,45,-0.35833332,0.27109373
47,2014-09-27 18:55:00+00:00,2.5861914,3.0379825,3.0379825,45,58,97,110,0.71875,0.29062504
47,2014-09-27 18:55:00+00:00,2.1498315,3.0255625,3.0255625,45,58,110,121,0.9153646,0.28085938
47,2014-09-27 18:55:00+00:00,3.2470605,2.8660061,2.8660061,58,71,97,110,0.7296875,0.59257805
47,2014-09-27 18:55:00+00:00,3.0417995,2.9165952,2.9165952,58,71,110,121,0.9166666,0.6
47,2014-09-27 18:55:00+00:00,3.2568302,2.9855363,2.9855363,71,81,71,84,0.29397166,0.8095743
47,2014-09-27 18:55:00+00:00,2.687861,3.040161,3.040161,71,81,110,121,0.9166666,0.8875
48,2014-09-29 18:45:00+00:00,2.496387,2.6782718,2.6782718,19,32,84,97,0.5,-0.375
48,2014-09-29 18:45:00+00:00,2.1893675,2.2344108,2.2344108,19,32,97,110,0.7166667,-0.375
48,2014-09-29 18:45:00+00:00,2.0024133,2.1468909,2.1468909,19,32,110,121,0.9166666,-0.375
48,2014-09-29 18:45:00+00:00,3.478569,4.268426,4.268426,32,45,32,45,-0.3591146,-0.035937503
48,2014-09-29 18:45:00+00:00,3.615979,3.8052306,3.8052306,32,45,45,58,-0.15,-0.050000004
48,2014-09-29 18:45:00+00:00,3.6094255,3.7155666,3.7155666,32,45,58,71,0.06875,-0.051953126
48,2014-09-29 18:45:00+00:00,2.6394627,3.306211,3.306211,32,45,71,84,0.27578124,-0.041796878
48,2014-09-29 18:45:00+00:00,2.5832818,2.83986,2.83986,32,45,84,97,0.5,-0.050000004
48,2014-09-29 18:45:00+00:00,2.056518,2.2832403,2.2832403,32,45,97,110,0.7166667,-0.050000004
48,2014-09-29 18:45:00+00:00,1.8231021,2.1911073,2.1911073,32,45,110,121,0.9166666,-0.050000004
48,2014-09-29 18:45:00+00:00,4.510775,3.6347027,3.6347027,45,58,6,19,-0.7838541,0.26328126
48,2014-09-29 18:45:00+00:00,3.905758,4.088599,4.088599,45,58,19,32,-0.5833333,0.275
48,2014-09-29 18:45:00+00:00,3.3568747,3.5329149,3.5329149,45,58,32,45,-0.36666667,0.275
48,2014-09-29 18:45:00+00:00,3.360165,3.1949825,3.1949825,45,58,45,58,-0.15,0.275
48,2014-09-29 18:45:00+00:00,3.9554968,3.2359076,3.2359076,45,58,58,71,0.06666666,0.275
48,2014-09-29 18:45:00+00:00,2.960836,3.005341,3.005341,45,58,71,84,0.265625,0.28867185
48,2014-09-29 18:45:00+00:00,3.3093376,2.7922146,2.7922146,45,58,84,97,0.51380205,0.2859375
48,2014-09-29 18:45:00+00:00,2.3984387,2.4124353,2.4124353,45,58,97,110,0.7166667,0.275
48,2014-09-29 18:45:00+00:00,1.8037632,2.3570306,2.3570306,45,58,110,121,0.9166666,0.275
48,2014-09-29 18:45:00+00:00,2.3944561,3.6669426,3.6669426,58,71,19,32,-0.5679687,0.5679687
48,2014-09-29 18:45:00+00:00,2.0923183,3.1879036,3.1879036,58,71,32,45,-0.36666667,0.6
48,2014-09-29 18:45:00+00:00,2.3201923,2.9074044,2.9074044,58,71,45,58,-0.15052085,0.59453124
48,2014-09-29 18:45:00+00:00,4.0391545,2.9189405,2.9189405,58,71,58,71,0.07213542,0.5832032
48,2014-09-29 18:45:00+00:00,3.7875214,2.8547273,2.8547273,58,71,71,84,0.2833333,0.6
48,2014-09-29 18:45:00+00:00,3.1721585,2.760477,2.760477,58,71,84,97,0.49479166,0.59335935
48,2014-09-29 18:45:00+00:00,2.558387,2.3777285,2.3777285,58,71,97,110,0.7278646,0.5878906
48,2014-09-29 18:45:00+00:00,2.147167,2.3693848,2.3693848,58,71,110,121,0.9166666,0.6
48,2014-09-29 18:45:00+00:00,1.8123294,2.2656608,2.2656608,71,81,110,121,0.92213535,0.88359374
49,2014-10-12 18:05:00+00:00,2.739971,2.8653913,2.8653913,19,32,84,97,0.5,-0.375
49,2014-10-12 18:05:00+00:00,2.5189507,2.4389884,2.4389884,19,32,97,110,0.7166667,-0.375
49,2014-10-12 18:05:00+00:00,2.320514,2.3699117,2.3699117,19,32,110,121,0.9166666,-0.375
49,2014-10-12 18:05:00+00:00,4.191729,4.0514936,4.0514936,32,45,32,45,-0.35625,-0.033203125
49,2014-10-12 18:05:00+00:00,3.5788324,3.63744,3.63744,32,45,45,58,-0.15,-0.050000004
49,2014-10-12 18:05:00+00:00,2.91848,3.3376296,3.3376296,32,45,71,84,0.2791667,-0.0390625
49,2014-10-12 18:05:00+00:00,2.863397,3.0404365,3.0404365,32,45,84,97,0.5,-0.050000004
49,2014-10-12 18:05:00+00:00,2.6189651,2.5106301,2.5106301,32,45,97,110,0.7166667,-0.050000004
49,2014-10-12 18:05:00+00:00,2.6211083,2.4430206,2.4430206,32,45,110,121,0.9114584,-0.044921875
49,2014-10-12 18:05:00+00:00,4.5033274,3.249638,3.249638,45,58,6,19,-0.7890625,0.26328126
49,2014-10-12 18:05:00+00:00,4.017166,3.7833533,3.7833533,45,58,19,32,-0.5833333,0.275
49,2014-10-12 18:05:00+00:00,2.9889796,3.1052701,3.1052701,45,58,32,45,-0.3669271,0.27578124
49,2014-10-12 18:05:00+00:00,2.2549403,2.793317,2.793317,45,58,45,58,-0.15,0.275
49,2014-10-12 18:05:00+00:00,2.3945322,2.8707945,2.8707945,45,58,58,71,0.06666666,0.275
49,2014-10-12 18:05:00+00:00,3.3765244,2.7938428,2.7938428,45,58,84,97,0.5135417,0.28125
49,2014-10-12 18:05:00+00:00,3.3173125,2.4665992,2.4665992,45,58,97,110,0.7166667,0.275
49,2014-10-12 18:05:00+00:00,2.5985677,2.4533875,2.4533875,45,58,110,121,0.9166666,0.275
49,2014-10-12 18:05:00+00:00,4.4483047,3.2937872,3.2937872,58,71,19,32,-0.5679687,0.57070315
49,2014-10-12 18:05:00+00:00,3.0461805,2.6965387,2.6965387,58,71,32,45,-0.36666667,0.6
49,2014-10-12 18:05:00+00:00,2.5510445,2.4659538,2.4659538,58,71,45,58,-0.14921875,0.59414065
49,2014-10-12 18:05:00+00:00,2.1807365,2.5012748,2.5012748,58,71,58,71,0.067968756,0.59375
49,2014-10-12 18:05:00+00:00,2.6906085,2.6397772,2.6397772,58,71,71,84,0.2833333,0.6
49,2014-10-12 18:05:00+00:00,3.0507765,2.6625936,2.6625936,58,71,84,97,0.49036458,0.5875
49,2014-10-12 18:05:00+00:00,3.2732186,2.372051,2.372051,58,71,97,110,0.7299479,0.5929687
49,2014-10-12 18:05:00+00:00,2.5833294,2.3866432,2.3866432,58,71,110,121,0.9166666,0.6
49,2014-10-12 18:05:00+00:00,1.9737914,2.410435,2.410435,71,81,110,121,0.9166666,0.8875
50,2014-10-12 18:10:00+00:00,2.58048,2.8221672,2.8221672,19,32,84,97,0.5,-0.375
50,2014-10-12 18:10:00+00:00,2.475771,2.441776,2.441776,19,32,97,110,0.7166667,-0.375
50,2014-10-12 18:10:00+00:00,2.2783275,2.4049668,2.4049668,19,32,110,121,0.92031246,-0.38085938
51,2014-10-12 18:15:00+00:00,3.9153867,3.95851,3.95851,32,45,32,45,-0.3614583,-0.0375
51,2014-10-12 18:15:00+00:00,2.9884982,3.4813635,3.4813635,32,45,45,58,-0.15,-0.050000004
51,2014-10-12 18:15:00+00:00,2.8982494,3.4337113,3.4337113,32,45,58,71,0.059114587,-0.05234375
51,2014-10-12 18:15:00+00:00,2.5779936,3.29622,3.29622,32,45,71,84,0.28072917,-0.039843753
51,2014-10-12 18:15:00+00:00,2.5875294,3.132587,3.132587,32,45,84,97,0.49427086,-0.044140626
51,2014-10-12 18:15:00+00:00,4.618626,3.101868,3.101868,45,58,6,19,-0.7885417,0.26171875
51,2014-10-12 18:15:00+00:00,3.9642332,3.5652325,3.5652325,45,58,19,32,-0.5833333,0.275
51,2014-10-12 18:15:00+00:00,2.7065296,2.851338,2.851338,45,58,32,45,-0.36666667,0.275
51,2014-10-12 18:15:00+00:00,2.1943126,2.5656292,2.5656292,45,58,45,58,-0.15,0.275
51,2014-10-12 18:15:00+00:00,2.146383,2.659887,2.659887,45,58,58,71,0.06666666,0.275
51,2014-10-12 18:15:00+00:00,2.4981575,2.6810155,2.6810155,45,58,71,84,0.27031252,0.2890625
51,2014-10-12 18:15:00+00:00,2.8537385,2.4582224,2.4582224,45,58,97,110,0.7166667,0.275
51,2014-10-12 18:15:00+00:00,2.4476726,2.460211,2.460211,45,58,110,121,0.9166666,0.275
51,2014-10-12 18:15:00+00:00,2.4205751,2.4612818,2.4612818,58,71,32,45,-0.36666667,0.6
51,2014-10-12 18:15:00+00:00,2.2098732,2.237102,2.237102,58,71,45,58,-0.15338542,0.5929687
51,2014-10-12 18:15:00+00:00,2.073443,2.2586555,2.2586555,58,71,58,71,0.06875,0.58203125
51,2014-10-12 18:15:00+00:00,2.3274572,2.4888566,2.4888566,58,71,71,84,0.2833333,0.6
51,2014-10-12 18:15:00+00:00,2.7612438,2.6078236,2.6078236,58,71,84,97,0.4919271,0.590625
51,2014-10-12 18:15:00+00:00,2.9773645,2.3042638,2.3042638,58,71,97,110,0.7278646,0.58984375
51,2014-10-12 18:15:00+00:00,2.42016,2.359572,2.359572,58,71,110,121,0.9166666,0.6
51,2014-10-12 18:15:00+00:00,2.035672,2.4243329,2.4243329,71,81,110,121,0.9166666,0.8875
52,2014-10-23 17:55:00+00:00,3.492553,3.3643007,3.3643007,19,32,84,97,0.49635416,-0.37304688
52,2014-10-23 17:55:00+00:00,3.3801563,2.9040346,2.9040346,19,32,97,110,0.7166667,-0.375
52,2014-10-23 17:55:00+00:00,3.6039295,2.8501172,2.8501172,19,32,110,121,0.9166666,-0.375
52,2014-10-23 17:55:00+00:00,3.7986507,3.8279133,3.8279133,32,45,45,58,-0.15,-0.050000004
52,2014-10-23 17:55:00+00:00,3.0653436,3.5970829,3.5970829,32,45,84,97,0.4984375,-0.05234375
52,2014-10-23 17:55:00+00:00,3.1294718,3.0130005,3.0130005,32,45,97,110,0.7166667,-0.050000004
52,2014-10-23 17:55:00+00:00,2.8503313,2.9918993,2.9918993,32,45,110,121,0.9059896,-0.052734375
52,2014-10-23 17:55:00+00:00,4.3298535,3.2740188,3.2740188,45,58,6,19,-0.7934896,0.25625
52,2014-10-23 17:55:00+00:00,3.2407875,3.6950333,3.6950333,45,58,19,32,-0.5833333,0.275
52,2014-10-23 17:55:00+00:00,2.4478328,2.9486814,2.9486814,45,58,32,45,-0.36666667,0.275
52,2014-10-23 17:55:00+00:00,2.9541533,2.6944299,2.6944299,45,58,45,58,-0.15,0.275
52,2014-10-23 17:55:00+00:00,2.928253,2.7925284,2.7925284,45,58,58,71,0.07578125,0.27734375
52,2014-10-23 17:55:00+00:00,2.8692434,2.9763703,2.9763703,45,58,84,97,0.51484376,0.27695313
52,2014-10-23 17:55:00+00:00,2.6077394,2.6920147,2.6920147,45,58,97,110,0.7166667,0.275
52,2014-10-23 17:55:00+00:00,2.3980987,3.0672083,3.0672083,58,71,19,32,-0.5723958,0.5667969
52,2014-10-23 17:55:00+00:00,2.0385392,2.5106523,2.5106523,58,71,32,45,-0.36666667,0.6
52,2014-10-23 17:55:00+00:00,2.2263665,2.26238,2.26238,58,71,45,58,-0.15468751,0.5949219
52,2014-10-23 17:55:00+00:00,2.4181285,2.3552506,2.3552506,58,71,58,71,0.0671875,0.5847657
52,2014-10-23 17:55:00+00:00,2.505234,2.6343699,2.6343699,58,71,71,84,0.28697917,0.5980469
52,2014-10-23 17:55:00+00:00,2.5840495,2.7328,2.7328,58,71,84,97,0.4947917,0.5824219
52,2014-10-23 17:55:00+00:00,2.52283,2.5357785,2.5357785,58,71,97,110,0.7208333,0.5914062
52,2014-10-23 17:55:00+00:00,2.3001862,2.5538485,2.5538485,58,71,110,121,0.9106771,0.61328125
52,2014-10-23 17:55:00+00:00,2.1739511,2.713956,2.713956,71,81,110,121,0.9166666,0.8875
53,2014-10-26 18:25:00+00:00,3.330653,3.112053,3.112053,19,32,84,97,0.5,-0.375
53,2014-10-26 18:25:00+00:00,3.5294712,2.8246102,2.8246102,19,32,97,110,0.7166667,-0.375
53,2014-10-26 18:25:00+00:00,3.5637338,2.775941,2.775941,19,32,110,121,0.9166666,-0.375
53,2014-10-26 18:25:00+00:00,3.9061623,3.4894843,3.4894843,32,45,32,45,-0.35598958,-0.0296875
53,2014-10-26 18:25:00+00:00,3.4294143,3.236098,3.236098,32,45,45,58,-0.15,-0.050000004
53,2014-10-26 18:25:00+00:00,2.6535122,3.2751417,3.2751417,32,45,71,84,0.28229165,-0.039453126
53,2014-10-26 18:25:00+00:00,2.9812553,3.2336843,3.2336843,32,45,84,97,0.5,-0.050000004
53,2014-10-26 18:25:00+00:00,3.2194853,2.8843148,2.8843148,32,45,97,110,0.7166667,-0.050000004
53,2014-10-26 18:25:00+00:00,2.7204876,2.8234262,2.8234262,32,45,110,121,0.9166666,-0.050000004
53,2014-10-26 18:25:00+00:00,3.789022,2.8805308,2.8805308,45,58,6,19,-0.79296875,0.26601562
53,2014-10-26 18:25:00+00:00,2.57422,3.227153,3.227153,45,58,19,32,-0.5833333,0.275
53,2014-10-26 18:25:00+00:00,2.1360533,2.5509558,2.5509558,45,58,32,45,-0.3669271,0.27578124
53,2014-10-26 18:25:00+00:00,2.473821,2.3386009,2.3386009,45,58,45,58,-0.15,0.275
53,2014-10-26 18:25:00+00:00,2.9016325,2.394918,2.394918,45,58,58,71,0.061197914,0.27695313
53,2014-10-26 18:25:00+00:00,2.7268794,2.7788084,2.7788084,45,58,84,97,0.5132812,0.28320312
53,2014-10-26 18:25:00+00:00,2.689681,2.6387696,2.6387696,45,58,97,110,0.7166667,0.275
53,2014-10-26 18:25:00+00:00,2.465994,2.6688423,2.6688423,45,58,110,121,0.9166666,0.275
53,2014-10-26 18:25:00+00:00,3.2956705,2.7689133,2.7689133,58,71,19,32,-0.57890624,0.57773435
53,2014-10-26 18:25:00+00:00,1.8980167,2.2251213,2.2251213,58,71,32,45,-0.36666667,0.6
53,2014-10-26 18:25:00+00:00,2.0739722,2.0570774,2.0570774,58,71,45,58,-0.15130208,0.5992187
53,2014-10-26 18:25:00+00:00,2.261604,2.1448011,2.1448011,58,71,58,71,0.073697925,0.58867186
53,2014-10-26 18:25:00+00:00,2.4919896,2.4555264,2.4555264,58,71,71,84,0.2833333,0.6
53,2014-10-26 18:25:00+00:00,2.714114,2.626254,2.626254,58,71,84,97,0.49166667,0.5902344
53,2014-10-26 18:25:00+00:00,2.751654,2.4852693,2.4852693,58,71,97,110,0.7260417,0.5921875
53,2014-10-26 18:25:00+00:00,2.5080311,2.5523517,2.5523517,58,71,110,121,0.9166666,0.6
53,2014-10-26 18:25:00+00:00,2.1883013,2.6075547,2.6075547,71,81,32,45,-0.38645837,0.85546875
53,2014-10-26 18:25:00+00:00,2.71783,2.5252662,2.5252662,71,81,84,97,0.44599998,0.80700004
53,2014-10-26 18:25:00+00:00,2.6254282,2.4692628,2.4692628,71,81,97,110,0.7502604,0.8714844
53,2014-10-26 18:25:00+00:00,2.4827938,2.6965623,2.6965623,71,81,110,121,0.9166666,0.8875
54,2014-11-11 18:25:00+00:00,3.0510695,2.5243258,2.5243258,19,32,84,97,0.4955729,-0.36679688
54,2014-11-11 18:25:00+00:00,2.4124222,2.632187,2.632187,32,45,84,97,0.5,-0.050000004
54,2014-11-11 18:25:00+00:00,2.3833938,2.265211,2.265211,32,45,97,110,0.7166667,-0.050000004
54,2014-11-11 18:25:00+00:00,2.1469238,2.2385378,2.2385378,32,45,110,121,0.9140625,-0.047656253
54,2014-11-11 18:25:00+00:00,1.5099757,2.0520344,2.0520344,45,58,45,58,-0.14166667,0.26484373
54,2014-11-11 18:25:00+00:00,2.0171044,2.0327017,2.0327017,45,58,97,110,0.7166667,0.275
54,2014-11-11 18:25:00+00:00,2.1263123,2.0731936,2.0731936,45,58,110,121,0.9166666,0.275
54,2014-11-11 18:25:00+00:00,1.9954071,1.9431815,1.9431815,58,71,71,84,0.2833333,0.6
54,2014-11-11 18:25:00+00:00,2.1692312,2.0679646,2.0679646,58,71,84,97,0.48489583,0.5890625
54,2014-11-11 18:25:00+00:00,2.2111278,1.8814156,1.8814156,58,71,97,110,0.72760415,0.5914062
54,2014-11-11 18:25:00+00:00,2.1484299,1.9683222,1.9683222,58,71,110,121,0.9166666,0.6
54,2014-11-11 18:25:00+00:00,2.0575402,2.0680609,2.0680609,71,81,110,121,0.9166666,0.8875
55,2015-05-01 18:01:00+00:00,1.8256803,2.0647545,2.0647545,19,32,84,97,0.5,-0.375
55,2015-05-01 18:01:00+00:00,1.7926356,1.8546928,1.8546928,19,32,97,110,0.7166667,-0.375
55,2015-05-01 18:01:00+00:00,1.9734336,1.8223532,1.8223532,19,32,110,121,0.9166666,-0.375
55,2015-05-01 18:01:00+00:00,3.322193,2.981153,2.981153,32,45,32,45,-0.35729167,-0.036328126
55,2015-05-01 18:01:00+00:00,2.300944,2.7187505,2.7187505,32,45,45,58,-0.15,-0.050000004
55,2015-05-01 18:01:00+00:00,1.8489875,2.3333955,2.3333955,32,45,71,84,0.28177083,-0.046484374
55,2015-05-01 18:01:00+00:00,1.7149464,2.0644624,2.0644624,32,45,84,97,0.50364584,-0.051953126
55,2015-05-01 18:01:00+00:00,1.8032299,1.797341,1.797341,32,45,97,110,0.7166667,-0.050000004
55,2015-05-01 18:01:00+00:00,1.8598912,1.7705624,1.7705624,32,45,110,121,0.9166666,-0.050000004
55,2015-05-01 18:01:00+00:00,2.056642,2.4267697,2.4267697,45,58,32,45,-0.3614583,0.27304685
55,2015-05-01 18:01:00+00:00,2.0407112,2.2361424,2.2361424,45,58,45,58,-0.15,0.275
55,2015-05-01 18:01:00+00:00,2.0669477,2.2306676,2.2306676,45,58,58,71,0.06666666,0.275
55,2015-05-01 18:01:00+00:00,1.9062855,1.9078282,1.9078282,45,58,97,110,0.71380204,0.2613281
55,2015-05-01 18:01:00+00:00,1.9646468,1.8953925,1.8953925,45,58,110,121,0.92291665,0.26523435
55,2015-05-01 18:01:00+00:00,2.3057837,2.143296,2.143296,58,71,32,45,-0.36015624,0.5917969
55,2015-05-01 18:01:00+00:00,2.0317492,1.9780841,1.9780841,58,71,45,58,-0.15416667,0.5890625
55,2015-05-01 18:01:00+00:00,2.1845737,2.0050318,2.0050318,58,71,58,71,0.057812504,0.59765625
55,2015-05-01 18:01:00+00:00,2.2566762,2.0415275,2.0415275,58,71,71,84,0.27682292,0.59648436
55,2015-05-01 18:01:00+00:00,2.1229327,2.0340116,2.0340116,58,71,84,97,0.4921875,0.5835937
55,2015-05-01 18:01:00+00:00,1.9824471,1.9124914,1.9124914,58,71,110,121,0.9166666,0.6015625
55,2015-05-01 18:01:00+00:00,1.9873992,1.8605576,1.8605576,71,81,110,121,0.9184896,0.8863281
56,2015-05-01 18:05:00+00:00,1.8256803,1.9538838,1.9538838,19,32,84,97,0.5,-0.375
56,2015-05-01 18:05:00+00:00,1.7926356,1.7877822,1.7877822,19,32,97,110,0.7166667,-0.375
56,2015-05-01 18:05:00+00:00,1.9734336,1.7551649,1.7551649,19,32,110,121,0.9166666,-0.375
56,2015-05-01 18:05:00+00:00,3.322193,2.7848213,2.7848213,32,45,32,45,-0.35729167,-0.036328126
56,2015-05-01 18:05:00+00:00,2.300944,2.5833435,2.5833435,32,45,45,58,-0.15,-0.050000004
56,2015-05-01 18:05:00+00:00,1.8489875,2.198846,2.198846,32,45,71,84,0.28177083,-0.046484374
56,2015-05-01 18:05:00+00:00,1.7149464,1.9330107,1.9330107,32,45,84,97,0.50364584,-0.051953126
56,2015-05-01 18:05:00+00:00,1.8032299,1.7131752,1.7131752,32,45,97,110,0.7166667,-0.050000004
56,2015-05-01 18:05:00+00:00,1.8598912,1.6878932,1.6878932,32,45,110,121,0.9166666,-0.050000004
56,2015-05-01 18:05:00+00:00,1.9801726,2.3119528,2.3119528,45,58,32,45,-0.359375,0.26718748
56,2015-05-01 18:05:00+00:00,2.0203488,2.1358013,2.1358013,45,58,45,58,-0.15,0.275
56,2015-05-01 18:05:00+00:00,2.0637703,2.1248934,2.1248934,45,58,58,71,0.06666666,0.275
56,2015-05-01 18:05:00+00:00,1.9062855,1.8273534,1.8273534,45,58,97,110,0.71380204,0.2613281
56,2015-05-01 18:05:00+00:00,1.9646468,1.8135457,1.8135457,45,58,110,121,0.92291665,0.26523435
56,2015-05-01 18:05:00+00:00,2.1610112,1.9259633,1.9259633,58,71,58,71,0.057812504,0.59765625
56,2015-05-01 18:05:00+00:00,2.1927028,1.9693191,1.9693191,58,71,71,84,0.28437498,0.5925781
56,2015-05-01 18:05:00+00:00,2.0235596,1.9654973,1.9654973,58,71,84,97,0.48828125,0.57851565
56,2015-05-01 18:05:00+00:00,1.9830735,1.845627,1.845627,58,71,110,121,0.9166666,0.6015625
56,2015-05-01 18:05:00+00:00,1.960063,1.7795224,1.7795224,71,81,110,121,0.9184896,0.884375
57,2015-05-01 18:10:00+00:00,2.3535407,2.5960932,2.5960932,58,71,32,45,-0.36015624,0.5917969
57,2015-05-01 18:10:00+00:00,2.0692613,2.414558,2.414558,58,71,45,58,-0.15416667,0.58554685
57,2015-05-01 18:10:00+00:00,2.0127106,2.481403,2.481403,71,81,110,121,0.9184896,0.8863281
58,2015-05-02 18:50:00+00:00,2.0004518,2.1398942,2.1398942,19,32,84,97,0.5,-0.375
58,2015-05-02 18:50:00+00:00,1.8033556,1.9424981,1.9424981,19,32,97,110,0.7166667,-0.375
58,2015-05-02 18:50:00+00:00,1.9381386,1.9110887,1.9110887,19,32,110,121,0.9166666,-0.375
58,2015-05-02 18:50:00+00:00,3.6174908,3.0534556,3.0534556,32,45,32,45,-0.36458334,-0.040625
58,2015-05-02 18:50:00+00:00,2.6284752,2.778423,2.778423,32,45,45,58,-0.15,-0.050000004
58,2015-05-02 18:50:00+00:00,1.8045694,2.1561315,2.1561315,32,45,84,97,0.5,-0.050000004
58,2015-05-02 18:50:00+00:00,1.8908485,1.8907439,1.8907439,32,45,97,110,0.7166667,-0.050000004
58,2015-05-02 18:50:00+00:00,1.9535898,1.8644333,1.8644333,32,45,110,121,0.9166666,-0.050000004
58,2015-05-02 18:50:00+00:00,2.1064317,3.0247524,3.0247524,45,58,19,32,-0.5833333,0.275
58,2015-05-02 18:50:00+00:00,2.0920787,2.4980938,2.4980938,45,58,32,45,-0.37187502,0.27734375
58,2015-05-02 18:50:00+00:00,2.0899346,2.3187528,2.3187528,45,58,45,58,-0.15,0.275
58,2015-05-02 18:50:00+00:00,2.152935,2.3573923,2.3573923,45,58,58,71,0.06666666,0.275
58,2015-05-02 18:50:00+00:00,2.1137764,2.2844546,2.2844546,45,58,71,84,0.26822916,0.28984374
58,2015-05-02 18:50:00+00:00,2.0037296,2.044232,2.044232,45,58,97,110,0.7166667,0.275
58,2015-05-02 18:50:00+00:00,2.115818,2.047067,2.047067,45,58,110,121,0.9166666,0.275
58,2015-05-02 18:50:00+00:00,2.4159274,2.2384694,2.2384694,58,71,32,45,-0.36666667,0.6
58,2015-05-02 18:50:00+00:00,2.2167475,2.110681,2.110681,58,71,45,58,-0.153125,0.5902344
58,2015-05-02 18:50:00+00:00,2.2372203,2.0806372,2.0806372,58,71,58,71,0.07083333,0.578125
58,2015-05-02 18:50:00+00:00,2.3835573,2.164676,2.164676,58,71,71,84,0.28307295,0.5992187
58,2015-05-02 18:50:00+00:00,2.1240528,2.1363485,2.1363485,58,71,84,97,0.4940104,0.5902344
58,2015-05-02 18:50:00+00:00,1.9556779,1.9966466,1.9966466,58,71,97,110,0.73125005,0.5882813
58,2015-05-02 18:50:00+00:00,2.0201776,2.0457873,2.0457873,58,71,110,121,0.9166666,0.6
58,2015-05-02 18:50:00+00:00,2.077196,1.9768355,1.9768355,71,81,110,121,0.9166666,0.8875
59,2015-05-03 17:55:00+00:00,1.6029693,1.6840925,1.6840925,19,32,97,110,0.7195313,-0.36249998
59,2015-05-03 17:55:00+00:00,1.7051548,1.7249644,1.7249644,19,32,110,121,0.914323,-0.36914062
59,2015-05-03 17:55:00+00:00,1.6081158,2.0235097,2.0235097,32,45,84,97,0.5057292,-0.05234375
59,2015-05-03 17:55:00+00:00,1.6358383,1.7004726,1.7004726,32,45,97,110,0.7166667,-0.050000004
59,2015-05-03 17:55:00+00:00,1.7173892,1.6938865,1.6938865,32,45,110,121,0.9166666,-0.050000004
59,2015-05-03 17:55:00+00:00,2.1464133,3.0535862,3.0535862,45,58,19,32,-0.57656246,0.27890626
59,2015-05-03 17:55:00+00:00,2.0808594,2.5064094,2.5064094,45,58,32,45,-0.3643229,0.27734375
59,2015-05-03 17:55:00+00:00,2.0510216,2.3022177,2.3022177,45,58,45,58,-0.15390626,0.28515625
59,2015-05-03 17:55:00+00:00,2.0720778,2.3778389,2.3778389,45,58,58,71,0.0671875,0.275
59,2015-05-03 17:55:00+00:00,1.7374728,1.808781,1.808781,45,58,97,110,0.7166667,0.275
59,2015-05-03 17:55:00+00:00,1.8417889,1.8237995,1.8237995,45,58,110,121,0.9166666,0.275
59,2015-05-03 17:55:00+00:00,2.314966,2.2722073,2.2722073,58,71,32,45,-0.37161458,0.59335935
59,2015-05-03 17:55:00+00:00,2.2759683,2.063118,2.063118,58,71,71,84,0.28802085,0.5902344
59,2015-05-03 17:55:00+00:00,1.7852315,1.8175176,1.8175176,58,71,110,121,0.9166666,0.6
59,2015-05-03 17:55:00+00:00,1.8654001,1.7460109,1.7460109,71,81,110,121,0.9184896,0.8863281
60,2015-05-07 19:10:00+00:00,2.299078,2.346551,2.346551,19,32,84,97,0.4997396,-0.37578124
60,2015-05-07 19:10:00+00:00,1.932857,1.9842114,1.9842114,19,32,97,110,0.7166667,-0.375
60,2015-05-07 19:10:00+00:00,2.3758714,1.9409078,1.9409078,19,32,110,121,0.9166666,-0.375
60,2015-05-07 19:10:00+00:00,2.8510416,3.6452456,3.6452456,32,45,32,45,-0.36354166,-0.0375
60,2015-05-07 19:10:00+00:00,2.9101408,3.225586,3.225586,32,45,45,58,-0.15,-0.050000004
60,2015-05-07 19:10:00+00:00,2.150442,2.8052638,2.8052638,32,45,71,84,0.2825521,-0.04609375
60,2015-05-07 19:10:00+00:00,1.8128194,2.4184182,2.4184182,32,45,84,97,0.50677085,-0.05234375
60,2015-05-07 19:10:00+00:00,1.7745743,1.9869214,1.9869214,32,45,97,110,0.7166667,-0.050000004
60,2015-05-07 19:10:00+00:00,1.7954227,1.9423991,1.9423991,32,45,110,121,0.9166666,-0.050000004
60,2015-05-07 19:10:00+00:00,2.4058733,3.2382915,3.2382915,45,58,19,32,-0.5833333,0.275
60,2015-05-07 19:10:00+00:00,2.2868385,2.666256,2.666256,45,58,32,45,-0.37187502,0.27734375
60,2015-05-07 19:10:00+00:00,2.168844,2.4149935,2.4149935,45,58,45,58,-0.15,0.275
60,2015-05-07 19:10:00+00:00,2.0602775,2.4531438,2.4531438,45,58,58,71,0.06666666,0.275
60,2015-05-07 19:10:00+00:00,1.8680514,1.9654417,1.9654417,45,58,97,110,0.7166667,0.275
60,2015-05-07 19:10:00+00:00,1.9090581,1.9674729,1.9674729,45,58,110,121,0.9166666,0.275
60,2015-05-07 19:10:00+00:00,2.1548762,2.275558,2.275558,58,71,32,45,-0.36666667,0.6
60,2015-05-07 19:10:00+00:00,2.4753475,2.132595,2.132595,58,71,45,58,-0.15807292,0.5878906
60,2015-05-07 19:10:00+00:00,2.443185,2.101285,2.101285,58,71,58,71,0.069791675,0.57773435
60,2015-05-07 19:10:00+00:00,2.4048274,2.138624,2.138624,58,71,71,84,0.28307295,0.5992187
60,2015-05-07 19:10:00+00:00,2.3376076,2.1084042,2.1084042,58,71,84,97,0.48958334,0.5828125
60,2015-05-07 19:10:00+00:00,1.8082231,1.9178466,1.9178466,58,71,110,121,0.9166666,0.6
60,2015-05-07 19:10:00+00:00,1.8178039,1.905791,1.905791,71,81,110,121,0.9184896,0.8863281
61,2015-05-11 18:45:00+00:00,1.942905,1.9204208,1.9204208,19,32,97,110,0.7169271,-0.375
61,2015-05-11 18:45:00+00:00,2.035278,1.8819613,1.8819613,19,32,110,121,0.9192708,-0.37578124
61,2015-05-11 18:45:00+00:00,1.9723629,2.1845384,2.1845384,32,45,84,97,0.5057292,-0.05234375
61,2015-05-11 18:45:00+00:00,1.8981153,1.8682461,1.8682461,32,45,97,110,0.7166667,-0.050000004
61,2015-05-11 18:45:00+00:00,1.839012,1.8454843,1.8454843,32,45,110,121,0.9166666,-0.050000004
61,2015-05-11 18:45:00+00:00,2.1909184,2.3039627,2.3039627,45,58,58,71,0.07083334,0.28359377
61,2015-05-11 18:45:00+00:00,2.072168,1.9704906,1.9704906,45,58,97,110,0.7166667,0.275
61,2015-05-11 18:45:00+00:00,1.9146749,1.9819511,1.9819511,45,58,110,121,0.9166666,0.275
61,2015-05-11 18:45:00+00:00,2.335428,2.117002,2.117002,58,71,71,84,0.2833333,0.6
61,2015-05-11 18:45:00+00:00,2.2268329,2.1206615,2.1206615,58,71,84,97,0.4919271,0.590625
61,2015-05-11 18:45:00+00:00,2.1166432,1.9073701,1.9073701,58,71,97,110,0.73125,0.5894531
61,2015-05-11 18:45:00+00:00,1.8841166,1.969138,1.969138,58,71,110,121,0.9166666,0.6
61,2015-05-11 18:45:00+00:00,1.9228983,1.9087873,1.9087873,71,81,110,121,0.9166666,0.8875
62,2015-05-23 19:10:00+00:00,2.5009995,2.189721,2.189721,19,32,84,97,0.5,-0.375
62,2015-05-23 19:10:00+00:00,1.8911369,1.8858011,1.8858011,19,32,97,110,0.7166667,-0.375
62,2015-05-23 19:10:00+00:00,1.9588141,1.8549712,1.8549712,19,32,110,121,0.9166666,-0.375
62,2015-05-23 19:10:00+00:00,2.984697,3.2525525,3.2525525,32,45,32,45,-0.35755205,-0.03515625
62,2015-05-23 19:10:00+00:00,2.3265097,2.9257855,2.9257855,32,45,45,58,-0.15,-0.050000004
62,2015-05-23 19:10:00+00:00,2.1096416,2.2579374,2.2579374,32,45,84,97,0.5,-0.050000004
62,2015-05-23 19:10:00+00:00,1.9485424,1.8682271,1.8682271,32,45,97,110,0.7166667,-0.050000004
62,2015-05-23 19:10:00+00:00,1.8194618,1.8389311,1.8389311,32,45,110,121,0.9166666,-0.050000004
62,2015-05-23 19:10:00+00:00,2.266602,2.975969,2.975969,45,58,19,32,-0.5833333,0.275
62,2015-05-23 19:10:00+00:00,2.091668,2.3868394,2.3868394,45,58,32,45,-0.36666667,0.275
62,2015-05-23 19:10:00+00:00,2.1508436,2.1907816,2.1907816,45,58,45,58,-0.15,0.275
62,2015-05-23 19:10:00+00:00,2.139596,2.2076602,2.2076602,45,58,58,71,0.06666666,0.275
62,2015-05-23 19:10:00+00:00,1.972742,1.8626887,1.8626887,45,58,97,110,0.7166667,0.275
62,2015-05-23 19:10:00+00:00,1.7753584,1.8753399,1.8753399,45,58,110,121,0.9166666,0.275
62,2015-05-23 19:10:00+00:00,1.8845344,2.071002,2.071002,58,71,32,45,-0.36666667,0.6
62,2015-05-23 19:10:00+00:00,2.1261528,1.8936099,1.8936099,58,71,45,58,-0.15572917,0.5890625
62,2015-05-23 19:10:00+00:00,2.253743,1.976024,1.976024,58,71,71,84,0.28854167,0.59765625
62,2015-05-23 19:10:00+00:00,2.243826,1.974745,1.974745,58,71,84,97,0.49140626,0.58554685
62,2015-05-23 19:10:00+00:00,1.7719877,1.7285994,1.7285994,58,71,97,110,0.7369791,0.5890625
62,2015-05-23 19:10:00+00:00,1.667953,1.83156,1.83156,58,71,110,121,0.9166666,0.6
62,2015-05-23 19:10:00+00:00,1.5398251,1.8175915,1.8175915,71,81,110,121,0.9166666,0.8875
63,2015-06-03 18:50:00+00:00,2.6297207,2.5961905,2.5961905,32,45,110,121,0.9216146,-0.06679688
63,2015-06-03 18:50:00+00:00,2.1641731,2.407345,2.407345,45,58,58,71,0.068749994,0.2746094
63,2015-06-03 18:50:00+00:00,2.147626,2.4861476,2.4861476,45,58,71,84,0.26328126,0.290625
63,2015-06-03 18:50:00+00:00,2.5875096,2.5307891,2.5307891,45,58,97,110,0.7104167,0.290625
63,2015-06-03 18:50:00+00:00,2.302183,2.4816885,2.4816885,45,58,110,121,0.9242188,0.27734375
63,2015-06-03 18:50:00+00:00,2.5099435,2.2088587,2.2088587,58,71,32,45,-0.36640623,0.59882814
63,2015-06-03 18:50:00+00:00,2.2841058,2.0458777,2.0458777,58,71,45,58,-0.15338542,0.5929687
63,2015-06-03 18:50:00+00:00,2.2788305,2.067504,2.067504,58,71,58,71,0.06666666,0.5824219
63,2015-06-03 18:50:00+00:00,2.4270768,2.3443856,2.3443856,58,71,71,84,0.2833333,0.6
63,2015-06-03 18:50:00+00:00,2.5642922,2.4888034,2.4888034,58,71,84,97,0.49635416,0.5914062
63,2015-06-03 18:50:00+00:00,2.8173113,2.319616,2.319616,58,71,97,110,0.7317709,0.5882813
63,2015-06-03 18:50:00+00:00,2.2712264,2.4075825,2.4075825,58,71,110,121,0.9166666,0.6
63,2015-06-03 18:50:00+00:00,2.3669286,2.5110755,2.5110755,71,81,110,121,0.9166666,0.8875
64,2015-06-10 18:55:00+00:00,3.0547318,2.3623059,2.3623059,19,32,84,97,0.509375,-0.35898435
64,2015-06-10 18:55:00+00:00,2.1327298,2.0434897,2.0434897,19,32,97,110,0.7166667,-0.375
64,2015-06-10 18:55:00+00:00,2.100977,1.9943796,1.9943796,19,32,110,121,0.9166666,-0.375
64,2015-06-10 18:55:00+00:00,2.04776,3.0220356,3.0220356,32,45,71,84,0.278125,-0.040625002
64,2015-06-10 18:55:00+00:00,2.0724502,2.5787709,2.5787709,32,45,84,97,0.5057292,-0.05234375
64,2015-06-10 18:55:00+00:00,2.0577219,2.0724213,2.0724213,32,45,97,110,0.7166667,-0.050000004
64,2015-06-10 18:55:00+00:00,1.9680381,2.0211453,2.0211453,32,45,110,121,0.9166666,-0.050000004
64,2015-06-10 18:55:00+00:00,3.2965775,3.4747927,3.4747927,45,58,19,32,-0.5833333,0.275
64,2015-06-10 18:55:00+00:00,2.3936079,2.8751485,2.8751485,45,58,32,45,-0.36666667,0.275
64,2015-06-10 18:55:00+00:00,2.2565622,2.6199627,2.6199627,45,58,45,58,-0.15,0.275
64,2015-06-10 18:55:00+00:00,2.2453666,2.5776143,2.5776143,45,58,58,71,0.06979167,0.27929688
64,2015-06-10 18:55:00+00:00,1.9696628,2.0036886,2.0036886,45,58,97,110,0.7166667,0.275
64,2015-06-10 18:55:00+00:00,1.9876608,2.0017264,2.0017264,45,58,110,121,0.9166666,0.275
64,2015-06-10 18:55:00+00:00,2.7346199,2.4484847,2.4484847,58,71,32,45,-0.36666667,0.6
64,2015-06-10 18:55:00+00:00,2.3314004,2.2202902,2.2202902,58,71,45,58,-0.15468751,0.5882813
64,2015-06-10 18:55:00+00:00,2.0292633,2.243468,2.243468,58,71,71,84,0.2833333,0.6
64,2015-06-10 18:55:00+00:00,2.298115,2.2021687,2.2021687,58,71,84,97,0.4947917,0.5882813
64,2015-06-10 18:55:00+00:00,1.8842621,1.9359815,1.9359815,58,71,110,121,0.9166666,0.6
64,2015-06-10 18:55:00+00:00,1.9387637,1.9361727,1.9361727,71,81,110,121,0.9166666,0.8875
65,2015-07-20 18:05:00+00:00,2.4780288,3.3017802,3.3017802,19,32,84,97,0.5002604,-0.39609376
65,2015-07-20 18:05:00+00:00,4.4149203,4.6018524,4.6018524,32,45,32,45,-0.36640623,-0.038671877
65,2015-07-20 18:05:00+00:00,3.9100795,4.116817,4.116817,32,45,45,58,-0.15,-0.050000004
65,2015-07-20 18:05:00+00:00,4.02874,4.0251355,4.0251355,45,58,19,32,-0.5833333,0.275
65,2015-07-20 18:05:00+00:00,3.9878983,3.3292084,3.3292084,45,58,32,45,-0.36640623,0.27578124
65,2015-07-20 18:05:00+00:00,2.0340278,3.0052717,3.0052717,45,58,45,58,-0.15,0.275
65,2015-07-20 18:05:00+00:00,2.474942,3.1225212,3.1225212,45,58,58,71,0.06666666,0.275
65,2015-07-20 18:05:00+00:00,3.0445657,3.3690581,3.3690581,58,71,19,32,-0.5671874,0.56875
65,2015-07-20 18:05:00+00:00,2.0492966,2.8306344,2.8306344,58,71,32,45,-0.36666667,0.6
65,2015-07-20 18:05:00+00:00,1.9830865,2.579511,2.579511,58,71,45,58,-0.15416667,0.5929687
65,2015-07-20 18:05:00+00:00,1.969413,2.677439,2.677439,58,71,58,71,0.075,0.5835937
65,2015-07-20 18:05:00+00:00,2.069771,2.85134,2.85134,58,71,71,84,0.28541666,0.5949218
65,2015-07-20 18:05:00+00:00,2.2557504,2.8825774,2.8825774,58,71,84,97,0.49114585,0.59101564
66,2015-07-21 18:50:00+00:00,3.2085643,3.056193,3.056193,19,32,84,97,0.4992188,-0.37578124
66,2015-07-21 18:50:00+00:00,2.141988,2.592468,2.592468,19,32,97,110,0.70703125,-0.37773436
66,2015-07-21 18:50:00+00:00,4.299284,4.8189063,4.8189063,32,45,32,45,-0.36484376,-0.04804688
66,2015-07-21 18:50:00+00:00,4.110862,4.293159,4.293159,32,45,45,58,-0.15,-0.050000004
66,2015-07-21 18:50:00+00:00,4.4858265,4.1861143,4.1861143,32,45,58,71,0.058072917,-0.05078125
66,2015-07-21 18:50:00+00:00,4.287209,3.7552652,3.7552652,32,45,71,84,0.28020835,-0.0421875
66,2015-07-21 18:50:00+00:00,2.125774,2.544746,2.544746,32,45,110,121,0.9166666,-0.050000004
66,2015-07-21 18:50:00+00:00,4.5661364,3.8738945,3.8738945,45,58,6,19,-0.7838541,0.26484376
66,2015-07-21 18:50:00+00:00,4.3184776,4.362014,4.362014,45,58,19,32,-0.5833333,0.275
66,2015-07-21 18:50:00+00:00,3.3636029,3.7225559,3.7225559,45,58,32,45,-0.37109375,0.28710938
66,2015-07-21 18:50:00+00:00,2.8084104,3.43166,3.43166,45,58,45,58,-0.1484375,0.27578124
66,2015-07-21 18:50:00+00:00,3.260794,3.4755619,3.4755619,45,58,58,71,0.06666666,0.275
66,2015-07-21 18:50:00+00:00,3.852759,3.2486143,3.2486143,45,58,71,84,0.2671875,0.28828123
66,2015-07-21 18:50:00+00:00,3.32891,2.612449,2.612449,45,58,97,110,0.7166667,0.275
66,2015-07-21 18:50:00+00:00,2.2261133,2.5815904,2.5815904,45,58,110,121,0.9166666,0.275
66,2015-07-21 18:50:00+00:00,3.7507446,3.8521767,3.8521767,58,71,19,32,-0.5703125,0.56601566
66,2015-07-21 18:50:00+00:00,2.5568466,3.3139207,3.3139207,58,71,32,45,-0.37057292,0.596875
66,2015-07-21 18:50:00+00:00,2.5551414,3.024727,3.024727,58,71,45,58,-0.15078126,0.5917969
66,2015-07-21 18:50:00+00:00,2.5366259,3.0476656,3.0476656,58,71,58,71,0.07057292,0.5792968
66,2015-07-21 18:50:00+00:00,2.4162862,3.0388386,3.0388386,58,71,71,84,0.28307292,0.5953125
66,2015-07-21 18:50:00+00:00,2.4411514,2.9544263,2.9544263,58,71,84,97,0.49088544,0.590625
66,2015-07-21 18:50:00+00:00,2.2619786,2.5308814,2.5308814,58,71,110,121,0.9166666,0.6
66,2015-07-21 18:50:00+00:00,2.3117952,2.5356705,2.5356705,71,81,110,121,0.9166666,0.8875
67,2015-07-23 18:35:00+00:00,3.8166294,3.3367999,3.3367999,19,32,84,97,0.5026042,-0.3785156
67,2015-07-23 18:35:00+00:00,2.4563706,2.7420805,2.7420805,19,32,97,110,0.7166667,-0.375
67,2015-07-23 18:35:00+00:00,2.1831222,2.6444545,2.6444545,19,32,110,121,0.9166666,-0.375
67,2015-07-23 18:35:00+00:00,4.446117,4.922898,4.922898,32,45,32,45,-0.36640623,-0.038671877
67,2015-07-23 18:35:00+00:00,4.07484,4.3403826,4.3403826,32,45,45,58,-0.15,-0.050000004
67,2015-07-23 18:35:00+00:00,4.3466015,4.004337,4.004337,32,45,71,84,0.27526042,-0.041796878
67,2015-07-23 18:35:00+00:00,3.6647348,3.5873628,3.5873628,32,45,84,97,0.50703126,-0.051953126
67,2015-07-23 18:35:00+00:00,2.3841007,2.8999903,2.8999903,32,45,97,110,0.7166667,-0.050000004
67,2015-07-23 18:35:00+00:00,2.0193446,2.7821,2.7821,32,45,110,121,0.9166666,-0.050000004
67,2015-07-23 18:35:00+00:00,3.717926,4.1739907,4.1739907,45,58,19,32,-0.5825521,0.2734375
67,2015-07-23 18:35:00+00:00,2.8304431,3.4917533,3.4917533,45,58,32,45,-0.3578125,0.26757812
67,2015-07-23 18:35:00+00:00,2.6487916,3.0805628,3.0805628,45,58,45,58,-0.15,0.275
67,2015-07-23 18:35:00+00:00,2.8549078,3.2308843,3.2308843,45,58,58,71,0.06666666,0.275
67,2015-07-23 18:35:00+00:00,3.596573,3.0851204,3.0851204,45,58,71,84,0.2658854,0.2875
67,2015-07-23 18:35:00+00:00,3.4343054,2.5900397,2.5900397,45,58,97,110,0.7166667,0.275
67,2015-07-23 18:35:00+00:00,2.107269,2.569153,2.569153,45,58,110,121,0.9166666,0.275
67,2015-07-23 18:35:00+00:00,2.0429437,2.910282,2.910282,58,71,32,45,-0.36093748,0.59765625
67,2015-07-23 18:35:00+00:00,2.3762999,2.605771,2.605771,58,71,45,58,-0.15390626,0.5902344
67,2015-07-23 18:35:00+00:00,2.4762962,2.6814282,2.6814282,58,71,58,71,0.06848958,0.58164066
67,2015-07-23 18:35:00+00:00,2.5555024,2.7967198,2.7967198,58,71,71,84,0.2833333,0.6
67,2015-07-23 18:35:00+00:00,2.7314892,2.8234484,2.8234484,58,71,84,97,0.49765626,0.5914062
67,2015-07-23 18:35:00+00:00,2.7368267,2.3856127,2.3856127,58,71,97,110,0.7291666,0.59023434
67,2015-07-23 18:35:00+00:00,2.3281329,2.4227922,2.4227922,58,71,110,121,0.9166666,0.6
67,2015-07-23 18:35:00+00:00,2.0979202,2.5484402,2.5484402,71,81,110,121,0.9166666,0.8875
68,2015-07-27 16:26:00+00:00,3.4155912,3.1606104,3.1606104,19,32,84,97,0.5,-0.375
68,2015-07-27 16:26:00+00:00,1.9335877,2.5822356,2.5822356,19,32,97,110,0.7166667,-0.375
68,2015-07-27 16:26:00+00:00,1.9486804,2.493044,2.493044,19,32,110,121,0.91536456,-0.3738281
68,2015-07-27 16:26:00+00:00,4.245276,4.4520617,4.4520617,32,45,32,45,-0.3645833,-0.03984375
68,2015-07-27 16:26:00+00:00,3.8315663,3.9488566,3.9488566,32,45,45,58,-0.15,-0.050000004
68,2015-07-27 16:26:00+00:00,4.186181,4.032486,4.032486,32,45,58,71,0.058593754,-0.050000004
68,2015-07-27 16:26:00+00:00,4.3840837,3.7642636,3.7642636,32,45,71,84,0.27942708,-0.045703128
68,2015-07-27 16:26:00+00:00,4.154961,3.4442248,3.4442248,32,45,84,97,0.5,-0.050000004
68,2015-07-27 16:26:00+00:00,1.9740261,2.7504482,2.7504482,32,45,97,110,0.7166667,-0.050000004
68,2015-07-27 16:26:00+00:00,1.6547902,2.6424265,2.6424265,32,45,110,121,0.9166666,-0.050000004
68,2015-07-27 16:26:00+00:00,4.3305244,3.282643,3.282643,45,58,6,19,-0.7838541,0.2609375
68,2015-07-27 16:26:00+00:00,3.2519906,3.803527,3.803527,45,58,19,32,-0.5833333,0.275
68,2015-07-27 16:26:00+00:00,1.8264225,3.037616,3.037616,45,58,32,45,-0.36666667,0.275
68,2015-07-27 16:26:00+00:00,1.9551067,2.6901677,2.6901677,45,58,45,58,-0.15,0.275
68,2015-07-27 16:26:00+00:00,2.615903,2.8414083,2.8414083,45,58,58,71,0.06666666,0.275
68,2015-07-27 16:26:00+00:00,3.8978217,2.7727695,2.7727695,45,58,71,84,0.26666665,0.28945312
68,2015-07-27 16:26:00+00:00,3.4409058,2.8593347,2.8593347,45,58,84,97,0.51145834,0.28164065
68,2015-07-27 16:26:00+00:00,2.5243697,2.4008079,2.4008079,45,58,97,110,0.7166667,0.275
68,2015-07-27 16:26:00+00:00,1.7901424,2.3894615,2.3894615,45,58,110,121,0.9166666,0.275
68,2015-07-27 16:26:00+00:00,2.3958592,3.0871658,3.0871658,58,71,19,32,-0.56953126,0.56875
68,2015-07-27 16:26:00+00:00,1.7252223,2.490526,2.490526,58,71,32,45,-0.36666667,0.6
68,2015-07-27 16:26:00+00:00,1.7665714,2.2586458,2.2586458,58,71,45,58,-0.15130208,0.5917969
68,2015-07-27 16:26:00+00:00,1.7957556,2.3079488,2.3079488,58,71,58,71,0.072916664,0.5796875
68,2015-07-27 16:26:00+00:00,1.9734596,2.495953,2.495953,58,71,71,84,0.2833333,0.6
68,2015-07-27 16:26:00+00:00,1.7800115,2.5554514,2.5554514,58,71,84,97,0.49088544,0.58984375
68,2015-07-27 16:26:00+00:00,2.3131938,2.1945274,2.1945274,58,71,97,110,0.72526044,0.5902344
68,2015-07-27 16:26:00+00:00,2.0518117,2.2166386,2.2166386,58,71,110,121,0.9166666,0.6
68,2015-07-27 16:26:00+00:00,1.9766374,2.368641,2.368641,71,81,110,121,0.9166666,0.8875
70,2015-07-27 18:15:00+00:00,3.3885014,3.2996686,3.2996686,19,32,84,97,0.5,-0.375
70,2015-07-27 18:15:00+00:00,1.8612838,2.6429684,2.6429684,19,32,97,110,0.7151042,-0.36796874
70,2015-07-27 18:15:00+00:00,4.245276,4.81334,4.81334,32,45,32,45,-0.3645833,-0.03984375
70,2015-07-27 18:15:00+00:00,3.8315663,4.3782654,4.3782654,32,45,45,58,-0.15,-0.050000004
70,2015-07-27 18:15:00+00:00,4.186181,4.474271,4.474271,32,45,58,71,0.058593754,-0.050000004
70,2015-07-27 18:15:00+00:00,4.3840837,4.147138,4.147138,32,45,71,84,0.27942708,-0.045703128
70,2015-07-27 18:15:00+00:00,4.154961,3.6772614,3.6772614,32,45,84,97,0.5,-0.050000004
70,2015-07-27 18:15:00+00:00,1.9740261,2.8523633,2.8523633,32,45,97,110,0.7166667,-0.050000004
70,2015-07-27 18:15:00+00:00,1.6547902,2.772153,2.772153,32,45,110,121,0.9166666,-0.050000004
70,2015-07-27 18:15:00+00:00,4.3305244,3.4448612,3.4448612,45,58,6,19,-0.7838541,0.2609375
70,2015-07-27 18:15:00+00:00,3.2519906,3.99396,3.99396,45,58,19,32,-0.5833333,0.275
70,2015-07-27 18:15:00+00:00,1.8264225,3.1729786,3.1729786,45,58,32,45,-0.36666667,0.275
70,2015-07-27 18:15:00+00:00,1.9551067,2.8635495,2.8635495,45,58,45,58,-0.15,0.275
70,2015-07-27 18:15:00+00:00,2.615903,3.0417569,3.0417569,45,58,58,71,0.06666666,0.275
70,2015-07-27 18:15:00+00:00,3.8978217,2.8789108,2.8789108,45,58,71,84,0.26666665,0.28945312
70,2015-07-27 18:15:00+00:00,3.4409058,2.8853292,2.8853292,45,58,84,97,0.51145834,0.28164065
70,2015-07-27 18:15:00+00:00,2.5243697,2.3403225,2.3403225,45,58,97,110,0.7166667,0.275
70,2015-07-27 18:15:00+00:00,1.7901424,2.3632722,2.3632722,45,58,110,121,0.9166666,0.275
70,2015-07-27 18:15:00+00:00,2.3958592,3.1541412,3.1541412,58,71,19,32,-0.56953126,0.56875
70,2015-07-27 18:15:00+00:00,1.7252223,2.52355,2.52355,58,71,32,45,-0.36666667,0.6
70,2015-07-27 18:15:00+00:00,1.7665714,2.3433094,2.3433094,58,71,45,58,-0.15130208,0.5917969
70,2015-07-27 18:15:00+00:00,1.7957556,2.3921247,2.3921247,58,71,58,71,0.072916664,0.5796875
70,2015-07-27 18:15:00+00:00,1.9734596,2.5418522,2.5418522,58,71,71,84,0.2833333,0.6
70,2015-07-27 18:15:00+00:00,1.7800115,2.5239186,2.5239186,58,71,84,97,0.49088544,0.58984375
70,2015-07-27 18:15:00+00:00,2.3131938,2.0790052,2.0790052,58,71,97,110,0.72526044,0.5902344
70,2015-07-27 18:15:00+00:00,2.0518117,2.142916,2.142916,58,71,110,121,0.9166666,0.6
70,2015-07-27 18:15:00+00:00,1.9766374,2.348117,2.348117,71,81,110,121,0.9166666,0.8875
71,2015-07-28 18:55:00+00:00,3.491079,3.2974799,3.2974799,19,32,84,97,0.5,-0.375
71,2015-07-28 18:55:00+00:00,2.1329458,2.6580694,2.6580694,19,32,97,110,0.7166667,-0.375
71,2015-07-28 18:55:00+00:00,1.969684,2.5489435,2.5489435,19,32,110,121,0.9166666,-0.375
71,2015-07-28 18:55:00+00:00,4.58038,5.096151,5.096151,32,45,32,45,-0.36276042,-0.041015625
71,2015-07-28 18:55:00+00:00,4.386045,4.541326,4.541326,32,45,45,58,-0.15,-0.050000004
71,2015-07-28 18:55:00+00:00,4.519708,4.114002,4.114002,32,45,71,84,0.278125,-0.043750003
71,2015-07-28 18:55:00+00:00,4.0871224,3.5853746,3.5853746,32,45,84,97,0.5,-0.050000004
71,2015-07-28 18:55:00+00:00,2.2153094,2.814852,2.814852,32,45,97,110,0.7166667,-0.050000004
71,2015-07-28 18:55:00+00:00,1.7252315,2.6892507,2.6892507,32,45,110,121,0.9166666,-0.050000004
71,2015-07-28 18:55:00+00:00,4.579729,4.0560694,4.0560694,45,58,6,19,-0.78125,0.2609375
71,2015-07-28 18:55:00+00:00,4.182384,4.577361,4.577361,45,58,19,32,-0.5833333,0.275
71,2015-07-28 18:55:00+00:00,2.889816,3.9207585,3.9207585,45,58,32,45,-0.36666667,0.275
71,2015-07-28 18:55:00+00:00,2.4915612,3.52258,3.52258,45,58,45,58,-0.15,0.275
71,2015-07-28 18:55:00+00:00,3.9986877,3.681724,3.681724,45,58,58,71,0.06666666,0.275
71,2015-07-28 18:55:00+00:00,4.264694,3.421544,3.421544,45,58,71,84,0.2684896,0.28945312
71,2015-07-28 18:55:00+00:00,3.0000207,2.7078395,2.7078395,45,58,97,110,0.7166667,0.275
71,2015-07-28 18:55:00+00:00,2.0637221,2.655648,2.655648,45,58,110,121,0.9166666,0.275
71,2015-07-28 18:55:00+00:00,2.1949348,3.409211,3.409211,58,71,32,45,-0.36666667,0.6
71,2015-07-28 18:55:00+00:00,2.0250435,3.094451,3.094451,58,71,45,58,-0.15078126,0.5917969
71,2015-07-28 18:55:00+00:00,2.3353336,3.1964505,3.1964505,58,71,58,71,0.07239584,0.5835937
71,2015-07-28 18:55:00+00:00,3.4215424,3.1617668,3.1617668,58,71,71,84,0.2833333,0.6
71,2015-07-28 18:55:00+00:00,2.6084797,3.0481918,3.0481918,58,71,84,97,0.49583334,0.5910156
71,2015-07-28 18:55:00+00:00,2.944987,2.574096,2.574096,58,71,97,110,0.7291667,0.58984375
71,2015-07-28 18:55:00+00:00,2.4152439,2.5693226,2.5693226,58,71,110,121,0.9166666,0.6
71,2015-07-28 18:55:00+00:00,2.4592931,2.6108034,2.6108034,71,81,110,121,0.9166666,0.8875
72,2015-08-02 19:15:00+00:00,3.5664496,3.878806,3.878806,19,32,84,97,0.5,-0.375
72,2015-08-02 19:15:00+00:00,2.9083583,3.2697353,3.2697353,19,32,97,110,0.7166667,-0.375
72,2015-08-02 19:15:00+00:00,2.2918248,3.1848562,3.1848562,19,32,110,121,0.9166666,-0.375
72,2015-08-02 19:15:00+00:00,4.558005,5.025428,5.025428,32,45,32,45,-0.3625,-0.03828125
72,2015-08-02 19:15:00+00:00,4.200286,4.5587306,4.5587306,32,45,45,58,-0.15,-0.050000004
72,2015-08-02 19:15:00+00:00,4.507318,4.4661345,4.4661345,32,45,71,84,0.2765625,-0.0453125
72,2015-08-02 19:15:00+00:00,4.1736927,4.1928415,4.1928415,32,45,84,97,0.5,-0.050000004
72,2015-08-02 19:15:00+00:00,3.8889992,3.4805026,3.4805026,32,45,97,110,0.7166667,-0.050000004
72,2015-08-02 19:15:00+00:00,2.656642,3.3740609,3.3740609,32,45,110,121,0.9166666,-0.050000004
72,2015-08-02 19:15:00+00:00,4.6016955,3.9560673,3.9560673,45,58,6,19,-0.7828125,0.26015624
72,2015-08-02 19:15:00+00:00,4.4672728,4.455324,4.455324,45,58,19,32,-0.5833333,0.275
72,2015-08-02 19:15:00+00:00,3.5892103,3.6331336,3.6331336,45,58,32,45,-0.36666667,0.275
72,2015-08-02 19:15:00+00:00,2.5971682,3.2955842,3.2955842,45,58,45,58,-0.15,0.275
72,2015-08-02 19:15:00+00:00,2.8179383,3.479114,3.479114,45,58,58,71,0.06666666,0.275
72,2015-08-02 19:15:00+00:00,4.343163,3.534517,3.534517,45,58,84,97,0.5158854,0.28515625
72,2015-08-02 19:15:00+00:00,3.918158,3.1216593,3.1216593,45,58,97,110,0.7166667,0.275
72,2015-08-02 19:15:00+00:00,2.8799057,3.1252666,3.1252666,45,58,110,121,0.9166666,0.275
72,2015-08-02 19:15:00+00:00,2.4295099,3.1007543,3.1007543,58,71,32,45,-0.36666667,0.6
72,2015-08-02 19:15:00+00:00,2.404554,2.8054566,2.8054566,58,71,45,58,-0.15572917,0.5894531
72,2015-08-02 19:15:00+00:00,2.3708076,2.9390187,2.9390187,58,71,58,71,0.067447916,0.58515626
72,2015-08-02 19:15:00+00:00,2.8766794,3.2218225,3.2218225,58,71,71,84,0.2833333,0.6
72,2015-08-02 19:15:00+00:00,3.4645057,3.3368106,3.3368106,58,71,84,97,0.49062502,0.58554685
72,2015-08-02 19:15:00+00:00,2.7312157,2.928897,2.928897,58,71,97,110,0.7260417,0.5921875
72,2015-08-02 19:15:00+00:00,2.263775,2.949133,2.949133,58,71,110,121,0.9166666,0.6
72,2015-08-02 19:15:00+00:00,2.361307,3.1323998,3.1323998,71,81,110,121,0.9166666,0.8875
73,2015-08-13 18:55:00+00:00,3.68508,3.5488422,3.5488422,19,32,84,97,0.5,-0.375
73,2015-08-13 18:55:00+00:00,3.0695376,2.9676914,2.9676914,19,32,97,110,0.7166667,-0.375
73,2015-08-13 18:55:00+00:00,2.3366208,2.8708727,2.8708727,19,32,110,121,0.9166666,-0.375
73,2015-08-13 18:55:00+00:00,4.5967793,4.8273644,4.8273644,32,45,32,45,-0.3622396,-0.041015625
73,2015-08-13 18:55:00+00:00,4.24542,4.338448,4.338448,32,45,45,58,-0.15,-0.050000004
73,2015-08-13 18:55:00+00:00,3.8223815,4.3916626,4.3916626,32,45,58,71,0.06458333,-0.05
73,2015-08-13 18:55:00+00:00,3.4675305,4.1039834,4.1039834,32,45,71,84,0.27994794,-0.046484377
73,2015-08-13 18:55:00+00:00,3.6262774,3.8401175,3.8401175,32,45,84,97,0.5,-0.050000004
73,2015-08-13 18:55:00+00:00,3.339519,3.1557472,3.1557472,32,45,97,110,0.7166667,-0.050000004
73,2015-08-13 18:55:00+00:00,2.9858146,3.035565,3.035565,32,45,110,121,0.9166666,-0.050000004
73,2015-08-13 18:55:00+00:00,4.491406,3.508201,3.508201,45,58,6,19,-0.7848958,0.26328123
73,2015-08-13 18:55:00+00:00,3.7213619,4.0308104,4.0308104,45,58,19,32,-0.5833333,0.275
73,2015-08-13 18:55:00+00:00,3.3921027,3.2766864,3.2766864,45,58,32,45,-0.36666667,0.275
73,2015-08-13 18:55:00+00:00,2.8925405,2.9461427,2.9461427,45,58,45,58,-0.15,0.275
73,2015-08-13 18:55:00+00:00,2.4804184,3.090635,3.090635,45,58,58,71,0.06666666,0.275
73,2015-08-13 18:55:00+00:00,2.7356436,2.998431,2.998431,45,58,71,84,0.26406252,0.28945312
73,2015-08-13 18:55:00+00:00,3.5270054,3.0375097,3.0375097,45,58,84,97,0.5143229,0.284375
73,2015-08-13 18:55:00+00:00,2.9275808,2.6921349,2.6921349,45,58,97,110,0.7166667,0.275
73,2015-08-13 18:55:00+00:00,2.6899314,2.6840546,2.6840546,45,58,110,121,0.9166666,0.275
73,2015-08-13 18:55:00+00:00,2.8572075,3.3013859,3.3013859,58,71,19,32,-0.5695312,0.5703125
73,2015-08-13 18:55:00+00:00,2.5363834,2.7182047,2.7182047,58,71,32,45,-0.36666667,0.6
73,2015-08-13 18:55:00+00:00,2.3685167,2.4696097,2.4696097,58,71,45,58,-0.15338542,0.5929687
73,2015-08-13 18:55:00+00:00,2.3945076,2.5596945,2.5596945,58,71,58,71,0.071614586,0.5871094
73,2015-08-13 18:55:00+00:00,2.5283315,2.7468634,2.7468634,58,71,71,84,0.2833333,0.6
73,2015-08-13 18:55:00+00:00,2.632732,2.8196568,2.8196568,58,71,84,97,0.49583334,0.5910156
73,2015-08-13 18:55:00+00:00,2.9681404,2.4711266,2.4711266,58,71,97,110,0.7260417,0.5910156
73,2015-08-13 18:55:00+00:00,2.2135994,2.5031538,2.5031538,58,71,110,121,0.9166666,0.6
73,2015-08-13 18:55:00+00:00,2.1833878,2.7016957,2.7016957,71,81,110,121,0.9166666,0.8875
74,2015-08-22 18:50:00+00:00,3.324859,3.9797034,3.9797034,19,32,84,97,0.5,-0.375
74,2015-08-22 18:50:00+00:00,3.115093,3.3906322,3.3906322,19,32,97,110,0.7174479,-0.37070313
74,2015-08-22 18:50:00+00:00,2.39362,3.2869468,3.2869468,19,32,110,121,0.9166666,-0.375
74,2015-08-22 18:50:00+00:00,4.480339,4.8239317,4.8239317,32,45,45,58,-0.15,-0.050000004
74,2015-08-22 18:50:00+00:00,4.378863,4.5870013,4.5870013,32,45,71,84,0.2809896,-0.04414063
74,2015-08-22 18:50:00+00:00,4.089533,4.2970867,4.2970867,32,45,84,97,0.5,-0.050000004
74,2015-08-22 18:50:00+00:00,4.044279,3.6000476,3.6000476,32,45,97,110,0.7166667,-0.050000004
74,2015-08-22 18:50:00+00:00,3.0881584,3.4825182,3.4825182,32,45,110,121,0.9166666,-0.050000004
74,2015-08-22 18:50:00+00:00,4.3606043,4.1486087,4.1486087,45,58,6,19,-0.7846354,0.26289064
74,2015-08-22 18:50:00+00:00,3.8784842,4.6115823,4.6115823,45,58,19,32,-0.5828124,0.27421877
74,2015-08-22 18:50:00+00:00,3.54375,3.9526079,3.9526079,45,58,32,45,-0.36614582,0.27421877
74,2015-08-22 18:50:00+00:00,3.3706212,3.5222712,3.5222712,45,58,45,58,-0.15,0.275
74,2015-08-22 18:50:00+00:00,3.8448937,3.6743035,3.6743035,45,58,58,71,0.06666666,0.275
74,2015-08-22 18:50:00+00:00,4.18623,3.6472192,3.6472192,45,58,71,84,0.2682292,0.2890625
74,2015-08-22 18:50:00+00:00,4.141533,3.60519,3.60519,45,58,84,97,0.5122396,0.28710938
74,2015-08-22 18:50:00+00:00,3.950794,3.2174587,3.2174587,45,58,97,110,0.7166667,0.275
74,2015-08-22 18:50:00+00:00,4.0855794,3.2112129,3.2112129,45,58,110,121,0.9166666,0.275
74,2015-08-22 18:50:00+00:00,3.3664298,3.3099916,3.3099916,58,71,32,45,-0.36666667,0.6
74,2015-08-22 18:50:00+00:00,2.9226477,2.9973345,2.9973345,58,71,45,58,-0.15442708,0.59414065
74,2015-08-22 18:50:00+00:00,2.8713636,3.1266878,3.1266878,58,71,58,71,0.07239584,0.5835937
74,2015-08-22 18:50:00+00:00,2.738501,3.3348641,3.3348641,58,71,71,84,0.2833333,0.6
74,2015-08-22 18:50:00+00:00,2.8603923,3.3961766,3.3961766,58,71,84,97,0.49583334,0.5910156
74,2015-08-22 18:50:00+00:00,2.6327133,2.998608,2.998608,58,71,97,110,0.72838545,0.58984375
74,2015-08-22 18:50:00+00:00,3.3876822,3.041938,3.041938,58,71,110,121,0.9166666,0.6
74,2015-08-22 18:50:00+00:00,3.0861373,3.2263443,3.2263443,71,81,110,121,0.9166666,0.8875
75,2015-09-06 18:05:00+00:00,1.5275851,1.8885516,1.8885516,19,32,84,97,0.5,-0.375
75,2015-09-06 18:05:00+00:00,1.4606245,1.6336797,1.6336797,19,32,97,110,0.7166667,-0.375
75,2015-09-06 18:05:00+00:00,1.44451,1.6034722,1.6034722,19,32,110,121,0.9166666,-0.375
75,2015-09-06 18:05:00+00:00,2.9709892,3.0144048,3.0144048,32,45,32,45,-0.3640625,-0.03984375
75,2015-09-06 18:05:00+00:00,2.5420232,2.7051814,2.7051814,32,45,45,58,-0.15,-0.050000004
75,2015-09-06 18:05:00+00:00,2.5090744,2.5950122,2.5950122,32,45,58,71,0.06432292,-0.049999997
75,2015-09-06 18:05:00+00:00,1.921963,2.2761233,2.2761233,32,45,71,84,0.28020835,-0.043750003
75,2015-09-06 18:05:00+00:00,1.652531,1.9400631,1.9400631,32,45,84,97,0.5,-0.050000004
75,2015-09-06 18:05:00+00:00,1.5627773,1.5995028,1.5995028,32,45,97,110,0.7166667,-0.050000004
75,2015-09-06 18:05:00+00:00,1.5066327,1.576179,1.576179,32,45,110,121,0.9166666,-0.050000004
75,2015-09-06 18:05:00+00:00,3.4422755,2.732955,2.732955,45,58,6,19,-0.7841146,0.26367188
75,2015-09-06 18:05:00+00:00,3.204129,3.171128,3.171128,45,58,19,32,-0.5833333,0.275
75,2015-09-06 18:05:00+00:00,2.3950162,2.6396127,2.6396127,45,58,32,45,-0.36666667,0.275
75,2015-09-06 18:05:00+00:00,2.143741,2.4341722,2.4341722,45,58,45,58,-0.15,0.275
75,2015-09-06 18:05:00+00:00,3.0556102,2.422454,2.422454,45,58,58,71,0.06666666,0.275
75,2015-09-06 18:05:00+00:00,3.0101254,2.287891,2.287891,45,58,71,84,0.26875,0.2890625
75,2015-09-06 18:05:00+00:00,2.9434545,2.0562434,2.0562434,45,58,84,97,0.5130209,0.2828125
75,2015-09-06 18:05:00+00:00,2.6534328,1.8699462,1.8699462,45,58,97,110,0.7166667,0.275
75,2015-09-06 18:05:00+00:00,2.207398,1.850688,1.850688,45,58,110,121,0.9166666,0.275
75,2015-09-06 18:05:00+00:00,2.053112,2.8868356,2.8868356,58,71,19,32,-0.5695312,0.5683594
75,2015-09-06 18:05:00+00:00,1.1925945,2.410889,2.410889,58,71,32,45,-0.36666667,0.6
75,2015-09-06 18:05:00+00:00,1.3929068,2.2152488,2.2152488,58,71,45,58,-0.15442708,0.5882813
75,2015-09-06 18:05:00+00:00,2.3091705,2.2535567,2.2535567,58,71,58,71,0.07291667,0.584375
75,2015-09-06 18:05:00+00:00,3.0022466,2.2107658,2.2107658,58,71,71,84,0.2833333,0.6
75,2015-09-06 18:05:00+00:00,2.9464326,2.1331577,2.1331577,58,71,84,97,0.49088544,0.590625
75,2015-09-06 18:05:00+00:00,1.7813879,1.8776836,1.8776836,58,71,97,110,0.7268229,0.58984375
75,2015-09-06 18:05:00+00:00,2.0806055,1.890316,1.890316,58,71,110,121,0.9166666,0.6
75,2015-09-06 18:05:00+00:00,1.728907,1.7334176,1.7334176,71,81,110,121,0.9166666,0.8875
76,2015-09-14 18:55:00+00:00,3.6244802,3.818246,3.818246,19,32,84,97,0.5,-0.375
76,2015-09-14 18:55:00+00:00,3.0792797,3.3510766,3.3510766,19,32,97,110,0.7166667,-0.375
76,2015-09-14 18:55:00+00:00,3.0210297,3.2500699,3.2500699,19,32,110,121,0.9166666,-0.375
76,2015-09-14 18:55:00+00:00,4.6111984,4.732629,4.732629,32,45,32,45,-0.36640623,-0.038671877
76,2015-09-14 18:55:00+00:00,4.554123,4.317856,4.317856,32,45,45,58,-0.15,-0.050000004
76,2015-09-14 18:55:00+00:00,4.3509707,4.325837,4.325837,32,45,71,84,0.2796875,-0.044531252
76,2015-09-14 18:55:00+00:00,4.2081895,4.0800743,4.0800743,32,45,84,97,0.5,-0.050000004
76,2015-09-14 18:55:00+00:00,3.8217638,3.518139,3.518139,32,45,97,110,0.7166667,-0.050000004
76,2015-09-14 18:55:00+00:00,4.603133,4.0190115,4.0190115,45,58,6,19,-0.7885417,0.26171875
76,2015-09-14 18:55:00+00:00,4.2305226,4.4533443,4.4533443,45,58,19,32,-0.5833333,0.275
76,2015-09-14 18:55:00+00:00,3.7295036,3.652197,3.652197,45,58,32,45,-0.36666667,0.275
76,2015-09-14 18:55:00+00:00,3.2611365,3.369103,3.369103,45,58,45,58,-0.15,0.275
76,2015-09-14 18:55:00+00:00,3.7236297,3.5631604,3.5631604,45,58,58,71,0.06666666,0.275
76,2015-09-14 18:55:00+00:00,4.2557716,3.6785607,3.6785607,45,58,71,84,0.2640625,0.2902344
76,2015-09-14 18:55:00+00:00,3.6580274,3.383294,3.383294,45,58,97,110,0.7166667,0.275
76,2015-09-14 18:55:00+00:00,2.833075,3.408909,3.408909,45,58,110,121,0.91015625,0.28671876
76,2015-09-14 18:55:00+00:00,3.4732938,3.901604,3.901604,58,71,19,32,-0.57057285,0.56875
76,2015-09-14 18:55:00+00:00,2.3561714,3.2212768,3.2212768,58,71,32,45,-0.36666667,0.6
76,2015-09-14 18:55:00+00:00,2.8201215,2.9866827,2.9866827,58,71,45,58,-0.15078126,0.5917969
76,2015-09-14 18:55:00+00:00,3.2107978,3.1388404,3.1388404,58,71,58,71,0.07239584,0.5835937
76,2015-09-14 18:55:00+00:00,4.063633,3.462644,3.462644,58,71,71,84,0.2833333,0.6
76,2015-09-14 18:55:00+00:00,4.0662217,3.5478926,3.5478926,58,71,84,97,0.49322915,0.5929687
76,2015-09-14 18:55:00+00:00,3.8614743,3.2236717,3.2236717,58,71,97,110,0.7320313,0.58984375
76,2015-09-14 18:55:00+00:00,2.752853,3.2406776,3.2406776,58,71,110,121,0.9166666,0.6
76,2015-09-14 18:55:00+00:00,2.8422086,3.3313227,3.3313227,71,81,110,121,0.9166666,0.8875
77,2015-09-17 17:50:00+00:00,1.4836842,1.8665898,1.8665898,19,32,84,97,0.5,-0.375
77,2015-09-17 17:50:00+00:00,1.4803032,1.820936,1.820936,19,32,97,110,0.7166667,-0.375
77,2015-09-17 17:50:00+00:00,1.5266771,1.8128717,1.8128717,19,32,110,121,0.9166666,-0.375
77,2015-09-17 17:50:00+00:00,1.9164957,2.1077712,2.1077712,32,45,32,45,-0.36276042,-0.032031253
77,2015-09-17 17:50:00+00:00,1.8255662,2.016258,2.016258,32,45,45,58,-0.15,-0.050000004
77,2015-09-17 17:50:00+00:00,1.9055085,1.9698385,1.9698385,32,45,58,71,0.058072917,-0.051171876
77,2015-09-17 17:50:00+00:00,1.935024,1.9254657,1.9254657,32,45,71,84,0.28671876,-0.040625
77,2015-09-17 17:50:00+00:00,1.9203027,1.8194242,1.8194242,32,45,84,97,0.49739584,-0.051171876
77,2015-09-17 17:50:00+00:00,1.9582928,1.7452903,1.7452903,32,45,97,110,0.7166667,-0.050000004
77,2015-09-17 17:50:00+00:00,1.6404815,1.7397733,1.7397733,32,45,110,121,0.9166666,-0.050000004
77,2015-09-17 17:50:00+00:00,1.8867712,1.8482599,1.8482599,45,58,6,19,-0.7841146,0.26757812
77,2015-09-17 17:50:00+00:00,1.6703994,2.0600502,2.0600502,45,58,19,32,-0.5833333,0.275
77,2015-09-17 17:50:00+00:00,1.4398504,1.6213617,1.6213617,45,58,32,45,-0.36666667,0.275
77,2015-09-17 17:50:00+00:00,1.4417347,1.5867258,1.5867258,45,58,45,58,-0.15,0.275
77,2015-09-17 17:50:00+00:00,1.6669785,1.5916939,1.5916939,45,58,58,71,0.06614584,0.27578124
77,2015-09-17 17:50:00+00:00,2.7635534,1.7337096,1.7337096,45,58,84,97,0.50911456,0.2796875
77,2015-09-17 17:50:00+00:00,2.4193637,1.750257,1.750257,45,58,97,110,0.7166667,0.275
77,2015-09-17 17:50:00+00:00,1.8084563,1.781383,1.781383,45,58,110,121,0.9166666,0.275
77,2015-09-17 17:50:00+00:00,1.1038251,1.4815395,1.4815395,58,71,32,45,-0.36666667,0.6
77,2015-09-17 17:50:00+00:00,1.24288,1.4568449,1.4568449,58,71,45,58,-0.15104167,0.5792969
77,2015-09-17 17:50:00+00:00,1.440003,1.4371758,1.4371758,58,71,58,71,0.069791675,0.5871094
77,2015-09-17 17:50:00+00:00,1.9040458,1.612378,1.612378,58,71,71,84,0.2833333,0.6
77,2015-09-17 17:50:00+00:00,2.4705682,1.7022469,1.7022469,58,71,84,97,0.48671877,0.578125
77,2015-09-17 17:50:00+00:00,2.1077576,1.6748528,1.6748528,58,71,97,110,0.7291666,0.59335935
77,2015-09-17 17:50:00+00:00,1.8335176,1.7535111,1.7535111,58,71,110,121,0.9166666,0.6
77,2015-09-17 17:50:00+00:00,1.8691761,1.7545696,1.7545696,71,81,110,121,0.9166666,0.8875
78,2015-09-17 19:25:00+00:00,2.3785217,3.1491392,3.1491392,19,32,84,97,0.49765626,-0.37421876
78,2015-09-17 19:25:00+00:00,2.3055174,2.7580326,2.7580326,19,32,97,110,0.7166667,-0.375
78,2015-09-17 19:25:00+00:00,2.2834244,2.7263496,2.7263496,19,32,110,121,0.9166666,-0.375
78,2015-09-17 19:25:00+00:00,3.6486058,3.8518147,3.8518147,32,45,32,45,-0.36666664,-0.0390625
78,2015-09-17 19:25:00+00:00,3.0718591,3.5349126,3.5349126,32,45,45,58,-0.14166667,-0.048828125
78,2015-09-17 19:25:00+00:00,2.934014,3.507969,3.507969,32,45,71,84,0.27994794,-0.046875
78,2015-09-17 19:25:00+00:00,2.8877695,3.3507786,3.3507786,32,45,84,97,0.4984375,-0.05234375
78,2015-09-17 19:25:00+00:00,3.0066276,2.8475564,2.8475564,32,45,97,110,0.7166667,-0.050000004
78,2015-09-17 19:25:00+00:00,2.4366083,2.8048031,2.8048031,32,45,110,121,0.9166666,-0.050000004
78,2015-09-17 19:25:00+00:00,4.444483,3.0856414,3.0856414,45,58,6,19,-0.7877604,0.2644531
78,2015-09-17 19:25:00+00:00,3.3990293,3.54252,3.54252,45,58,19,32,-0.5833333,0.275
78,2015-09-17 19:25:00+00:00,2.4617696,2.7708933,2.7708933,45,58,32,45,-0.36666667,0.275
78,2015-09-17 19:25:00+00:00,2.2898386,2.552591,2.552591,45,58,45,58,-0.15,0.275
78,2015-09-17 19:25:00+00:00,2.405658,2.672453,2.672453,45,58,58,71,0.06979167,0.27695313
78,2015-09-17 19:25:00+00:00,3.7479835,2.887322,2.887322,45,58,84,97,0.5158855,0.28398436
78,2015-09-17 19:25:00+00:00,3.442336,2.6604726,2.6604726,45,58,97,110,0.7166667,0.275
78,2015-09-17 19:25:00+00:00,2.4956026,2.7024417,2.7024417,45,58,110,121,0.9166666,0.275
78,2015-09-17 19:25:00+00:00,1.9159932,2.4207416,2.4207416,58,71,32,45,-0.36927086,0.59414065
78,2015-09-17 19:25:00+00:00,1.7930908,2.2402534,2.2402534,58,71,45,58,-0.15416667,0.58125
78,2015-09-17 19:25:00+00:00,1.896075,2.2845485,2.2845485,58,71,58,71,0.069791675,0.58632815
78,2015-09-17 19:25:00+00:00,2.4638612,2.6439855,2.6439855,58,71,71,84,0.2828125,0.5957031
78,2015-09-17 19:25:00+00:00,3.275246,2.7542949,2.7542949,58,71,84,97,0.48020834,0.59101564
78,2015-09-17 19:25:00+00:00,3.0009391,2.535569,2.535569,58,71,97,110,0.7244792,0.5917969
78,2015-09-17 19:25:00+00:00,2.4111009,2.5783463,2.5783463,58,71,110,121,0.9166666,0.6
78,2015-09-17 19:25:00+00:00,2.613446,2.6859071,2.6859071,71,81,110,121,0.91796875,0.884375
79,2015-09-21 19:00:00+00:00,3.7533665,3.9708657,3.9708657,19,32,84,97,0.5,-0.375
79,2015-09-21 19:00:00+00:00,3.1459787,3.4871786,3.4871786,19,32,97,110,0.7166667,-0.375
79,2015-09-21 19:00:00+00:00,3.071605,3.3667886,3.3667886,19,32,110,121,0.9166666,-0.375
79,2015-09-21 19:00:00+00:00,4.612908,4.9587502,4.9587502,32,45,32,45,-0.36302084,-0.042578124
79,2015-09-21 19:00:00+00:00,4.5967216,4.5441513,4.5441513,32,45,45,58,-0.15,-0.050000004
79,2015-09-21 19:00:00+00:00,4.418895,4.4504952,4.4504952,32,45,71,84,0.28307292,-0.04609375
79,2015-09-21 19:00:00+00:00,3.9620943,4.232305,4.232305,32,45,84,97,0.5,-0.050000004
79,2015-09-21 19:00:00+00:00,3.5905893,3.6514475,3.6514475,32,45,97,110,0.7166667,-0.050000004
79,2015-09-21 19:00:00+00:00,3.3391745,3.5129547,3.5129547,32,45,110,121,0.9166666,-0.050000004
79,2015-09-21 19:00:00+00:00,4.614498,4.1899014,4.1899014,45,58,6,19,-0.7861979,0.26328123
79,2015-09-21 19:00:00+00:00,4.531714,4.641443,4.641443,45,58,19,32,-0.5833333,0.275
79,2015-09-21 19:00:00+00:00,3.646137,3.8930452,3.8930452,45,58,32,45,-0.36666667,0.275
79,2015-09-21 19:00:00+00:00,3.4029953,3.5909781,3.5909781,45,58,45,58,-0.15,0.275
79,2015-09-21 19:00:00+00:00,3.8132563,3.74167,3.74167,45,58,58,71,0.06666666,0.275
79,2015-09-21 19:00:00+00:00,4.1216097,3.829581,3.829581,45,58,71,84,0.26666665,0.2902344
79,2015-09-21 19:00:00+00:00,4.43272,3.5115433,3.5115433,45,58,97,110,0.7166667,0.275
79,2015-09-21 19:00:00+00:00,3.696945,3.46925,3.46925,45,58,110,121,0.9166666,0.275
79,2015-09-21 19:00:00+00:00,2.5599103,3.4601426,3.4601426,58,71,32,45,-0.36666667,0.6
79,2015-09-21 19:00:00+00:00,2.5461838,3.18691,3.18691,58,71,45,58,-0.15286459,0.5902344
79,2015-09-21 19:00:00+00:00,2.6732323,3.324878,3.324878,58,71,58,71,0.07213542,0.5871094
79,2015-09-21 19:00:00+00:00,3.044523,3.6062837,3.6062837,58,71,71,84,0.2833333,0.6
79,2015-09-21 19:00:00+00:00,4.0001383,3.732057,3.732057,58,71,84,97,0.49296874,0.590625
79,2015-09-21 19:00:00+00:00,4.344158,3.3622844,3.3622844,58,71,97,110,0.7309896,0.58906245
79,2015-09-21 19:00:00+00:00,3.4513717,3.3737216,3.3737216,58,71,110,121,0.9166666,0.6
79,2015-09-21 19:00:00+00:00,3.514959,3.4511163,3.4511163,71,81,110,121,0.9166666,0.8875
80,2015-09-22 18:05:00+00:00,2.7572234,3.0405462,3.0405462,19,32,84,97,0.5,-0.375
80,2015-09-22 18:05:00+00:00,2.2064526,2.5261137,2.5261137,19,32,97,110,0.7166667,-0.375
80,2015-09-22 18:05:00+00:00,2.181033,2.4426963,2.4426963,19,32,110,121,0.9166666,-0.375
80,2015-09-22 18:05:00+00:00,4.026158,4.5393267,4.5393267,32,45,32,45,-0.3611979,-0.036718752
80,2015-09-22 18:05:00+00:00,3.964379,4.031796,4.031796,32,45,45,58,-0.15,-0.050000004
80,2015-09-22 18:05:00+00:00,3.5158756,3.6555884,3.6555884,32,45,71,84,0.2825521,-0.046875
80,2015-09-22 18:05:00+00:00,3.1511974,3.2998774,3.2998774,32,45,84,97,0.5013021,-0.04921875
80,2015-09-22 18:05:00+00:00,2.4855244,2.6379519,2.6379519,32,45,97,110,0.72057295,-0.055078126
80,2015-09-22 18:05:00+00:00,2.1731193,2.540444,2.540444,32,45,110,121,0.9166666,-0.050000004
80,2015-09-22 18:05:00+00:00,4.582671,3.4944413,3.4944413,45,58,6,19,-0.7867187,0.26171875
80,2015-09-22 18:05:00+00:00,4.1169124,4.0180106,4.0180106,45,58,19,32,-0.5833333,0.275
80,2015-09-22 18:05:00+00:00,2.9854162,3.3336298,3.3336298,45,58,32,45,-0.36666667,0.275
80,2015-09-22 18:05:00+00:00,2.7062442,3.0106747,3.0106747,45,58,45,58,-0.15,0.275
80,2015-09-22 18:05:00+00:00,2.7558365,3.0166688,3.0166688,45,58,58,71,0.06822917,0.27890626
80,2015-09-22 18:05:00+00:00,2.5674694,2.4769368,2.4769368,45,58,110,121,0.9166666,0.275
80,2015-09-22 18:05:00+00:00,3.6183445,3.4234831,3.4234831,58,71,19,32,-0.5697917,0.56953126
80,2015-09-22 18:05:00+00:00,1.9620206,2.8529544,2.8529544,58,71,32,45,-0.36666667,0.6
80,2015-09-22 18:05:00+00:00,1.9605355,2.571061,2.571061,58,71,45,58,-0.15416667,0.5882813
80,2015-09-22 18:05:00+00:00,1.9232306,2.6532023,2.6532023,58,71,58,71,0.07239584,0.5835937
80,2015-09-22 18:05:00+00:00,2.0601628,2.7232895,2.7232895,58,71,71,84,0.2833333,0.6
80,2015-09-22 18:05:00+00:00,2.846105,2.7226892,2.7226892,58,71,84,97,0.49322918,0.5910156
80,2015-09-22 18:05:00+00:00,3.601876,2.3512373,2.3512373,58,71,97,110,0.7309896,0.58984375
80,2015-09-22 18:05:00+00:00,2.5328548,2.37831,2.37831,58,71,110,121,0.9166666,0.6
80,2015-09-22 18:05:00+00:00,2.93694,2.4321954,2.4321954,71,81,110,121,0.9166666,0.8875
81,2015-09-23 18:50:00+00:00,3.496366,3.7454698,3.7454698,19,32,84,97,0.5,-0.375
81,2015-09-23 18:50:00+00:00,2.890902,3.2705164,3.2705164,19,32,97,110,0.7166667,-0.375
81,2015-09-23 18:50:00+00:00,2.7351305,3.1670816,3.1670816,19,32,110,121,0.9166666,-0.375
81,2015-09-23 18:50:00+00:00,4.269944,4.7430763,4.7430763,32,45,32,45,-0.36067706,-0.0375
81,2015-09-23 18:50:00+00:00,4.0707374,4.2519894,4.2519894,32,45,45,58,-0.14895834,-0.050000004
81,2015-09-23 18:50:00+00:00,4.084952,4.215874,4.215874,32,45,71,84,0.27708334,-0.041796874
81,2015-09-23 18:50:00+00:00,3.7128098,3.921481,3.921481,32,45,84,97,0.5080729,-0.053906254
81,2015-09-23 18:50:00+00:00,3.192159,3.4034293,3.4034293,32,45,97,110,0.7166667,-0.050000004
81,2015-09-23 18:50:00+00:00,2.5620065,3.2834766,3.2834766,32,45,110,121,0.9166666,-0.050000004
81,2015-09-23 18:50:00+00:00,4.610083,4.07108,4.07108,45,58,6,19,-0.7841146,0.26210937
81,2015-09-23 18:50:00+00:00,4.4110975,4.5113053,4.5113053,45,58,19,32,-0.5833333,0.275
81,2015-09-23 18:50:00+00:00,3.651278,3.7384293,3.7384293,45,58,32,45,-0.36666667,0.275
81,2015-09-23 18:50:00+00:00,3.2850027,3.407085,3.407085,45,58,45,58,-0.15,0.275
81,2015-09-23 18:50:00+00:00,3.4285774,3.573687,3.573687,45,58,58,71,0.06666666,0.275
81,2015-09-23 18:50:00+00:00,3.700455,3.7135425,3.7135425,45,58,71,84,0.26822916,0.28945315
81,2015-09-23 18:50:00+00:00,4.0252266,3.67724,3.67724,45,58,84,97,0.5122396,0.28710938
81,2015-09-23 18:50:00+00:00,4.0967617,3.3430939,3.3430939,45,58,97,110,0.7166667,0.275
81,2015-09-23 18:50:00+00:00,3.5094333,3.3111074,3.3111074,45,58,110,121,0.9166666,0.275
81,2015-09-23 18:50:00+00:00,2.433839,3.3175993,3.3175993,58,71,32,45,-0.36666667,0.6
81,2015-09-23 18:50:00+00:00,2.462243,3.0214329,3.0214329,58,71,45,58,-0.15338542,0.5929687
81,2015-09-23 18:50:00+00:00,2.4349818,3.1891313,3.1891313,58,71,58,71,0.07291667,0.584375
81,2015-09-23 18:50:00+00:00,2.6648195,3.4413679,3.4413679,58,71,71,84,0.2833333,0.6
81,2015-09-23 18:50:00+00:00,3.5873141,3.5321186,3.5321186,58,71,84,97,0.49765626,0.5914062
81,2015-09-23 18:50:00+00:00,4.306498,3.1869013,3.1869013,58,71,97,110,0.7307292,0.58984375
81,2015-09-23 18:50:00+00:00,3.6876843,3.209505,3.209505,58,71,110,121,0.9166666,0.6
81,2015-09-23 18:50:00+00:00,3.939238,3.2712393,3.2712393,71,81,110,121,0.9166666,0.8875
82,2015-09-24 17:55:00+00:00,2.6988378,3.1388144,3.1388144,19,32,84,97,0.5,-0.375
82,2015-09-24 17:55:00+00:00,2.453975,2.6755881,2.6755881,19,32,97,110,0.7166667,-0.375
82,2015-09-24 17:55:00+00:00,2.4225998,2.6116002,2.6116002,19,32,110,121,0.9166666,-0.375
82,2015-09-24 17:55:00+00:00,4.015699,4.1987505,4.1987505,32,45,32,45,-0.35833335,-0.047265626
82,2015-09-24 17:55:00+00:00,3.648234,3.8810833,3.8810833,32,45,45,58,-0.15,-0.050000004
82,2015-09-24 17:55:00+00:00,3.8143878,3.8694198,3.8694198,32,45,58,71,0.06276042,-0.049609378
82,2015-09-24 17:55:00+00:00,3.811983,3.6945477,3.6945477,32,45,71,84,0.2828125,-0.05234375
82,2015-09-24 17:55:00+00:00,3.2482271,3.3717198,3.3717198,32,45,84,97,0.4973958,-0.053515628
82,2015-09-24 17:55:00+00:00,2.508671,2.7966294,2.7966294,32,45,97,110,0.7166667,-0.050000004
82,2015-09-24 17:55:00+00:00,2.243264,2.7193556,2.7193556,32,45,110,121,0.9166666,-0.050000004
82,2015-09-24 17:55:00+00:00,3.7919507,3.8357613,3.8357613,45,58,19,32,-0.5861979,0.27148438
82,2015-09-24 17:55:00+00:00,2.8495219,3.0468724,3.0468724,45,58,32,45,-0.36666667,0.275
82,2015-09-24 17:55:00+00:00,2.631768,2.7986267,2.7986267,45,58,45,58,-0.15,0.275
82,2015-09-24 17:55:00+00:00,2.7612257,2.9182572,2.9182572,45,58,58,71,0.06666666,0.275
82,2015-09-24 17:55:00+00:00,3.1666033,2.9464548,2.9464548,45,58,71,84,0.27395833,0.2875
82,2015-09-24 17:55:00+00:00,3.6615088,2.8097177,2.8097177,45,58,84,97,0.5127604,0.28320312
82,2015-09-24 17:55:00+00:00,3.4956293,2.5693324,2.5693324,45,58,97,110,0.7166667,0.275
82,2015-09-24 17:55:00+00:00,2.7033489,2.5770943,2.5770943,45,58,110,121,0.9166666,0.275
82,2015-09-24 17:55:00+00:00,2.0662,2.3675249,2.3675249,58,71,45,58,-0.1546875,0.5910156
82,2015-09-24 17:55:00+00:00,2.117007,2.4689162,2.4689162,58,71,58,71,0.06666667,0.5828125
82,2015-09-24 17:55:00+00:00,2.2077215,2.6504068,2.6504068,58,71,71,84,0.2828125,0.59335935
82,2015-09-24 17:55:00+00:00,2.8970184,2.736601,2.736601,58,71,84,97,0.48932293,0.5875
82,2015-09-24 17:55:00+00:00,3.765631,2.3960743,2.3960743,58,71,97,110,0.7270833,0.5917969
82,2015-09-24 17:55:00+00:00,3.2623794,2.4481094,2.4481094,58,71,110,121,0.9166666,0.6
82,2015-09-24 17:55:00+00:00,2.6923087,2.5631154,2.5631154,71,81,110,121,0.9166666,0.8875
83,2016-04-16 19:00:00+00:00,3.425004,2.4620361,2.4620361,19,32,97,110,0.7166667,-0.375
83,2016-04-16 19:00:00+00:00,3.175427,2.382827,2.382827,19,32,110,121,0.9166666,-0.375
83,2016-04-16 19:00:00+00:00,3.6605625,4.1151547,4.1151547,32,45,45,58,-0.14453125,-0.043750003
83,2016-04-16 19:00:00+00:00,2.3516066,3.591334,3.591334,32,45,71,84,0.28333333,-0.04140625
83,2016-04-16 19:00:00+00:00,2.6829884,3.1354246,3.1354246,32,45,84,97,0.5,-0.050000004
83,2016-04-16 19:00:00+00:00,2.6725733,2.5382793,2.5382793,32,45,97,110,0.7166667,-0.050000004
83,2016-04-16 19:00:00+00:00,1.9597923,2.451482,2.451482,32,45,110,121,0.9166666,-0.050000004
83,2016-04-16 19:00:00+00:00,4.080556,4.098121,4.098121,45,58,19,32,-0.56874996,0.27695313
83,2016-04-16 19:00:00+00:00,3.4099104,3.5165153,3.5165153,45,58,32,45,-0.37057292,0.27695313
83,2016-04-16 19:00:00+00:00,3.264701,3.135365,3.135365,45,58,45,58,-0.15,0.275
83,2016-04-16 19:00:00+00:00,2.2391887,3.1975164,3.1975164,45,58,58,71,0.067447916,0.27578124
83,2016-04-16 19:00:00+00:00,1.8364254,2.8287506,2.8287506,45,58,84,97,0.5151042,0.2828125
83,2016-04-16 19:00:00+00:00,2.368433,2.4746878,2.4746878,45,58,97,110,0.7166667,0.275
83,2016-04-16 19:00:00+00:00,2.132765,2.4504983,2.4504983,45,58,110,121,0.9166666,0.275
83,2016-04-16 19:00:00+00:00,4.026854,3.4526858,3.4526858,58,71,19,32,-0.5734375,0.57773435
83,2016-04-16 19:00:00+00:00,3.8130088,2.921326,2.921326,58,71,32,45,-0.3619792,0.58632815
83,2016-04-16 19:00:00+00:00,3.5593,2.721254,2.721254,58,71,45,58,-0.15598959,0.5894531
83,2016-04-16 19:00:00+00:00,2.760201,2.7838595,2.7838595,58,71,71,84,0.2833333,0.6
83,2016-04-16 19:00:00+00:00,1.8713886,2.703704,2.703704,58,71,84,97,0.49296874,0.5847656
83,2016-04-16 19:00:00+00:00,2.266477,2.3809955,2.3809955,58,71,97,110,0.72473955,0.59335935
83,2016-04-16 19:00:00+00:00,1.997647,2.392742,2.392742,58,71,110,121,0.9166666,0.6
83,2016-04-16 19:00:00+00:00,2.289721,2.1867278,2.1867278,71,81,97,110,0.7502605,0.8714844
83,2016-04-16 19:00:00+00:00,1.5581663,2.4088876,2.4088876,71,81,110,121,0.9166666,0.8875
84,2016-04-23 19:10:00+00:00,3.4870548,2.5560625,2.5560625,19,32,84,97,0.5,-0.375
84,2016-04-23 19:10:00+00:00,3.4625611,2.0196226,2.0196226,19,32,97,110,0.7166667,-0.375
84,2016-04-23 19:10:00+00:00,3.2467122,1.9297669,1.9297669,19,32,110,121,0.9166666,-0.375
84,2016-04-23 19:10:00+00:00,4.33462,4.1148143,4.1148143,32,45,45,58,-0.15,-0.050000004
84,2016-04-23 19:10:00+00:00,1.1793139,3.439387,3.439387,32,45,71,84,0.27682292,-0.043359376
84,2016-04-23 19:10:00+00:00,1.1686426,2.7521656,2.7521656,32,45,84,97,0.50390625,-0.051953126
84,2016-04-23 19:10:00+00:00,1.3173466,2.1142473,2.1142473,32,45,97,110,0.7166667,-0.050000004
84,2016-04-23 19:10:00+00:00,1.2968698,2.0136938,2.0136938,32,45,110,121,0.9166666,-0.050000004
84,2016-04-23 19:10:00+00:00,3.7371671,4.1016264,4.1016264,45,58,19,32,-0.5875,0.27734375
84,2016-04-23 19:10:00+00:00,4.027998,3.661584,3.661584,45,58,32,45,-0.36666667,0.275
84,2016-04-23 19:10:00+00:00,3.1937292,3.336012,3.336012,45,58,45,58,-0.15,0.275
84,2016-04-23 19:10:00+00:00,2.6375885,3.2733355,3.2733355,45,58,58,71,0.060156252,0.28085938
84,2016-04-23 19:10:00+00:00,1.9891629,2.6067407,2.6067407,45,58,84,97,0.5127604,0.28593752
84,2016-04-23 19:10:00+00:00,1.674743,2.1413038,2.1413038,45,58,97,110,0.7166667,0.275
84,2016-04-23 19:10:00+00:00,1.8126674,2.0783644,2.0783644,45,58,110,121,0.9166666,0.275
84,2016-04-23 19:10:00+00:00,2.2575076,3.6397889,3.6397889,58,71,19,32,-0.56927085,0.5722656
84,2016-04-23 19:10:00+00:00,4.003249,3.229082,3.229082,58,71,32,45,-0.36666667,0.6
84,2016-04-23 19:10:00+00:00,3.5101438,2.9638052,2.9638052,58,71,45,58,-0.1575521,0.5867188
84,2016-04-23 19:10:00+00:00,2.8215187,3.0101242,3.0101242,58,71,58,71,0.07291667,0.584375
84,2016-04-23 19:10:00+00:00,2.8053102,2.7661922,2.7661922,58,71,71,84,0.2833333,0.6
84,2016-04-23 19:10:00+00:00,2.634713,2.5228398,2.5228398,58,71,84,97,0.49088544,0.5835937
84,2016-04-23 19:10:00+00:00,1.344956,2.1043122,2.1043122,58,71,97,110,0.72291666,0.59335935
84,2016-04-23 19:10:00+00:00,1.6240797,2.0717432,2.0717432,58,71,110,121,0.9166666,0.6
84,2016-04-23 19:10:00+00:00,3.0180802,2.530144,2.530144,71,81,71,84,0.29716313,0.81223387
84,2016-04-23 19:10:00+00:00,1.2564754,2.0030253,2.0030253,71,81,110,121,0.9166666,0.8875
85,2016-05-06 18:00:00+00:00,2.6634245,2.6451712,2.6451712,19,32,84,97,0.5,-0.375
85,2016-05-06 18:00:00+00:00,2.2743454,2.3312638,2.3312638,19,32,97,110,0.7166667,-0.375
85,2016-05-06 18:00:00+00:00,2.2540252,2.275844,2.275844,19,32,110,121,0.9166666,-0.375
85,2016-05-06 18:00:00+00:00,3.5951738,3.354575,3.354575,32,45,45,58,-0.14010417,-0.053125
85,2016-05-06 18:00:00+00:00,2.4028292,2.9807649,2.9807649,32,45,71,84,0.2760417,-0.03671875
85,2016-05-06 18:00:00+00:00,2.2853556,2.7346687,2.7346687,32,45,84,97,0.5,-0.050000004
85,2016-05-06 18:00:00+00:00,2.0657208,2.3358586,2.3358586,32,45,97,110,0.7166667,-0.050000004
85,2016-05-06 18:00:00+00:00,1.9747266,2.27685,2.27685,32,45,110,121,0.9166666,-0.050000004
85,2016-05-06 18:00:00+00:00,3.6436825,3.3671458,3.3671458,45,58,19,32,-0.5833333,0.275
85,2016-05-06 18:00:00+00:00,2.8768933,2.5960677,2.5960677,45,58,58,71,0.068749994,0.2746094
85,2016-05-06 18:00:00+00:00,2.3669665,2.5460827,2.5460827,45,58,71,84,0.2690104,0.28671876
85,2016-05-06 18:00:00+00:00,2.3076878,2.493393,2.493393,45,58,84,97,0.5104167,0.2746094
85,2016-05-06 18:00:00+00:00,2.2159538,2.3009508,2.3009508,45,58,97,110,0.7166667,0.275
85,2016-05-06 18:00:00+00:00,2.2308257,2.3030365,2.3030365,45,58,110,121,0.9166666,0.275
85,2016-05-06 18:00:00+00:00,2.522108,2.4374373,2.4374373,58,71,32,45,-0.37083334,0.60234374
85,2016-05-06 18:00:00+00:00,2.5118263,2.3666868,2.3666868,58,71,71,84,0.2833333,0.6
85,2016-05-06 18:00:00+00:00,2.5092387,2.390185,2.390185,58,71,84,97,0.4953125,0.590625
85,2016-05-06 18:00:00+00:00,2.1294131,2.2284677,2.2284677,58,71,97,110,0.7242187,0.5957031
85,2016-05-06 18:00:00+00:00,2.1227427,2.2497907,2.2497907,58,71,110,121,0.9166666,0.6
85,2016-05-06 18:00:00+00:00,2.1241415,2.2582278,2.2582278,71,81,110,121,0.9166666,0.8875
86,2016-05-18 19:00:00+00:00,3.0984159,2.3519113,2.3519113,19,32,84,97,0.5,-0.375
86,2016-05-18 19:00:00+00:00,2.2297044,1.9719447,1.9719447,19,32,97,110,0.7166667,-0.375
86,2016-05-18 19:00:00+00:00,2.155627,1.9277797,1.9277797,19,32,110,121,0.9166666,-0.375
86,2016-05-18 19:00:00+00:00,3.3548925,3.9520442,3.9520442,32,45,32,45,-0.36302084,-0.033203125
86,2016-05-18 19:00:00+00:00,3.844936,3.5689156,3.5689156,32,45,45,58,-0.15,-0.050000004
86,2016-05-18 19:00:00+00:00,3.5604486,3.051736,3.051736,32,45,71,84,0.28177083,-0.034374997
86,2016-05-18 19:00:00+00:00,2.6539526,2.5024407,2.5024407,32,45,84,97,0.5,-0.050000004
86,2016-05-18 19:00:00+00:00,2.205114,2.0065668,2.0065668,32,45,97,110,0.7166667,-0.050000004
86,2016-05-18 19:00:00+00:00,2.0851514,1.9624717,1.9624717,32,45,110,121,0.9166666,-0.050000004
86,2016-05-18 19:00:00+00:00,3.788006,3.020167,3.020167,45,58,6,19,-0.7848958,0.27812502
86,2016-05-18 19:00:00+00:00,2.567918,3.544505,3.544505,45,58,19,32,-0.5833333,0.275
86,2016-05-18 19:00:00+00:00,2.507922,2.9721365,2.9721365,45,58,32,45,-0.35442707,0.27695313
86,2016-05-18 19:00:00+00:00,2.669579,2.810952,2.810952,45,58,45,58,-0.15,0.275
86,2016-05-18 19:00:00+00:00,3.5306509,2.8441164,2.8441164,45,58,58,71,0.06666666,0.275
86,2016-05-18 19:00:00+00:00,2.2340927,2.036436,2.036436,45,58,97,110,0.7166667,0.275
86,2016-05-18 19:00:00+00:00,1.9552898,2.029143,2.029143,45,58,110,121,0.9166666,0.275
86,2016-05-18 19:00:00+00:00,0.9901974,3.0857778,3.0857778,58,71,19,32,-0.5731771,0.5722656
86,2016-05-18 19:00:00+00:00,2.1683962,2.6279402,2.6279402,58,71,32,45,-0.36666667,0.6
86,2016-05-18 19:00:00+00:00,2.6633804,2.476952,2.476952,58,71,45,58,-0.1497396,0.5914062
86,2016-05-18 19:00:00+00:00,2.655092,2.4747949,2.4747949,58,71,58,71,0.071875006,0.58281255
86,2016-05-18 19:00:00+00:00,2.9413605,2.4073408,2.4073408,58,71,71,84,0.28307295,0.5992187
86,2016-05-18 19:00:00+00:00,2.7792103,2.3407545,2.3407545,58,71,84,97,0.48515624,0.58984375
86,2016-05-18 19:00:00+00:00,1.7137729,1.980227,1.980227,58,71,97,110,0.7257812,0.59101564
86,2016-05-18 19:00:00+00:00,1.5541389,2.014106,2.014106,58,71,110,121,0.9166666,0.6
86,2016-05-18 19:00:00+00:00,0.17264608,1.9685495,1.9685495,71,81,110,121,0.9166666,0.8875
87,2016-05-23 17:40:00+00:00,2.2859497,1.9914796,1.9914796,19,32,84,97,0.50156254,-0.37421876
87,2016-05-23 17:40:00+00:00,2.0587757,1.8098483,1.8098483,19,32,97,110,0.7166667,-0.375
87,2016-05-23 17:40:00+00:00,1.9404666,1.7726799,1.7726799,19,32,110,121,0.9166666,-0.375
87,2016-05-23 17:40:00+00:00,2.3682437,2.597786,2.597786,32,45,45,58,-0.15,-0.050000004
87,2016-05-23 17:40:00+00:00,1.9922148,1.9863647,1.9863647,32,45,84,97,0.50703126,-0.05625
87,2016-05-23 17:40:00+00:00,1.8797723,1.7653031,1.7653031,32,45,97,110,0.7166667,-0.050000004
87,2016-05-23 17:40:00+00:00,1.7615037,1.7313874,1.7313874,32,45,110,121,0.9166666,-0.050000004
87,2016-05-23 17:40:00+00:00,2.878722,2.3825505,2.3825505,45,58,6,19,-0.78515625,0.27851564
87,2016-05-23 17:40:00+00:00,2.3389993,2.7566965,2.7566965,45,58,19,32,-0.5833333,0.275
87,2016-05-23 17:40:00+00:00,2.0537083,2.229475,2.229475,45,58,32,45,-0.36666667,0.275
87,2016-05-23 17:40:00+00:00,2.0521278,2.0900166,2.0900166,45,58,45,58,-0.15,0.275
87,2016-05-23 17:40:00+00:00,2.1048799,2.1000473,2.1000473,45,58,58,71,0.06666666,0.275
87,2016-05-23 17:40:00+00:00,2.0280058,1.9791178,1.9791178,45,58,84,97,0.51250005,0.27421874
87,2016-05-23 17:40:00+00:00,1.7992454,1.8526713,1.8526713,45,58,97,110,0.7166667,0.275
87,2016-05-23 17:40:00+00:00,1.697508,1.847804,1.847804,45,58,110,121,0.9166666,0.275
87,2016-05-23 17:40:00+00:00,2.1764927,1.9949775,1.9949775,58,71,32,45,-0.3645833,0.5980469
87,2016-05-23 17:40:00+00:00,2.26038,1.8701817,1.8701817,58,71,45,58,-0.14921875,0.5800781
87,2016-05-23 17:40:00+00:00,2.2138875,1.8509179,1.8509179,58,71,58,71,0.06901042,0.5960938
87,2016-05-23 17:40:00+00:00,2.0815675,1.919229,1.919229,58,71,71,84,0.2783854,0.59882814
87,2016-05-23 17:40:00+00:00,1.6918819,1.7848908,1.7848908,58,71,97,110,0.72760415,0.5953125
87,2016-05-23 17:40:00+00:00,1.6072925,1.8379842,1.8379842,58,71,110,121,0.9166666,0.6
87,2016-05-23 17:40:00+00:00,1.5853341,1.7860843,1.7860843,71,81,110,121,0.9197917,0.8863281
88,2016-06-12 18:55:00+00:00,2.5192268,2.3467786,2.3467786,19,32,84,97,0.49010417,-0.371875
88,2016-06-12 18:55:00+00:00,2.0164354,2.050979,2.050979,19,32,97,110,0.7166667,-0.375
88,2016-06-12 18:55:00+00:00,2.1396437,2.013285,2.013285,19,32,110,121,0.9166666,-0.375
88,2016-06-12 18:55:00+00:00,3.078914,3.3705251,3.3705251,32,45,32,45,-0.3669271,-0.038671877
88,2016-06-12 18:55:00+00:00,2.3500648,2.998402,2.998402,32,45,45,58,-0.15,-0.050000004
88,2016-06-12 18:55:00+00:00,2.6242368,2.9542012,2.9542012,32,45,58,71,0.061718747,-0.050390624
88,2016-06-12 18:55:00+00:00,2.610377,2.7050707,2.7050707,32,45,71,84,0.28125,-0.04414063
88,2016-06-12 18:55:00+00:00,2.2070775,2.428865,2.428865,32,45,84,97,0.5,-0.050000004
88,2016-06-12 18:55:00+00:00,1.9713486,2.0513318,2.0513318,32,45,97,110,0.7166667,-0.050000004
88,2016-06-12 18:55:00+00:00,1.8874388,2.0123012,2.0123012,32,45,110,121,0.9166666,-0.050000004
88,2016-06-12 18:55:00+00:00,3.5000682,2.6239007,2.6239007,45,58,6,19,-0.7856771,0.26054686
88,2016-06-12 18:55:00+00:00,2.5432925,3.041508,3.041508,45,58,19,32,-0.5833333,0.275
88,2016-06-12 18:55:00+00:00,2.2893252,2.4291759,2.4291759,45,58,32,45,-0.36666667,0.275
88,2016-06-12 18:55:00+00:00,2.1110072,2.2277205,2.2277205,45,58,45,58,-0.15,0.275
88,2016-06-12 18:55:00+00:00,2.105005,2.2680595,2.2680595,45,58,58,71,0.06666666,0.275
88,2016-06-12 18:55:00+00:00,2.2226174,2.2491686,2.2491686,45,58,71,84,0.2708333,0.28984374
88,2016-06-12 18:55:00+00:00,2.2052333,2.2022574,2.2022574,45,58,84,97,0.5153646,0.2859375
88,2016-06-12 18:55:00+00:00,1.9729897,2.0090377,2.0090377,45,58,97,110,0.7166667,0.275
88,2016-06-12 18:55:00+00:00,1.8311837,2.0205765,2.0205765,45,58,110,121,0.9166666,0.275
88,2016-06-12 18:55:00+00:00,2.2066429,2.1063206,2.1063206,58,71,32,45,-0.36666667,0.6
88,2016-06-12 18:55:00+00:00,2.0892348,1.9732322,1.9732322,58,71,45,58,-0.15078126,0.5917969
88,2016-06-12 18:55:00+00:00,2.1308427,1.9992371,1.9992371,58,71,58,71,0.07291667,0.584375
88,2016-06-12 18:55:00+00:00,2.1579156,2.0682182,2.0682182,58,71,71,84,0.2833333,0.6
88,2016-06-12 18:55:00+00:00,2.2874742,2.0785127,2.0785127,58,71,84,97,0.49375,0.5902344
88,2016-06-12 18:55:00+00:00,2.0480416,1.8952597,1.8952597,58,71,97,110,0.72786456,0.5890625
88,2016-06-12 18:55:00+00:00,1.7806199,1.9608061,1.9608061,58,71,110,121,0.9166666,0.6
88,2016-06-12 18:55:00+00:00,1.8386335,1.9770929,1.9770929,71,81,110,121,0.9166666,0.8875
89,2016-06-17 19:15:00+00:00,2.293863,2.1947012,2.1947012,19,32,84,97,0.5,-0.375
89,2016-06-17 19:15:00+00:00,2.0227947,1.8679916,1.8679916,19,32,97,110,0.7166667,-0.375
89,2016-06-17 19:15:00+00:00,1.979968,1.8277091,1.8277091,19,32,110,121,0.9166666,-0.375
89,2016-06-17 19:15:00+00:00,3.3353853,3.4620595,3.4620595,32,45,32,45,-0.36302084,-0.03828125
89,2016-06-17 19:15:00+00:00,2.4300733,3.049853,3.049853,32,45,45,58,-0.15,-0.050000004
89,2016-06-17 19:15:00+00:00,2.482583,2.932554,2.932554,32,45,58,71,0.06666666,-0.05
89,2016-06-17 19:15:00+00:00,2.2579052,2.543041,2.543041,32,45,71,84,0.27760416,-0.044921875
89,2016-06-17 19:15:00+00:00,1.9229842,2.2882574,2.2882574,32,45,84,97,0.50104165,-0.051171876
89,2016-06-17 19:15:00+00:00,1.7865977,1.8587372,1.8587372,32,45,97,110,0.7166667,-0.050000004
89,2016-06-17 19:15:00+00:00,1.759941,1.8197502,1.8197502,32,45,110,121,0.9166666,-0.050000004
89,2016-06-17 19:15:00+00:00,3.6185434,2.5116527,2.5116527,45,58,6,19,-0.7914063,0.265625
89,2016-06-17 19:15:00+00:00,2.295614,3.0018034,3.0018034,45,58,19,32,-0.5833333,0.275
89,2016-06-17 19:15:00+00:00,2.099928,2.435632,2.435632,45,58,32,45,-0.36666667,0.275
89,2016-06-17 19:15:00+00:00,2.024133,2.2062025,2.2062025,45,58,45,58,-0.15,0.275
89,2016-06-17 19:15:00+00:00,2.0306892,2.228908,2.228908,45,58,58,71,0.06666666,0.275
89,2016-06-17 19:15:00+00:00,1.9986144,2.133022,2.133022,45,58,71,84,0.27109376,0.2902344
89,2016-06-17 19:15:00+00:00,1.9252931,2.0124698,2.0124698,45,58,84,97,0.5101563,0.284375
89,2016-06-17 19:15:00+00:00,1.7519647,1.7922384,1.7922384,45,58,97,110,0.7166667,0.275
89,2016-06-17 19:15:00+00:00,1.6367986,1.7981042,1.7981042,45,58,110,121,0.9166666,0.275
89,2016-06-17 19:15:00+00:00,1.9401428,2.0713406,2.0713406,58,71,32,45,-0.36666667,0.6
89,2016-06-17 19:15:00+00:00,1.814031,1.8994789,1.8994789,58,71,45,58,-0.1575521,0.5816406
89,2016-06-17 19:15:00+00:00,1.8971819,1.884263,1.884263,58,71,58,71,0.069531254,0.58671874
89,2016-06-17 19:15:00+00:00,1.8376205,1.9115258,1.9115258,58,71,71,84,0.2833333,0.6
89,2016-06-17 19:15:00+00:00,1.9139104,1.9244736,1.9244736,58,71,84,97,0.49166667,0.5878906
89,2016-06-17 19:15:00+00:00,1.938626,1.6664872,1.6664872,58,71,97,110,0.7294271,0.5902344
89,2016-06-17 19:15:00+00:00,1.5882642,1.7386639,1.7386639,58,71,110,121,0.9166666,0.6
89,2016-06-17 19:15:00+00:00,1.5925335,1.7506962,1.7506962,71,81,110,121,0.9190104,0.8859375
90,2016-06-19 19:00:00+00:00,1.6076298,1.5084335,1.5084335,19,32,97,110,0.7166667,-0.375
90,2016-06-19 19:00:00+00:00,1.5698924,1.5108268,1.5108268,19,32,110,121,0.9117187,-0.36796874
90,2016-06-19 19:00:00+00:00,1.9191508,2.0104206,2.0104206,32,45,58,71,0.0625,-0.051171873
90,2016-06-19 19:00:00+00:00,1.540076,1.6068023,1.6068023,32,45,84,97,0.50078124,-0.04921875
90,2016-06-19 19:00:00+00:00,1.4642948,1.4127845,1.4127845,32,45,97,110,0.7166667,-0.050000004
90,2016-06-19 19:00:00+00:00,1.4435539,1.4026195,1.4026195,32,45,110,121,0.9166666,-0.050000004
90,2016-06-19 19:00:00+00:00,1.9344237,2.264743,2.264743,45,58,19,32,-0.5794271,0.27734375
90,2016-06-19 19:00:00+00:00,1.7042645,1.8684422,1.8684422,45,58,32,45,-0.36041665,0.2777344
90,2016-06-19 19:00:00+00:00,1.6515567,1.7537949,1.7537949,45,58,45,58,-0.13828126,0.27695313
90,2016-06-19 19:00:00+00:00,1.6685042,1.7379326,1.7379326,45,58,58,71,0.06875,0.27421877
90,2016-06-19 19:00:00+00:00,1.786904,1.6550778,1.6550778,45,58,71,84,0.27265626,0.28945312
90,2016-06-19 19:00:00+00:00,1.4904275,1.5243344,1.5243344,45,58,97,110,0.7166667,0.275
90,2016-06-19 19:00:00+00:00,1.3970801,1.532737,1.532737,45,58,110,121,0.9166666,0.275
90,2016-06-19 19:00:00+00:00,1.7805697,1.6740721,1.6740721,58,71,32,45,-0.36666667,0.6
90,2016-06-19 19:00:00+00:00,1.7562764,1.5897881,1.5897881,58,71,45,58,-0.15546876,0.590625
90,2016-06-19 19:00:00+00:00,1.7190398,1.5512308,1.5512308,58,71,58,71,0.07005209,0.58554685
90,2016-06-19 19:00:00+00:00,1.6393027,1.5801476,1.5801476,58,71,71,84,0.2833333,0.6
90,2016-06-19 19:00:00+00:00,1.5937352,1.5848957,1.5848957,58,71,84,97,0.4953125,0.5910156
90,2016-06-19 19:00:00+00:00,1.4906776,1.4982775,1.4982775,58,71,97,110,0.726823,0.58984375
90,2016-06-19 19:00:00+00:00,1.3612759,1.5347191,1.5347191,58,71,110,121,0.9166666,0.6
90,2016-06-19 19:00:00+00:00,1.3774154,1.443783,1.443783,71,81,110,121,0.9166666,0.8875
91,2016-06-21 18:50:00+00:00,2.1454036,2.201239,2.201239,19,32,84,97,0.5,-0.375
91,2016-06-21 18:50:00+00:00,2.0400562,2.0002866,2.0002866,19,32,97,110,0.7166667,-0.375
91,2016-06-21 18:50:00+00:00,2.1013806,1.9846393,1.9846393,19,32,110,121,0.9166666,-0.375
91,2016-06-21 18:50:00+00:00,2.4190652,2.8201544,2.8201544,32,45,32,45,-0.36640623,-0.038671877
91,2016-06-21 18:50:00+00:00,2.2169387,2.5409236,2.5409236,32,45,45,58,-0.15,-0.050000004
91,2016-06-21 18:50:00+00:00,2.2626336,2.3666945,2.3666945,32,45,71,84,0.2765625,-0.042578124
91,2016-06-21 18:50:00+00:00,2.007429,2.2283287,2.2283287,32,45,84,97,0.5,-0.050000004
91,2016-06-21 18:50:00+00:00,1.8735741,1.9658118,1.9658118,32,45,97,110,0.7166667,-0.050000004
91,2016-06-21 18:50:00+00:00,1.897818,1.9504515,1.9504515,32,45,110,121,0.9166666,-0.050000004
91,2016-06-21 18:50:00+00:00,1.7579559,2.0776649,2.0776649,45,58,32,45,-0.36718747,0.27421877
91,2016-06-21 18:50:00+00:00,1.8690965,1.9088378,1.9088378,45,58,45,58,-0.15,0.275
91,2016-06-21 18:50:00+00:00,1.9478865,1.9254545,1.9254545,45,58,58,71,0.06666666,0.275
91,2016-06-21 18:50:00+00:00,2.0683386,1.9678514,1.9678514,45,58,71,84,0.26744792,0.2890625
91,2016-06-21 18:50:00+00:00,2.3419945,2.0312192,2.0312192,45,58,84,97,0.5122396,0.28710938
91,2016-06-21 18:50:00+00:00,1.9470036,1.9341271,1.9341271,45,58,97,110,0.7166667,0.275
91,2016-06-21 18:50:00+00:00,1.8251766,1.9685752,1.9685752,45,58,110,121,0.9166666,0.275
91,2016-06-21 18:50:00+00:00,1.8789917,1.8101976,1.8101976,58,71,32,45,-0.3619792,0.58984375
91,2016-06-21 18:50:00+00:00,1.7804985,1.7215482,1.7215482,58,71,45,58,-0.15104166,0.59218746
91,2016-06-21 18:50:00+00:00,1.8614036,1.7101115,1.7101115,58,71,58,71,0.07239584,0.5835937
91,2016-06-21 18:50:00+00:00,1.9508733,1.8639134,1.8639134,58,71,71,84,0.2833333,0.6
91,2016-06-21 18:50:00+00:00,1.9560016,1.943504,1.943504,58,71,84,97,0.49583334,0.5910156
91,2016-06-21 18:50:00+00:00,1.9460491,1.8405173,1.8405173,58,71,97,110,0.728125,0.58984375
91,2016-06-21 18:50:00+00:00,1.7356641,1.9120667,1.9120667,58,71,110,121,0.9166666,0.6
91,2016-06-21 18:50:00+00:00,1.792355,1.9357395,1.9357395,71,81,110,121,0.9166666,0.8875
92,2016-06-24 17:40:00+00:00,1.8324193,1.8278985,1.8278985,19,32,84,97,0.49895835,-0.37421876
92,2016-06-24 17:40:00+00:00,1.7135724,1.7005037,1.7005037,19,32,97,110,0.7166667,-0.375
92,2016-06-24 17:40:00+00:00,1.7490782,1.6865233,1.6865233,19,32,110,121,0.9166666,-0.375
92,2016-06-24 17:40:00+00:00,2.3363938,2.4898303,2.4898303,32,45,32,45,-0.3622396,-0.04375
92,2016-06-24 17:40:00+00:00,1.9675677,2.30353,2.30353,32,45,45,58,-0.15,-0.050000004
92,2016-06-24 17:40:00+00:00,2.0820317,2.182857,2.182857,32,45,58,71,0.06067709,-0.051171876
92,2016-06-24 17:40:00+00:00,1.913409,1.9989617,1.9989617,32,45,71,84,0.28203124,-0.05
92,2016-06-24 17:40:00+00:00,1.7103679,1.8138999,1.8138999,32,45,84,97,0.5057292,-0.05234375
92,2016-06-24 17:40:00+00:00,1.6082621,1.6357235,1.6357235,32,45,97,110,0.7166667,-0.050000004
92,2016-06-24 17:40:00+00:00,1.5858212,1.627704,1.627704,32,45,110,121,0.9166666,-0.050000004
92,2016-06-24 17:40:00+00:00,1.8098214,2.3386521,2.3386521,45,58,19,32,-0.5809896,0.27421877
92,2016-06-24 17:40:00+00:00,1.6850574,1.86342,1.86342,45,58,32,45,-0.36666667,0.275
92,2016-06-24 17:40:00+00:00,1.615506,1.764896,1.764896,45,58,45,58,-0.15,0.275
92,2016-06-24 17:40:00+00:00,1.723224,1.7100929,1.7100929,45,58,58,71,0.061458334,0.27734375
92,2016-06-24 17:40:00+00:00,1.9870945,1.6994511,1.6994511,45,58,84,97,0.51250005,0.28710938
92,2016-06-24 17:40:00+00:00,1.6682727,1.6599094,1.6599094,45,58,97,110,0.7166667,0.275
92,2016-06-24 17:40:00+00:00,1.5180372,1.6827142,1.6827142,45,58,110,121,0.9166666,0.275
92,2016-06-24 17:40:00+00:00,1.9253228,1.9917567,1.9917567,58,71,19,32,-0.5716146,0.5679687
92,2016-06-24 17:40:00+00:00,1.7166795,1.6536396,1.6536396,58,71,32,45,-0.36536458,0.59843755
92,2016-06-24 17:40:00+00:00,1.7029965,1.5636237,1.5636237,58,71,45,58,-0.15677083,0.5882813
92,2016-06-24 17:40:00+00:00,1.6859747,1.6474264,1.6474264,58,71,71,84,0.28177083,0.5960938
92,2016-06-24 17:40:00+00:00,1.8127561,1.686394,1.686394,58,71,84,97,0.49062502,0.5847657
92,2016-06-24 17:40:00+00:00,1.6574045,1.6047972,1.6047972,58,71,97,110,0.73072916,0.5894531
92,2016-06-24 17:40:00+00:00,1.4689196,1.6515176,1.6515176,58,71,110,121,0.9166666,0.6
92,2016-06-24 17:40:00+00:00,1.4726931,1.6318489,1.6318489,71,81,110,121,0.9184896,0.8863281
93,2016-06-30 18:45:00+00:00,1.8862883,1.803251,1.803251,19,32,84,97,0.5,-0.375
93,2016-06-30 18:45:00+00:00,1.7822047,1.7003428,1.7003428,19,32,97,110,0.7166667,-0.375
93,2016-06-30 18:45:00+00:00,1.7898992,1.6900712,1.6900712,19,32,110,121,0.9166666,-0.375
93,2016-06-30 18:45:00+00:00,2.1332972,2.4288192,2.4288192,32,45,32,45,-0.36640623,-0.038671877
93,2016-06-30 18:45:00+00:00,1.9708393,2.2625914,2.2625914,32,45,45,58,-0.15,-0.050000004
93,2016-06-30 18:45:00+00:00,1.9990827,1.9630532,1.9630532,32,45,71,84,0.27786458,-0.0453125
93,2016-06-30 18:45:00+00:00,1.7519234,1.7807348,1.7807348,32,45,84,97,0.5,-0.050000004
93,2016-06-30 18:45:00+00:00,1.6593683,1.6269778,1.6269778,32,45,97,110,0.7166667,-0.050000004
93,2016-06-30 18:45:00+00:00,1.6320419,1.6233937,1.6233937,32,45,110,121,0.9166666,-0.050000004
93,2016-06-30 18:45:00+00:00,2.7657268,2.114116,2.114116,45,58,6,19,-0.78203124,0.26289064
93,2016-06-30 18:45:00+00:00,2.0442429,2.3866389,2.3866389,45,58,19,32,-0.5833333,0.275
93,2016-06-30 18:45:00+00:00,1.834913,1.9234027,1.9234027,45,58,32,45,-0.36666667,0.275
93,2016-06-30 18:45:00+00:00,1.7704016,1.8515167,1.8515167,45,58,45,58,-0.15,0.275
93,2016-06-30 18:45:00+00:00,1.8326545,1.8340676,1.8340676,45,58,58,71,0.068749994,0.2746094
93,2016-06-30 18:45:00+00:00,1.8548244,1.795046,1.795046,45,58,71,84,0.26718754,0.28945312
93,2016-06-30 18:45:00+00:00,1.9038045,1.7597855,1.7597855,45,58,84,97,0.5122396,0.28710938
93,2016-06-30 18:45:00+00:00,1.8038366,1.7293241,1.7293241,45,58,97,110,0.7166667,0.275
93,2016-06-30 18:45:00+00:00,1.6916708,1.7549667,1.7549667,45,58,110,121,0.9166666,0.275
93,2016-06-30 18:45:00+00:00,1.9984651,1.7510214,1.7510214,58,71,32,45,-0.36666667,0.6
93,2016-06-30 18:45:00+00:00,1.8386136,1.7119042,1.7119042,58,71,45,58,-0.15078126,0.5917969
93,2016-06-30 18:45:00+00:00,1.8408545,1.6729608,1.6729608,58,71,58,71,0.07239584,0.5835937
93,2016-06-30 18:45:00+00:00,1.7511528,1.7418004,1.7418004,58,71,71,84,0.2833333,0.6
93,2016-06-30 18:45:00+00:00,1.8947785,1.748095,1.748095,58,71,84,97,0.49479166,0.5921875
93,2016-06-30 18:45:00+00:00,1.9548321,1.7155521,1.7155521,58,71,97,110,0.7299479,0.59023434
93,2016-06-30 18:45:00+00:00,1.803084,1.7597146,1.7597146,58,71,110,121,0.9166666,0.6
93,2016-06-30 18:45:00+00:00,1.8003682,1.7014544,1.7014544,71,81,110,121,0.9166666,0.8875
94,2016-07-05 19:00:00+00:00,1.2840722,1.4217207,1.4217207,19,32,84,97,0.5,-0.375
94,2016-07-05 19:00:00+00:00,1.2140453,1.3612229,1.3612229,19,32,97,110,0.7166667,-0.375
94,2016-07-05 19:00:00+00:00,1.1137186,1.3085079,1.3085079,19,32,110,121,0.9195312,-0.3660156
94,2016-07-05 19:00:00+00:00,1.4580071,1.5299613,1.5299613,32,45,71,84,0.27890626,-0.045703128
94,2016-07-05 19:00:00+00:00,1.3287019,1.3570017,1.3570017,32,45,84,97,0.5,-0.050000004
94,2016-07-05 19:00:00+00:00,1.3212817,1.2584116,1.2584116,32,45,97,110,0.7166667,-0.050000004
94,2016-07-05 19:00:00+00:00,1.4273999,1.2662499,1.2662499,32,45,110,121,0.9166666,-0.050000004
94,2016-07-05 19:00:00+00:00,1.5363429,1.9993291,1.9993291,45,58,19,32,-0.5802083,0.2703125
94,2016-07-05 19:00:00+00:00,1.5634241,1.6088669,1.6088669,45,58,32,45,-0.36666667,0.275
94,2016-07-05 19:00:00+00:00,1.5070331,1.5499612,1.5499612,45,58,45,58,-0.15,0.275
94,2016-07-05 19:00:00+00:00,1.5328033,1.5048776,1.5048776,45,58,58,71,0.06666666,0.275
94,2016-07-05 19:00:00+00:00,1.5657712,1.4783592,1.4783592,45,58,71,84,0.26796877,0.28984374
94,2016-07-05 19:00:00+00:00,1.4550558,1.4103755,1.4103755,45,58,97,110,0.7166667,0.275
94,2016-07-05 19:00:00+00:00,1.4694281,1.4262017,1.4262017,45,58,110,121,0.9166666,0.275
94,2016-07-05 19:00:00+00:00,1.4026576,1.4517037,1.4517037,58,71,45,58,-0.14739583,0.5835937
94,2016-07-05 19:00:00+00:00,1.5622627,1.4172906,1.4172906,58,71,58,71,0.07291667,0.584375
94,2016-07-05 19:00:00+00:00,1.5311654,1.4396068,1.4396068,58,71,71,84,0.2833333,0.6
94,2016-07-05 19:00:00+00:00,1.5941945,1.4419031,1.4419031,58,71,84,97,0.49088544,0.590625
94,2016-07-05 19:00:00+00:00,1.7140402,1.3791171,1.3791171,58,71,97,110,0.73307294,0.5882813
94,2016-07-05 19:00:00+00:00,1.5555171,1.4451251,1.4451251,58,71,110,121,0.9166666,0.6
94,2016-07-05 19:00:00+00:00,1.6396554,1.3499442,1.3499442,71,81,110,121,0.9166666,0.8875
95,2016-07-12 19:05:00+00:00,1.246264,1.6033291,1.6033291,19,32,97,110,0.7213541,-0.3683594
95,2016-07-12 19:05:00+00:00,1.5450796,1.6206393,1.6206393,19,32,110,121,0.9096354,-0.36328125
95,2016-07-12 19:05:00+00:00,1.8099183,1.9293902,1.9293902,32,45,58,71,0.058333337,-0.04609375
95,2016-07-12 19:05:00+00:00,1.5063261,1.6904649,1.6904649,32,45,84,97,0.49166667,-0.036328126
95,2016-07-12 19:05:00+00:00,1.4041934,1.50378,1.50378,32,45,97,110,0.7190104,-0.041406244
95,2016-07-12 19:05:00+00:00,1.5789026,1.5407234,1.5407234,32,45,110,121,0.9166666,-0.050000004
95,2016-07-12 19:05:00+00:00,1.4788932,1.576389,1.576389,45,58,32,45,-0.3640625,0.2691406
95,2016-07-12 19:05:00+00:00,1.4971299,1.543838,1.543838,45,58,45,58,-0.15,0.275
95,2016-07-12 19:05:00+00:00,1.5852083,1.5478547,1.5478547,45,58,58,71,0.06666666,0.275
95,2016-07-12 19:05:00+00:00,1.7048752,1.577846,1.577846,45,58,71,84,0.26875,0.2890625
95,2016-07-12 19:05:00+00:00,1.8326597,1.5873847,1.5873847,45,58,84,97,0.5148437,0.28476563
95,2016-07-12 19:05:00+00:00,1.6063527,1.5488286,1.5488286,45,58,97,110,0.7166667,0.275
95,2016-07-12 19:05:00+00:00,1.6198298,1.5901988,1.5901988,45,58,110,121,0.9166666,0.275
95,2016-07-12 19:05:00+00:00,2.3180814,1.7132432,1.7132432,58,71,19,32,-0.56874996,0.5648438
95,2016-07-12 19:05:00+00:00,1.7981519,1.4268857,1.4268857,58,71,32,45,-0.37942708,0.6128906
95,2016-07-12 19:05:00+00:00,1.6376307,1.3824824,1.3824824,58,71,58,71,0.07239584,0.5835937
95,2016-07-12 19:05:00+00:00,1.5787855,1.5033852,1.5033852,58,71,71,84,0.2833333,0.6
95,2016-07-12 19:05:00+00:00,1.6199865,1.522498,1.522498,58,71,84,97,0.49427083,0.590625
95,2016-07-12 19:05:00+00:00,1.7456346,1.478914,1.478914,58,71,97,110,0.72473955,0.59101564
95,2016-07-12 19:05:00+00:00,1.6358032,1.5501031,1.5501031,58,71,110,121,0.9166666,0.6
95,2016-07-12 19:05:00+00:00,1.6961653,1.5311376,1.5311376,71,81,110,121,0.9166666,0.8875
96,2016-08-01 18:45:00+00:00,2.0126615,1.9989685,1.9989685,19,32,84,97,0.5,-0.375
96,2016-08-01 18:45:00+00:00,1.7463329,1.7073264,1.7073264,19,32,97,110,0.7166667,-0.375
96,2016-08-01 18:45:00+00:00,1.7934301,1.6586682,1.6586682,19,32,110,121,0.9166666,-0.375
96,2016-08-01 18:45:00+00:00,3.0550401,3.3100307,3.3100307,32,45,32,45,-0.3619792,-0.03828125
96,2016-08-01 18:45:00+00:00,2.5910497,2.9230723,2.9230723,32,45,45,58,-0.15,-0.050000004
96,2016-08-01 18:45:00+00:00,2.1875453,2.4784756,2.4784756,32,45,71,84,0.28020832,-0.043750003
96,2016-08-01 18:45:00+00:00,2.0001452,2.0343702,2.0343702,32,45,84,97,0.50078124,-0.05078125
96,2016-08-01 18:45:00+00:00,1.761027,1.7003297,1.7003297,32,45,97,110,0.7166667,-0.050000004
96,2016-08-01 18:45:00+00:00,1.725854,1.6513056,1.6513056,32,45,110,121,0.9166666,-0.050000004
96,2016-08-01 18:45:00+00:00,3.6358933,2.4737926,2.4737926,45,58,6,19,-0.78020835,0.26171875
96,2016-08-01 18:45:00+00:00,2.5982423,2.90526,2.90526,45,58,19,32,-0.5833333,0.275
96,2016-08-01 18:45:00+00:00,2.4207387,2.3886564,2.3886564,45,58,32,45,-0.36666667,0.275
96,2016-08-01 18:45:00+00:00,2.3377697,2.1830704,2.1830704,45,58,45,58,-0.15,0.275
96,2016-08-01 18:45:00+00:00,2.217137,2.213228,2.213228,45,58,58,71,0.06666666,0.275
96,2016-08-01 18:45:00+00:00,2.101824,2.02233,2.02233,45,58,71,84,0.26796877,0.2890625
96,2016-08-01 18:45:00+00:00,2.1597342,1.862638,1.862638,45,58,84,97,0.5148437,0.28671873
96,2016-08-01 18:45:00+00:00,1.9208513,1.6914657,1.6914657,45,58,97,110,0.7166667,0.275
96,2016-08-01 18:45:00+00:00,1.8126378,1.6752578,1.6752578,45,58,110,121,0.9166666,0.275
96,2016-08-01 18:45:00+00:00,2.0626998,2.3707144,2.3707144,58,71,19,32,-0.5671875,0.5667969
96,2016-08-01 18:45:00+00:00,1.782315,2.032882,2.032882,58,71,32,45,-0.36666667,0.6
96,2016-08-01 18:45:00+00:00,1.8327975,1.8988404,1.8988404,58,71,45,58,-0.15338542,0.5929687
96,2016-08-01 18:45:00+00:00,1.8347685,1.9002842,1.9002842,58,71,58,71,0.07239584,0.5835937
96,2016-08-01 18:45:00+00:00,1.7620339,1.8673216,1.8673216,58,71,71,84,0.2833333,0.6
96,2016-08-01 18:45:00+00:00,1.722204,1.7935661,1.7935661,58,71,84,97,0.49765626,0.5914062
96,2016-08-01 18:45:00+00:00,1.7622157,1.6352694,1.6352694,58,71,97,110,0.7239583,0.5902344
96,2016-08-01 18:45:00+00:00,1.6752671,1.638653,1.638653,58,71,110,121,0.9166666,0.6
96,2016-08-01 18:45:00+00:00,1.356636,1.5958216,1.5958216,71,81,110,121,0.91770834,0.8851563
97,2016-08-07 18:05:00+00:00,1.9231745,1.9690608,1.9690608,19,32,84,97,0.5,-0.375
97,2016-08-07 18:05:00+00:00,1.6409314,1.7354091,1.7354091,19,32,97,110,0.7130208,-0.37656248
97,2016-08-07 18:05:00+00:00,1.7170199,1.7032623,1.7032623,19,32,110,121,0.91718745,-0.38437498
97,2016-08-07 18:05:00+00:00,2.7129428,3.0121095,3.0121095,32,45,32,45,-0.35546875,-0.043359376
97,2016-08-07 18:05:00+00:00,2.3052213,2.7009125,2.7009125,32,45,45,58,-0.1484375,-0.05078125
97,2016-08-07 18:05:00+00:00,1.7378893,1.6299319,1.6299319,32,45,110,121,0.9190104,-0.04179687
97,2016-08-07 18:05:00+00:00,2.3795903,2.856525,2.856525,45,58,19,32,-0.5833333,0.275
97,2016-08-07 18:05:00+00:00,2.1643417,2.2896764,2.2896764,45,58,32,45,-0.36666667,0.275
97,2016-08-07 18:05:00+00:00,2.1395788,2.1106267,2.1106267,45,58,45,58,-0.15,0.275
97,2016-08-07 18:05:00+00:00,2.0295181,2.1153266,2.1153266,45,58,58,71,0.06666666,0.275
97,2016-08-07 18:05:00+00:00,2.0236576,2.001316,2.001316,45,58,71,84,0.26458335,0.290625
97,2016-08-07 18:05:00+00:00,1.996869,1.871696,1.871696,45,58,84,97,0.509375,0.28281254
97,2016-08-07 18:05:00+00:00,1.7903311,1.7170204,1.7170204,45,58,97,110,0.7143229,0.27695313
97,2016-08-07 18:05:00+00:00,1.7026045,1.7309059,1.7309059,45,58,110,121,0.9166666,0.275
97,2016-08-07 18:05:00+00:00,1.7207927,2.0002704,2.0002704,58,71,32,45,-0.3658854,0.5839844
97,2016-08-07 18:05:00+00:00,1.7586178,1.8508221,1.8508221,58,71,45,58,-0.15390626,0.57734376
97,2016-08-07 18:05:00+00:00,1.9702803,1.8320373,1.8320373,58,71,84,97,0.4950521,0.59335935
97,2016-08-07 18:05:00+00:00,1.8761138,1.6444827,1.6444827,58,71,97,110,0.7315104,0.59101564
97,2016-08-07 18:05:00+00:00,1.6244948,1.6989367,1.6989367,58,71,110,121,0.9166666,0.6
97,2016-08-07 18:05:00+00:00,1.8589832,1.6464518,1.6464518,71,81,110,121,0.9166666,0.8875
98,2016-08-10 18:35:00+00:00,1.6415913,1.787689,1.787689,19,32,84,97,0.5005208,-0.375
98,2016-08-10 18:35:00+00:00,1.3296763,1.5574806,1.5574806,19,32,97,110,0.7166667,-0.375
98,2016-08-10 18:35:00+00:00,1.2915897,1.5387709,1.5387709,19,32,110,121,0.9140625,-0.37265623
98,2016-08-10 18:35:00+00:00,2.3340373,2.8046484,2.8046484,32,45,32,45,-0.36536458,-0.03828125
98,2016-08-10 18:35:00+00:00,1.8915784,2.0848453,2.0848453,32,45,71,84,0.28333333,-0.046484374
98,2016-08-10 18:35:00+00:00,1.7667444,1.7892107,1.7892107,32,45,84,97,0.5,-0.050000004
98,2016-08-10 18:35:00+00:00,1.5560868,1.4999133,1.4999133,32,45,97,110,0.7166667,-0.050000004
98,2016-08-10 18:35:00+00:00,1.485331,1.479511,1.479511,32,45,110,121,0.9166666,-0.050000004
98,2016-08-10 18:35:00+00:00,2.0923736,2.2920496,2.2920496,45,58,32,45,-0.3716146,0.27265626
98,2016-08-10 18:35:00+00:00,2.1443505,2.0850635,2.0850635,45,58,45,58,-0.15,0.275
98,2016-08-10 18:35:00+00:00,1.9816942,2.0626457,2.0626457,45,58,58,71,0.06666666,0.275
98,2016-08-10 18:35:00+00:00,1.9367844,1.9410325,1.9410325,45,58,71,84,0.2640625,0.28867185
98,2016-08-10 18:35:00+00:00,2.0071838,1.7632881,1.7632881,45,58,84,97,0.5153646,0.28476563
98,2016-08-10 18:35:00+00:00,1.7955805,1.6572602,1.6572602,45,58,97,110,0.7166667,0.275
98,2016-08-10 18:35:00+00:00,1.71329,1.6505384,1.6505384,45,58,110,121,0.9166666,0.275
98,2016-08-10 18:35:00+00:00,1.9115494,1.9994171,1.9994171,58,71,32,45,-0.36848956,0.60195315
98,2016-08-10 18:35:00+00:00,2.1269064,1.9037348,1.9037348,58,71,45,58,-0.15078126,0.5917969
98,2016-08-10 18:35:00+00:00,2.0452,1.8366998,1.8366998,58,71,58,71,0.06640625,0.5847657
98,2016-08-10 18:35:00+00:00,2.078696,1.9011676,1.9011676,58,71,71,84,0.28359377,0.6058594
98,2016-08-10 18:35:00+00:00,2.0151756,1.7967118,1.7967118,58,71,84,97,0.49479166,0.5921875
98,2016-08-10 18:35:00+00:00,1.856395,1.6465862,1.6465862,58,71,97,110,0.726823,0.58984375
98,2016-08-10 18:35:00+00:00,1.6356165,1.6654025,1.6654025,58,71,110,121,0.9166666,0.6
98,2016-08-10 18:35:00+00:00,1.7045987,1.5587674,1.5587674,71,81,110,121,0.9166666,0.8875
99,2016-08-19 18:30:00+00:00,1.6222587,2.0680292,2.0680292,19,32,97,110,0.7184896,-0.375
99,2016-08-19 18:30:00+00:00,1.4324125,1.9875286,1.9875286,19,32,110,121,0.9166666,-0.375
99,2016-08-19 18:30:00+00:00,1.8479842,2.0372708,2.0372708,32,45,97,110,0.7166667,-0.050000004
99,2016-08-19 18:30:00+00:00,1.7169476,1.9636602,1.9636602,32,45,110,121,0.9166666,-0.050000004
99,2016-08-19 18:30:00+00:00,3.0578718,3.5091329,3.5091329,45,58,19,32,-0.5736979,0.27695313
99,2016-08-19 18:30:00+00:00,2.598272,2.7505653,2.7505653,45,58,58,71,0.06666666,0.275
99,2016-08-19 18:30:00+00:00,2.431131,2.3024092,2.3024092,45,58,97,110,0.7166667,0.275
99,2016-08-19 18:30:00+00:00,2.5634892,2.248828,2.248828,45,58,110,121,0.9166666,0.275
99,2016-08-19 18:30:00+00:00,2.23344,2.5365884,2.5365884,58,71,45,58,-0.15703125,0.5921875
99,2016-08-19 18:30:00+00:00,2.3892932,2.5616696,2.5616696,58,71,58,71,0.07239584,0.5835937
99,2016-08-19 18:30:00+00:00,2.573723,2.5858858,2.5858858,58,71,71,84,0.2833333,0.6
99,2016-08-19 18:30:00+00:00,2.5296917,2.4964547,2.4964547,58,71,84,97,0.4947917,0.59726566
99,2016-08-19 18:30:00+00:00,2.1158888,2.3233726,2.3233726,58,71,97,110,0.72473955,0.5925781
99,2016-08-19 18:30:00+00:00,2.4297435,2.291882,2.291882,58,71,110,121,0.9166666,0.6
99,2016-08-19 18:30:00+00:00,2.2567284,2.1479282,2.1479282,71,81,110,121,0.9166666,0.8875
100,2016-09-27 18:35:00+00:00,4.1183405,4.238308,4.238308,19,32,84,97,0.5,-0.375
100,2016-09-27 18:35:00+00:00,3.70089,3.7845004,3.7845004,19,32,97,110,0.7166667,-0.375
100,2016-09-27 18:35:00+00:00,3.4880404,3.6735847,3.6735847,19,32,110,121,0.9166666,-0.375
100,2016-09-27 18:35:00+00:00,4.60263,5.173793,5.173793,32,45,32,45,-0.36510417,-0.041796874
100,2016-09-27 18:35:00+00:00,4.5381575,4.760225,4.760225,32,45,45,58,-0.15,-0.050000004
100,2016-09-27 18:35:00+00:00,4.3715034,4.7388134,4.7388134,32,45,58,71,0.05729167,-0.048046872
100,2016-09-27 18:35:00+00:00,3.9398448,4.6793056,4.6793056,32,45,71,84,0.27942708,-0.0453125
100,2016-09-27 18:35:00+00:00,4.104548,4.414221,4.414221,32,45,84,97,0.4997396,-0.05078125
100,2016-09-27 18:35:00+00:00,4.192057,3.9153962,3.9153962,32,45,97,110,0.7166667,-0.050000004
100,2016-09-27 18:35:00+00:00,3.4473727,3.7905943,3.7905943,32,45,110,121,0.9166666,-0.050000004
100,2016-09-27 18:35:00+00:00,4.618986,5.0628805,5.0628805,45,58,19,32,-0.5833333,0.275
100,2016-09-27 18:35:00+00:00,4.6194477,4.320231,4.320231,45,58,32,45,-0.36666667,0.275
100,2016-09-27 18:35:00+00:00,4.476512,4.0122256,4.0122256,45,58,45,58,-0.15,0.275
100,2016-09-27 18:35:00+00:00,4.423967,4.1480002,4.1480002,45,58,58,71,0.06666666,0.275
100,2016-09-27 18:35:00+00:00,4.345976,4.3033414,4.3033414,45,58,71,84,0.2705729,0.28632814
100,2016-09-27 18:35:00+00:00,3.9118316,3.9395137,3.9395137,45,58,97,110,0.7166667,0.275
100,2016-09-27 18:35:00+00:00,3.6839721,3.9009533,3.9009533,45,58,110,121,0.9166666,0.275
100,2016-09-27 18:35:00+00:00,4.582293,3.970324,3.970324,58,71,32,45,-0.36666667,0.6
100,2016-09-27 18:35:00+00:00,4.591013,3.683817,3.683817,58,71,45,58,-0.15156251,0.5917969
100,2016-09-27 18:35:00+00:00,4.5842137,3.774373,3.774373,58,71,58,71,0.069791675,0.58164066
100,2016-09-27 18:35:00+00:00,4.6135554,4.090412,4.090412,58,71,71,84,0.2833333,0.6
100,2016-09-27 18:35:00+00:00,4.532765,4.216024,4.216024,58,71,84,97,0.49479166,0.5921875
100,2016-09-27 18:35:00+00:00,4.218127,3.8678327,3.8678327,58,71,97,110,0.7278646,0.58984375
100,2016-09-27 18:35:00+00:00,3.2593033,3.8589315,3.8589315,58,71,110,121,0.9166666,0.6
100,2016-09-27 18:35:00+00:00,3.4891808,3.867366,3.867366,71,81,110,121,0.9166666,0.8875
101,2016-10-17 18:10:00+00:00,2.692352,2.6939864,2.6939864,19,32,84,97,0.5,-0.375
101,2016-10-17 18:10:00+00:00,2.449932,2.4694173,2.4694173,19,32,97,110,0.7166667,-0.375
101,2016-10-17 18:10:00+00:00,2.4670503,2.426864,2.426864,19,32,110,121,0.9166666,-0.375
101,2016-10-17 18:10:00+00:00,2.7656996,3.1378171,3.1378171,32,45,32,45,-0.36249998,-0.037109375
101,2016-10-17 18:10:00+00:00,2.4891906,2.8265853,2.8265853,32,45,45,58,-0.15,-0.050000004
101,2016-10-17 18:10:00+00:00,2.5032408,2.8539784,2.8539784,32,45,71,84,0.2864583,-0.04140625
101,2016-10-17 18:10:00+00:00,2.633862,2.7603147,2.7603147,32,45,84,97,0.5,-0.050000004
101,2016-10-17 18:10:00+00:00,2.3874614,2.479034,2.479034,32,45,97,110,0.7166667,-0.050000004
101,2016-10-17 18:10:00+00:00,2.2460072,2.4270668,2.4270668,32,45,110,121,0.9166666,-0.050000004
101,2016-10-17 18:10:00+00:00,3.8141885,2.5705373,2.5705373,45,58,6,19,-0.7890625,0.2621094
101,2016-10-17 18:10:00+00:00,2.6325274,2.9071307,2.9071307,45,58,19,32,-0.5833333,0.275
101,2016-10-17 18:10:00+00:00,2.0188916,2.2693367,2.2693367,45,58,32,45,-0.3658854,0.27578124
101,2016-10-17 18:10:00+00:00,1.844046,2.1064816,2.1064816,45,58,45,58,-0.15,0.275
101,2016-10-17 18:10:00+00:00,1.9089789,2.1748228,2.1748228,45,58,58,71,0.06666666,0.275
101,2016-10-17 18:10:00+00:00,2.5175893,2.3575416,2.3575416,45,58,97,110,0.7166667,0.275
101,2016-10-17 18:10:00+00:00,2.3153136,2.3815627,2.3815627,45,58,110,121,0.9166666,0.275
101,2016-10-17 18:10:00+00:00,2.6588035,2.4742796,2.4742796,58,71,19,32,-0.57343745,0.56757814
101,2016-10-17 18:10:00+00:00,1.7567153,2.010398,2.010398,58,71,32,45,-0.36666667,0.6
101,2016-10-17 18:10:00+00:00,1.8407996,1.8945031,1.8945031,58,71,45,58,-0.15052083,0.5917969
101,2016-10-17 18:10:00+00:00,1.8572768,1.9253728,1.9253728,58,71,58,71,0.07005209,0.59375
101,2016-10-17 18:10:00+00:00,1.9345598,2.1939716,2.1939716,58,71,71,84,0.2833333,0.6
101,2016-10-17 18:10:00+00:00,2.377341,2.3400013,2.3400013,58,71,84,97,0.49088544,0.5871093
101,2016-10-17 18:10:00+00:00,2.620784,2.2398953,2.2398953,58,71,97,110,0.7252604,0.59296876
101,2016-10-17 18:10:00+00:00,2.4579601,2.2958653,2.2958653,58,71,110,121,0.9166666,0.6
101,2016-10-17 18:10:00+00:00,2.0842843,2.3737066,2.3737066,71,81,110,121,0.9166666,0.8875
