t,date,target,pred,post,y0,y1,x0,x1,cx,cy
0,2014-05-24 18:45:00+00:00,2.9087672,2.1836653,2.1836653,13,22,94,103,0.6333333,-0.575
0,2014-05-24 18:45:00+00:00,2.5058258,2.5722132,2.5722132,22,31,85,94,0.48333335,-0.35000002
0,2014-05-24 18:45:00+00:00,2.112415,2.2078938,2.2078938,22,31,94,103,0.6307292,-0.34570312
0,2014-05-24 18:45:00+00:00,2.9206707,3.215268,3.215268,31,40,40,49,-0.2640625,-0.122656256
0,2014-05-24 18:45:00+00:00,2.6127374,2.927934,2.927934,31,40,49,58,-0.11666667,-0.125
0,2014-05-24 18:45:00+00:00,3.103568,2.9609108,2.9609108,31,40,67,76,0.18854168,-0.12851563
0,2014-05-24 18:45:00+00:00,2.2365701,2.386676,2.386676,31,40,85,94,0.48333335,-0.125
0,2014-05-24 18:45:00+00:00,1.8944422,2.0523186,2.0523186,31,40,94,103,0.6333333,-0.125
0,2014-05-24 18:45:00+00:00,1.7233101,1.9332323,1.9332323,31,40,103,112,0.78333336,-0.125
0,2014-05-24 18:45:00+00:00,1.7359732,2.0601358,2.0601358,31,40,112,121,0.93333334,-0.125
0,2014-05-24 18:45:00+00:00,2.9605353,3.399257,3.399257,40,49,22,31,-0.56666666,0.099999994
0,2014-05-24 18:45:00+00:00,2.4154017,3.1119223,3.1119223,40,49,31,40,-0.41875002,0.09921874
0,2014-05-24 18:45:00+00:00,2.2562835,2.5683663,2.5683663,40,49,40,49,-0.26666665,0.099999994
0,2014-05-24 18:45:00+00:00,2.1525679,2.3545046,2.3545046,40,49,49,58,-0.11666667,0.099999994
0,2014-05-24 18:45:00+00:00,2.3777626,2.4866807,2.4866807,40,49,67,76,0.18411458,0.107421875
0,2014-05-24 18:45:00+00:00,1.9963496,2.268205,2.268205,40,49,85,94,0.48984373,0.08984375
0,2014-05-24 18:45:00+00:00,1.7839619,1.9634382,1.9634382,40,49,94,103,0.6333333,0.099999994
0,2014-05-24 18:45:00+00:00,1.7204813,1.7875099,1.7875099,40,49,103,112,0.78333336,0.099999994
0,2014-05-24 18:45:00+00:00,1.741298,1.8891581,1.8891581,40,49,112,121,0.93333334,0.099999994
0,2014-05-24 18:45:00+00:00,2.5938258,2.785643,2.785643,49,58,13,22,-0.71666664,0.325
0,2014-05-24 18:45:00+00:00,2.4568083,2.619584,2.619584,49,58,22,31,-0.56666666,0.325
0,2014-05-24 18:45:00+00:00,2.4170454,2.3604043,2.3604043,49,58,31,40,-0.4166667,0.325
0,2014-05-24 18:45:00+00:00,2.3176687,2.0687933,2.0687933,49,58,40,49,-0.26666665,0.325
0,2014-05-24 18:45:00+00:00,2.1047447,1.9065361,1.9065361,49,58,49,58,-0.11666667,0.325
0,2014-05-24 18:45:00+00:00,2.1902509,1.9468927,1.9468927,49,58,58,67,0.033333335,0.325
0,2014-05-24 18:45:00+00:00,2.1976743,2.156262,2.156262,49,58,67,76,0.18333334,0.325
0,2014-05-24 18:45:00+00:00,2.1364703,2.0921404,2.0921404,49,58,85,94,0.4898438,0.3292969
0,2014-05-24 18:45:00+00:00,2.0351012,1.9354959,1.9354959,49,58,94,103,0.6333333,0.325
0,2014-05-24 18:45:00+00:00,1.8696907,1.839862,1.839862,49,58,103,112,0.78333336,0.325
0,2014-05-24 18:45:00+00:00,2.5508108,2.4612024,2.4612024,58,67,22,31,-0.56432295,0.54648435
0,2014-05-24 18:45:00+00:00,2.416787,2.2416003,2.2416003,58,67,31,40,-0.4166667,0.55
0,2014-05-24 18:45:00+00:00,2.3163111,2.004729,2.004729,58,67,40,49,-0.26666665,0.55
0,2014-05-24 18:45:00+00:00,2.3736732,1.8673699,1.8673699,58,67,49,58,-0.11666667,0.55
0,2014-05-24 18:45:00+00:00,2.2952063,2.0420296,2.0420296,58,67,67,76,0.18723959,0.5425781
0,2014-05-24 18:45:00+00:00,2.1917279,2.1266677,2.1266677,58,67,76,85,0.3333333,0.55
0,2014-05-24 18:45:00+00:00,2.1772163,2.0611012,2.0611012,58,67,85,94,0.48333335,0.55
0,2014-05-24 18:45:00+00:00,2.786323,2.419693,2.419693,67,76,31,40,-0.41875002,0.7734375
1,2014-05-25 17:50:00+00:00,1.569455,1.4582175,1.4582175,13,22,94,103,0.6333333,-0.575
1,2014-05-25 17:50:00+00:00,1.5485352,1.5124692,1.5124692,13,22,103,112,0.78020835,-0.5691406
1,2014-05-25 17:50:00+00:00,1.4825495,1.6593796,1.6593796,22,31,85,94,0.48333335,-0.35000002
1,2014-05-25 17:50:00+00:00,1.3682255,1.5011809,1.5011809,22,31,94,103,0.6333333,-0.35000002
1,2014-05-25 17:50:00+00:00,1.3582954,1.5079564,1.5079564,22,31,103,112,0.78333336,-0.35000002
1,2014-05-25 17:50:00+00:00,1.3723109,1.6125119,1.6125119,22,31,112,121,0.93333334,-0.35000002
1,2014-05-25 17:50:00+00:00,1.707515,1.9215796,1.9215796,31,40,40,49,-0.26171875,-0.1203125
1,2014-05-25 17:50:00+00:00,1.6453682,1.689257,1.689257,31,40,49,58,-0.11666667,-0.125
1,2014-05-25 17:50:00+00:00,1.9152648,1.8031496,1.8031496,31,40,58,67,0.025781251,-0.122656256
1,2014-05-25 17:50:00+00:00,1.9532908,1.8397883,1.8397883,31,40,67,76,0.18723959,-0.13085938
1,2014-05-25 17:50:00+00:00,1.390724,1.50241,1.50241,31,40,85,94,0.48333335,-0.125
1,2014-05-25 17:50:00+00:00,1.2857908,1.3964837,1.3964837,31,40,94,103,0.6333333,-0.125
1,2014-05-25 17:50:00+00:00,1.3088754,1.4250984,1.4250984,31,40,103,112,0.78333336,-0.125
1,2014-05-25 17:50:00+00:00,1.3587773,1.4928764,1.4928764,31,40,112,121,0.93333334,-0.125
1,2014-05-25 17:50:00+00:00,1.9885421,2.028136,2.028136,40,49,13,22,-0.7161459,0.11367187
1,2014-05-25 17:50:00+00:00,1.619381,1.9079982,1.9079982,40,49,22,31,-0.5653646,0.10117187
1,2014-05-25 17:50:00+00:00,1.4971693,1.7712363,1.7712363,40,49,31,40,-0.4166667,0.099999994
1,2014-05-25 17:50:00+00:00,1.3948895,1.6272448,1.6272448,40,49,40,49,-0.26666665,0.099999994
1,2014-05-25 17:50:00+00:00,1.343163,1.4609475,1.4609475,40,49,49,58,-0.11666667,0.099999994
1,2014-05-25 17:50:00+00:00,1.5643831,1.5294667,1.5294667,40,49,58,67,0.029947918,0.103125
1,2014-05-25 17:50:00+00:00,1.6507024,1.6258379,1.6258379,40,49,67,76,0.18697917,0.103125
1,2014-05-25 17:50:00+00:00,1.4342077,1.450556,1.450556,40,49,85,94,0.49088544,0.0984375
1,2014-05-25 17:50:00+00:00,1.3025033,1.3557785,1.3557785,40,49,94,103,0.6333333,0.099999994
1,2014-05-25 17:50:00+00:00,1.3323503,1.3539264,1.3539264,40,49,103,112,0.78333336,0.099999994
1,2014-05-25 17:50:00+00:00,1.3848029,1.3987619,1.3987619,40,49,112,121,0.93333334,0.099999994
1,2014-05-25 17:50:00+00:00,1.6720896,1.8708254,1.8708254,49,58,13,22,-0.7166667,0.32578123
1,2014-05-25 17:50:00+00:00,1.6063839,1.6566883,1.6566883,49,58,22,31,-0.56666666,0.325
1,2014-05-25 17:50:00+00:00,1.5380279,1.5363237,1.5363237,49,58,31,40,-0.4166667,0.325
1,2014-05-25 17:50:00+00:00,1.4497623,1.4876226,1.4876226,49,58,40,49,-0.26666665,0.325
1,2014-05-25 17:50:00+00:00,1.4108547,1.3651537,1.3651537,49,58,49,58,-0.11666667,0.325
1,2014-05-25 17:50:00+00:00,1.4922923,1.4213759,1.4213759,49,58,58,67,0.033333335,0.325
1,2014-05-25 17:50:00+00:00,1.5561717,1.5356283,1.5356283,49,58,67,76,0.18333334,0.325
1,2014-05-25 17:50:00+00:00,1.6748782,1.4679877,1.4679877,49,58,85,94,0.4856771,0.328125
1,2014-05-25 17:50:00+00:00,1.3821388,1.4127073,1.4127073,49,58,94,103,0.6333333,0.325
1,2014-05-25 17:50:00+00:00,1.351375,1.4397517,1.4397517,49,58,103,112,0.78333336,0.325
1,2014-05-25 17:50:00+00:00,1.3502989,1.4370004,1.4370004,49,58,112,121,0.93333334,0.325
1,2014-05-25 17:50:00+00:00,1.7890043,1.6605598,1.6605598,58,67,22,31,-0.56614584,0.5433594
1,2014-05-25 17:50:00+00:00,1.6944097,1.564325,1.564325,58,67,31,40,-0.4166667,0.55
1,2014-05-25 17:50:00+00:00,1.5826157,1.5183803,1.5183803,58,67,40,49,-0.26666665,0.55
1,2014-05-25 17:50:00+00:00,1.5423437,1.4104389,1.4104389,58,67,49,58,-0.11666667,0.55
1,2014-05-25 17:50:00+00:00,1.5751565,1.4663539,1.4663539,58,67,58,67,0.030208334,0.5449219
1,2014-05-25 17:50:00+00:00,1.6156219,1.571783,1.571783,58,67,67,76,0.18333334,0.5492188
1,2014-05-25 17:50:00+00:00,1.5024837,1.536718,1.536718,58,67,76,85,0.3333333,0.55
1,2014-05-25 17:50:00+00:00,1.5064346,1.5196614,1.5196614,58,67,85,94,0.48333335,0.55
1,2014-05-25 17:50:00+00:00,1.3649279,1.4751925,1.4751925,58,67,103,112,0.78333336,0.55
1,2014-05-25 17:50:00+00:00,1.3544092,1.4920462,1.4920462,58,67,112,121,0.93333334,0.55
1,2014-05-25 17:50:00+00:00,1.8271273,1.5797116,1.5797116,67,76,31,40,-0.41796875,0.7648437
1,2014-05-25 17:50:00+00:00,1.3912706,1.4174958,1.4174958,67,76,103,112,0.78333336,0.7726562
1,2014-05-25 17:50:00+00:00,1.3502841,1.4133295,1.4133295,67,76,112,121,0.93333334,0.775
1,2014-05-25 17:50:00+00:00,1.145016,1.3088373,1.3088373,76,81,112,121,0.93333334,0.95
2,2014-05-30 18:05:00+00:00,2.7815776,1.8061216,1.8061216,13,22,85,94,0.4872396,-0.55781245
2,2014-05-30 18:05:00+00:00,2.1743574,1.6814198,1.6814198,13,22,94,103,0.6333333,-0.575
2,2014-05-30 18:05:00+00:00,2.1421132,1.6988595,1.6988595,13,22,103,112,0.7828125,-0.5726563
2,2014-05-30 18:05:00+00:00,1.7556988,2.0050564,2.0050564,22,31,85,94,0.48333335,-0.35000002
2,2014-05-30 18:05:00+00:00,1.7597698,1.7795966,1.7795966,22,31,94,103,0.6333333,-0.35000002
2,2014-05-30 18:05:00+00:00,1.8399308,1.7384863,1.7384863,22,31,103,112,0.78333336,-0.35000002
2,2014-05-30 18:05:00+00:00,1.8978974,1.8859506,1.8859506,22,31,112,121,0.93333334,-0.35000002
2,2014-05-30 18:05:00+00:00,1.9780751,2.3378305,2.3378305,31,40,40,49,-0.26328126,-0.11757812
2,2014-05-30 18:05:00+00:00,2.0456228,2.061116,2.061116,31,40,49,58,-0.11666667,-0.125
2,2014-05-30 18:05:00+00:00,2.2984283,2.1829317,2.1829317,31,40,58,67,0.025000002,-0.12734374
2,2014-05-30 18:05:00+00:00,2.2657251,2.1959033,2.1959033,31,40,67,76,0.18776041,-0.1296875
2,2014-05-30 18:05:00+00:00,1.6266952,1.7729017,1.7729017,31,40,85,94,0.48333335,-0.125
2,2014-05-30 18:05:00+00:00,1.5719142,1.6032383,1.6032383,31,40,94,103,0.6333333,-0.125
2,2014-05-30 18:05:00+00:00,1.5783958,1.5920514,1.5920514,31,40,103,112,0.78333336,-0.125
2,2014-05-30 18:05:00+00:00,1.667774,1.6973691,1.6973691,31,40,112,121,0.93333334,-0.125
2,2014-05-30 18:05:00+00:00,3.8690238,2.3910296,2.3910296,40,49,13,22,-0.7132813,0.11484375
2,2014-05-30 18:05:00+00:00,2.380195,2.32996,2.32996,40,49,22,31,-0.56666666,0.099999994
2,2014-05-30 18:05:00+00:00,1.8126738,2.1371567,2.1371567,40,49,31,40,-0.4166667,0.099999994
2,2014-05-30 18:05:00+00:00,1.5665902,1.8740318,1.8740318,40,49,40,49,-0.26666665,0.099999994
2,2014-05-30 18:05:00+00:00,1.5162299,1.685373,1.685373,40,49,49,58,-0.11666667,0.099999994
2,2014-05-30 18:05:00+00:00,1.7610384,1.7522374,1.7522374,40,49,58,67,0.032552086,0.10078125
2,2014-05-30 18:05:00+00:00,1.798075,1.8155167,1.8155167,40,49,67,76,0.18932292,0.10820312
2,2014-05-30 18:05:00+00:00,1.7950231,1.6553518,1.6553518,40,49,85,94,0.48828125,0.09257812
2,2014-05-30 18:05:00+00:00,1.5336434,1.5096812,1.5096812,40,49,94,103,0.6333333,0.099999994
2,2014-05-30 18:05:00+00:00,1.4711298,1.4661757,1.4661757,40,49,103,112,0.78333336,0.099999994
2,2014-05-30 18:05:00+00:00,1.4582355,1.5448215,1.5448215,40,49,112,121,0.93333334,0.099999994
2,2014-05-30 18:05:00+00:00,2.5136793,2.0807452,2.0807452,49,58,13,22,-0.71666664,0.325
2,2014-05-30 18:05:00+00:00,1.8547572,1.8812859,1.8812859,49,58,22,31,-0.56666666,0.325
2,2014-05-30 18:05:00+00:00,1.6853913,1.7253458,1.7253458,49,58,31,40,-0.4166667,0.325
2,2014-05-30 18:05:00+00:00,1.5903412,1.6231189,1.6231189,49,58,40,49,-0.26666665,0.325
2,2014-05-30 18:05:00+00:00,1.4838648,1.4893198,1.4893198,49,58,49,58,-0.11666667,0.325
2,2014-05-30 18:05:00+00:00,1.590527,1.552788,1.552788,49,58,58,67,0.033333335,0.325
2,2014-05-30 18:05:00+00:00,1.6389524,1.6768959,1.6768959,49,58,67,76,0.18333334,0.325
2,2014-05-30 18:05:00+00:00,1.8450208,1.6000497,1.6000497,49,58,85,94,0.4869792,0.3296875
2,2014-05-30 18:05:00+00:00,1.5908488,1.5167156,1.5167156,49,58,94,103,0.6333333,0.325
2,2014-05-30 18:05:00+00:00,1.4520168,1.5222839,1.5222839,49,58,103,112,0.78333336,0.325
2,2014-05-30 18:05:00+00:00,1.4100356,1.5433364,1.5433364,49,58,112,121,0.93333334,0.325
2,2014-05-30 18:05:00+00:00,2.0008085,1.8822943,1.8822943,58,67,22,31,-0.5640625,0.5449219
2,2014-05-30 18:05:00+00:00,1.824857,1.757387,1.757387,58,67,31,40,-0.4166667,0.55
2,2014-05-30 18:05:00+00:00,1.7213851,1.6629169,1.6629169,58,67,40,49,-0.26666665,0.55
2,2014-05-30 18:05:00+00:00,1.6723272,1.5464001,1.5464001,58,67,49,58,-0.11666667,0.55
2,2014-05-30 18:05:00+00:00,1.6419514,1.6196225,1.6196225,58,67,58,67,0.033333335,0.55
2,2014-05-30 18:05:00+00:00,1.6958841,1.7261912,1.7261912,58,67,67,76,0.18333334,0.55
2,2014-05-30 18:05:00+00:00,1.6633908,1.6925213,1.6925213,58,67,76,85,0.3333333,0.55
2,2014-05-30 18:05:00+00:00,1.603425,1.6685071,1.6685071,58,67,85,94,0.48333335,0.55
2,2014-05-30 18:05:00+00:00,1.7157,1.5596097,1.5596097,58,67,94,103,0.6322917,0.5402344
2,2014-05-30 18:05:00+00:00,1.396136,1.5780537,1.5780537,58,67,103,112,0.78333336,0.55
2,2014-05-30 18:05:00+00:00,1.3538288,1.620546,1.620546,58,67,112,121,0.93333334,0.55
2,2014-05-30 18:05:00+00:00,1.8467122,1.7791216,1.7791216,67,76,31,40,-0.41302085,0.7671875
2,2014-05-30 18:05:00+00:00,1.3911943,1.5207716,1.5207716,67,76,103,112,0.78333336,0.775
2,2014-05-30 18:05:00+00:00,1.3167193,1.5362974,1.5362974,67,76,112,121,0.93333334,0.775
2,2014-05-30 18:05:00+00:00,1.3508608,1.3972268,1.3972268,76,81,112,121,0.93333334,0.95
3,2014-05-31 18:50:00+00:00,3.0228026,2.259554,2.259554,13,22,85,94,0.49166667,-0.55859375
3,2014-05-31 18:50:00+00:00,2.5951393,2.0761385,2.0761385,13,22,94,103,0.6333333,-0.575
3,2014-05-31 18:50:00+00:00,2.4880693,2.0613353,2.0613353,13,22,103,112,0.78307295,-0.5738281
3,2014-05-31 18:50:00+00:00,2.0913212,2.3856568,2.3856568,22,31,85,94,0.48333335,-0.35000002
3,2014-05-31 18:50:00+00:00,2.2210824,2.1113787,2.1113787,22,31,94,103,0.6333333,-0.35000002
3,2014-05-31 18:50:00+00:00,2.257869,2.034279,2.034279,22,31,103,112,0.78333336,-0.35000002
3,2014-05-31 18:50:00+00:00,2.1877553,2.1771467,2.1771467,22,31,112,121,0.93333334,-0.35000002
3,2014-05-31 18:50:00+00:00,2.5196629,2.8377018,2.8377018,31,40,40,49,-0.26276043,-0.119140625
3,2014-05-31 18:50:00+00:00,2.626177,2.5791247,2.5791247,31,40,49,58,-0.11666667,-0.125
3,2014-05-31 18:50:00+00:00,2.582134,2.6981032,2.6981032,31,40,58,67,0.026041668,-0.12773438
3,2014-05-31 18:50:00+00:00,2.643938,2.6521964,2.6521964,31,40,67,76,0.19036458,-0.1328125
3,2014-05-31 18:50:00+00:00,1.9686408,2.1993008,2.1993008,31,40,85,94,0.48333335,-0.125
3,2014-05-31 18:50:00+00:00,1.87844,1.9708736,1.9708736,31,40,94,103,0.6333333,-0.125
3,2014-05-31 18:50:00+00:00,1.8296207,1.9088806,1.9088806,31,40,103,112,0.78333336,-0.125
3,2014-05-31 18:50:00+00:00,1.8722199,2.008713,2.008713,31,40,112,121,0.93333334,-0.125
3,2014-05-31 18:50:00+00:00,4.230168,2.9642606,2.9642606,40,49,13,22,-0.71484375,0.11445312
3,2014-05-31 18:50:00+00:00,2.9621391,2.9376156,2.9376156,40,49,22,31,-0.56666666,0.099999994
3,2014-05-31 18:50:00+00:00,2.2051268,2.7027893,2.7027893,40,49,31,40,-0.4166667,0.099999994
3,2014-05-31 18:50:00+00:00,1.9498461,2.2875493,2.2875493,40,49,40,49,-0.26666665,0.099999994
3,2014-05-31 18:50:00+00:00,1.9030539,2.0784023,2.0784023,40,49,49,58,-0.11666667,0.099999994
3,2014-05-31 18:50:00+00:00,2.1653907,2.1235569,2.1235569,40,49,58,67,0.03046875,0.10195312
3,2014-05-31 18:50:00+00:00,2.2317982,2.254736,2.254736,40,49,67,76,0.18333334,0.10859375
3,2014-05-31 18:50:00+00:00,2.3546588,2.0641613,2.0641613,40,49,85,94,0.48828125,0.09257812
3,2014-05-31 18:50:00+00:00,1.8754079,1.8747878,1.8747878,40,49,94,103,0.6333333,0.099999994
3,2014-05-31 18:50:00+00:00,1.7620106,1.7598611,1.7598611,40,49,103,112,0.78333336,0.099999994
3,2014-05-31 18:50:00+00:00,1.6896217,1.836186,1.836186,40,49,112,121,0.93333334,0.099999994
3,2014-05-31 18:50:00+00:00,3.1015728,2.5401297,2.5401297,49,58,13,22,-0.71666664,0.325
3,2014-05-31 18:50:00+00:00,2.2135763,2.3214824,2.3214824,49,58,22,31,-0.56666666,0.325
3,2014-05-31 18:50:00+00:00,2.0675325,2.0981586,2.0981586,49,58,31,40,-0.4166667,0.325
3,2014-05-31 18:50:00+00:00,1.9606395,1.9067664,1.9067664,49,58,40,49,-0.26666665,0.325
3,2014-05-31 18:50:00+00:00,1.8396142,1.7478085,1.7478085,49,58,49,58,-0.11666667,0.325
3,2014-05-31 18:50:00+00:00,1.994997,1.806239,1.806239,49,58,58,67,0.033333335,0.325
3,2014-05-31 18:50:00+00:00,2.0722623,2.002248,2.002248,49,58,67,76,0.18333334,0.325
3,2014-05-31 18:50:00+00:00,2.57382,1.9880645,1.9880645,49,58,85,94,0.49114585,0.33125
3,2014-05-31 18:50:00+00:00,1.9160151,1.8732429,1.8732429,49,58,94,103,0.6333333,0.325
3,2014-05-31 18:50:00+00:00,1.7702757,1.8247839,1.8247839,49,58,103,112,0.78333336,0.325
3,2014-05-31 18:50:00+00:00,1.6922445,1.8344861,1.8344861,49,58,112,121,0.93333334,0.325
3,2014-05-31 18:50:00+00:00,2.337262,2.1972978,2.1972978,58,67,22,31,-0.5598958,0.5417969
3,2014-05-31 18:50:00+00:00,2.174875,2.0600166,2.0600166,58,67,31,40,-0.4166667,0.55
3,2014-05-31 18:50:00+00:00,2.166327,1.9005156,1.9005156,58,67,40,49,-0.26666665,0.55
3,2014-05-31 18:50:00+00:00,2.025979,1.762928,1.762928,58,67,49,58,-0.11666667,0.55
3,2014-05-31 18:50:00+00:00,2.0388632,1.8333348,1.8333348,58,67,58,67,0.033333335,0.55
3,2014-05-31 18:50:00+00:00,2.059313,1.9890758,1.9890758,58,67,67,76,0.18333334,0.55
3,2014-05-31 18:50:00+00:00,2.0907722,2.023611,2.023611,58,67,76,85,0.3333333,0.55
3,2014-05-31 18:50:00+00:00,1.9707565,1.9845834,1.9845834,58,67,85,94,0.48333335,0.55
3,2014-05-31 18:50:00+00:00,1.7308751,1.8380442,1.8380442,58,67,103,112,0.78333336,0.55
3,2014-05-31 18:50:00+00:00,1.6936889,1.872386,1.872386,58,67,112,121,0.93333334,0.55
3,2014-05-31 18:50:00+00:00,2.4370227,2.1799662,2.1799662,67,76,31,40,-0.41588545,0.7710937
3,2014-05-31 18:50:00+00:00,2.105145,1.7927551,1.7927551,67,76,85,94,0.47371796,0.7389424
3,2014-05-31 18:50:00+00:00,1.7337586,1.8073912,1.8073912,67,76,103,112,0.78333336,0.775
3,2014-05-31 18:50:00+00:00,1.6737732,1.8118722,1.8118722,67,76,112,121,0.93333334,0.775
3,2014-05-31 18:50:00+00:00,1.7284509,1.7026618,1.7026618,76,81,112,121,0.93333334,0.95
4,2014-06-03 19:20:00+00:00,2.0171344,2.0634336,2.0634336,13,22,94,103,0.6359375,-0.5636718
4,2014-06-03 19:20:00+00:00,2.4992902,2.3725214,2.3725214,22,31,85,94,0.48489583,-0.34570312
4,2014-06-03 19:20:00+00:00,2.0356207,1.9319383,1.9319383,22,31,94,103,0.6361979,-0.34335938
4,2014-06-03 19:20:00+00:00,1.8975948,1.8929726,1.8929726,22,31,103,112,0.78333336,-0.35000002
4,2014-06-03 19:20:00+00:00,1.856936,2.1089005,2.1089005,22,31,112,121,0.93333334,-0.35000002
4,2014-06-03 19:20:00+00:00,4.055739,3.5928688,3.5928688,31,40,40,49,-0.26302084,-0.11640625
4,2014-06-03 19:20:00+00:00,3.4974542,3.2236454,3.2236454,31,40,49,58,-0.11666667,-0.125
4,2014-06-03 19:20:00+00:00,2.6249173,2.320958,2.320958,31,40,85,94,0.48333335,-0.125
4,2014-06-03 19:20:00+00:00,2.0619087,1.9128766,1.9128766,31,40,94,103,0.6333333,-0.125
4,2014-06-03 19:20:00+00:00,1.868593,1.7902313,1.7902313,31,40,103,112,0.78333336,-0.125
4,2014-06-03 19:20:00+00:00,1.8032355,1.9512415,1.9512415,31,40,112,121,0.93333334,-0.125
4,2014-06-03 19:20:00+00:00,4.5979986,3.943867,3.943867,40,49,13,22,-0.7166667,0.10273437
4,2014-06-03 19:20:00+00:00,4.365108,4.000478,4.000478,40,49,22,31,-0.56666666,0.099999994
4,2014-06-03 19:20:00+00:00,2.7015839,3.712389,3.712389,40,49,31,40,-0.4166667,0.099999994
4,2014-06-03 19:20:00+00:00,2.4036725,3.0121753,3.0121753,40,49,40,49,-0.26666665,0.099999994
4,2014-06-03 19:20:00+00:00,2.3273816,2.7176335,2.7176335,40,49,49,58,-0.11666667,0.099999994
4,2014-06-03 19:20:00+00:00,2.2949908,2.783876,2.783876,40,49,58,67,0.028645834,0.10078125
4,2014-06-03 19:20:00+00:00,2.6271887,2.7925453,2.7925453,40,49,67,76,0.18750001,0.10429688
4,2014-06-03 19:20:00+00:00,2.126739,1.9779398,1.9779398,40,49,94,103,0.6333333,0.099999994
4,2014-06-03 19:20:00+00:00,1.9459156,1.758546,1.758546,40,49,103,112,0.78333336,0.099999994
4,2014-06-03 19:20:00+00:00,1.8039646,1.8946241,1.8946241,40,49,112,121,0.93333334,0.099999994
4,2014-06-03 19:20:00+00:00,4.6164875,3.5681157,3.5681157,49,58,13,22,-0.7164062,0.32382813
4,2014-06-03 19:20:00+00:00,4.0058374,3.342464,3.342464,49,58,22,31,-0.56666666,0.325
4,2014-06-03 19:20:00+00:00,2.6945577,3.0231173,3.0231173,49,58,31,40,-0.4166667,0.325
4,2014-06-03 19:20:00+00:00,2.4406798,2.6004984,2.6004984,49,58,40,49,-0.26666665,0.325
4,2014-06-03 19:20:00+00:00,2.287253,2.3503911,2.3503911,49,58,49,58,-0.11666667,0.325
4,2014-06-03 19:20:00+00:00,2.1606317,2.4329915,2.4329915,49,58,58,67,0.03307292,0.32617188
4,2014-06-03 19:20:00+00:00,2.3323336,2.6299326,2.6299326,49,58,67,76,0.18463542,0.32617188
4,2014-06-03 19:20:00+00:00,2.5215845,2.4531748,2.4531748,49,58,85,94,0.49036458,0.33359373
4,2014-06-03 19:20:00+00:00,2.2447965,2.1561553,2.1561553,49,58,94,103,0.6333333,0.325
4,2014-06-03 19:20:00+00:00,2.0928943,2.0010026,2.0010026,49,58,103,112,0.78333336,0.325
4,2014-06-03 19:20:00+00:00,1.925798,2.053014,2.053014,49,58,112,121,0.93333334,0.325
4,2014-06-03 19:20:00+00:00,4.4807353,2.965973,2.965973,58,67,22,31,-0.55885416,0.54375005
4,2014-06-03 19:20:00+00:00,3.5428894,2.738004,2.738004,58,67,31,40,-0.4166667,0.55
4,2014-06-03 19:20:00+00:00,2.9825714,2.401884,2.401884,58,67,40,49,-0.26666665,0.55
4,2014-06-03 19:20:00+00:00,2.4788742,2.192549,2.192549,58,67,49,58,-0.11666667,0.55
4,2014-06-03 19:20:00+00:00,2.3281221,2.275214,2.275214,58,67,58,67,0.033333335,0.55
4,2014-06-03 19:20:00+00:00,2.194206,2.419285,2.419285,58,67,67,76,0.18333334,0.55
4,2014-06-03 19:20:00+00:00,2.2010338,2.421766,2.421766,58,67,76,85,0.3333333,0.55
4,2014-06-03 19:20:00+00:00,2.2717593,2.2558627,2.2558627,58,67,85,94,0.4825521,0.55
4,2014-06-03 19:20:00+00:00,2.0359824,1.8878949,1.8878949,58,67,103,112,0.78333336,0.55
4,2014-06-03 19:20:00+00:00,1.8376725,1.9665574,1.9665574,58,67,112,121,0.93333334,0.55
4,2014-06-03 19:20:00+00:00,4.527113,2.8568969,2.8568969,67,76,31,40,-0.41848958,0.7671875
4,2014-06-03 19:20:00+00:00,2.0715654,1.8109312,1.8109312,67,76,103,112,0.7838542,0.77304685
4,2014-06-03 19:20:00+00:00,1.8676604,1.8478311,1.8478311,67,76,112,121,0.93333334,0.775
4,2014-06-03 19:20:00+00:00,2.0175574,1.7266351,1.7266351,76,81,112,121,0.93409085,0.9488636
5,2014-06-05 19:10:00+00:00,2.9039059,2.344636,2.344636,13,22,85,94,0.49010417,-0.5589844
5,2014-06-05 19:10:00+00:00,2.2937248,2.0610456,2.0610456,13,22,94,103,0.6333333,-0.575
5,2014-06-05 19:10:00+00:00,2.4424582,1.9923986,1.9923986,13,22,103,112,0.78098965,-0.57109374
5,2014-06-05 19:10:00+00:00,2.2422762,2.4038978,2.4038978,22,31,85,94,0.48333335,-0.35000002
5,2014-06-05 19:10:00+00:00,1.9371067,2.0325844,2.0325844,22,31,94,103,0.6333333,-0.35000002
5,2014-06-05 19:10:00+00:00,1.9555526,1.9201077,1.9201077,22,31,103,112,0.78333336,-0.35000002
5,2014-06-05 19:10:00+00:00,1.9264175,2.106431,2.106431,22,31,112,121,0.93333334,-0.35000002
5,2014-06-05 19:10:00+00:00,2.7888763,3.139069,3.139069,31,40,40,49,-0.26197916,-0.12109375
5,2014-06-05 19:10:00+00:00,2.7725835,2.844324,2.844324,31,40,49,58,-0.11666667,-0.125
5,2014-06-05 19:10:00+00:00,2.4746368,2.9185913,2.9185913,31,40,67,76,0.19062501,-0.13203126
5,2014-06-05 19:10:00+00:00,2.3016698,2.2592988,2.2592988,31,40,85,94,0.48333335,-0.125
5,2014-06-05 19:10:00+00:00,1.8826437,1.9256818,1.9256818,31,40,94,103,0.6333333,-0.125
5,2014-06-05 19:10:00+00:00,1.7751987,1.8191411,1.8191411,31,40,103,112,0.78333336,-0.125
5,2014-06-05 19:10:00+00:00,1.7694918,1.95782,1.95782,31,40,112,121,0.93333334,-0.125
5,2014-06-05 19:10:00+00:00,4.0856714,3.4407296,3.4407296,40,49,13,22,-0.7138021,0.11484375
5,2014-06-05 19:10:00+00:00,3.069123,3.4543128,3.4543128,40,49,22,31,-0.56666666,0.099999994
5,2014-06-05 19:10:00+00:00,2.4805627,3.179879,3.179879,40,49,31,40,-0.4166667,0.099999994
5,2014-06-05 19:10:00+00:00,2.2438853,2.5919268,2.5919268,40,49,40,49,-0.26666665,0.099999994
5,2014-06-05 19:10:00+00:00,2.1075237,2.3593962,2.3593962,40,49,49,58,-0.11666667,0.099999994
5,2014-06-05 19:10:00+00:00,2.139658,2.3923423,2.3923423,40,49,58,67,0.03151042,0.10195313
5,2014-06-05 19:10:00+00:00,2.196277,2.5189915,2.5189915,40,49,67,76,0.18359375,0.10820312
5,2014-06-05 19:10:00+00:00,2.0541737,1.9378145,1.9378145,40,49,94,103,0.6333333,0.099999994
5,2014-06-05 19:10:00+00:00,1.82928,1.7537947,1.7537947,40,49,103,112,0.78333336,0.099999994
5,2014-06-05 19:10:00+00:00,1.7110784,1.8677791,1.8677791,40,49,112,121,0.93333334,0.099999994
5,2014-06-05 19:10:00+00:00,3.7594702,3.019004,3.019004,49,58,13,22,-0.7169271,0.32421875
5,2014-06-05 19:10:00+00:00,2.630324,2.7849886,2.7849886,49,58,22,31,-0.56666666,0.325
5,2014-06-05 19:10:00+00:00,2.3277175,2.497595,2.497595,49,58,31,40,-0.4166667,0.325
5,2014-06-05 19:10:00+00:00,2.2368095,2.1789336,2.1789336,49,58,40,49,-0.26666665,0.325
5,2014-06-05 19:10:00+00:00,2.0621722,1.9912124,1.9912124,49,58,49,58,-0.11666667,0.325
5,2014-06-05 19:10:00+00:00,1.992548,2.0538025,2.0538025,49,58,58,67,0.033333335,0.325
5,2014-06-05 19:10:00+00:00,2.0778978,2.273299,2.273299,49,58,67,76,0.18333334,0.325
5,2014-06-05 19:10:00+00:00,2.206718,2.2418861,2.2418861,49,58,85,94,0.4901042,0.33398438
5,2014-06-05 19:10:00+00:00,1.9394714,2.0186465,2.0186465,49,58,94,103,0.6333333,0.325
5,2014-06-05 19:10:00+00:00,1.8720602,1.9015946,1.9015946,49,58,103,112,0.78333336,0.325
5,2014-06-05 19:10:00+00:00,1.7231662,1.9406855,1.9406855,49,58,112,121,0.93333334,0.325
5,2014-06-05 19:10:00+00:00,2.90812,2.502656,2.502656,58,67,22,31,-0.56041664,0.5414063
5,2014-06-05 19:10:00+00:00,2.509004,2.3254614,2.3254614,58,67,31,40,-0.4166667,0.55
5,2014-06-05 19:10:00+00:00,2.5214288,2.074274,2.074274,58,67,40,49,-0.26666665,0.55
5,2014-06-05 19:10:00+00:00,2.49725,1.9160693,1.9160693,58,67,49,58,-0.11666667,0.55
5,2014-06-05 19:10:00+00:00,2.1670444,1.9960824,1.9960824,58,67,58,67,0.033333335,0.55
5,2014-06-05 19:10:00+00:00,1.9892192,2.149909,2.149909,58,67,67,76,0.18333334,0.55
5,2014-06-05 19:10:00+00:00,1.935084,2.1963465,2.1963465,58,67,76,85,0.3333333,0.55
5,2014-06-05 19:10:00+00:00,2.055088,2.1095188,2.1095188,58,67,85,94,0.48333335,0.55
5,2014-06-05 19:10:00+00:00,2.0699549,1.9044824,1.9044824,58,67,94,103,0.6341146,0.53945315
5,2014-06-05 19:10:00+00:00,1.6839976,1.8367242,1.8367242,58,67,103,112,0.78333336,0.55
5,2014-06-05 19:10:00+00:00,1.6291972,1.9000415,1.9000415,58,67,112,121,0.93333334,0.55
5,2014-06-05 19:10:00+00:00,2.577797,2.453781,2.453781,67,76,31,40,-0.4166667,0.7714844
5,2014-06-05 19:10:00+00:00,1.6623799,1.7720695,1.7720695,67,76,103,112,0.78333336,0.775
5,2014-06-05 19:10:00+00:00,1.591227,1.8026493,1.8026493,67,76,112,121,0.93333334,0.775
5,2014-06-05 19:10:00+00:00,1.725025,1.7063413,1.7063413,76,81,112,121,0.93333334,0.95
6,2014-06-07 18:55:00+00:00,2.0388558,1.910024,1.910024,13,22,94,103,0.6333333,-0.575
6,2014-06-07 18:55:00+00:00,2.2186682,1.9669421,1.9669421,13,22,103,112,0.7828125,-0.5726563
6,2014-06-07 18:55:00+00:00,1.9524354,2.0555747,2.0555747,22,31,85,94,0.48333335,-0.35000002
6,2014-06-07 18:55:00+00:00,1.7701651,1.9025015,1.9025015,22,31,94,103,0.6333333,-0.35000002
6,2014-06-07 18:55:00+00:00,1.7525442,1.9139292,1.9139292,22,31,103,112,0.78333336,-0.35000002
6,2014-06-07 18:55:00+00:00,1.7386724,2.022324,2.022324,22,31,112,121,0.93333334,-0.35000002
6,2014-06-07 18:55:00+00:00,2.278646,2.341318,2.341318,31,40,40,49,-0.26276043,-0.119140625
6,2014-06-07 18:55:00+00:00,1.9980122,2.1244063,2.1244063,31,40,49,58,-0.11666667,-0.125
6,2014-06-07 18:55:00+00:00,1.9728906,2.1900024,2.1900024,31,40,58,67,0.025520835,-0.12890625
6,2014-06-07 18:55:00+00:00,1.9662894,1.9238067,1.9238067,31,40,85,94,0.48333335,-0.125
6,2014-06-07 18:55:00+00:00,1.9060014,1.8205926,1.8205926,31,40,94,103,0.6333333,-0.125
6,2014-06-07 18:55:00+00:00,1.672944,1.8397907,1.8397907,31,40,103,112,0.78333336,-0.125
6,2014-06-07 18:55:00+00:00,1.6493733,1.9105877,1.9105877,31,40,112,121,0.93333334,-0.125
6,2014-06-07 18:55:00+00:00,2.2331378,2.3905725,2.3905725,40,49,22,31,-0.56666666,0.099999994
6,2014-06-07 18:55:00+00:00,1.8603245,2.1961336,2.1961336,40,49,31,40,-0.4166667,0.099999994
6,2014-06-07 18:55:00+00:00,1.7850325,1.9836856,1.9836856,40,49,40,49,-0.26666665,0.099999994
6,2014-06-07 18:55:00+00:00,1.682318,1.8354183,1.8354183,40,49,49,58,-0.12161458,0.09023437
6,2014-06-07 18:55:00+00:00,2.254241,1.9000465,1.9000465,40,49,85,94,0.4893229,0.09101562
6,2014-06-07 18:55:00+00:00,1.9651643,1.804318,1.804318,40,49,94,103,0.6333333,0.099999994
6,2014-06-07 18:55:00+00:00,1.9331033,1.7721326,1.7721326,40,49,103,112,0.78333336,0.099999994
6,2014-06-07 18:55:00+00:00,1.6675757,1.8206642,1.8206642,40,49,112,121,0.93333334,0.099999994
6,2014-06-07 18:55:00+00:00,2.1862972,2.3784378,2.3784378,49,58,13,22,-0.72057295,0.30898437
6,2014-06-07 18:55:00+00:00,1.9442637,2.0551305,2.0551305,49,58,22,31,-0.5653646,0.32109374
6,2014-06-07 18:55:00+00:00,1.7337594,1.7018152,1.7018152,49,58,58,67,0.033333335,0.325
6,2014-06-07 18:55:00+00:00,1.7493359,1.884863,1.884863,49,58,67,76,0.18333334,0.325
6,2014-06-07 18:55:00+00:00,2.4155827,1.9495609,1.9495609,49,58,85,94,0.4921875,0.33164063
6,2014-06-07 18:55:00+00:00,2.0233674,1.9021182,1.9021182,49,58,94,103,0.6333333,0.325
6,2014-06-07 18:55:00+00:00,1.9833995,1.9066125,1.9066125,49,58,103,112,0.78333336,0.325
6,2014-06-07 18:55:00+00:00,1.8514342,1.8963505,1.8963505,49,58,112,121,0.93333334,0.325
6,2014-06-07 18:55:00+00:00,1.8847339,1.9110254,1.9110254,58,67,31,40,-0.41666666,0.55390626
6,2014-06-07 18:55:00+00:00,1.9695102,1.8157469,1.8157469,58,67,40,49,-0.26666665,0.55
6,2014-06-07 18:55:00+00:00,2.0497942,1.6922821,1.6922821,58,67,49,58,-0.11666667,0.55
6,2014-06-07 18:55:00+00:00,2.1405792,1.744487,1.744487,58,67,58,67,0.033333335,0.55
6,2014-06-07 18:55:00+00:00,1.9917176,1.8950005,1.8950005,58,67,67,76,0.18333334,0.55
6,2014-06-07 18:55:00+00:00,1.9604237,1.9420269,1.9420269,58,67,76,85,0.3333333,0.55
6,2014-06-07 18:55:00+00:00,1.9915315,1.9570825,1.9570825,58,67,85,94,0.48333335,0.55
6,2014-06-07 18:55:00+00:00,2.058443,1.8791478,1.8791478,58,67,94,103,0.6330729,0.53945315
6,2014-06-07 18:55:00+00:00,1.873442,1.920204,1.920204,58,67,103,112,0.78333336,0.55
6,2014-06-07 18:55:00+00:00,1.871624,1.9337803,1.9337803,58,67,112,121,0.93333334,0.55
6,2014-06-07 18:55:00+00:00,1.7359923,1.862754,1.862754,67,76,103,112,0.78333336,0.775
6,2014-06-07 18:55:00+00:00,1.5426991,1.8486001,1.8486001,67,76,112,121,0.93333334,0.775
6,2014-06-07 18:55:00+00:00,1.6243328,1.7873765,1.7873765,76,81,112,121,0.93333334,0.95
7,2014-06-14 19:00:00+00:00,2.288407,1.9829922,1.9829922,13,22,94,103,0.634375,-0.5738281
7,2014-06-14 19:00:00+00:00,2.2648723,1.9145073,1.9145073,13,22,103,112,0.7830729,-0.57304686
7,2014-06-14 19:00:00+00:00,2.3529375,2.3540137,2.3540137,22,31,85,94,0.48333335,-0.35000002
7,2014-06-14 19:00:00+00:00,1.9285256,1.982344,1.982344,22,31,94,103,0.6333333,-0.35000002
7,2014-06-14 19:00:00+00:00,1.7927442,1.8674245,1.8674245,22,31,103,112,0.78333336,-0.35000002
7,2014-06-14 19:00:00+00:00,1.776971,2.0584056,2.0584056,22,31,112,121,0.93333334,-0.35000002
7,2014-06-14 19:00:00+00:00,2.4958498,3.0343862,3.0343862,31,40,40,49,-0.26276043,-0.1203125
7,2014-06-14 19:00:00+00:00,2.4966905,2.763675,2.763675,31,40,49,58,-0.11666667,-0.125
7,2014-06-14 19:00:00+00:00,2.7883437,2.8569188,2.8569188,31,40,58,67,0.022916665,-0.128125
7,2014-06-14 19:00:00+00:00,2.1803374,2.1568081,2.1568081,31,40,85,94,0.48333335,-0.125
7,2014-06-14 19:00:00+00:00,1.8173933,1.8328695,1.8328695,31,40,94,103,0.6333333,-0.125
7,2014-06-14 19:00:00+00:00,1.7141396,1.7336576,1.7336576,31,40,103,112,0.78333336,-0.125
7,2014-06-14 19:00:00+00:00,1.6078992,1.8775992,1.8775992,31,40,112,121,0.93333334,-0.125
7,2014-06-14 19:00:00+00:00,3.3461807,3.330747,3.330747,40,49,13,22,-0.7135416,0.115624994
7,2014-06-14 19:00:00+00:00,2.7702966,3.318712,3.318712,40,49,22,31,-0.56666666,0.099999994
7,2014-06-14 19:00:00+00:00,2.468196,3.0403852,3.0403852,40,49,31,40,-0.4166667,0.099999994
7,2014-06-14 19:00:00+00:00,2.406132,2.5119894,2.5119894,40,49,40,49,-0.26666665,0.099999994
7,2014-06-14 19:00:00+00:00,2.3311615,2.2930212,2.2930212,40,49,49,58,-0.11666667,0.099999994
7,2014-06-14 19:00:00+00:00,2.3783329,2.3228953,2.3228953,40,49,58,67,0.032552086,0.10078125
7,2014-06-14 19:00:00+00:00,2.3055103,2.3916779,2.3916779,40,49,67,76,0.19322917,0.109375
7,2014-06-14 19:00:00+00:00,2.2279835,2.1033392,2.1033392,40,49,85,94,0.48828125,0.09257812
7,2014-06-14 19:00:00+00:00,1.8402205,1.8268414,1.8268414,40,49,94,103,0.6333333,0.099999994
7,2014-06-14 19:00:00+00:00,1.7743236,1.6569117,1.6569117,40,49,103,112,0.78333336,0.099999994
7,2014-06-14 19:00:00+00:00,1.5972592,1.7751323,1.7751323,40,49,112,121,0.93333334,0.099999994
7,2014-06-14 19:00:00+00:00,3.256552,2.8990617,2.8990617,49,58,13,22,-0.71666664,0.325
7,2014-06-14 19:00:00+00:00,2.4337206,2.7242033,2.7242033,49,58,22,31,-0.56666666,0.325
7,2014-06-14 19:00:00+00:00,2.4537258,2.4413607,2.4413607,49,58,31,40,-0.4166667,0.325
7,2014-06-14 19:00:00+00:00,2.294695,2.1543086,2.1543086,49,58,40,49,-0.26666665,0.325
7,2014-06-14 19:00:00+00:00,2.2122686,1.9750167,1.9750167,49,58,49,58,-0.11666667,0.325
7,2014-06-14 19:00:00+00:00,2.2168028,2.0369656,2.0369656,49,58,58,67,0.033333335,0.325
7,2014-06-14 19:00:00+00:00,2.2318254,2.2445803,2.2445803,49,58,67,76,0.18333334,0.325
7,2014-06-14 19:00:00+00:00,2.1760192,2.1417105,2.1417105,49,58,85,94,0.4903646,0.33203125
7,2014-06-14 19:00:00+00:00,1.8812248,1.9250193,1.9250193,49,58,94,103,0.6333333,0.325
7,2014-06-14 19:00:00+00:00,1.7477497,1.8142236,1.8142236,49,58,103,112,0.78333336,0.325
7,2014-06-14 19:00:00+00:00,1.5642842,1.8587005,1.8587005,49,58,112,121,0.93333334,0.325
7,2014-06-14 19:00:00+00:00,2.755488,2.4945743,2.4945743,58,67,22,31,-0.56041664,0.5414063
7,2014-06-14 19:00:00+00:00,2.5222507,2.3155503,2.3155503,58,67,31,40,-0.4166667,0.55
7,2014-06-14 19:00:00+00:00,2.3320744,2.0841055,2.0841055,58,67,40,49,-0.26666665,0.55
7,2014-06-14 19:00:00+00:00,2.3606756,1.93393,1.93393,58,67,49,58,-0.11666667,0.55
7,2014-06-14 19:00:00+00:00,2.3293414,2.0124218,2.0124218,58,67,58,67,0.033333335,0.55
7,2014-06-14 19:00:00+00:00,2.218334,2.159767,2.159767,58,67,67,76,0.18333334,0.55
7,2014-06-14 19:00:00+00:00,2.156814,2.17012,2.17012,58,67,76,85,0.3333333,0.55
7,2014-06-14 19:00:00+00:00,2.075161,2.068479,2.068479,58,67,85,94,0.48333335,0.55
7,2014-06-14 19:00:00+00:00,2.0332718,1.8331366,1.8331366,58,67,94,103,0.63359374,0.5378907
7,2014-06-14 19:00:00+00:00,1.6280416,1.7863677,1.7863677,58,67,103,112,0.78333336,0.55
7,2014-06-14 19:00:00+00:00,1.5223533,1.8562976,1.8562976,58,67,112,121,0.93333334,0.55
7,2014-06-14 19:00:00+00:00,2.4955664,2.3924708,2.3924708,67,76,31,40,-0.41614586,0.7699219
7,2014-06-14 19:00:00+00:00,1.6090099,1.6969724,1.6969724,67,76,103,112,0.78333336,0.775
7,2014-06-14 19:00:00+00:00,1.5095277,1.7343186,1.7343186,67,76,112,121,0.93333334,0.775
7,2014-06-14 19:00:00+00:00,1.6655889,1.6176099,1.6176099,76,81,112,121,0.93333334,0.95
8,2014-06-16 18:50:00+00:00,1.596574,1.750207,1.750207,22,31,85,94,0.484375,-0.34609377
8,2014-06-16 18:50:00+00:00,1.3723654,1.4794875,1.4794875,22,31,94,103,0.6304687,-0.34375
8,2014-06-16 18:50:00+00:00,1.6426781,2.0544055,2.0544055,31,40,49,58,-0.11354166,-0.11445312
8,2014-06-16 18:50:00+00:00,1.8793969,2.0867002,2.0867002,31,40,58,67,0.025260419,-0.12656249
8,2014-06-16 18:50:00+00:00,1.6758631,1.6538317,1.6538317,31,40,85,94,0.48333335,-0.125
8,2014-06-16 18:50:00+00:00,1.4501119,1.4408044,1.4408044,31,40,94,103,0.6333333,-0.125
8,2014-06-16 18:50:00+00:00,1.4214737,1.3985538,1.3985538,31,40,103,112,0.78333336,-0.125
8,2014-06-16 18:50:00+00:00,1.3898413,1.4956377,1.4956377,31,40,112,121,0.9341146,-0.12382813
8,2014-06-16 18:50:00+00:00,2.1365576,2.5598726,2.5598726,40,49,22,31,-0.56640625,0.1
8,2014-06-16 18:50:00+00:00,1.9681106,2.3606057,2.3606057,40,49,31,40,-0.4166667,0.099999994
8,2014-06-16 18:50:00+00:00,1.8170437,1.9825121,1.9825121,40,49,40,49,-0.26510417,0.10234375
8,2014-06-16 18:50:00+00:00,1.7483716,1.7630513,1.7630513,40,49,49,58,-0.11666667,0.099999994
8,2014-06-16 18:50:00+00:00,1.9361061,1.8072122,1.8072122,40,49,58,67,0.031510416,0.10195312
8,2014-06-16 18:50:00+00:00,1.8909792,1.9250705,1.9250705,40,49,67,76,0.19140626,0.1109375
8,2014-06-16 18:50:00+00:00,1.8921293,1.7314558,1.7314558,40,49,85,94,0.49088544,0.09296875
8,2014-06-16 18:50:00+00:00,1.6010566,1.5290216,1.5290216,40,49,94,103,0.6333333,0.099999994
8,2014-06-16 18:50:00+00:00,1.5263506,1.4162185,1.4162185,40,49,103,112,0.78333336,0.099999994
8,2014-06-16 18:50:00+00:00,1.4647171,1.4937334,1.4937334,40,49,112,121,0.93333334,0.099999994
8,2014-06-16 18:50:00+00:00,2.2075944,2.2258558,2.2258558,49,58,22,31,-0.5614583,0.31992185
8,2014-06-16 18:50:00+00:00,2.0880167,2.0476084,2.0476084,49,58,31,40,-0.4166667,0.325
8,2014-06-16 18:50:00+00:00,1.9768945,1.8527534,1.8527534,49,58,40,49,-0.26666665,0.325
8,2014-06-16 18:50:00+00:00,1.8116755,1.6630422,1.6630422,49,58,49,58,-0.11666667,0.325
8,2014-06-16 18:50:00+00:00,1.88546,1.7284396,1.7284396,49,58,58,67,0.032291666,0.32578123
8,2014-06-16 18:50:00+00:00,1.9880145,1.9297618,1.9297618,49,58,67,76,0.18333334,0.325
8,2014-06-16 18:50:00+00:00,1.9906595,1.9045562,1.9045562,49,58,85,94,0.4921875,0.33164063
8,2014-06-16 18:50:00+00:00,1.8080196,1.7499905,1.7499905,49,58,94,103,0.6333333,0.325
8,2014-06-16 18:50:00+00:00,1.7323099,1.6643366,1.6643366,49,58,103,112,0.78333336,0.325
8,2014-06-16 18:50:00+00:00,1.6086837,1.6777565,1.6777565,49,58,112,121,0.93333334,0.325
8,2014-06-16 18:50:00+00:00,2.2826662,1.9502187,1.9502187,58,67,31,40,-0.415625,0.5480469
8,2014-06-16 18:50:00+00:00,2.0920153,1.8087571,1.8087571,58,67,40,49,-0.2671875,0.5476563
8,2014-06-16 18:50:00+00:00,1.9827017,1.6367201,1.6367201,58,67,49,58,-0.11666667,0.55
8,2014-06-16 18:50:00+00:00,2.0328405,1.7106383,1.7106383,58,67,58,67,0.033333335,0.55
8,2014-06-16 18:50:00+00:00,2.0336058,1.8522557,1.8522557,58,67,67,76,0.18333334,0.55
8,2014-06-16 18:50:00+00:00,2.0361338,1.8688937,1.8688937,58,67,76,85,0.3333333,0.55
8,2014-06-16 18:50:00+00:00,1.9991493,1.8197433,1.8197433,58,67,85,94,0.48333335,0.55
8,2014-06-16 18:50:00+00:00,1.8116683,1.6097431,1.6097431,58,67,103,112,0.78333336,0.55
8,2014-06-16 18:50:00+00:00,1.6203095,1.6493887,1.6493887,58,67,112,121,0.93333334,0.55
8,2014-06-16 18:50:00+00:00,2.1733024,1.5736612,1.5736612,67,76,85,94,0.47403845,0.7389424
8,2014-06-16 18:50:00+00:00,1.7220131,1.5171193,1.5171193,67,76,103,112,0.78333336,0.775
8,2014-06-16 18:50:00+00:00,1.5743601,1.5259731,1.5259731,67,76,112,121,0.93333334,0.775
8,2014-06-16 18:50:00+00:00,1.4774818,1.4356852,1.4356852,76,81,112,121,0.93333334,0.95
9,2014-06-21 19:10:00+00:00,2.23615,2.0491445,2.0491445,31,40,85,94,0.48619792,-0.11992187
9,2014-06-21 19:10:00+00:00,1.6170404,1.5498514,1.5498514,31,40,94,103,0.63385415,-0.124218754
9,2014-06-21 19:10:00+00:00,1.505334,1.3528699,1.3528699,31,40,103,112,0.78333336,-0.125
9,2014-06-21 19:10:00+00:00,1.7614048,1.4866865,1.4866865,31,40,112,121,0.93333334,-0.125
9,2014-06-21 19:10:00+00:00,2.6492858,3.520571,3.520571,40,49,31,40,-0.4140625,0.0953125
9,2014-06-21 19:10:00+00:00,2.4748218,2.656994,2.656994,40,49,40,49,-0.26666665,0.099999994
9,2014-06-21 19:10:00+00:00,2.311213,2.3369436,2.3369436,40,49,49,58,-0.11666667,0.099999994
9,2014-06-21 19:10:00+00:00,2.2332969,2.1490345,2.1490345,40,49,85,94,0.48515624,0.09726562
9,2014-06-21 19:10:00+00:00,1.781978,1.6416159,1.6416159,40,49,94,103,0.6333333,0.099999994
9,2014-06-21 19:10:00+00:00,1.4045607,1.362748,1.362748,40,49,103,112,0.78333336,0.099999994
9,2014-06-21 19:10:00+00:00,1.4380988,1.4727606,1.4727606,40,49,112,121,0.93333334,0.099999994
9,2014-06-21 19:10:00+00:00,3.024631,3.0044518,3.0044518,49,58,22,31,-0.56354165,0.3226562
9,2014-06-21 19:10:00+00:00,2.6551132,2.6740832,2.6740832,49,58,31,40,-0.4166667,0.325
9,2014-06-21 19:10:00+00:00,2.4079077,2.2070928,2.2070928,49,58,40,49,-0.26666665,0.325
9,2014-06-21 19:10:00+00:00,2.2170494,1.9537002,1.9537002,49,58,49,58,-0.11666667,0.325
9,2014-06-21 19:10:00+00:00,2.4009094,2.3568053,2.3568053,49,58,67,76,0.18333334,0.325
9,2014-06-21 19:10:00+00:00,2.2381976,2.1111457,2.1111457,49,58,85,94,0.4921875,0.32695314
9,2014-06-21 19:10:00+00:00,2.191998,1.7748716,1.7748716,49,58,94,103,0.6333333,0.325
9,2014-06-21 19:10:00+00:00,1.5542033,1.5717422,1.5717422,49,58,103,112,0.78333336,0.325
9,2014-06-21 19:10:00+00:00,1.2707052,1.6008629,1.6008629,49,58,112,121,0.93333334,0.325
9,2014-06-21 19:10:00+00:00,2.4021647,2.3367488,2.3367488,58,67,31,40,-0.41562504,0.54648435
9,2014-06-21 19:10:00+00:00,2.2324715,2.0001562,2.0001562,58,67,40,49,-0.26666665,0.55
9,2014-06-21 19:10:00+00:00,2.1995711,1.8011737,1.8011737,58,67,49,58,-0.1171875,0.5488281
9,2014-06-21 19:10:00+00:00,2.3218555,1.9558668,1.9558668,58,67,58,67,0.033333335,0.55
9,2014-06-21 19:10:00+00:00,2.370871,2.117429,2.117429,58,67,67,76,0.18333334,0.55
9,2014-06-21 19:10:00+00:00,2.3128357,2.1482606,2.1482606,58,67,76,85,0.3333333,0.55
9,2014-06-21 19:10:00+00:00,2.300571,1.9478338,1.9478338,58,67,85,94,0.48333335,0.55
9,2014-06-21 19:10:00+00:00,1.5795261,1.4497519,1.4497519,58,67,103,112,0.78333336,0.55
9,2014-06-21 19:10:00+00:00,1.2484406,1.5115331,1.5115331,58,67,112,121,0.93333334,0.55
9,2014-06-21 19:10:00+00:00,1.1601584,1.3643477,1.3643477,67,76,112,121,0.9330729,0.77070314
10,2014-06-28 19:15:00+00:00,1.5436097,1.6489482,1.6489482,22,31,103,112,0.78333336,-0.35000002
10,2014-06-28 19:15:00+00:00,1.5561957,1.8290777,1.8290777,22,31,112,121,0.93333334,-0.35000002
10,2014-06-28 19:15:00+00:00,1.9734895,2.0820167,2.0820167,31,40,85,94,0.48333335,-0.125
10,2014-06-28 19:15:00+00:00,1.6027213,1.6821635,1.6821635,31,40,94,103,0.6333333,-0.125
10,2014-06-28 19:15:00+00:00,1.5871706,1.554649,1.554649,31,40,103,112,0.78333336,-0.125
10,2014-06-28 19:15:00+00:00,1.5501897,1.6840752,1.6840752,31,40,112,121,0.93333334,-0.125
10,2014-06-28 19:15:00+00:00,1.9728496,2.1107633,2.1107633,40,49,85,94,0.48776042,0.088281244
10,2014-06-28 19:15:00+00:00,1.7580904,1.7197559,1.7197559,40,49,94,103,0.6333333,0.099999994
10,2014-06-28 19:15:00+00:00,1.7222458,1.5157787,1.5157787,40,49,103,112,0.78333336,0.099999994
10,2014-06-28 19:15:00+00:00,1.5688678,1.6203535,1.6203535,40,49,112,121,0.93333334,0.099999994
10,2014-06-28 19:15:00+00:00,2.1295967,2.1204352,2.1204352,49,58,40,49,-0.26354164,0.33242187
10,2014-06-28 19:15:00+00:00,2.058353,1.9458175,1.9458175,49,58,49,58,-0.11666667,0.325
10,2014-06-28 19:15:00+00:00,1.9883324,2.0079136,2.0079136,49,58,58,67,0.034635417,0.32734373
10,2014-06-28 19:15:00+00:00,2.1151898,2.2457025,2.2457025,49,58,67,76,0.18333334,0.325
10,2014-06-28 19:15:00+00:00,2.0755572,1.8275199,1.8275199,49,58,94,103,0.6333333,0.325
10,2014-06-28 19:15:00+00:00,1.8887124,1.685662,1.685662,49,58,103,112,0.78333336,0.325
10,2014-06-28 19:15:00+00:00,1.5548539,1.7167088,1.7167088,49,58,112,121,0.93333334,0.325
10,2014-06-28 19:15:00+00:00,2.1884844,2.0296814,2.0296814,58,67,40,49,-0.26015627,0.5523437
10,2014-06-28 19:15:00+00:00,2.2243524,1.8750091,1.8750091,58,67,49,58,-0.11822917,0.54609376
10,2014-06-28 19:15:00+00:00,2.1220636,1.9612155,1.9612155,58,67,58,67,0.034114584,0.54609376
10,2014-06-28 19:15:00+00:00,2.1901355,2.1077557,2.1077557,58,67,67,76,0.18333334,0.55
10,2014-06-28 19:15:00+00:00,2.1855178,2.1219056,2.1219056,58,67,76,85,0.3333333,0.55
10,2014-06-28 19:15:00+00:00,2.2302737,1.9924029,1.9924029,58,67,85,94,0.4778646,0.54414064
10,2014-06-28 19:15:00+00:00,1.79582,1.6221433,1.6221433,58,67,103,112,0.78333336,0.55
10,2014-06-28 19:15:00+00:00,1.4059998,1.6806325,1.6806325,58,67,112,121,0.93333334,0.55
10,2014-06-28 19:15:00+00:00,1.4449631,1.5345075,1.5345075,67,76,103,112,0.78333336,0.775
10,2014-06-28 19:15:00+00:00,1.1743709,1.5579517,1.5579517,67,76,112,121,0.93333334,0.775
10,2014-06-28 19:15:00+00:00,0.86716187,1.4496695,1.4496695,76,81,112,121,0.93333334,0.95
11,2014-07-02 18:50:00+00:00,1.7282275,2.068874,2.068874,22,31,85,94,0.48203123,-0.34570312
11,2014-07-02 18:50:00+00:00,1.6509076,1.7126626,1.7126626,31,40,94,103,0.6333333,-0.125
11,2014-07-02 18:50:00+00:00,1.753221,1.8348615,1.8348615,40,49,94,103,0.6403646,0.10273437
11,2014-07-02 18:50:00+00:00,1.7773793,1.6343887,1.6343887,40,49,103,112,0.78333336,0.099999994
11,2014-07-02 18:50:00+00:00,1.6527553,1.7023885,1.7023885,40,49,112,121,0.93333334,0.099999994
11,2014-07-02 18:50:00+00:00,1.8048518,1.8335533,1.8335533,49,58,112,121,0.93333334,0.325
11,2014-07-02 18:50:00+00:00,2.1630745,2.0258093,2.0258093,58,67,85,94,0.48333335,0.55
11,2014-07-02 18:50:00+00:00,1.9979726,1.6161225,1.6161225,67,76,103,112,0.7877604,0.7675781
11,2014-07-02 18:50:00+00:00,1.9661667,1.6706272,1.6706272,67,76,112,121,0.9328125,0.7894531
11,2014-07-02 18:50:00+00:00,1.7894408,1.5999877,1.5999877,76,81,112,121,0.93333334,0.95
12,2014-07-04 18:35:00+00:00,1.8768338,1.900284,1.900284,13,22,94,103,0.6333333,-0.575
12,2014-07-04 18:35:00+00:00,2.0434182,1.9678764,1.9678764,13,22,103,112,0.78307295,-0.5738281
12,2014-07-04 18:35:00+00:00,1.9393401,2.0097609,2.0097609,22,31,85,94,0.48333335,-0.35000002
12,2014-07-04 18:35:00+00:00,1.740442,1.8525983,1.8525983,22,31,94,103,0.6333333,-0.35000002
12,2014-07-04 18:35:00+00:00,1.7234747,1.8727355,1.8727355,22,31,103,112,0.78333336,-0.35000002
12,2014-07-04 18:35:00+00:00,1.7077843,1.9866959,1.9866959,22,31,112,121,0.93333334,-0.35000002
12,2014-07-04 18:35:00+00:00,2.1053298,2.4741862,2.4741862,31,40,40,49,-0.26276043,-0.119140625
12,2014-07-04 18:35:00+00:00,2.0546892,2.2114387,2.2114387,31,40,49,58,-0.11666667,-0.125
12,2014-07-04 18:35:00+00:00,2.1636858,2.2054675,2.2054675,31,40,58,67,0.028125,-0.12656249
12,2014-07-04 18:35:00+00:00,2.1503613,2.234313,2.234313,31,40,67,76,0.19088541,-0.12929687
12,2014-07-04 18:35:00+00:00,1.6310371,1.848664,1.848664,31,40,85,94,0.4841146,-0.12734374
12,2014-07-04 18:35:00+00:00,1.6810341,1.7501359,1.7501359,31,40,94,103,0.6333333,-0.125
12,2014-07-04 18:35:00+00:00,1.6825289,1.7849522,1.7849522,31,40,103,112,0.78333336,-0.125
12,2014-07-04 18:35:00+00:00,1.6381525,1.8596394,1.8596394,31,40,112,121,0.93333334,-0.125
12,2014-07-04 18:35:00+00:00,3.3836167,2.6720743,2.6720743,40,49,13,22,-0.71458334,0.115624994
12,2014-07-04 18:35:00+00:00,2.4144187,2.547505,2.547505,40,49,22,31,-0.56666666,0.099999994
12,2014-07-04 18:35:00+00:00,2.2383168,2.3617258,2.3617258,40,49,31,40,-0.4166667,0.099999994
12,2014-07-04 18:35:00+00:00,2.1455486,2.1273525,2.1273525,40,49,40,49,-0.26666665,0.099999994
12,2014-07-04 18:35:00+00:00,2.0891964,1.9108918,1.9108918,40,49,49,58,-0.11666667,0.099999994
12,2014-07-04 18:35:00+00:00,2.0224009,1.9169527,1.9169527,40,49,58,67,0.03046875,0.10195312
12,2014-07-04 18:35:00+00:00,1.8443261,1.998158,1.998158,40,49,67,76,0.19322917,0.109375
12,2014-07-04 18:35:00+00:00,1.7499446,1.7654916,1.7654916,40,49,94,103,0.6333333,0.099999994
12,2014-07-04 18:35:00+00:00,1.7422489,1.7463279,1.7463279,40,49,103,112,0.78333336,0.099999994
12,2014-07-04 18:35:00+00:00,1.6828873,1.8005645,1.8005645,40,49,112,121,0.93333334,0.099999994
12,2014-07-04 18:35:00+00:00,2.2352717,2.3038898,2.3038898,49,58,22,31,-0.56666666,0.325
12,2014-07-04 18:35:00+00:00,2.4824703,2.0994833,2.0994833,49,58,31,40,-0.4166667,0.325
12,2014-07-04 18:35:00+00:00,2.549108,1.9837797,1.9837797,49,58,40,49,-0.26666665,0.325
12,2014-07-04 18:35:00+00:00,2.2520475,1.7957376,1.7957376,49,58,49,58,-0.11901042,0.32148436
12,2014-07-04 18:35:00+00:00,1.8287098,1.8429614,1.8429614,49,58,58,67,0.035937503,0.31875
12,2014-07-04 18:35:00+00:00,1.8121719,2.0078545,2.0078545,49,58,85,94,0.4921875,0.33164063
12,2014-07-04 18:35:00+00:00,1.9984189,1.9514148,1.9514148,49,58,94,103,0.6333333,0.325
12,2014-07-04 18:35:00+00:00,2.0144634,1.9582194,1.9582194,49,58,103,112,0.78333336,0.325
12,2014-07-04 18:35:00+00:00,1.9234573,1.9538376,1.9538376,49,58,112,121,0.93333334,0.325
12,2014-07-04 18:35:00+00:00,2.5622237,1.9904399,1.9904399,58,67,40,49,-0.26875,0.54843754
12,2014-07-04 18:35:00+00:00,1.9544377,2.0006433,2.0006433,58,67,85,94,0.48333335,0.55
12,2014-07-04 18:35:00+00:00,1.9838674,1.9568368,1.9568368,58,67,103,112,0.78333336,0.55
12,2014-07-04 18:35:00+00:00,1.8599666,1.9767016,1.9767016,58,67,112,121,0.93333334,0.55
12,2014-07-04 18:35:00+00:00,2.0762496,1.8860677,1.8860677,67,76,103,112,0.78255206,0.7734375
12,2014-07-04 18:35:00+00:00,1.7063955,1.866561,1.866561,67,76,112,121,0.93333334,0.775
12,2014-07-04 18:35:00+00:00,1.684267,1.7818551,1.7818551,76,81,112,121,0.93333334,0.95
15,2014-07-07 19:10:00+00:00,1.6343206,2.270044,2.270044,31,40,85,94,0.49114585,-0.11640625
15,2014-07-07 19:10:00+00:00,2.4803455,2.8123646,2.8123646,40,49,67,76,0.19166668,0.107812494
15,2014-07-07 19:10:00+00:00,1.899682,2.55514,2.55514,40,49,85,94,0.48776042,0.09140624
15,2014-07-07 19:10:00+00:00,1.9443593,2.144893,2.144893,40,49,94,103,0.6333333,0.099999994
15,2014-07-07 19:10:00+00:00,1.5673295,1.9061395,1.9061395,40,49,103,112,0.78333336,0.099999994
15,2014-07-07 19:10:00+00:00,1.4079422,1.9940313,1.9940313,40,49,112,121,0.93333334,0.099999994
15,2014-07-07 19:10:00+00:00,2.9425883,3.083582,3.083582,49,58,31,40,-0.4166667,0.325
15,2014-07-07 19:10:00+00:00,3.1474838,2.6888669,2.6888669,49,58,40,49,-0.26666665,0.325
15,2014-07-07 19:10:00+00:00,3.0707045,2.4242609,2.4242609,49,58,49,58,-0.11666667,0.325
15,2014-07-07 19:10:00+00:00,2.9775789,2.497435,2.497435,49,58,58,67,0.03307292,0.32539064
15,2014-07-07 19:10:00+00:00,2.915249,2.8095832,2.8095832,49,58,67,76,0.18333334,0.325
15,2014-07-07 19:10:00+00:00,2.362127,2.4584749,2.4584749,49,58,94,103,0.6333333,0.325
15,2014-07-07 19:10:00+00:00,2.3015077,2.2777207,2.2777207,49,58,103,112,0.78333336,0.325
15,2014-07-07 19:10:00+00:00,1.936784,2.2773952,2.2773952,49,58,112,121,0.93333334,0.325
15,2014-07-07 19:10:00+00:00,4.001616,2.3414466,2.3414466,58,67,58,67,0.03125,0.5414063
15,2014-07-07 19:10:00+00:00,2.9913127,2.4999719,2.4999719,58,67,67,76,0.18515626,0.5433594
15,2014-07-07 19:10:00+00:00,2.8132925,2.6165614,2.6165614,58,67,76,85,0.3333333,0.55
15,2014-07-07 19:10:00+00:00,2.860722,2.4521224,2.4521224,58,67,85,94,0.48098958,0.54648435
15,2014-07-07 19:10:00+00:00,2.250214,2.0688288,2.0688288,58,67,103,112,0.78333336,0.55
15,2014-07-07 19:10:00+00:00,2.2402253,2.1022055,2.1022055,58,67,112,121,0.93333334,0.55
15,2014-07-07 19:10:00+00:00,1.9010007,1.9356089,1.9356089,67,76,103,112,0.78333336,0.775
15,2014-07-07 19:10:00+00:00,2.0623057,1.9325011,1.9325011,67,76,112,121,0.93333334,0.775
15,2014-07-07 19:10:00+00:00,1.8321863,1.9346899,1.9346899,76,81,112,121,0.93333334,0.95
16,2014-07-09 18:55:00+00:00,2.6373653,2.600846,2.600846,49,58,13,22,-0.71223956,0.31953126
16,2014-07-09 18:55:00+00:00,2.2318015,2.3711934,2.3711934,49,58,22,31,-0.56666666,0.325
16,2014-07-09 18:55:00+00:00,2.2099366,2.1460783,2.1460783,49,58,31,40,-0.4166667,0.325
16,2014-07-09 18:55:00+00:00,2.2622275,1.942422,1.942422,49,58,40,49,-0.26666665,0.325
16,2014-07-09 18:55:00+00:00,2.480482,1.7498261,1.7498261,49,58,49,58,-0.11666667,0.325
16,2014-07-09 18:55:00+00:00,2.267887,1.824943,1.824943,49,58,58,67,0.03203125,0.32578126
16,2014-07-09 18:55:00+00:00,2.0141294,2.00331,2.00331,49,58,67,76,0.18333334,0.325
16,2014-07-09 18:55:00+00:00,1.9192525,1.8646662,1.8646662,49,58,85,94,0.4875,0.3292969
16,2014-07-09 18:55:00+00:00,1.8907795,1.7497888,1.7497888,49,58,94,103,0.6333333,0.325
16,2014-07-09 18:55:00+00:00,1.8240796,1.7232541,1.7232541,49,58,103,112,0.7768229,0.33203125
16,2014-07-09 18:55:00+00:00,1.7464739,1.714286,1.714286,49,58,112,121,0.9333333,0.32578123
16,2014-07-09 18:55:00+00:00,2.7792864,2.0679355,2.0679355,58,67,31,40,-0.41484377,0.5453125
16,2014-07-09 18:55:00+00:00,2.745824,1.902532,1.902532,58,67,40,49,-0.26666665,0.55
16,2014-07-09 18:55:00+00:00,2.4827123,1.7390136,1.7390136,58,67,49,58,-0.11666667,0.55
16,2014-07-09 18:55:00+00:00,2.659597,1.824648,1.824648,58,67,58,67,0.033333335,0.55
16,2014-07-09 18:55:00+00:00,2.140458,1.9545915,1.9545915,58,67,67,76,0.18333334,0.55
16,2014-07-09 18:55:00+00:00,2.0148287,1.947725,1.947725,58,67,76,85,0.3333333,0.55
16,2014-07-09 18:55:00+00:00,2.080674,1.8771892,1.8771892,58,67,85,94,0.48333335,0.55
16,2014-07-09 18:55:00+00:00,1.6100188,1.6884266,1.6884266,58,67,103,112,0.7828125,0.5410156
16,2014-07-09 18:55:00+00:00,1.7053615,1.7191396,1.7191396,58,67,112,121,0.93359375,0.5433594
17,2014-07-11 18:45:00+00:00,1.7651522,1.8688909,1.8688909,22,31,112,121,0.93333334,-0.35000002
17,2014-07-11 18:45:00+00:00,1.6469468,1.8327075,1.8327075,31,40,85,94,0.48333335,-0.125
17,2014-07-11 18:45:00+00:00,1.1548274,1.6128237,1.6128237,31,40,103,112,0.7877604,-0.119140625
17,2014-07-11 18:45:00+00:00,1.411619,1.7361026,1.7361026,31,40,112,121,0.9348958,-0.12890625
17,2014-07-11 18:45:00+00:00,2.3024578,2.0075238,2.0075238,40,49,67,76,0.19192709,0.109375
17,2014-07-11 18:45:00+00:00,1.7446078,1.8250911,1.8250911,40,49,85,94,0.48671874,0.09531249
17,2014-07-11 18:45:00+00:00,1.659826,1.6879609,1.6879609,40,49,94,103,0.6348958,0.09648438
17,2014-07-11 18:45:00+00:00,1.6642945,1.586118,1.586118,40,49,103,112,0.78333336,0.099999994
17,2014-07-11 18:45:00+00:00,1.725214,1.6778107,1.6778107,40,49,112,121,0.9354167,0.10234375
17,2014-07-11 18:45:00+00:00,2.3900204,1.7536418,1.7536418,49,58,103,112,0.78333336,0.325
17,2014-07-11 18:45:00+00:00,2.5966828,1.7750435,1.7750435,49,58,112,121,0.93333334,0.325
17,2014-07-11 18:45:00+00:00,2.2448275,1.73303,1.73303,58,67,103,112,0.77812505,0.5484375
17,2014-07-11 18:45:00+00:00,1.5910424,1.649502,1.649502,67,76,103,112,0.7914063,0.76953125
17,2014-07-11 18:45:00+00:00,2.100011,1.6715268,1.6715268,67,76,112,121,0.93333334,0.775
17,2014-07-11 18:45:00+00:00,1.7302173,1.5733076,1.5733076,76,81,112,121,0.93333334,0.95
18,2014-07-14 19:15:00+00:00,1.4764977,1.3942988,1.3942988,13,22,94,103,0.6333333,-0.575
18,2014-07-14 19:15:00+00:00,1.5083915,1.453858,1.453858,13,22,103,112,0.7828125,-0.5726563
18,2014-07-14 19:15:00+00:00,1.3625034,1.6226854,1.6226854,22,31,85,94,0.48333335,-0.35000002
18,2014-07-14 19:15:00+00:00,1.3750076,1.4434875,1.4434875,22,31,94,103,0.6333333,-0.35000002
18,2014-07-14 19:15:00+00:00,1.3694984,1.4516711,1.4516711,22,31,103,112,0.78333336,-0.35000002
18,2014-07-14 19:15:00+00:00,1.3336079,1.5769113,1.5769113,22,31,112,121,0.93333334,-0.35000002
18,2014-07-14 19:15:00+00:00,1.4440366,2.0521436,2.0521436,31,40,40,49,-0.26302084,-0.119140625
18,2014-07-14 19:15:00+00:00,1.399111,1.7700963,1.7700963,31,40,49,58,-0.11666667,-0.125
18,2014-07-14 19:15:00+00:00,1.5063962,1.8309269,1.8309269,31,40,58,67,0.026041668,-0.12578125
18,2014-07-14 19:15:00+00:00,1.6166319,1.8272119,1.8272119,31,40,67,76,0.19010416,-0.12812501
18,2014-07-14 19:15:00+00:00,1.365436,1.4415686,1.4415686,31,40,85,94,0.48333335,-0.125
18,2014-07-14 19:15:00+00:00,1.2801661,1.3218526,1.3218526,31,40,94,103,0.6333333,-0.125
18,2014-07-14 19:15:00+00:00,1.2398188,1.3570762,1.3570762,31,40,103,112,0.78333336,-0.125
18,2014-07-14 19:15:00+00:00,1.2438537,1.4409395,1.4409395,31,40,112,121,0.93333334,-0.125
18,2014-07-14 19:15:00+00:00,1.7465236,2.097266,2.097266,40,49,22,31,-0.56666666,0.099999994
18,2014-07-14 19:15:00+00:00,1.5275309,1.9346796,1.9346796,40,49,31,40,-0.4166667,0.099999994
18,2014-07-14 19:15:00+00:00,1.5534341,1.745053,1.745053,40,49,40,49,-0.26666665,0.099999994
18,2014-07-14 19:15:00+00:00,1.5715122,1.5438825,1.5438825,40,49,49,58,-0.11666667,0.099999994
18,2014-07-14 19:15:00+00:00,1.5596392,1.5939462,1.5939462,40,49,58,67,0.027604166,0.10585938
18,2014-07-14 19:15:00+00:00,1.6184546,1.66308,1.66308,40,49,67,76,0.18854168,0.10546875
18,2014-07-14 19:15:00+00:00,1.8117329,1.4378675,1.4378675,40,49,85,94,0.48958334,0.09414063
18,2014-07-14 19:15:00+00:00,1.3452177,1.3267717,1.3267717,40,49,94,103,0.6333333,0.099999994
18,2014-07-14 19:15:00+00:00,1.334914,1.3249676,1.3249676,40,49,103,112,0.78333336,0.099999994
18,2014-07-14 19:15:00+00:00,1.3336096,1.3854654,1.3854654,40,49,112,121,0.93333334,0.099999994
18,2014-07-14 19:15:00+00:00,1.9517299,2.0536032,2.0536032,49,58,13,22,-0.71666664,0.325
18,2014-07-14 19:15:00+00:00,1.6129792,1.8346202,1.8346202,49,58,22,31,-0.56666666,0.325
18,2014-07-14 19:15:00+00:00,1.8672867,1.6898412,1.6898412,49,58,31,40,-0.4166667,0.325
18,2014-07-14 19:15:00+00:00,1.8723584,1.6144596,1.6144596,49,58,40,49,-0.26666665,0.325
18,2014-07-14 19:15:00+00:00,1.796636,1.4609032,1.4609032,49,58,49,58,-0.11666667,0.325
18,2014-07-14 19:15:00+00:00,1.7990091,1.5162737,1.5162737,49,58,58,67,0.033333335,0.325
18,2014-07-14 19:15:00+00:00,1.6472312,1.6266598,1.6266598,49,58,67,76,0.18333334,0.325
18,2014-07-14 19:15:00+00:00,1.7090054,1.5077122,1.5077122,49,58,85,94,0.48671877,0.33242187
18,2014-07-14 19:15:00+00:00,1.5228608,1.4397019,1.4397019,49,58,94,103,0.6333333,0.325
18,2014-07-14 19:15:00+00:00,1.4522352,1.4656488,1.4656488,49,58,103,112,0.78333336,0.325
18,2014-07-14 19:15:00+00:00,1.404789,1.4750736,1.4750736,49,58,112,121,0.93333334,0.325
18,2014-07-14 19:15:00+00:00,1.9538287,1.8330667,1.8330667,58,67,22,31,-0.56171876,0.54414064
18,2014-07-14 19:15:00+00:00,1.8111069,1.7075723,1.7075723,58,67,31,40,-0.4166667,0.55
18,2014-07-14 19:15:00+00:00,1.7385006,1.6379324,1.6379324,58,67,40,49,-0.26666665,0.55
18,2014-07-14 19:15:00+00:00,2.2277215,1.5050843,1.5050843,58,67,49,58,-0.11666667,0.55
18,2014-07-14 19:15:00+00:00,1.9795691,1.5688561,1.5688561,58,67,58,67,0.033333335,0.55
18,2014-07-14 19:15:00+00:00,1.8264633,1.6593072,1.6593072,58,67,67,76,0.18333334,0.55
18,2014-07-14 19:15:00+00:00,1.6926974,1.6045485,1.6045485,58,67,76,85,0.3333333,0.55
18,2014-07-14 19:15:00+00:00,1.6850195,1.5726209,1.5726209,58,67,85,94,0.48203126,0.5480469
18,2014-07-14 19:15:00+00:00,1.3596578,1.498595,1.498595,58,67,103,112,0.78333336,0.55
18,2014-07-14 19:15:00+00:00,1.286876,1.5293564,1.5293564,58,67,112,121,0.93333334,0.55
18,2014-07-14 19:15:00+00:00,1.5804803,1.7194792,1.7194792,67,76,31,40,-0.41302085,0.77382815
18,2014-07-14 19:15:00+00:00,1.2695556,1.4092638,1.4092638,67,76,103,112,0.7864584,0.7691406
18,2014-07-14 19:15:00+00:00,1.2115465,1.4220407,1.4220407,67,76,112,121,0.93333334,0.775
18,2014-07-14 19:15:00+00:00,1.1873962,1.2918658,1.2918658,76,81,112,121,0.93333334,0.95
19,2014-07-17 18:05:00+00:00,1.7901843,1.6839675,1.6839675,13,22,94,103,0.6333333,-0.575
19,2014-07-17 18:05:00+00:00,1.568782,1.7049563,1.7049563,13,22,103,112,0.7828125,-0.5726563
19,2014-07-17 18:05:00+00:00,1.6398491,1.9104962,1.9104962,22,31,85,94,0.48333335,-0.35000002
19,2014-07-17 18:05:00+00:00,1.5187635,1.6944593,1.6944593,22,31,94,103,0.6333333,-0.35000002
19,2014-07-17 18:05:00+00:00,1.4793656,1.667085,1.667085,22,31,103,112,0.78333336,-0.35000002
19,2014-07-17 18:05:00+00:00,1.4780763,1.8044382,1.8044382,22,31,112,121,0.93333334,-0.35000002
19,2014-07-17 18:05:00+00:00,1.9595282,2.34336,2.34336,31,40,40,49,-0.26223958,-0.120703116
19,2014-07-17 18:05:00+00:00,1.9629441,2.064933,2.064933,31,40,49,58,-0.11666667,-0.125
19,2014-07-17 18:05:00+00:00,2.0417302,2.1449337,2.1449337,31,40,58,67,0.025000002,-0.12734374
19,2014-07-17 18:05:00+00:00,2.0461555,2.1325998,2.1325998,31,40,67,76,0.18854168,-0.12695312
19,2014-07-17 18:05:00+00:00,1.7163827,1.7188667,1.7188667,31,40,85,94,0.48333335,-0.125
19,2014-07-17 18:05:00+00:00,1.4937153,1.557077,1.557077,31,40,94,103,0.6333333,-0.125
19,2014-07-17 18:05:00+00:00,1.5780314,1.5529745,1.5529745,31,40,103,112,0.78333336,-0.125
19,2014-07-17 18:05:00+00:00,1.5480326,1.6477256,1.6477256,31,40,112,121,0.93333334,-0.125
19,2014-07-17 18:05:00+00:00,2.5636137,2.4915066,2.4915066,40,49,13,22,-0.71458334,0.115624994
19,2014-07-17 18:05:00+00:00,2.313871,2.4160852,2.4160852,40,49,22,31,-0.56666666,0.099999994
19,2014-07-17 18:05:00+00:00,1.9768046,2.2245991,2.2245991,40,49,31,40,-0.4166667,0.099999994
19,2014-07-17 18:05:00+00:00,2.0259857,1.9472729,1.9472729,40,49,40,49,-0.26666665,0.099999994
19,2014-07-17 18:05:00+00:00,1.9686813,1.7440727,1.7440727,40,49,49,58,-0.11666667,0.099999994
19,2014-07-17 18:05:00+00:00,1.9386365,1.7855237,1.7855237,40,49,58,67,0.03046875,0.10195312
19,2014-07-17 18:05:00+00:00,1.8680844,1.8755009,1.8755009,40,49,67,76,0.18333334,0.10859375
19,2014-07-17 18:05:00+00:00,1.8371274,1.68702,1.68702,40,49,85,94,0.4872396,0.096093744
19,2014-07-17 18:05:00+00:00,1.7560848,1.536276,1.536276,40,49,94,103,0.6333333,0.099999994
19,2014-07-17 18:05:00+00:00,1.6866996,1.4880615,1.4880615,40,49,103,112,0.78333336,0.099999994
19,2014-07-17 18:05:00+00:00,1.6437017,1.558076,1.558076,40,49,112,121,0.93333334,0.099999994
19,2014-07-17 18:05:00+00:00,1.8106426,2.2954724,2.2954724,49,58,13,22,-0.71510416,0.31835938
19,2014-07-17 18:05:00+00:00,1.6631771,2.0417151,2.0417151,49,58,22,31,-0.5648438,0.32187498
19,2014-07-17 18:05:00+00:00,1.6882011,1.8849357,1.8849357,49,58,31,40,-0.4166667,0.325
19,2014-07-17 18:05:00+00:00,1.9305199,1.7562523,1.7562523,49,58,40,49,-0.26666665,0.325
19,2014-07-17 18:05:00+00:00,1.9291525,1.5982237,1.5982237,49,58,49,58,-0.11666667,0.325
19,2014-07-17 18:05:00+00:00,2.016175,1.6532917,1.6532917,49,58,58,67,0.033333335,0.325
19,2014-07-17 18:05:00+00:00,1.9893656,1.7969732,1.7969732,49,58,67,76,0.18333334,0.325
19,2014-07-17 18:05:00+00:00,2.00015,1.8388937,1.8388937,49,58,76,85,0.32395834,0.340625
19,2014-07-17 18:05:00+00:00,2.2191057,1.7375787,1.7375787,49,58,85,94,0.4869792,0.3296875
19,2014-07-17 18:05:00+00:00,1.8041973,1.6436784,1.6436784,49,58,94,103,0.6333333,0.325
19,2014-07-17 18:05:00+00:00,1.6188537,1.6301852,1.6301852,49,58,103,112,0.78333336,0.325
19,2014-07-17 18:05:00+00:00,1.5731378,1.6432102,1.6432102,49,58,112,121,0.93333334,0.325
19,2014-07-17 18:05:00+00:00,1.5378044,1.8741809,1.8741809,58,67,31,40,-0.4166667,0.55
19,2014-07-17 18:05:00+00:00,1.8018812,1.7633082,1.7633082,58,67,40,49,-0.26666665,0.55
19,2014-07-17 18:05:00+00:00,1.9030257,1.6337482,1.6337482,58,67,49,58,-0.118489586,0.5480469
19,2014-07-17 18:05:00+00:00,1.8437791,1.6913786,1.6913786,58,67,58,67,0.032552086,0.5488281
19,2014-07-17 18:05:00+00:00,1.6831111,1.789205,1.789205,58,67,76,85,0.33463544,0.5503906
19,2014-07-17 18:05:00+00:00,1.8970386,1.7600085,1.7600085,58,67,85,94,0.48333335,0.55
19,2014-07-17 18:05:00+00:00,1.8815001,1.6319423,1.6319423,58,67,94,103,0.6328125,0.5414063
19,2014-07-17 18:05:00+00:00,1.4711279,1.648362,1.648362,58,67,103,112,0.78333336,0.55
19,2014-07-17 18:05:00+00:00,1.5262944,1.687537,1.687537,58,67,112,121,0.9325521,0.5488281
19,2014-07-17 18:05:00+00:00,1.3070301,1.5613484,1.5613484,67,76,103,112,0.7841146,0.77304685
20,2014-07-31 18:20:00+00:00,0.7561975,0.772436,0.772436,13,22,94,103,0.6333333,-0.575
20,2014-07-31 18:20:00+00:00,0.76957965,0.81269836,0.81269836,13,22,103,112,0.7828125,-0.5726563
20,2014-07-31 18:20:00+00:00,0.7961493,0.8480998,0.8480998,22,31,103,112,0.7848958,-0.35781252
20,2014-07-31 18:20:00+00:00,0.8579587,1.0143292,1.0143292,22,31,112,121,0.9330729,-0.35507813
21,2014-08-03 18:50:00+00:00,1.4403892,1.1398585,1.1398585,13,22,94,103,0.6333333,-0.575
21,2014-08-03 18:50:00+00:00,1.3814162,1.1660292,1.1660292,13,22,103,112,0.78307295,-0.5738281
21,2014-08-03 18:50:00+00:00,1.4305521,1.463288,1.463288,22,31,85,94,0.48333335,-0.35000002
21,2014-08-03 18:50:00+00:00,1.4324588,1.1681395,1.1681395,22,31,94,103,0.6333333,-0.35000002
21,2014-08-03 18:50:00+00:00,1.4277598,1.149145,1.149145,22,31,103,112,0.78333336,-0.35000002
21,2014-08-03 18:50:00+00:00,1.1461301,1.2632773,1.2632773,22,31,112,121,0.93333334,-0.35000002
21,2014-08-03 18:50:00+00:00,1.9065065,1.9462147,1.9462147,31,40,40,49,-0.26276043,-0.119140625
21,2014-08-03 18:50:00+00:00,1.6540897,1.6041373,1.6041373,31,40,49,58,-0.11666667,-0.125
21,2014-08-03 18:50:00+00:00,1.6085271,1.7225422,1.7225422,31,40,58,67,0.023697916,-0.12539062
21,2014-08-03 18:50:00+00:00,1.5483156,1.6823549,1.6823549,31,40,67,76,0.1903646,-0.13359374
21,2014-08-03 18:50:00+00:00,1.3779445,1.3611288,1.3611288,31,40,85,94,0.48333335,-0.125
21,2014-08-03 18:50:00+00:00,1.4880577,1.1136899,1.1136899,31,40,94,103,0.6333333,-0.125
21,2014-08-03 18:50:00+00:00,1.5469548,1.104162,1.104162,31,40,103,112,0.78333336,-0.125
21,2014-08-03 18:50:00+00:00,1.2321043,1.1777372,1.1777372,31,40,112,121,0.93333334,-0.125
21,2014-08-03 18:50:00+00:00,2.925892,2.257076,2.257076,40,49,13,22,-0.71484375,0.11445312
21,2014-08-03 18:50:00+00:00,2.8694065,2.2181747,2.2181747,40,49,22,31,-0.56666666,0.099999994
21,2014-08-03 18:50:00+00:00,2.1193047,2.0077813,2.0077813,40,49,31,40,-0.4166667,0.099999994
21,2014-08-03 18:50:00+00:00,1.7020401,1.6711333,1.6711333,40,49,40,49,-0.26666665,0.099999994
21,2014-08-03 18:50:00+00:00,1.6319903,1.4313658,1.4313658,40,49,49,58,-0.11666667,0.099999994
21,2014-08-03 18:50:00+00:00,1.6540657,1.5180116,1.5180116,40,49,58,67,0.03046875,0.10195312
21,2014-08-03 18:50:00+00:00,1.7560445,1.6011218,1.6011218,40,49,67,76,0.18359375,0.10820312
21,2014-08-03 18:50:00+00:00,1.5066835,1.4353391,1.4353391,40,49,85,94,0.49296874,0.09257813
21,2014-08-03 18:50:00+00:00,1.4799689,1.1846118,1.1846118,40,49,94,103,0.6333333,0.099999994
21,2014-08-03 18:50:00+00:00,1.4692976,1.1174697,1.1174697,40,49,103,112,0.78333336,0.099999994
21,2014-08-03 18:50:00+00:00,1.2363077,1.1709256,1.1709256,40,49,112,121,0.93333334,0.099999994
21,2014-08-03 18:50:00+00:00,2.6952584,2.047452,2.047452,49,58,13,22,-0.71666664,0.325
21,2014-08-03 18:50:00+00:00,2.9417136,1.8412833,1.8412833,49,58,22,31,-0.5671875,0.32265624
21,2014-08-03 18:50:00+00:00,2.567873,1.671388,1.671388,49,58,31,40,-0.4166667,0.325
21,2014-08-03 18:50:00+00:00,1.3651361,1.5207863,1.5207863,49,58,40,49,-0.26666665,0.325
21,2014-08-03 18:50:00+00:00,1.395772,1.3410832,1.3410832,49,58,49,58,-0.11666667,0.325
21,2014-08-03 18:50:00+00:00,1.5490103,1.4258858,1.4258858,49,58,58,67,0.033333335,0.325
21,2014-08-03 18:50:00+00:00,1.6019596,1.5496216,1.5496216,49,58,67,76,0.18333334,0.325
21,2014-08-03 18:50:00+00:00,1.6894886,1.5023229,1.5023229,49,58,85,94,0.49114585,0.33125
21,2014-08-03 18:50:00+00:00,1.4824294,1.3106661,1.3106661,49,58,94,103,0.6333333,0.325
21,2014-08-03 18:50:00+00:00,1.3712147,1.2760057,1.2760057,49,58,103,112,0.78333336,0.325
21,2014-08-03 18:50:00+00:00,1.2084469,1.2728493,1.2728493,49,58,112,121,0.93333334,0.325
21,2014-08-03 18:50:00+00:00,1.0808021,1.6019397,1.6019397,58,67,31,40,-0.4166667,0.55
21,2014-08-03 18:50:00+00:00,1.3124754,1.4885086,1.4885086,58,67,40,49,-0.26666665,0.55
21,2014-08-03 18:50:00+00:00,1.3874753,1.3338612,1.3338612,58,67,49,58,-0.11666667,0.55
21,2014-08-03 18:50:00+00:00,1.4192808,1.4260956,1.4260956,58,67,58,67,0.033333335,0.55
21,2014-08-03 18:50:00+00:00,1.4583097,1.51168,1.51168,58,67,67,76,0.18333334,0.55
21,2014-08-03 18:50:00+00:00,1.5482125,1.5103307,1.5103307,58,67,76,85,0.3333333,0.55
21,2014-08-03 18:50:00+00:00,1.5025144,1.4561975,1.4561975,58,67,85,94,0.48333335,0.55
21,2014-08-03 18:50:00+00:00,1.3277986,1.2562708,1.2562708,58,67,94,103,0.6328125,0.53984374
21,2014-08-03 18:50:00+00:00,1.2569295,1.245815,1.245815,58,67,103,112,0.78333336,0.55
21,2014-08-03 18:50:00+00:00,1.1949095,1.2690692,1.2690692,58,67,112,121,0.93333334,0.55
21,2014-08-03 18:50:00+00:00,0.99449056,1.6153495,1.6153495,67,76,31,40,-0.41614586,0.7699219
21,2014-08-03 18:50:00+00:00,1.3640825,1.2512083,1.2512083,67,76,85,94,0.47371796,0.7389424
21,2014-08-03 18:50:00+00:00,1.1544436,1.1635215,1.1635215,67,76,103,112,0.78333336,0.775
21,2014-08-03 18:50:00+00:00,1.1176462,1.1550394,1.1550394,67,76,112,121,0.93333334,0.775
21,2014-08-03 18:50:00+00:00,1.1046237,1.0412016,1.0412016,76,81,112,121,0.93333334,0.95
22,2014-08-07 18:25:00+00:00,1.2741207,1.0799959,1.0799959,13,22,94,103,0.6304687,-0.5769531
22,2014-08-07 18:25:00+00:00,1.1182756,1.0810636,1.0810636,13,22,103,112,0.7846354,-0.5746094
22,2014-08-07 18:25:00+00:00,1.1539572,1.037567,1.037567,22,31,103,112,0.7838542,-0.3484375
22,2014-08-07 18:25:00+00:00,0.81937325,1.1839923,1.1839923,22,31,112,121,0.93333334,-0.35000002
22,2014-08-07 18:25:00+00:00,1.8006784,1.9303498,1.9303498,31,40,40,49,-0.26276043,-0.119140625
22,2014-08-07 18:25:00+00:00,1.5010995,1.5864726,1.5864726,31,40,49,58,-0.11666667,-0.125
22,2014-08-07 18:25:00+00:00,1.4255955,1.7037884,1.7037884,31,40,58,67,0.02447917,-0.1265625
22,2014-08-07 18:25:00+00:00,1.4882668,1.6961353,1.6961353,31,40,67,76,0.18723959,-0.12734374
22,2014-08-07 18:25:00+00:00,1.3271091,1.0312183,1.0312183,31,40,103,112,0.7864583,-0.12460937
22,2014-08-07 18:25:00+00:00,0.9924407,1.1096282,1.1096282,31,40,112,121,0.93333334,-0.125
22,2014-08-07 18:25:00+00:00,2.564481,2.0276299,2.0276299,40,49,31,40,-0.4166667,0.099999994
22,2014-08-07 18:25:00+00:00,2.0104785,1.6878155,1.6878155,40,49,40,49,-0.26666665,0.099999994
22,2014-08-07 18:25:00+00:00,1.5250525,1.4436566,1.4436566,40,49,49,58,-0.11666667,0.099999994
22,2014-08-07 18:25:00+00:00,1.4794687,1.5381129,1.5381129,40,49,58,67,0.03046875,0.10195312
22,2014-08-07 18:25:00+00:00,1.1012493,1.0760084,1.0760084,40,49,103,112,0.789323,0.10976562
22,2014-08-07 18:25:00+00:00,0.84957534,1.1307601,1.1307601,40,49,112,121,0.93333334,0.099999994
22,2014-08-07 18:25:00+00:00,2.2928758,1.7762798,1.7762798,49,58,31,40,-0.4125,0.31406248
22,2014-08-07 18:25:00+00:00,1.5422164,1.5781343,1.5781343,49,58,40,49,-0.26666665,0.325
22,2014-08-07 18:25:00+00:00,1.3686239,1.3880714,1.3880714,49,58,49,58,-0.11666667,0.325
22,2014-08-07 18:25:00+00:00,1.5138605,1.5071629,1.5071629,49,58,58,67,0.03151042,0.31835938
22,2014-08-07 18:25:00+00:00,1.3225638,1.3110288,1.3110288,49,58,94,103,0.6322917,0.32421875
22,2014-08-07 18:25:00+00:00,1.0978888,1.2686528,1.2686528,49,58,103,112,0.78333336,0.325
22,2014-08-07 18:25:00+00:00,1.0344605,1.2766306,1.2766306,49,58,112,121,0.93333334,0.325
23,2014-08-09 18:15:00+00:00,1.0039513,1.2599993,1.2599993,13,22,94,103,0.63463545,-0.5738281
23,2014-08-09 18:15:00+00:00,0.94360274,1.2839768,1.2839768,13,22,103,112,0.7828125,-0.5726563
23,2014-08-09 18:15:00+00:00,1.1671187,1.5258108,1.5258108,22,31,85,94,0.48333335,-0.35000002
23,2014-08-09 18:15:00+00:00,1.1120212,1.2648827,1.2648827,22,31,94,103,0.6333333,-0.35000002
23,2014-08-09 18:15:00+00:00,1.1295882,1.2487456,1.2487456,22,31,103,112,0.78333336,-0.35000002
23,2014-08-09 18:15:00+00:00,1.1323444,1.3930649,1.3930649,22,31,112,121,0.93333334,-0.35000002
23,2014-08-09 18:15:00+00:00,1.3675745,2.1043005,2.1043005,31,40,40,49,-0.26276043,-0.119140625
23,2014-08-09 18:15:00+00:00,1.4114031,1.7842969,1.7842969,31,40,49,58,-0.11666667,-0.125
23,2014-08-09 18:15:00+00:00,1.4994218,1.8747051,1.8747051,31,40,58,67,0.025260419,-0.12656249
23,2014-08-09 18:15:00+00:00,1.6113471,1.8319385,1.8319385,31,40,67,76,0.19192708,-0.13242188
23,2014-08-09 18:15:00+00:00,1.4676301,1.4006349,1.4006349,31,40,85,94,0.48333335,-0.125
23,2014-08-09 18:15:00+00:00,1.4089903,1.1951367,1.1951367,31,40,94,103,0.6333333,-0.125
23,2014-08-09 18:15:00+00:00,1.4979511,1.1901604,1.1901604,31,40,103,112,0.78333336,-0.125
23,2014-08-09 18:15:00+00:00,1.4524647,1.2932901,1.2932901,31,40,112,121,0.93333334,-0.125
23,2014-08-09 18:15:00+00:00,2.2753544,2.4601622,2.4601622,40,49,13,22,-0.71458334,0.115624994
23,2014-08-09 18:15:00+00:00,2.307607,2.38062,2.38062,40,49,22,31,-0.56666666,0.099999994
23,2014-08-09 18:15:00+00:00,2.1017168,2.1519842,2.1519842,40,49,31,40,-0.4166667,0.099999994
23,2014-08-09 18:15:00+00:00,2.1174011,1.824378,1.824378,40,49,40,49,-0.26666665,0.099999994
23,2014-08-09 18:15:00+00:00,1.9258823,1.5910506,1.5910506,40,49,49,58,-0.11666667,0.099999994
23,2014-08-09 18:15:00+00:00,1.8532784,1.653775,1.653775,40,49,58,67,0.03046875,0.10195312
23,2014-08-09 18:15:00+00:00,1.9360203,1.4971919,1.4971919,40,49,85,94,0.4893229,0.09101562
23,2014-08-09 18:15:00+00:00,1.6313677,1.2888899,1.2888899,40,49,94,103,0.6333333,0.099999994
23,2014-08-09 18:15:00+00:00,1.5539734,1.2054597,1.2054597,40,49,103,112,0.78020835,0.08867187
23,2014-08-09 18:15:00+00:00,3.2688596,2.2869236,2.2869236,49,58,13,22,-0.71666664,0.325
23,2014-08-09 18:15:00+00:00,2.5327625,2.0694175,2.0694175,49,58,22,31,-0.56666666,0.325
23,2014-08-09 18:15:00+00:00,2.1873624,1.857189,1.857189,49,58,31,40,-0.4166667,0.325
23,2014-08-09 18:15:00+00:00,2.0453804,1.6927989,1.6927989,49,58,40,49,-0.26666665,0.325
23,2014-08-09 18:15:00+00:00,1.845872,1.5084801,1.5084801,49,58,49,58,-0.11666667,0.325
23,2014-08-09 18:15:00+00:00,1.6703115,1.5717586,1.5717586,49,58,58,67,0.034114584,0.32421875
23,2014-08-09 18:15:00+00:00,1.4724246,1.9197544,1.9197544,58,67,22,31,-0.5596354,0.5421875
23,2014-08-09 18:15:00+00:00,1.397238,1.7830215,1.7830215,58,67,31,40,-0.41536456,0.5449219
23,2014-08-09 18:15:00+00:00,1.4525765,1.6490934,1.6490934,58,67,40,49,-0.26666665,0.55
23,2014-08-09 18:15:00+00:00,1.453626,1.4910078,1.4910078,58,67,49,58,-0.11666667,0.55
23,2014-08-09 18:15:00+00:00,1.0185674,1.3126472,1.3126472,67,76,112,121,0.93359375,0.77734375
23,2014-08-09 18:15:00+00:00,0.9411602,1.1928935,1.1928935,76,81,112,121,0.93333334,0.95
24,2014-08-10 18:55:00+00:00,1.2698883,1.20309,1.20309,13,22,94,103,0.6333333,-0.575
24,2014-08-10 18:55:00+00:00,1.1827455,1.2181981,1.2181981,13,22,103,112,0.7828125,-0.5726563
24,2014-08-10 18:55:00+00:00,1.3385391,1.5292796,1.5292796,22,31,85,94,0.48333335,-0.35000002
24,2014-08-10 18:55:00+00:00,1.1818751,1.2700517,1.2700517,22,31,94,103,0.6333333,-0.35000002
24,2014-08-10 18:55:00+00:00,1.1094619,1.2390457,1.2390457,22,31,103,112,0.78333336,-0.35000002
24,2014-08-10 18:55:00+00:00,1.1593404,1.3556261,1.3556261,22,31,112,121,0.93333334,-0.35000002
24,2014-08-10 18:55:00+00:00,1.3529847,1.8834821,1.8834821,31,40,40,49,-0.26276043,-0.119140625
24,2014-08-10 18:55:00+00:00,1.3497609,1.5948427,1.5948427,31,40,49,58,-0.11666667,-0.125
24,2014-08-10 18:55:00+00:00,1.426798,1.7449203,1.7449203,31,40,58,67,0.025781251,-0.12929687
24,2014-08-10 18:55:00+00:00,1.6280457,1.7194561,1.7194561,31,40,67,76,0.19270834,-0.13046876
24,2014-08-10 18:55:00+00:00,1.3658445,1.4025803,1.4025803,31,40,85,94,0.48333335,-0.125
24,2014-08-10 18:55:00+00:00,1.1911865,1.19386,1.19386,31,40,94,103,0.6333333,-0.125
24,2014-08-10 18:55:00+00:00,1.1809602,1.1787527,1.1787527,31,40,103,112,0.78333336,-0.125
24,2014-08-10 18:55:00+00:00,1.2498233,1.2568488,1.2568488,31,40,112,121,0.93333334,-0.125
24,2014-08-10 18:55:00+00:00,2.4904647,2.0605757,2.0605757,40,49,22,31,-0.56666666,0.099999994
24,2014-08-10 18:55:00+00:00,1.7002368,1.8743228,1.8743228,40,49,31,40,-0.4166667,0.099999994
24,2014-08-10 18:55:00+00:00,1.7519037,1.6111146,1.6111146,40,49,40,49,-0.26666665,0.099999994
24,2014-08-10 18:55:00+00:00,1.5118814,1.4143751,1.4143751,40,49,49,58,-0.11666667,0.099999994
24,2014-08-10 18:55:00+00:00,1.5042286,1.5038385,1.5038385,40,49,58,67,0.032552086,0.10078125
24,2014-08-10 18:55:00+00:00,1.5875567,1.5717847,1.5717847,40,49,67,76,0.19192709,0.109375
24,2014-08-10 18:55:00+00:00,1.7168329,1.4296759,1.4296759,40,49,85,94,0.49296874,0.09257813
24,2014-08-10 18:55:00+00:00,1.3416181,1.2241985,1.2241985,40,49,94,103,0.6333333,0.099999994
24,2014-08-10 18:55:00+00:00,1.278333,1.1668528,1.1668528,40,49,103,112,0.78333336,0.099999994
24,2014-08-10 18:55:00+00:00,1.2730196,1.2223917,1.2223917,40,49,112,121,0.93333334,0.099999994
24,2014-08-10 18:55:00+00:00,2.9776745,1.8790939,1.8790939,49,58,13,22,-0.71666664,0.325
24,2014-08-10 18:55:00+00:00,2.400292,1.698211,1.698211,49,58,22,31,-0.56666666,0.325
24,2014-08-10 18:55:00+00:00,1.9224601,1.5531931,1.5531931,49,58,31,40,-0.4166667,0.325
24,2014-08-10 18:55:00+00:00,1.6593374,1.4480585,1.4480585,49,58,40,49,-0.26666665,0.325
24,2014-08-10 18:55:00+00:00,1.4285618,1.3066943,1.3066943,49,58,49,58,-0.11666667,0.325
24,2014-08-10 18:55:00+00:00,1.3605416,1.3854703,1.3854703,49,58,58,67,0.033333335,0.325
24,2014-08-10 18:55:00+00:00,1.372737,1.4988688,1.4988688,49,58,67,76,0.18333334,0.325
24,2014-08-10 18:55:00+00:00,1.5368613,1.439301,1.439301,49,58,85,94,0.4903646,0.33203125
24,2014-08-10 18:55:00+00:00,1.261689,1.288223,1.288223,49,58,94,103,0.6333333,0.325
24,2014-08-10 18:55:00+00:00,1.264432,1.2663871,1.2663871,49,58,103,112,0.78333336,0.325
24,2014-08-10 18:55:00+00:00,1.1819277,1.2688919,1.2688919,49,58,112,121,0.93333334,0.325
24,2014-08-10 18:55:00+00:00,1.2845272,1.6401595,1.6401595,58,67,22,31,-0.5598959,0.5425781
24,2014-08-10 18:55:00+00:00,1.121711,1.5309308,1.5309308,58,67,31,40,-0.4166667,0.55
24,2014-08-10 18:55:00+00:00,1.1627371,1.4468205,1.4468205,58,67,40,49,-0.26666665,0.55
24,2014-08-10 18:55:00+00:00,1.1663773,1.324128,1.324128,58,67,49,58,-0.11666667,0.55
24,2014-08-10 18:55:00+00:00,1.1769046,1.410085,1.410085,58,67,58,67,0.033333335,0.55
24,2014-08-10 18:55:00+00:00,1.2486708,1.4967933,1.4967933,58,67,67,76,0.18333334,0.55
24,2014-08-10 18:55:00+00:00,1.4148622,1.4743415,1.4743415,58,67,76,85,0.3333333,0.55
24,2014-08-10 18:55:00+00:00,1.3572199,1.4345763,1.4345763,58,67,85,94,0.48333335,0.55
24,2014-08-10 18:55:00+00:00,1.2399766,1.2675533,1.2675533,58,67,103,112,0.78333336,0.55
24,2014-08-10 18:55:00+00:00,1.1858548,1.2927871,1.2927871,58,67,112,121,0.93333334,0.55
24,2014-08-10 18:55:00+00:00,0.9700253,1.5331185,1.5331185,67,76,31,40,-0.4166667,0.76874995
24,2014-08-10 18:55:00+00:00,1.3365307,1.2622794,1.2622794,67,76,85,94,0.47484276,0.73962265
24,2014-08-10 18:55:00+00:00,1.1846105,1.1878657,1.1878657,67,76,103,112,0.78333336,0.775
24,2014-08-10 18:55:00+00:00,1.1583229,1.1839317,1.1839317,67,76,112,121,0.93333334,0.775
24,2014-08-10 18:55:00+00:00,1.063065,1.077997,1.077997,76,81,112,121,0.93333334,0.95
25,2014-08-13 17:50:00+00:00,3.1336906,2.627914,2.627914,13,22,94,103,0.6335938,-0.5746094
25,2014-08-13 17:50:00+00:00,3.406441,2.4343305,2.4343305,13,22,103,112,0.7828125,-0.5726563
25,2014-08-13 17:50:00+00:00,3.106809,3.1861784,3.1861784,22,31,85,94,0.48333335,-0.35000002
25,2014-08-13 17:50:00+00:00,2.7759783,2.5760398,2.5760398,22,31,94,103,0.6333333,-0.35000002
25,2014-08-13 17:50:00+00:00,2.3868732,2.3299968,2.3299968,22,31,103,112,0.78333336,-0.35000002
25,2014-08-13 17:50:00+00:00,2.3680792,2.5318642,2.5318642,22,31,112,121,0.93333334,-0.35000002
25,2014-08-13 17:50:00+00:00,3.831134,4.231865,4.231865,31,40,40,49,-0.26276043,-0.119140625
25,2014-08-13 17:50:00+00:00,3.475821,3.8910244,3.8910244,31,40,49,58,-0.11666667,-0.125
25,2014-08-13 17:50:00+00:00,3.9104617,3.9376204,3.9376204,31,40,58,67,0.029166667,-0.12695312
25,2014-08-13 17:50:00+00:00,2.9474995,3.8511531,3.8511531,31,40,76,85,0.33984375,-0.1125
25,2014-08-13 17:50:00+00:00,3.0781999,3.169821,3.169821,31,40,85,94,0.48333335,-0.125
25,2014-08-13 17:50:00+00:00,2.5448613,2.5639987,2.5639987,31,40,94,103,0.6333333,-0.125
25,2014-08-13 17:50:00+00:00,2.2907143,2.2947626,2.2947626,31,40,103,112,0.78333336,-0.125
25,2014-08-13 17:50:00+00:00,2.301501,2.4446502,2.4446502,31,40,112,121,0.93333334,-0.125
25,2014-08-13 17:50:00+00:00,4.6187754,4.723042,4.723042,40,49,13,22,-0.7106771,0.103906244
25,2014-08-13 17:50:00+00:00,4.5836787,4.6944,4.6944,40,49,22,31,-0.56666666,0.099999994
25,2014-08-13 17:50:00+00:00,4.1909018,4.3436823,4.3436823,40,49,31,40,-0.4166667,0.099999994
25,2014-08-13 17:50:00+00:00,3.65897,3.4542313,3.4542313,40,49,40,49,-0.26666665,0.099999994
25,2014-08-13 17:50:00+00:00,3.5434244,3.2424538,3.2424538,40,49,49,58,-0.11666667,0.099999994
25,2014-08-13 17:50:00+00:00,2.9921591,3.280769,3.280769,40,49,58,67,0.029166667,0.1
25,2014-08-13 17:50:00+00:00,2.9324849,3.361579,3.361579,40,49,67,76,0.18697917,0.10390625
25,2014-08-13 17:50:00+00:00,2.9397964,3.07287,3.07287,40,49,85,94,0.49401045,0.09375
25,2014-08-13 17:50:00+00:00,2.335731,2.5368369,2.5368369,40,49,94,103,0.6333333,0.099999994
25,2014-08-13 17:50:00+00:00,2.2562678,2.1600494,2.1600494,40,49,103,112,0.78333336,0.099999994
25,2014-08-13 17:50:00+00:00,2.1946273,2.286534,2.286534,40,49,112,121,0.93333334,0.099999994
25,2014-08-13 17:50:00+00:00,4.1520653,3.6862817,3.6862817,49,58,13,22,-0.7164062,0.32382813
25,2014-08-13 17:50:00+00:00,3.131502,3.4745736,3.4745736,49,58,22,31,-0.56666666,0.325
25,2014-08-13 17:50:00+00:00,3.1316974,3.0857725,3.0857725,49,58,31,40,-0.4166667,0.325
25,2014-08-13 17:50:00+00:00,2.981422,2.5806453,2.5806453,49,58,40,49,-0.26666665,0.325
25,2014-08-13 17:50:00+00:00,2.5828369,2.3950417,2.3950417,49,58,49,58,-0.11666667,0.325
25,2014-08-13 17:50:00+00:00,2.5146945,2.4583416,2.4583416,49,58,58,67,0.033333335,0.325
25,2014-08-13 17:50:00+00:00,2.735407,2.773363,2.773363,49,58,67,76,0.18333334,0.325
25,2014-08-13 17:50:00+00:00,2.8618908,2.715288,2.715288,49,58,85,94,0.4872396,0.3292969
25,2014-08-13 17:50:00+00:00,2.3341157,2.3955998,2.3955998,49,58,94,103,0.6333333,0.325
25,2014-08-13 17:50:00+00:00,2.2094896,2.1681132,2.1681132,49,58,103,112,0.78333336,0.325
25,2014-08-13 17:50:00+00:00,2.126613,2.1948564,2.1948564,49,58,112,121,0.93333334,0.325
25,2014-08-13 17:50:00+00:00,2.1858454,2.9256475,2.9256475,58,67,22,31,-0.56041664,0.5488281
25,2014-08-13 17:50:00+00:00,2.362131,2.7117512,2.7117512,58,67,31,40,-0.4166667,0.55
25,2014-08-13 17:50:00+00:00,2.4802353,2.3216958,2.3216958,58,67,40,49,-0.26666665,0.55
25,2014-08-13 17:50:00+00:00,2.4188166,2.162056,2.162056,58,67,49,58,-0.11666667,0.55
25,2014-08-13 17:50:00+00:00,2.4213264,2.2528553,2.2528553,58,67,58,67,0.032552082,0.5492188
25,2014-08-13 17:50:00+00:00,2.3847451,2.479479,2.479479,58,67,67,76,0.18333334,0.55
25,2014-08-13 17:50:00+00:00,2.502595,2.6387858,2.6387858,58,67,76,85,0.3333333,0.55
25,2014-08-13 17:50:00+00:00,2.395617,2.471041,2.471041,58,67,85,94,0.48333335,0.55
25,2014-08-13 17:50:00+00:00,1.9999336,2.0076056,2.0076056,58,67,103,112,0.78333336,0.55
25,2014-08-13 17:50:00+00:00,1.979029,2.0625925,2.0625925,58,67,112,121,0.93333334,0.55
25,2014-08-13 17:50:00+00:00,3.2370527,2.8776264,2.8776264,67,76,31,40,-0.41875,0.76640624
25,2014-08-13 17:50:00+00:00,1.9884608,1.9980335,1.9980335,67,76,103,112,0.7856771,0.7734375
25,2014-08-13 17:50:00+00:00,1.8173877,2.004875,2.004875,67,76,112,121,0.93333334,0.775
25,2014-08-13 17:50:00+00:00,1.9190209,1.9707462,1.9707462,76,81,112,121,0.93333334,0.95
26,2014-08-17 19:00:00+00:00,1.4716079,1.4605472,1.4605472,67,76,103,112,0.78333336,0.775
26,2014-08-17 19:00:00+00:00,1.4941455,1.4594471,1.4594471,67,76,112,121,0.93333334,0.775
26,2014-08-17 19:00:00+00:00,0.86055994,1.362531,1.362531,76,81,103,112,0.7908333,0.948125
26,2014-08-17 19:00:00+00:00,1.3674793,1.3505003,1.3505003,76,81,112,121,0.93333334,0.95
27,2014-08-18 18:05:00+00:00,2.6204526,1.9459792,1.9459792,31,40,40,49,-0.26510417,-0.11835937
27,2014-08-18 18:05:00+00:00,2.4364886,2.0698342,2.0698342,40,49,22,31,-0.56666666,0.099999994
27,2014-08-18 18:05:00+00:00,1.828116,1.8846824,1.8846824,40,49,31,40,-0.4166667,0.099999994
27,2014-08-18 18:05:00+00:00,1.7129169,1.640157,1.640157,40,49,40,49,-0.26666665,0.099999994
27,2014-08-18 18:05:00+00:00,1.8191477,1.4514338,1.4514338,40,49,49,58,-0.11666667,0.099999994
27,2014-08-18 18:05:00+00:00,2.686129,1.8810462,1.8810462,49,58,13,22,-0.71666664,0.325
27,2014-08-18 18:05:00+00:00,1.4103366,1.6960057,1.6960057,49,58,22,31,-0.56927085,0.32226562
27,2014-08-18 18:05:00+00:00,1.2728608,1.4662411,1.4662411,49,58,40,49,-0.26666665,0.325
27,2014-08-18 18:05:00+00:00,1.4006666,1.3329489,1.3329489,49,58,49,58,-0.11666667,0.325
27,2014-08-18 18:05:00+00:00,1.5545574,1.4015424,1.4015424,49,58,58,67,0.033333335,0.325
27,2014-08-18 18:05:00+00:00,1.5380615,1.5195708,1.5195708,49,58,67,76,0.18255208,0.3328125
27,2014-08-18 18:05:00+00:00,1.3181444,1.6506131,1.6506131,58,67,22,31,-0.56041664,0.5414063
27,2014-08-18 18:05:00+00:00,1.1140888,1.5576025,1.5576025,58,67,31,40,-0.41614583,0.55390626
27,2014-08-18 18:05:00+00:00,1.1910589,1.4702797,1.4702797,58,67,40,49,-0.26666665,0.55
27,2014-08-18 18:05:00+00:00,1.328094,1.3543069,1.3543069,58,67,49,58,-0.11666667,0.55
27,2014-08-18 18:05:00+00:00,1.2859979,1.4298847,1.4298847,58,67,58,67,0.033333335,0.55
27,2014-08-18 18:05:00+00:00,1.383515,1.5185906,1.5185906,58,67,67,76,0.18333334,0.55
27,2014-08-18 18:05:00+00:00,1.4674917,1.4950068,1.4950068,58,67,76,85,0.3356771,0.55195314
27,2014-08-18 18:05:00+00:00,1.4565809,1.4528431,1.4528431,58,67,85,94,0.48333335,0.55
27,2014-08-18 18:05:00+00:00,1.4301049,1.3082627,1.3082627,58,67,94,103,0.6333333,0.5398438
27,2014-08-18 18:05:00+00:00,1.2136738,1.3166622,1.3166622,58,67,103,112,0.78333336,0.55
27,2014-08-18 18:05:00+00:00,1.2206143,1.3460487,1.3460487,58,67,112,121,0.93333334,0.55
27,2014-08-18 18:05:00+00:00,1.024849,1.5701197,1.5701197,67,76,31,40,-0.415625,0.76953125
27,2014-08-18 18:05:00+00:00,1.3209565,1.2531682,1.2531682,67,76,103,112,0.78333336,0.775
27,2014-08-18 18:05:00+00:00,1.3056746,1.2555153,1.2555153,67,76,112,121,0.93333334,0.775
27,2014-08-18 18:05:00+00:00,1.3265861,1.1398752,1.1398752,76,81,112,121,0.93333334,0.95
28,2014-08-25 18:15:00+00:00,2.8980417,2.7418041,2.7418041,31,40,40,49,-0.26302084,-0.119140625
28,2014-08-25 18:15:00+00:00,2.4527898,2.4815612,2.4815612,31,40,49,58,-0.11666667,-0.125
28,2014-08-25 18:15:00+00:00,2.3821454,2.6075945,2.6075945,31,40,58,67,0.024739582,-0.12695312
28,2014-08-25 18:15:00+00:00,2.6790736,2.5336337,2.5336337,31,40,67,76,0.19375001,-0.13203125
28,2014-08-25 18:15:00+00:00,2.6920683,2.2571566,2.2571566,31,40,85,94,0.48333335,-0.125
28,2014-08-25 18:15:00+00:00,2.2388155,1.8834232,1.8834232,31,40,94,103,0.6333333,-0.125
28,2014-08-25 18:15:00+00:00,1.8697687,1.7397193,1.7397193,31,40,103,112,0.78333336,-0.125
28,2014-08-25 18:15:00+00:00,1.6317893,1.8329245,1.8329245,31,40,112,121,0.93333334,-0.125
28,2014-08-25 18:15:00+00:00,3.3658922,3.1368093,3.1368093,40,49,13,22,-0.71458334,0.115624994
28,2014-08-25 18:15:00+00:00,3.327406,3.182195,3.182195,40,49,22,31,-0.56666666,0.099999994
28,2014-08-25 18:15:00+00:00,2.9425557,2.870262,2.870262,40,49,31,40,-0.4166667,0.099999994
28,2014-08-25 18:15:00+00:00,2.3391626,2.3105812,2.3105812,40,49,40,49,-0.26666665,0.099999994
28,2014-08-25 18:15:00+00:00,2.1351519,2.1163363,2.1163363,40,49,49,58,-0.11666667,0.099999994
28,2014-08-25 18:15:00+00:00,2.3153272,2.1601634,2.1601634,40,49,58,67,0.032552086,0.10078125
28,2014-08-25 18:15:00+00:00,2.587817,2.304955,2.304955,40,49,67,76,0.19114584,0.10820312
28,2014-08-25 18:15:00+00:00,2.638639,2.2635305,2.2635305,40,49,85,94,0.48828125,0.09257812
28,2014-08-25 18:15:00+00:00,2.2799506,1.9578637,1.9578637,40,49,94,103,0.6333333,0.099999994
28,2014-08-25 18:15:00+00:00,2.1270447,1.7280262,1.7280262,40,49,103,112,0.78333336,0.099999994
28,2014-08-25 18:15:00+00:00,1.7522986,1.7958698,1.7958698,40,49,112,121,0.93333334,0.099999994
28,2014-08-25 18:15:00+00:00,3.1287255,2.6297843,2.6297843,49,58,13,22,-0.71666664,0.325
28,2014-08-25 18:15:00+00:00,2.2377572,2.4640298,2.4640298,49,58,22,31,-0.56666666,0.325
28,2014-08-25 18:15:00+00:00,1.8415225,2.1723192,2.1723192,49,58,31,40,-0.4166667,0.325
28,2014-08-25 18:15:00+00:00,1.7516195,1.8967505,1.8967505,49,58,40,49,-0.26666665,0.325
28,2014-08-25 18:15:00+00:00,1.8720506,1.7464228,1.7464228,49,58,49,58,-0.11666667,0.325
28,2014-08-25 18:15:00+00:00,2.238442,1.8095285,1.8095285,49,58,58,67,0.033333335,0.325
28,2014-08-25 18:15:00+00:00,2.2817771,2.0695622,2.0695622,49,58,67,76,0.18333334,0.325
28,2014-08-25 18:15:00+00:00,2.321395,2.1916034,2.1916034,49,58,85,94,0.4914063,0.33046874
28,2014-08-25 18:15:00+00:00,1.8581078,1.9837073,1.9837073,49,58,94,103,0.6333333,0.325
28,2014-08-25 18:15:00+00:00,1.9624668,1.8352926,1.8352926,49,58,103,112,0.78333336,0.325
28,2014-08-25 18:15:00+00:00,1.919329,1.8275199,1.8275199,49,58,112,121,0.93333334,0.325
28,2014-08-25 18:15:00+00:00,1.811376,2.191924,2.191924,58,67,22,31,-0.5598959,0.5425781
28,2014-08-25 18:15:00+00:00,1.7569585,1.9939201,1.9939201,58,67,31,40,-0.4166667,0.55
28,2014-08-25 18:15:00+00:00,1.7659318,1.7863089,1.7863089,58,67,40,49,-0.26666665,0.55
28,2014-08-25 18:15:00+00:00,1.7086421,1.6616111,1.6616111,58,67,49,58,-0.11666667,0.55
28,2014-08-25 18:15:00+00:00,1.8355274,1.7335776,1.7335776,58,67,58,67,0.033333335,0.55
28,2014-08-25 18:15:00+00:00,1.9658859,1.9204704,1.9204704,58,67,67,76,0.18333334,0.55
28,2014-08-25 18:15:00+00:00,2.0847433,2.0722065,2.0722065,58,67,76,85,0.3333333,0.55
28,2014-08-25 18:15:00+00:00,1.973511,2.033679,2.033679,58,67,85,94,0.48333335,0.55
28,2014-08-25 18:15:00+00:00,1.8153734,1.8116769,1.8116769,58,67,94,103,0.63125,0.5402344
28,2014-08-25 18:15:00+00:00,1.6203789,1.7293395,1.7293395,58,67,103,112,0.78333336,0.55
28,2014-08-25 18:15:00+00:00,1.6823347,1.7507467,1.7507467,58,67,112,121,0.93333334,0.55
28,2014-08-25 18:15:00+00:00,1.7017509,2.0624073,2.0624073,67,76,31,40,-0.4153646,0.7691406
28,2014-08-25 18:15:00+00:00,1.8335534,1.8075116,1.8075116,67,76,85,94,0.47403845,0.7389424
28,2014-08-25 18:15:00+00:00,1.51095,1.6714437,1.6714437,67,76,103,112,0.78333336,0.775
28,2014-08-25 18:15:00+00:00,1.4949787,1.6604676,1.6604676,67,76,112,121,0.93333334,0.775
28,2014-08-25 18:15:00+00:00,1.5060114,1.6415881,1.6415881,76,81,112,121,0.93333334,0.95
29,2014-08-26 18:55:00+00:00,2.08799,1.9218225,1.9218225,13,22,94,103,0.6333333,-0.575
29,2014-08-26 18:55:00+00:00,1.9248844,1.8276337,1.8276337,13,22,103,112,0.7828125,-0.5726563
29,2014-08-26 18:55:00+00:00,2.2631884,2.2969096,2.2969096,22,31,85,94,0.48333335,-0.35000002
29,2014-08-26 18:55:00+00:00,2.0099435,1.8791838,1.8791838,22,31,94,103,0.6333333,-0.35000002
29,2014-08-26 18:55:00+00:00,1.9012496,1.7469382,1.7469382,22,31,103,112,0.78333336,-0.35000002
29,2014-08-26 18:55:00+00:00,1.7814548,1.8712513,1.8712513,22,31,112,121,0.93333334,-0.35000002
29,2014-08-26 18:55:00+00:00,2.501585,2.8251915,2.8251915,31,40,40,49,-0.25989586,-0.11679687
29,2014-08-26 18:55:00+00:00,2.4908295,2.474521,2.474521,31,40,49,58,-0.11666667,-0.125
29,2014-08-26 18:55:00+00:00,2.340591,2.6347356,2.6347356,31,40,58,67,0.026041668,-0.12773438
29,2014-08-26 18:55:00+00:00,2.7209663,2.6962872,2.6962872,31,40,67,76,0.1875,-0.12773438
29,2014-08-26 18:55:00+00:00,2.8090954,2.2892041,2.2892041,31,40,85,94,0.48333335,-0.125
29,2014-08-26 18:55:00+00:00,2.4656634,1.8916917,1.8916917,31,40,94,103,0.6333333,-0.125
29,2014-08-26 18:55:00+00:00,1.9754397,1.739512,1.739512,31,40,103,112,0.78333336,-0.125
29,2014-08-26 18:55:00+00:00,1.7484401,1.8191097,1.8191097,31,40,112,121,0.93333334,-0.125
29,2014-08-26 18:55:00+00:00,2.4879599,3.1781812,3.1781812,40,49,22,31,-0.56848955,0.09804688
29,2014-08-26 18:55:00+00:00,2.7746248,2.8748062,2.8748062,40,49,31,40,-0.4166667,0.099999994
29,2014-08-26 18:55:00+00:00,2.1084862,2.2114937,2.2114937,40,49,58,67,0.034114584,0.10273437
29,2014-08-26 18:55:00+00:00,2.4316916,2.3539472,2.3539472,40,49,67,76,0.19010417,0.10859375
29,2014-08-26 18:55:00+00:00,2.8776877,2.2802935,2.2802935,40,49,85,94,0.48828125,0.09257812
29,2014-08-26 18:55:00+00:00,2.241563,1.9454784,1.9454784,40,49,94,103,0.6333333,0.099999994
29,2014-08-26 18:55:00+00:00,2.0883074,1.7100332,1.7100332,40,49,103,112,0.78333336,0.099999994
29,2014-08-26 18:55:00+00:00,1.9544692,1.7657167,1.7657167,40,49,112,121,0.93333334,0.099999994
29,2014-08-26 18:55:00+00:00,1.8203285,2.1615076,2.1615076,49,58,31,40,-0.4166667,0.325
29,2014-08-26 18:55:00+00:00,1.9804378,1.8096049,1.8096049,49,58,58,67,0.039843753,0.33085936
29,2014-08-26 18:55:00+00:00,2.3213549,2.071554,2.071554,49,58,67,76,0.18333334,0.325
29,2014-08-26 18:55:00+00:00,2.4788132,2.1984959,2.1984959,49,58,85,94,0.4903646,0.33203125
29,2014-08-26 18:55:00+00:00,1.9142478,1.9559003,1.9559003,49,58,94,103,0.6333333,0.325
29,2014-08-26 18:55:00+00:00,1.7753034,1.8051326,1.8051326,49,58,103,112,0.78333336,0.325
29,2014-08-26 18:55:00+00:00,1.9052225,1.7873323,1.7873323,49,58,112,121,0.93333334,0.325
29,2014-08-26 18:55:00+00:00,1.6258525,1.9914533,1.9914533,58,67,31,40,-0.4166667,0.55
29,2014-08-26 18:55:00+00:00,1.8248898,1.7779889,1.7779889,58,67,40,49,-0.26718748,0.5523437
29,2014-08-26 18:55:00+00:00,1.9926314,1.9297099,1.9297099,58,67,67,76,0.18333334,0.55
29,2014-08-26 18:55:00+00:00,2.1073632,2.0869665,2.0869665,58,67,76,85,0.3333333,0.55
29,2014-08-26 18:55:00+00:00,2.1670945,2.0361092,2.0361092,58,67,85,94,0.48333335,0.55
29,2014-08-26 18:55:00+00:00,1.8840022,1.7948097,1.7948097,58,67,94,103,0.63359374,0.53945315
29,2014-08-26 18:55:00+00:00,1.5610287,1.7089694,1.7089694,58,67,103,112,0.78333336,0.55
29,2014-08-26 18:55:00+00:00,1.5274357,1.7216759,1.7216759,58,67,112,121,0.93333334,0.55
29,2014-08-26 18:55:00+00:00,1.9623957,1.800481,1.800481,67,76,85,94,0.47371796,0.7389424
29,2014-08-26 18:55:00+00:00,1.5367968,1.6490712,1.6490712,67,76,103,112,0.78333336,0.775
29,2014-08-26 18:55:00+00:00,1.3947735,1.628801,1.628801,67,76,112,121,0.93333334,0.775
29,2014-08-26 18:55:00+00:00,1.4736642,1.607325,1.607325,76,81,112,121,0.93333334,0.95
30,2014-08-27 18:00:00+00:00,1.8282478,1.8271741,1.8271741,22,31,85,94,0.48333335,-0.35000002
30,2014-08-27 18:00:00+00:00,1.558676,1.5620911,1.5620911,22,31,94,103,0.6333333,-0.35000002
30,2014-08-27 18:00:00+00:00,1.3688028,1.5247222,1.5247222,22,31,103,112,0.78125,-0.346875
30,2014-08-27 18:00:00+00:00,2.4442964,2.184261,2.184261,31,40,40,49,-0.26692706,-0.12578124
30,2014-08-27 18:00:00+00:00,2.1933298,1.9994777,1.9994777,31,40,67,76,0.19479167,-0.13359375
30,2014-08-27 18:00:00+00:00,2.1785524,1.6835666,1.6835666,31,40,85,94,0.48333335,-0.125
30,2014-08-27 18:00:00+00:00,1.8974257,1.4654115,1.4654115,31,40,94,103,0.6333333,-0.125
30,2014-08-27 18:00:00+00:00,1.6234133,1.4497659,1.4497659,31,40,103,112,0.78333336,-0.125
30,2014-08-27 18:00:00+00:00,1.378095,1.5177679,1.5177679,31,40,112,121,0.93333334,-0.125
30,2014-08-27 18:00:00+00:00,2.5171056,2.245737,2.245737,40,49,22,31,-0.5700521,0.10078125
30,2014-08-27 18:00:00+00:00,1.9181008,1.7645783,1.7645783,40,49,67,76,0.1825521,0.10820312
30,2014-08-27 18:00:00+00:00,1.6606302,1.4351377,1.4351377,40,49,94,103,0.6333333,0.099999994
30,2014-08-27 18:00:00+00:00,1.6454395,1.3719217,1.3719217,40,49,103,112,0.78333336,0.099999994
30,2014-08-27 18:00:00+00:00,1.6578203,1.417926,1.417926,40,49,112,121,0.93333334,0.099999994
30,2014-08-27 18:00:00+00:00,2.2846618,2.023109,2.023109,49,58,13,22,-0.7164062,0.32265624
30,2014-08-27 18:00:00+00:00,1.579034,1.8025486,1.8025486,49,58,22,31,-0.56666666,0.325
30,2014-08-27 18:00:00+00:00,1.4146991,1.6446959,1.6446959,49,58,31,40,-0.4166667,0.325
30,2014-08-27 18:00:00+00:00,1.309762,1.5295639,1.5295639,49,58,40,49,-0.26302084,0.33046874
30,2014-08-27 18:00:00+00:00,1.8388796,1.5998037,1.5998037,49,58,67,76,0.18333334,0.325
30,2014-08-27 18:00:00+00:00,1.8589103,1.5632753,1.5632753,49,58,85,94,0.4893229,0.33046874
30,2014-08-27 18:00:00+00:00,1.5201504,1.4502473,1.4502473,49,58,94,103,0.6333333,0.325
30,2014-08-27 18:00:00+00:00,1.3309257,1.4356126,1.4356126,49,58,103,112,0.78333336,0.325
30,2014-08-27 18:00:00+00:00,1.5181937,1.4249084,1.4249084,49,58,112,121,0.93333334,0.325
30,2014-08-27 18:00:00+00:00,1.4787965,1.759627,1.759627,58,67,22,31,-0.5627604,0.5433594
30,2014-08-27 18:00:00+00:00,1.3697625,1.6300236,1.6300236,58,67,31,40,-0.4166667,0.55
30,2014-08-27 18:00:00+00:00,1.3482927,1.5388199,1.5388199,58,67,40,49,-0.26666665,0.55
31,2014-08-28 18:45:00+00:00,2.8029583,2.4054518,2.4054518,13,22,94,103,0.6333333,-0.575
31,2014-08-28 18:45:00+00:00,2.6655524,2.3015182,2.3015182,13,22,103,112,0.78307295,-0.5738281
31,2014-08-28 18:45:00+00:00,2.784395,2.327703,2.327703,22,31,94,103,0.6351562,-0.3503906
31,2014-08-28 18:45:00+00:00,3.6547287,3.5067508,3.5067508,31,40,40,49,-0.26276043,-0.119140625
31,2014-08-28 18:45:00+00:00,3.2613065,3.2533798,3.2533798,31,40,49,58,-0.11666667,-0.125
31,2014-08-28 18:45:00+00:00,4.542958,3.9485495,3.9485495,40,49,13,22,-0.7130208,0.115624994
31,2014-08-28 18:45:00+00:00,4.1460466,4.001413,4.001413,40,49,22,31,-0.56666666,0.099999994
31,2014-08-28 18:45:00+00:00,3.679801,3.669068,3.669068,40,49,31,40,-0.4166667,0.099999994
31,2014-08-28 18:45:00+00:00,3.2065985,2.954739,2.954739,40,49,40,49,-0.26666665,0.099999994
31,2014-08-28 18:45:00+00:00,2.9406762,2.7500882,2.7500882,40,49,49,58,-0.11666667,0.099999994
31,2014-08-28 18:45:00+00:00,3.002493,2.7979589,2.7979589,40,49,58,67,0.030989584,0.09804687
31,2014-08-28 18:45:00+00:00,2.679655,2.220154,2.220154,40,49,112,121,0.93333334,0.099999994
31,2014-08-28 18:45:00+00:00,3.90437,3.275252,3.275252,49,58,13,22,-0.71666664,0.325
31,2014-08-28 18:45:00+00:00,2.9260824,3.0868015,3.0868015,49,58,22,31,-0.56666666,0.325
31,2014-08-28 18:45:00+00:00,2.508575,2.7345972,2.7345972,49,58,31,40,-0.4166667,0.325
31,2014-08-28 18:45:00+00:00,2.3605316,2.3431575,2.3431575,49,58,40,49,-0.26666665,0.325
31,2014-08-28 18:45:00+00:00,2.2855108,2.1813169,2.1813169,49,58,49,58,-0.12317708,0.32265624
31,2014-08-28 18:45:00+00:00,2.9710712,2.627702,2.627702,49,58,85,94,0.49088544,0.3328125
31,2014-08-28 18:45:00+00:00,2.3231044,2.4100673,2.4100673,49,58,94,103,0.6333333,0.325
31,2014-08-28 18:45:00+00:00,2.1180754,2.226105,2.226105,49,58,103,112,0.78333336,0.325
31,2014-08-28 18:45:00+00:00,2.4819756,2.227838,2.227838,49,58,112,121,0.93333334,0.325
31,2014-08-28 18:45:00+00:00,2.1560915,2.4519432,2.4519432,58,67,31,40,-0.4166667,0.55
31,2014-08-28 18:45:00+00:00,2.2559576,2.1469,2.1469,58,67,40,49,-0.2671875,0.54648435
31,2014-08-28 18:45:00+00:00,2.4338012,2.2796643,2.2796643,58,67,67,76,0.19010417,0.559375
31,2014-08-28 18:45:00+00:00,2.6146617,2.4882429,2.4882429,58,67,76,85,0.3333333,0.55
31,2014-08-28 18:45:00+00:00,2.7022293,2.4066303,2.4066303,58,67,85,94,0.48333335,0.55
31,2014-08-28 18:45:00+00:00,2.5091193,2.1454413,2.1454413,58,67,94,103,0.6322917,0.5378907
31,2014-08-28 18:45:00+00:00,1.9657804,2.069558,2.069558,58,67,103,112,0.78333336,0.55
31,2014-08-28 18:45:00+00:00,1.9413456,2.1006672,2.1006672,58,67,112,121,0.93333334,0.55
31,2014-08-28 18:45:00+00:00,2.0664053,2.5767002,2.5767002,67,76,31,40,-0.41354167,0.7691406
31,2014-08-28 18:45:00+00:00,2.7806382,2.1546407,2.1546407,67,76,85,94,0.47371796,0.7389424
31,2014-08-28 18:45:00+00:00,1.9955938,2.036174,2.036174,67,76,103,112,0.78333336,0.775
31,2014-08-28 18:45:00+00:00,1.8139281,2.0315588,2.0315588,67,76,112,121,0.93333334,0.775
31,2014-08-28 18:45:00+00:00,1.928883,2.0257876,2.0257876,76,81,112,121,0.93333334,0.95
32,2014-09-03 18:05:00+00:00,1.6547376,2.2717257,2.2717257,13,22,94,103,0.6333333,-0.575
32,2014-09-03 18:05:00+00:00,1.73382,2.1024024,2.1024024,13,22,103,112,0.78046876,-0.5636718
32,2014-09-03 18:05:00+00:00,2.053749,2.4802558,2.4802558,22,31,85,94,0.48333335,-0.35000002
32,2014-09-03 18:05:00+00:00,1.8230286,2.0769346,2.0769346,22,31,94,103,0.6333333,-0.35000002
32,2014-09-03 18:05:00+00:00,1.556091,1.9712105,1.9712105,22,31,103,112,0.78333336,-0.35000002
32,2014-09-03 18:05:00+00:00,1.3445587,2.1327991,2.1327991,22,31,112,121,0.93333334,-0.35000002
32,2014-09-03 18:05:00+00:00,3.4759831,2.9737246,2.9737246,31,40,49,58,-0.11666667,-0.125
32,2014-09-03 18:05:00+00:00,2.7388544,2.5378866,2.5378866,31,40,85,94,0.48333335,-0.125
32,2014-09-03 18:05:00+00:00,2.055162,2.1693947,2.1693947,31,40,94,103,0.6333333,-0.125
32,2014-09-03 18:05:00+00:00,1.3475938,2.0227575,2.0227575,31,40,103,112,0.78333336,-0.125
32,2014-09-03 18:05:00+00:00,1.2818347,2.1348803,2.1348803,31,40,112,121,0.93333334,-0.125
32,2014-09-03 18:05:00+00:00,2.9279866,3.732945,3.732945,40,49,22,31,-0.56145835,0.10820313
32,2014-09-03 18:05:00+00:00,2.8529613,3.5229788,3.5229788,40,49,31,40,-0.4166667,0.099999994
32,2014-09-03 18:05:00+00:00,2.9377198,2.9040558,2.9040558,40,49,40,49,-0.26666665,0.099999994
32,2014-09-03 18:05:00+00:00,3.2030182,2.6550364,2.6550364,40,49,49,58,-0.11666667,0.099999994
32,2014-09-03 18:05:00+00:00,3.2824686,2.73681,2.73681,40,49,58,67,0.026302082,0.110156246
32,2014-09-03 18:05:00+00:00,3.234634,2.8909354,2.8909354,40,49,67,76,0.18932292,0.10507812
32,2014-09-03 18:05:00+00:00,3.3367906,2.7476325,2.7476325,40,49,85,94,0.48802084,0.0890625
32,2014-09-03 18:05:00+00:00,3.015548,2.4179182,2.4179182,40,49,94,103,0.6333333,0.099999994
32,2014-09-03 18:05:00+00:00,3.100245,2.151496,2.151496,40,49,103,112,0.78333336,0.099999994
32,2014-09-03 18:05:00+00:00,2.082947,2.237468,2.237468,40,49,112,121,0.93333334,0.099999994
32,2014-09-03 18:05:00+00:00,4.2640195,3.587005,3.587005,49,58,13,22,-0.71484375,0.32421875
32,2014-09-03 18:05:00+00:00,3.1720035,3.3078134,3.3078134,49,58,22,31,-0.56666666,0.325
32,2014-09-03 18:05:00+00:00,2.4788828,2.9354875,2.9354875,49,58,31,40,-0.4166667,0.325
32,2014-09-03 18:05:00+00:00,2.2998745,2.5656486,2.5656486,49,58,40,49,-0.26666665,0.325
32,2014-09-03 18:05:00+00:00,2.376643,2.3350565,2.3350565,49,58,49,58,-0.11666667,0.325
32,2014-09-03 18:05:00+00:00,2.4288597,2.3923047,2.3923047,49,58,58,67,0.033333335,0.325
32,2014-09-03 18:05:00+00:00,3.2893271,2.7565956,2.7565956,49,58,67,76,0.18333334,0.325
32,2014-09-03 18:05:00+00:00,3.397825,2.8549862,2.8549862,49,58,85,94,0.48854166,0.33085936
32,2014-09-03 18:05:00+00:00,3.2387948,2.665185,2.665185,49,58,94,103,0.6333333,0.325
32,2014-09-03 18:05:00+00:00,3.444768,2.4708447,2.4708447,49,58,103,112,0.78333336,0.325
32,2014-09-03 18:05:00+00:00,3.617321,2.4667883,2.4667883,49,58,112,121,0.93333334,0.325
32,2014-09-03 18:05:00+00:00,4.2988744,2.9346893,2.9346893,58,67,22,31,-0.5619792,0.5453125
32,2014-09-03 18:05:00+00:00,3.0738847,2.612176,2.612176,58,67,31,40,-0.4166667,0.55
32,2014-09-03 18:05:00+00:00,2.6310387,2.3262513,2.3262513,58,67,40,49,-0.26666665,0.55
32,2014-09-03 18:05:00+00:00,2.329539,2.1306558,2.1306558,58,67,49,58,-0.11666667,0.55
32,2014-09-03 18:05:00+00:00,2.405296,2.2028115,2.2028115,58,67,58,67,0.033333335,0.55
32,2014-09-03 18:05:00+00:00,2.6193838,2.4624898,2.4624898,58,67,67,76,0.18333334,0.55
32,2014-09-03 18:05:00+00:00,2.7852116,2.663925,2.663925,58,67,76,85,0.3333333,0.55
32,2014-09-03 18:05:00+00:00,2.472189,2.5964885,2.5964885,58,67,85,94,0.48333335,0.55
32,2014-09-03 18:05:00+00:00,2.3559666,2.3594077,2.3594077,58,67,94,103,0.6346354,0.5375
32,2014-09-03 18:05:00+00:00,2.5759122,2.2361932,2.2361932,58,67,103,112,0.78333336,0.55
32,2014-09-03 18:05:00+00:00,3.464513,2.2643452,2.2643452,58,67,112,121,0.93333334,0.55
32,2014-09-03 18:05:00+00:00,2.4318893,2.7109656,2.7109656,67,76,31,40,-0.41796875,0.765625
32,2014-09-03 18:05:00+00:00,2.611494,2.1377087,2.1377087,67,76,103,112,0.78333336,0.775
32,2014-09-03 18:05:00+00:00,2.6657615,2.1300201,2.1300201,67,76,112,121,0.93333334,0.775
32,2014-09-03 18:05:00+00:00,1.9906796,2.1632876,2.1632876,76,81,112,121,0.93333334,0.95
33,2014-09-04 18:50:00+00:00,1.8747215,2.2935522,2.2935522,13,22,94,103,0.6372396,-0.5691406
33,2014-09-04 18:50:00+00:00,2.4544182,2.066943,2.066943,13,22,103,112,0.77734375,-0.5703125
33,2014-09-04 18:50:00+00:00,2.4505568,2.5318372,2.5318372,22,31,85,94,0.48359376,-0.34882814
33,2014-09-04 18:50:00+00:00,1.543592,1.7669315,1.7669315,22,31,112,121,0.93333334,-0.35000002
33,2014-09-04 18:50:00+00:00,3.13152,2.8815043,2.8815043,31,40,85,94,0.48333335,-0.125
33,2014-09-04 18:50:00+00:00,2.3149953,2.222986,2.222986,31,40,94,103,0.6333333,-0.125
33,2014-09-04 18:50:00+00:00,1.4400382,1.9222218,1.9222218,31,40,103,112,0.7856771,-0.115234375
33,2014-09-04 18:50:00+00:00,1.446594,1.9525195,1.9525195,31,40,112,121,0.93333334,-0.125
33,2014-09-04 18:50:00+00:00,3.773458,3.2785394,3.2785394,40,49,85,94,0.48749998,0.08984375
33,2014-09-04 18:50:00+00:00,3.1276956,2.7344112,2.7344112,40,49,94,103,0.6333333,0.099999994
33,2014-09-04 18:50:00+00:00,2.9005384,2.2322576,2.2322576,40,49,103,112,0.78333336,0.099999994
33,2014-09-04 18:50:00+00:00,2.0827663,2.2937436,2.2937436,40,49,112,121,0.93333334,0.099999994
33,2014-09-04 18:50:00+00:00,3.5899043,2.762458,2.762458,49,58,103,112,0.7794271,0.31640625
33,2014-09-04 18:50:00+00:00,3.3990924,2.6169276,2.6169276,49,58,112,121,0.9372396,0.3191406
33,2014-09-04 18:50:00+00:00,3.1049635,2.2303808,2.2303808,58,67,103,112,0.78333336,0.55
33,2014-09-04 18:50:00+00:00,3.6913128,2.232552,2.232552,58,67,112,121,0.93333334,0.55
33,2014-09-04 18:50:00+00:00,2.9247854,2.0663848,2.0663848,67,76,103,112,0.7817708,0.7742187
33,2014-09-04 18:50:00+00:00,1.480498,2.3106668,2.3106668,76,81,103,112,0.78943086,0.9469512
34,2014-09-07 17:40:00+00:00,2.0289245,2.2148857,2.2148857,13,22,94,103,0.6333333,-0.575
34,2014-09-07 17:40:00+00:00,2.1132212,2.086868,2.086868,13,22,103,112,0.7825521,-0.575
34,2014-09-07 17:40:00+00:00,2.1206918,2.4338279,2.4338279,22,31,85,94,0.48333335,-0.35000002
34,2014-09-07 17:40:00+00:00,1.8584394,1.9862709,1.9862709,22,31,94,103,0.6333333,-0.35000002
34,2014-09-07 17:40:00+00:00,1.770697,1.8479352,1.8479352,22,31,103,112,0.78333336,-0.35000002
34,2014-09-07 17:40:00+00:00,1.6871632,2.0025127,2.0025127,22,31,112,121,0.93333334,-0.35000002
34,2014-09-07 17:40:00+00:00,3.4549763,3.3170183,3.3170183,31,40,40,49,-0.26380208,-0.11992187
34,2014-09-07 17:40:00+00:00,3.1622703,2.9878995,2.9878995,31,40,49,58,-0.11666667,-0.125
34,2014-09-07 17:40:00+00:00,3.349923,3.0518403,3.0518403,31,40,58,67,0.029166669,-0.12773438
34,2014-09-07 17:40:00+00:00,2.7534099,3.020485,3.020485,31,40,67,76,0.18697917,-0.11757813
34,2014-09-07 17:40:00+00:00,2.6716666,3.004585,3.004585,31,40,76,85,0.33880207,-0.11640625
34,2014-09-07 17:40:00+00:00,2.3829937,2.4927766,2.4927766,31,40,85,94,0.48333335,-0.125
34,2014-09-07 17:40:00+00:00,2.0401044,2.0790865,2.0790865,31,40,94,103,0.6333333,-0.125
34,2014-09-07 17:40:00+00:00,1.8422316,1.9008728,1.9008728,31,40,103,112,0.78333336,-0.125
34,2014-09-07 17:40:00+00:00,1.765371,2.0031996,2.0031996,31,40,112,121,0.93333334,-0.125
34,2014-09-07 17:40:00+00:00,3.2697246,4.002755,4.002755,40,49,22,31,-0.56666666,0.099999994
34,2014-09-07 17:40:00+00:00,2.972035,3.6857464,3.6857464,40,49,31,40,-0.4166667,0.099999994
34,2014-09-07 17:40:00+00:00,2.9325154,3.0024483,3.0024483,40,49,40,49,-0.26666665,0.099999994
34,2014-09-07 17:40:00+00:00,3.0369716,2.733164,2.733164,40,49,49,58,-0.11666667,0.099999994
34,2014-09-07 17:40:00+00:00,3.3085682,2.7930357,2.7930357,40,49,58,67,0.030729169,0.09882812
34,2014-09-07 17:40:00+00:00,3.1247544,2.9487996,2.9487996,40,49,67,76,0.1861979,0.10195312
34,2014-09-07 17:40:00+00:00,2.5309806,2.3848598,2.3848598,40,49,94,103,0.6333333,0.099999994
34,2014-09-07 17:40:00+00:00,2.170652,2.0790408,2.0790408,40,49,103,112,0.78333336,0.099999994
34,2014-09-07 17:40:00+00:00,1.7805265,2.1544068,2.1544068,40,49,112,121,0.93333334,0.099999994
34,2014-09-07 17:40:00+00:00,3.9304535,3.7052627,3.7052627,49,58,13,22,-0.7138021,0.31796876
34,2014-09-07 17:40:00+00:00,3.5176804,3.5011468,3.5011468,49,58,22,31,-0.56666666,0.325
34,2014-09-07 17:40:00+00:00,3.030705,3.136842,3.136842,49,58,31,40,-0.4166667,0.325
34,2014-09-07 17:40:00+00:00,2.695033,2.7058127,2.7058127,49,58,40,49,-0.26666665,0.325
34,2014-09-07 17:40:00+00:00,2.4671419,2.4535792,2.4535792,49,58,49,58,-0.11666667,0.325
34,2014-09-07 17:40:00+00:00,2.5164015,2.5282538,2.5282538,49,58,58,67,0.033333335,0.325
34,2014-09-07 17:40:00+00:00,2.9119103,2.8902028,2.8902028,49,58,67,76,0.18333334,0.325
34,2014-09-07 17:40:00+00:00,3.5458698,2.9526563,2.9526563,49,58,85,94,0.4872396,0.3292969
34,2014-09-07 17:40:00+00:00,3.1227355,2.6904106,2.6904106,49,58,94,103,0.6333333,0.325
34,2014-09-07 17:40:00+00:00,2.893789,2.4521804,2.4521804,49,58,103,112,0.78333336,0.325
34,2014-09-07 17:40:00+00:00,2.0916743,2.4383337,2.4383337,49,58,112,121,0.93333334,0.325
34,2014-09-07 17:40:00+00:00,4.4270415,3.0726504,3.0726504,58,67,22,31,-0.56354165,0.54414064
34,2014-09-07 17:40:00+00:00,3.2087905,2.7833192,2.7833192,58,67,31,40,-0.4166667,0.55
34,2014-09-07 17:40:00+00:00,2.4402332,2.4377582,2.4377582,58,67,40,49,-0.26666665,0.55
34,2014-09-07 17:40:00+00:00,2.4773684,2.2338963,2.2338963,58,67,49,58,-0.11822917,0.5414063
34,2014-09-07 17:40:00+00:00,2.4237418,2.3293426,2.3293426,58,67,58,67,0.035677083,0.54609376
34,2014-09-07 17:40:00+00:00,2.4982255,2.5691588,2.5691588,58,67,67,76,0.18333334,0.55
34,2014-09-07 17:40:00+00:00,2.9931476,2.7637947,2.7637947,58,67,76,85,0.3333333,0.55
34,2014-09-07 17:40:00+00:00,2.970842,2.6351447,2.6351447,58,67,85,94,0.4820313,0.5421875
34,2014-09-07 17:40:00+00:00,2.757377,2.2011008,2.2011008,58,67,103,112,0.78333336,0.55
34,2014-09-07 17:40:00+00:00,2.7198563,2.221328,2.221328,58,67,112,121,0.93333334,0.55
34,2014-09-07 17:40:00+00:00,2.4851797,2.8781886,2.8781886,67,76,31,40,-0.42083335,0.7679688
34,2014-09-07 17:40:00+00:00,3.1167583,2.0630517,2.0630517,67,76,103,112,0.7861979,0.7753906
34,2014-09-07 17:40:00+00:00,3.0476627,2.0423763,2.0423763,67,76,112,121,0.93333334,0.775
34,2014-09-07 17:40:00+00:00,3.088516,2.089902,2.089902,76,81,112,121,0.93333334,0.95
35,2014-09-08 18:25:00+00:00,2.1670945,2.184301,2.184301,13,22,94,103,0.6333333,-0.575
35,2014-09-08 18:25:00+00:00,2.4840446,1.9735394,1.9735394,13,22,103,112,0.78151035,-0.5703125
35,2014-09-08 18:25:00+00:00,2.2637918,2.3542001,2.3542001,22,31,85,94,0.48333335,-0.35000002
35,2014-09-08 18:25:00+00:00,1.707259,1.7063317,1.7063317,22,31,94,103,0.6333333,-0.35000002
35,2014-09-08 18:25:00+00:00,1.1240183,1.4868927,1.4868927,22,31,103,112,0.78333336,-0.35000002
35,2014-09-08 18:25:00+00:00,0.8486849,1.6454277,1.6454277,22,31,112,121,0.93333334,-0.35000002
35,2014-09-08 18:25:00+00:00,4.2702737,3.7895975,3.7895975,31,40,40,49,-0.26510417,-0.12109375
35,2014-09-08 18:25:00+00:00,4.1352324,3.3378313,3.3378313,31,40,49,58,-0.11666667,-0.125
35,2014-09-08 18:25:00+00:00,3.188512,3.3766112,3.3766112,31,40,67,76,0.18802083,-0.12773436
35,2014-09-08 18:25:00+00:00,2.445763,2.677908,2.677908,31,40,85,94,0.48333335,-0.125
35,2014-09-08 18:25:00+00:00,1.6550385,2.061408,2.061408,31,40,94,103,0.6333333,-0.125
35,2014-09-08 18:25:00+00:00,1.2413507,1.7632388,1.7632388,31,40,103,112,0.78333336,-0.125
35,2014-09-08 18:25:00+00:00,0.69684136,1.8598627,1.8598627,31,40,112,121,0.93333334,-0.125
35,2014-09-08 18:25:00+00:00,4.4197717,4.8507075,4.8507075,40,49,22,31,-0.56666666,0.099999994
35,2014-09-08 18:25:00+00:00,4.0402412,4.511883,4.511883,40,49,31,40,-0.4166667,0.0984375
35,2014-09-08 18:25:00+00:00,3.8299766,3.6464267,3.6464267,40,49,40,49,-0.26666665,0.099999994
35,2014-09-08 18:25:00+00:00,3.8747785,3.288512,3.288512,40,49,49,58,-0.11666667,0.099999994
35,2014-09-08 18:25:00+00:00,4.0478573,3.4477873,3.4477873,40,49,58,67,0.027083334,0.107812494
35,2014-09-08 18:25:00+00:00,3.639143,3.6223588,3.6223588,40,49,67,76,0.18411458,0.107421875
35,2014-09-08 18:25:00+00:00,3.3350377,3.1811535,3.1811535,40,49,85,94,0.4888021,0.09023437
35,2014-09-08 18:25:00+00:00,2.690823,2.6679933,2.6679933,40,49,94,103,0.6333333,0.099999994
35,2014-09-08 18:25:00+00:00,2.155837,2.2282043,2.2282043,40,49,103,112,0.78333336,0.099999994
35,2014-09-08 18:25:00+00:00,0.9747582,2.290545,2.290545,40,49,112,121,0.93333334,0.099999994
35,2014-09-08 18:25:00+00:00,4.5632286,4.697938,4.697938,49,58,13,22,-0.7143229,0.32148436
35,2014-09-08 18:25:00+00:00,4.418469,4.4050846,4.4050846,49,58,22,31,-0.56666666,0.325
35,2014-09-08 18:25:00+00:00,3.728362,4.030869,4.030869,49,58,31,40,-0.4166667,0.325
35,2014-09-08 18:25:00+00:00,3.2123172,3.424955,3.424955,49,58,40,49,-0.26666665,0.325
35,2014-09-08 18:25:00+00:00,2.850934,3.08398,3.08398,49,58,49,58,-0.11666667,0.325
35,2014-09-08 18:25:00+00:00,3.1273172,3.2079816,3.2079816,49,58,58,67,0.033333335,0.325
35,2014-09-08 18:25:00+00:00,3.5044048,3.6230278,3.6230278,49,58,67,76,0.18333334,0.325
35,2014-09-08 18:25:00+00:00,4.169902,3.6270428,3.6270428,49,58,85,94,0.4924479,0.33085936
35,2014-09-08 18:25:00+00:00,3.7746692,3.1796262,3.1796262,49,58,94,103,0.6333333,0.325
35,2014-09-08 18:25:00+00:00,3.1881914,2.8271625,2.8271625,49,58,103,112,0.78333336,0.325
35,2014-09-08 18:25:00+00:00,1.4715505,2.789449,2.789449,49,58,112,121,0.93333334,0.325
35,2014-09-08 18:25:00+00:00,4.1999006,3.7093105,3.7093105,58,67,22,31,-0.5648438,0.5457031
35,2014-09-08 18:25:00+00:00,4.088204,3.4055467,3.4055467,58,67,31,40,-0.4166667,0.55
35,2014-09-08 18:25:00+00:00,3.4806502,2.8753793,2.8753793,58,67,40,49,-0.26666665,0.55
35,2014-09-08 18:25:00+00:00,3.0996065,2.583828,2.583828,58,67,49,58,-0.11666667,0.55
35,2014-09-08 18:25:00+00:00,3.254234,2.7204838,2.7204838,58,67,58,67,0.033333335,0.55
35,2014-09-08 18:25:00+00:00,3.1615276,3.0262742,3.0262742,58,67,67,76,0.18333334,0.55
35,2014-09-08 18:25:00+00:00,3.8485546,3.2830157,3.2830157,58,67,76,85,0.3333333,0.55
35,2014-09-08 18:25:00+00:00,3.655046,3.055208,3.055208,58,67,85,94,0.48333335,0.55
35,2014-09-08 18:25:00+00:00,3.1973534,2.6150649,2.6150649,58,67,94,103,0.63385415,0.5378907
35,2014-09-08 18:25:00+00:00,3.5094159,2.3344193,2.3344193,58,67,103,112,0.78333336,0.55
35,2014-09-08 18:25:00+00:00,2.728576,2.3370593,2.3370593,58,67,112,121,0.93333334,0.55
35,2014-09-08 18:25:00+00:00,2.4886122,3.445176,3.445176,67,76,31,40,-0.4171875,0.7714844
35,2014-09-08 18:25:00+00:00,2.700626,2.8323803,2.8323803,67,76,40,49,-0.2708333,0.7523438
35,2014-09-08 18:25:00+00:00,3.3374186,2.9861367,2.9861367,67,76,76,85,0.3333333,0.7578125
35,2014-09-08 18:25:00+00:00,3.2775812,2.5564392,2.5564392,67,76,85,94,0.4724138,0.7491379
35,2014-09-08 18:25:00+00:00,3.3555949,2.125344,2.125344,67,76,103,112,0.78333336,0.775
35,2014-09-08 18:25:00+00:00,3.3553417,2.0880208,2.0880208,67,76,112,121,0.93333334,0.775
35,2014-09-08 18:25:00+00:00,2.9132855,2.3949163,2.3949163,76,81,103,112,0.78943086,0.9469512
35,2014-09-08 18:25:00+00:00,3.376338,2.2744062,2.2744062,76,81,112,121,0.93333334,0.95
36,2014-09-16 17:35:00+00:00,1.4401777,1.4076084,1.4076084,40,49,112,121,0.9302083,0.10195312
36,2014-09-16 17:35:00+00:00,1.6864626,1.6643373,1.6643373,49,58,67,76,0.19244793,0.32734376
36,2014-09-16 17:35:00+00:00,1.7333733,1.4476794,1.4476794,49,58,103,112,0.7880208,0.32656252
36,2014-09-16 17:35:00+00:00,1.6085458,1.4320817,1.4320817,49,58,112,121,0.93098956,0.32617188
36,2014-09-16 17:35:00+00:00,1.3356771,1.651256,1.651256,58,67,76,85,0.33671877,0.55
36,2014-09-16 17:35:00+00:00,1.3610708,1.4842678,1.4842678,58,67,112,121,0.93333334,0.55
36,2014-09-16 17:35:00+00:00,1.2297298,1.3880923,1.3880923,67,76,112,121,0.93567705,0.775
37,2014-09-16 19:15:00+00:00,1.966351,1.6391482,1.6391482,13,22,94,103,0.6333333,-0.575
37,2014-09-16 19:15:00+00:00,2.1420202,2.0192845,2.0192845,22,31,85,94,0.484375,-0.3527344
37,2014-09-16 19:15:00+00:00,1.7457811,1.5659167,1.5659167,22,31,94,103,0.6328125,-0.34921876
37,2014-09-16 19:15:00+00:00,2.5992765,2.8090184,2.8090184,31,40,40,49,-0.26276043,-0.1203125
37,2014-09-16 19:15:00+00:00,2.5797405,2.4658334,2.4658334,31,40,49,58,-0.11666667,-0.125
37,2014-09-16 19:15:00+00:00,2.6085334,2.5680063,2.5680063,31,40,67,76,0.18932292,-0.12695312
37,2014-09-16 19:15:00+00:00,2.3547926,1.9446986,1.9446986,31,40,85,94,0.48723957,-0.115234375
37,2014-09-16 19:15:00+00:00,1.8292332,1.5433587,1.5433587,31,40,94,103,0.62630206,-0.12226563
37,2014-09-16 19:15:00+00:00,2.6524396,3.318022,3.318022,40,49,22,31,-0.56666666,0.099999994
37,2014-09-16 19:15:00+00:00,2.880407,3.0178647,3.0178647,40,49,31,40,-0.4166667,0.099999994
37,2014-09-16 19:15:00+00:00,2.752476,2.3989515,2.3989515,40,49,40,49,-0.26666665,0.099999994
37,2014-09-16 19:15:00+00:00,2.6143959,2.1366496,2.1366496,40,49,49,58,-0.11666667,0.099999994
37,2014-09-16 19:15:00+00:00,3.0042927,2.2102664,2.2102664,40,49,58,67,0.029947918,0.10195312
37,2014-09-16 19:15:00+00:00,2.9049456,2.3993387,2.3993387,40,49,67,76,0.18541667,0.10664062
37,2014-09-16 19:15:00+00:00,1.960486,1.4800003,1.4800003,40,49,103,112,0.78333336,0.099999994
37,2014-09-16 19:15:00+00:00,1.5757151,1.5815477,1.5815477,40,49,112,121,0.934375,0.10039062
37,2014-09-16 19:15:00+00:00,3.1803632,2.9259856,2.9259856,49,58,13,22,-0.715625,0.32148436
37,2014-09-16 19:15:00+00:00,2.6525004,2.691395,2.691395,49,58,22,31,-0.56666666,0.325
37,2014-09-16 19:15:00+00:00,2.1014419,2.394702,2.394702,49,58,31,40,-0.4166667,0.325
37,2014-09-16 19:15:00+00:00,2.1423588,2.053766,2.053766,49,58,40,49,-0.26666665,0.325
37,2014-09-16 19:15:00+00:00,2.4435525,1.8461058,1.8461058,49,58,49,58,-0.11666667,0.325
37,2014-09-16 19:15:00+00:00,2.4305935,1.9368094,1.9368094,49,58,58,67,0.033333335,0.325
37,2014-09-16 19:15:00+00:00,2.28441,2.1801214,2.1801214,49,58,67,76,0.18333334,0.325
37,2014-09-16 19:15:00+00:00,2.035469,1.8234122,1.8234122,49,58,94,103,0.63463545,0.32617188
37,2014-09-16 19:15:00+00:00,2.1469352,1.6804422,1.6804422,49,58,103,112,0.78333336,0.325
37,2014-09-16 19:15:00+00:00,1.81958,1.7093507,1.7093507,49,58,112,121,0.93333334,0.325
37,2014-09-16 19:15:00+00:00,1.6887541,2.1550937,2.1550937,58,67,31,40,-0.4166667,0.55
37,2014-09-16 19:15:00+00:00,1.781833,1.8979067,1.8979067,58,67,40,49,-0.26666665,0.55
37,2014-09-16 19:15:00+00:00,1.8510274,1.7367504,1.7367504,58,67,49,58,-0.120572925,0.5453125
37,2014-09-16 19:15:00+00:00,1.8265347,2.0393014,2.0393014,58,67,76,85,0.3333333,0.55
37,2014-09-16 19:15:00+00:00,2.0674427,1.9143637,1.9143637,58,67,85,94,0.48333335,0.55
37,2014-09-16 19:15:00+00:00,2.05935,1.6684506,1.6684506,58,67,94,103,0.63177085,0.54023445
37,2014-09-16 19:15:00+00:00,1.8162682,1.5730449,1.5730449,58,67,103,112,0.784375,0.5476563
37,2014-09-16 19:15:00+00:00,1.4107486,1.6181444,1.6181444,58,67,112,121,0.93333334,0.55
37,2014-09-16 19:15:00+00:00,1.111325,1.5017561,1.5017561,67,76,112,121,0.93333334,0.775
38,2014-09-17 18:20:00+00:00,1.6986452,2.01682,2.01682,13,22,103,112,0.78307295,-0.5738281
38,2014-09-17 18:20:00+00:00,2.2273254,2.1438775,2.1438775,22,31,85,94,0.48333335,-0.35000002
38,2014-09-17 18:20:00+00:00,1.8260136,1.8803636,1.8803636,22,31,94,103,0.6333333,-0.35000002
38,2014-09-17 18:20:00+00:00,1.5512267,1.8414192,1.8414192,22,31,103,112,0.78333336,-0.35000002
38,2014-09-17 18:20:00+00:00,1.5019466,1.9739065,1.9739065,22,31,112,121,0.93333334,-0.35000002
38,2014-09-17 18:20:00+00:00,2.1954336,2.5540235,2.5540235,31,40,49,58,-0.11145833,-0.11835938
38,2014-09-17 18:20:00+00:00,2.1341505,2.5638833,2.5638833,31,40,58,67,0.026562503,-0.12578124
38,2014-09-17 18:20:00+00:00,2.2671063,2.5317242,2.5317242,31,40,67,76,0.19244792,-0.13007812
38,2014-09-17 18:20:00+00:00,2.3399158,2.105882,2.105882,31,40,85,94,0.48333335,-0.125
38,2014-09-17 18:20:00+00:00,1.8854295,1.8863354,1.8863354,31,40,94,103,0.6333333,-0.125
38,2014-09-17 18:20:00+00:00,1.6686143,1.8372898,1.8372898,31,40,103,112,0.78333336,-0.125
38,2014-09-17 18:20:00+00:00,1.5910242,1.9256645,1.9256645,31,40,112,121,0.93333334,-0.125
38,2014-09-17 18:20:00+00:00,3.549259,3.2750566,3.2750566,40,49,13,22,-0.71458334,0.115624994
38,2014-09-17 18:20:00+00:00,2.7999635,3.1756735,3.1756735,40,49,22,31,-0.56666666,0.099999994
38,2014-09-17 18:20:00+00:00,2.686936,2.9153285,2.9153285,40,49,31,40,-0.4166667,0.099999994
38,2014-09-17 18:20:00+00:00,2.6600382,2.4930606,2.4930606,40,49,40,49,-0.26666665,0.099999994
38,2014-09-17 18:20:00+00:00,2.4816906,2.2612865,2.2612865,40,49,49,58,-0.11666667,0.099999994
38,2014-09-17 18:20:00+00:00,2.5040865,2.2889078,2.2889078,40,49,58,67,0.032552086,0.10078125
38,2014-09-17 18:20:00+00:00,2.5908494,2.4760094,2.4760094,40,49,67,76,0.18359375,0.10820312
38,2014-09-17 18:20:00+00:00,2.3449464,2.2615016,2.2615016,40,49,85,94,0.49296874,0.09257813
38,2014-09-17 18:20:00+00:00,2.2238867,2.05515,2.05515,40,49,94,103,0.6333333,0.099999994
38,2014-09-17 18:20:00+00:00,2.2425985,1.9137801,1.9137801,40,49,103,112,0.78333336,0.099999994
38,2014-09-17 18:20:00+00:00,1.7325083,1.9782252,1.9782252,40,49,112,121,0.93333334,0.099999994
38,2014-09-17 18:20:00+00:00,3.863758,3.089538,3.089538,49,58,13,22,-0.71666664,0.325
38,2014-09-17 18:20:00+00:00,2.8129814,2.8329422,2.8329422,49,58,22,31,-0.56666666,0.325
38,2014-09-17 18:20:00+00:00,2.172375,2.5418406,2.5418406,49,58,31,40,-0.4166667,0.325
38,2014-09-17 18:20:00+00:00,2.175837,2.2950327,2.2950327,49,58,40,49,-0.26666665,0.325
38,2014-09-17 18:20:00+00:00,2.4346068,2.0876758,2.0876758,49,58,49,58,-0.11666667,0.325
38,2014-09-17 18:20:00+00:00,2.4914305,2.1466289,2.1466289,49,58,58,67,0.033333335,0.325
38,2014-09-17 18:20:00+00:00,2.3998637,2.4309602,2.4309602,49,58,67,76,0.18333334,0.325
38,2014-09-17 18:20:00+00:00,2.6075678,2.4751446,2.4751446,49,58,85,94,0.49114585,0.33125
38,2014-09-17 18:20:00+00:00,2.3194714,2.3229177,2.3229177,49,58,94,103,0.6333333,0.325
38,2014-09-17 18:20:00+00:00,2.3599641,2.218812,2.218812,49,58,103,112,0.78333336,0.325
38,2014-09-17 18:20:00+00:00,2.0742455,2.2108939,2.2108939,49,58,112,121,0.93333334,0.325
38,2014-09-17 18:20:00+00:00,3.142265,2.5828803,2.5828803,58,67,22,31,-0.5630208,0.54375
38,2014-09-17 18:20:00+00:00,2.001592,2.364397,2.364397,58,67,31,40,-0.4166667,0.55
38,2014-09-17 18:20:00+00:00,2.089079,2.171783,2.171783,58,67,40,49,-0.26666665,0.55
38,2014-09-17 18:20:00+00:00,2.1888294,1.9957933,1.9957933,58,67,49,58,-0.11666667,0.55
38,2014-09-17 18:20:00+00:00,2.3061903,2.0613925,2.0613925,58,67,58,67,0.033333335,0.55
38,2014-09-17 18:20:00+00:00,2.3240705,2.266782,2.266782,58,67,67,76,0.18333334,0.55
38,2014-09-17 18:20:00+00:00,2.4148145,2.3625102,2.3625102,58,67,76,85,0.3333333,0.55
38,2014-09-17 18:20:00+00:00,2.4150662,2.2978585,2.2978585,58,67,85,94,0.48333335,0.55
38,2014-09-17 18:20:00+00:00,2.283878,2.1060863,2.1060863,58,67,94,103,0.6322917,0.53828126
38,2014-09-17 18:20:00+00:00,2.2881782,2.0898345,2.0898345,58,67,103,112,0.78333336,0.55
38,2014-09-17 18:20:00+00:00,2.158958,2.1089358,2.1089358,58,67,112,121,0.93333334,0.55
38,2014-09-17 18:20:00+00:00,2.158021,2.3855207,2.3855207,67,76,31,40,-0.4153646,0.7691406
38,2014-09-17 18:20:00+00:00,2.488299,1.9856955,1.9856955,67,76,85,94,0.47371796,0.7389424
38,2014-09-17 18:20:00+00:00,2.1503003,1.9777666,1.9777666,67,76,103,112,0.78333336,0.775
38,2014-09-17 18:20:00+00:00,1.8066183,1.9660488,1.9660488,67,76,112,121,0.93333334,0.775
38,2014-09-17 18:20:00+00:00,2.1173284,1.9581754,1.9581754,76,81,112,121,0.93333334,0.95
39,2014-09-18 19:00:00+00:00,2.3027,2.253618,2.253618,22,31,85,94,0.48333335,-0.35000002
39,2014-09-18 19:00:00+00:00,1.852076,1.852611,1.852611,22,31,94,103,0.62890625,-0.3425781
39,2014-09-18 19:00:00+00:00,2.536537,2.7599385,2.7599385,31,40,40,49,-0.26328126,-0.11757812
39,2014-09-18 19:00:00+00:00,2.3605742,2.407677,2.407677,31,40,49,58,-0.11666667,-0.125
39,2014-09-18 19:00:00+00:00,2.5000725,2.5442848,2.5442848,31,40,67,76,0.1903646,-0.13476562
39,2014-09-18 19:00:00+00:00,2.1728635,2.0832536,2.0832536,31,40,85,94,0.48333335,-0.125
39,2014-09-18 19:00:00+00:00,1.6847439,1.7534552,1.7534552,31,40,94,103,0.6333333,-0.125
39,2014-09-18 19:00:00+00:00,1.6012992,1.6749316,1.6749316,31,40,103,112,0.7833333,-0.124218754
39,2014-09-18 19:00:00+00:00,1.5290806,1.7615141,1.7615141,31,40,112,121,0.9351562,-0.124218754
39,2014-09-18 19:00:00+00:00,2.9010398,2.9186964,2.9186964,40,49,13,22,-0.7151041,0.1125
39,2014-09-18 19:00:00+00:00,2.3955002,2.8709867,2.8709867,40,49,22,31,-0.56666666,0.099999994
39,2014-09-18 19:00:00+00:00,2.609683,2.640948,2.640948,40,49,31,40,-0.4166667,0.099999994
39,2014-09-18 19:00:00+00:00,2.5319338,2.1690686,2.1690686,40,49,40,49,-0.26666665,0.099999994
39,2014-09-18 19:00:00+00:00,2.175775,1.9070059,1.9070059,40,49,49,58,-0.11692709,0.10039063
39,2014-09-18 19:00:00+00:00,1.8679085,1.9594227,1.9594227,40,49,85,94,0.4893229,0.09101562
39,2014-09-18 19:00:00+00:00,1.7881598,1.6642175,1.6642175,40,49,94,103,0.6333333,0.099999994
39,2014-09-18 19:00:00+00:00,1.7069002,1.5304532,1.5304532,40,49,103,112,0.78333336,0.099999994
39,2014-09-18 19:00:00+00:00,1.3665355,1.5937651,1.5937651,40,49,112,121,0.93333334,0.099999994
39,2014-09-18 19:00:00+00:00,2.5517378,2.3214743,2.3214743,49,58,13,22,-0.71666664,0.325
39,2014-09-18 19:00:00+00:00,1.8407546,2.138388,2.138388,49,58,22,31,-0.56666666,0.325
39,2014-09-18 19:00:00+00:00,1.3983763,1.9417111,1.9417111,49,58,31,40,-0.4166667,0.325
39,2014-09-18 19:00:00+00:00,1.5060588,1.7412246,1.7412246,49,58,40,49,-0.26666665,0.325
39,2014-09-18 19:00:00+00:00,1.879521,1.5779887,1.5779887,49,58,49,58,-0.11666667,0.325
39,2014-09-18 19:00:00+00:00,1.8887502,1.6657461,1.6657461,49,58,58,67,0.034375,0.31992185
39,2014-09-18 19:00:00+00:00,1.7071131,1.8026205,1.8026205,49,58,67,76,0.18333334,0.325
39,2014-09-18 19:00:00+00:00,2.1509178,1.7695557,1.7695557,49,58,85,94,0.48984376,0.32734376
39,2014-09-18 19:00:00+00:00,1.6349748,1.604769,1.604769,49,58,94,103,0.6333333,0.325
39,2014-09-18 19:00:00+00:00,1.5975266,1.5468552,1.5468552,49,58,103,112,0.78333336,0.325
39,2014-09-18 19:00:00+00:00,1.3664693,1.5467032,1.5467032,49,58,112,121,0.93333334,0.325
39,2014-09-18 19:00:00+00:00,1.0122174,1.8197428,1.8197428,58,67,31,40,-0.4119792,0.54062504
39,2014-09-18 19:00:00+00:00,1.0706792,1.7169822,1.7169822,58,67,40,49,-0.2671875,0.5433594
39,2014-09-18 19:00:00+00:00,1.1267502,1.5715097,1.5715097,58,67,49,58,-0.12526041,0.5371094
39,2014-09-18 19:00:00+00:00,1.6101613,1.8112793,1.8112793,58,67,76,85,0.33385417,0.53945315
39,2014-09-18 19:00:00+00:00,1.3352257,1.7717216,1.7717216,58,67,85,94,0.48645833,0.546875
39,2014-09-18 19:00:00+00:00,1.2048413,1.5455785,1.5455785,58,67,103,112,0.78880215,0.54414064
39,2014-09-18 19:00:00+00:00,1.2412854,1.5767777,1.5767777,58,67,112,121,0.93333334,0.55
40,2014-09-19 18:05:00+00:00,2.0486841,1.5310448,1.5310448,13,22,94,103,0.6333333,-0.575
40,2014-09-19 18:05:00+00:00,1.8239628,1.4348294,1.4348294,13,22,103,112,0.78307295,-0.5738281
40,2014-09-19 18:05:00+00:00,2.0099435,1.9280334,1.9280334,22,31,85,94,0.48333335,-0.35000002
40,2014-09-19 18:05:00+00:00,1.676877,1.462557,1.462557,22,31,94,103,0.6328125,-0.35351562
40,2014-09-19 18:05:00+00:00,1.487215,1.318666,1.318666,22,31,103,112,0.78333336,-0.35000002
40,2014-09-19 18:05:00+00:00,1.3633479,1.4628308,1.4628308,22,31,112,121,0.93333334,-0.35000002
40,2014-09-19 18:05:00+00:00,2.3031101,2.5612354,2.5612354,31,40,40,49,-0.26276043,-0.1203125
40,2014-09-19 18:05:00+00:00,2.148841,2.2208586,2.2208586,31,40,49,58,-0.11666667,-0.125
40,2014-09-19 18:05:00+00:00,1.9612415,1.9550935,1.9550935,31,40,85,94,0.48333335,-0.125
40,2014-09-19 18:05:00+00:00,1.3637453,1.3669055,1.3669055,31,40,103,112,0.7825521,-0.13398437
40,2014-09-19 18:05:00+00:00,1.3452638,1.4539932,1.4539932,31,40,112,121,0.9372395,-0.13203125
40,2014-09-19 18:05:00+00:00,2.9642487,3.2375166,3.2375166,40,49,22,31,-0.56666666,0.099999994
40,2014-09-19 18:05:00+00:00,2.683751,2.9035141,2.9035141,40,49,31,40,-0.4166667,0.099999994
40,2014-09-19 18:05:00+00:00,2.5391002,2.2445316,2.2445316,40,49,40,49,-0.26666665,0.099999994
40,2014-09-19 18:05:00+00:00,2.2194655,1.9925131,1.9925131,40,49,49,58,-0.11666667,0.099999994
40,2014-09-19 18:05:00+00:00,3.9196281,2.8360622,2.8360622,49,58,13,22,-0.71510416,0.32226562
40,2014-09-19 18:05:00+00:00,2.4387894,2.5848906,2.5848906,49,58,22,31,-0.56666666,0.325
40,2014-09-19 18:05:00+00:00,1.710365,2.2687526,2.2687526,49,58,31,40,-0.4166667,0.325
40,2014-09-19 18:05:00+00:00,1.6356524,1.9144604,1.9144604,49,58,40,49,-0.26666665,0.325
40,2014-09-19 18:05:00+00:00,2.0227957,1.7152802,1.7152802,49,58,49,58,-0.11666667,0.325
40,2014-09-19 18:05:00+00:00,2.1020944,1.828884,1.828884,49,58,58,67,0.033333335,0.325
40,2014-09-19 18:05:00+00:00,1.924003,2.0834622,2.0834622,49,58,67,76,0.17500001,0.32929686
40,2014-09-19 18:05:00+00:00,1.6738693,1.8756652,1.8756652,49,58,94,103,0.6302084,0.33085936
40,2014-09-19 18:05:00+00:00,2.0246823,2.2248328,2.2248328,58,67,22,31,-0.5596354,0.5421875
40,2014-09-19 18:05:00+00:00,1.7010463,2.0161133,2.0161133,58,67,31,40,-0.4166667,0.55
40,2014-09-19 18:05:00+00:00,1.7164485,1.7516927,1.7516927,58,67,40,49,-0.26666665,0.55078125
40,2014-09-19 18:05:00+00:00,1.7008687,1.7064397,1.7064397,58,67,58,67,0.033333335,0.55
40,2014-09-19 18:05:00+00:00,1.7672137,1.8904756,1.8904756,58,67,67,76,0.18333334,0.55
40,2014-09-19 18:05:00+00:00,1.6615287,2.0300856,2.0300856,58,67,76,85,0.33020833,0.5480469
40,2014-09-19 18:05:00+00:00,1.5285033,1.3930417,1.3930417,67,76,103,112,0.78828126,0.7660156
41,2014-09-20 18:50:00+00:00,2.9231677,2.6609523,2.6609523,13,22,94,103,0.6333333,-0.575
41,2014-09-20 18:50:00+00:00,2.8534474,2.3942745,2.3942745,13,22,103,112,0.78151035,-0.5703125
41,2014-09-20 18:50:00+00:00,3.5397666,3.0010931,3.0010931,22,31,85,94,0.48333335,-0.35000002
41,2014-09-20 18:50:00+00:00,2.8846462,2.3296816,2.3296816,22,31,94,103,0.6333333,-0.35000002
41,2014-09-20 18:50:00+00:00,2.1756678,2.0447161,2.0447161,22,31,103,112,0.78333336,-0.35000002
41,2014-09-20 18:50:00+00:00,1.9369406,2.2147493,2.2147493,22,31,112,121,0.93333334,-0.35000002
41,2014-09-20 18:50:00+00:00,4.409573,3.7974586,3.7974586,31,40,49,58,-0.11692709,-0.12382813
41,2014-09-20 18:50:00+00:00,3.8632443,3.2218542,3.2218542,31,40,85,94,0.48333335,-0.125
41,2014-09-20 18:50:00+00:00,2.5190492,2.5760996,2.5760996,31,40,94,103,0.6333333,-0.125
41,2014-09-20 18:50:00+00:00,1.6414328,2.2223637,2.2223637,31,40,103,112,0.78333336,-0.125
41,2014-09-20 18:50:00+00:00,2.1804824,2.3309019,2.3309019,31,40,112,121,0.93333334,-0.125
41,2014-09-20 18:50:00+00:00,3.573519,3.475902,3.475902,40,49,49,58,-0.116406254,0.09882812
41,2014-09-20 18:50:00+00:00,3.0760992,3.659478,3.659478,40,49,67,76,0.19140626,0.1109375
41,2014-09-20 18:50:00+00:00,3.4876122,3.5398042,3.5398042,40,49,85,94,0.4890625,0.09296875
41,2014-09-20 18:50:00+00:00,3.1687381,2.9198103,2.9198103,40,49,94,103,0.6333333,0.099999994
41,2014-09-20 18:50:00+00:00,2.9421265,2.434372,2.434372,40,49,103,112,0.78333336,0.099999994
41,2014-09-20 18:50:00+00:00,2.3937166,2.5119011,2.5119011,40,49,112,121,0.93333334,0.099999994
41,2014-09-20 18:50:00+00:00,3.398861,2.9166791,2.9166791,49,58,58,67,0.033333335,0.325
41,2014-09-20 18:50:00+00:00,3.0130591,3.3303754,3.3303754,49,58,67,76,0.18333334,0.328125
41,2014-09-20 18:50:00+00:00,3.0672736,3.079801,3.079801,49,58,94,103,0.6333333,0.325
41,2014-09-20 18:50:00+00:00,3.0180519,2.7256768,2.7256768,49,58,103,112,0.78333336,0.325
41,2014-09-20 18:50:00+00:00,2.645635,2.69662,2.69662,49,58,112,121,0.93333334,0.325
41,2014-09-20 18:50:00+00:00,3.1052306,2.8562279,2.8562279,58,67,67,76,0.18333334,0.55
41,2014-09-20 18:50:00+00:00,3.4153535,3.1651723,3.1651723,58,67,76,85,0.3333333,0.55
41,2014-09-20 18:50:00+00:00,3.8980627,3.0046809,3.0046809,58,67,85,94,0.48255208,0.54648435
41,2014-09-20 18:50:00+00:00,2.549938,2.34338,2.34338,58,67,103,112,0.78333336,0.55
41,2014-09-20 18:50:00+00:00,2.5284715,2.3549902,2.3549902,58,67,112,121,0.93333334,0.55
42,2014-09-23 17:40:00+00:00,2.8274317,2.4246266,2.4246266,13,22,94,103,0.6359375,-0.5703125
42,2014-09-23 17:40:00+00:00,2.7856576,2.2677214,2.2677214,13,22,103,112,0.78229165,-0.571875
42,2014-09-23 17:40:00+00:00,2.6502287,2.8325987,2.8325987,22,31,85,94,0.48333335,-0.35000002
42,2014-09-23 17:40:00+00:00,2.3518417,2.2811904,2.2811904,22,31,94,103,0.6333333,-0.35000002
42,2014-09-23 17:40:00+00:00,2.1854599,2.07995,2.07995,22,31,103,112,0.78333336,-0.35000002
42,2014-09-23 17:40:00+00:00,2.1575139,2.2599187,2.2599187,22,31,112,121,0.93333334,-0.35000002
42,2014-09-23 17:40:00+00:00,4.1847067,3.853565,3.853565,31,40,40,49,-0.26276043,-0.1203125
42,2014-09-23 17:40:00+00:00,3.489408,3.5513694,3.5513694,31,40,49,58,-0.11666667,-0.125
42,2014-09-23 17:40:00+00:00,3.7123847,3.4912834,3.4912834,31,40,58,67,0.027343752,-0.125
42,2014-09-23 17:40:00+00:00,3.6983283,3.646568,3.646568,31,40,67,76,0.18359375,-0.11992187
42,2014-09-23 17:40:00+00:00,3.4508588,3.5997672,3.5997672,31,40,76,85,0.33671874,-0.11992188
42,2014-09-23 17:40:00+00:00,3.1047573,2.8603072,2.8603072,31,40,85,94,0.48359376,-0.12617187
42,2014-09-23 17:40:00+00:00,2.5498793,2.363878,2.363878,31,40,94,103,0.6333333,-0.125
42,2014-09-23 17:40:00+00:00,2.208319,2.1256175,2.1256175,31,40,103,112,0.78333336,-0.125
42,2014-09-23 17:40:00+00:00,2.2425907,2.253881,2.253881,31,40,112,121,0.93333334,-0.125
42,2014-09-23 17:40:00+00:00,4.327686,4.5133977,4.5133977,40,49,22,31,-0.56666666,0.099999994
42,2014-09-23 17:40:00+00:00,3.4313245,4.1688333,4.1688333,40,49,31,40,-0.4166667,0.099999994
42,2014-09-23 17:40:00+00:00,3.4301372,3.3096745,3.3096745,40,49,40,49,-0.26666665,0.099999994
42,2014-09-23 17:40:00+00:00,3.435913,3.0714345,3.0714345,40,49,49,58,-0.11666667,0.099999994
42,2014-09-23 17:40:00+00:00,3.1649861,3.1673284,3.1673284,40,49,58,67,0.028125,0.096875
42,2014-09-23 17:40:00+00:00,3.5778527,3.3233955,3.3233955,40,49,67,76,0.18515626,0.10078125
42,2014-09-23 17:40:00+00:00,3.5626402,2.9775846,2.9775846,40,49,85,94,0.48776042,0.09765625
42,2014-09-23 17:40:00+00:00,2.8378432,2.4907556,2.4907556,40,49,94,103,0.6333333,0.099999994
42,2014-09-23 17:40:00+00:00,2.618252,2.1363122,2.1363122,40,49,103,112,0.78333336,0.099999994
42,2014-09-23 17:40:00+00:00,2.4752908,2.2407677,2.2407677,40,49,112,121,0.93333334,0.099999994
42,2014-09-23 17:40:00+00:00,4.5394506,3.7589014,3.7589014,49,58,13,22,-0.7151041,0.31328124
42,2014-09-23 17:40:00+00:00,2.770804,3.5392454,3.5392454,49,58,22,31,-0.56666666,0.325
42,2014-09-23 17:40:00+00:00,2.2096574,3.1510713,3.1510713,49,58,31,40,-0.4166667,0.325
42,2014-09-23 17:40:00+00:00,2.184969,2.6386745,2.6386745,49,58,40,49,-0.26666665,0.325
42,2014-09-23 17:40:00+00:00,2.685965,2.423557,2.423557,49,58,49,58,-0.11666667,0.325
42,2014-09-23 17:40:00+00:00,3.1307762,2.510723,2.510723,49,58,58,67,0.033333335,0.325
42,2014-09-23 17:40:00+00:00,3.0988717,2.8640666,2.8640666,49,58,67,76,0.18333334,0.325
42,2014-09-23 17:40:00+00:00,3.4194674,2.8334599,2.8334599,49,58,85,94,0.4859375,0.32773435
42,2014-09-23 17:40:00+00:00,2.5938594,2.5271392,2.5271392,49,58,94,103,0.6333333,0.325
42,2014-09-23 17:40:00+00:00,2.3965206,2.2882504,2.2882504,49,58,103,112,0.78333336,0.325
42,2014-09-23 17:40:00+00:00,2.3648627,2.2971215,2.2971215,49,58,112,121,0.93333334,0.325
42,2014-09-23 17:40:00+00:00,3.4635406,3.0970461,3.0970461,58,67,22,31,-0.5679687,0.54726565
42,2014-09-23 17:40:00+00:00,2.123595,2.7419426,2.7419426,58,67,31,40,-0.4166667,0.55
42,2014-09-23 17:40:00+00:00,2.242442,2.3437204,2.3437204,58,67,40,49,-0.26666665,0.55
42,2014-09-23 17:40:00+00:00,2.363064,2.1768749,2.1768749,58,67,49,58,-0.11770833,0.5414063
42,2014-09-23 17:40:00+00:00,2.5821702,2.2695673,2.2695673,58,67,58,67,0.033333335,0.55
42,2014-09-23 17:40:00+00:00,2.679164,2.5168197,2.5168197,58,67,67,76,0.18333334,0.55
42,2014-09-23 17:40:00+00:00,2.6020417,2.7014978,2.7014978,58,67,76,85,0.3333333,0.55
42,2014-09-23 17:40:00+00:00,2.6862493,2.52967,2.52967,58,67,85,94,0.48177084,0.5476563
42,2014-09-23 17:40:00+00:00,2.210947,2.0616324,2.0616324,58,67,103,112,0.78333336,0.55
42,2014-09-23 17:40:00+00:00,2.2740667,2.1073108,2.1073108,58,67,112,121,0.93385416,0.5492188
42,2014-09-23 17:40:00+00:00,2.5242,2.9172962,2.9172962,67,76,31,40,-0.41848958,0.76953125
42,2014-09-23 17:40:00+00:00,2.3026695,1.9984803,1.9984803,67,76,103,112,0.78593755,0.77421874
42,2014-09-23 17:40:00+00:00,2.0400677,2.0086899,2.0086899,67,76,112,121,0.9325521,0.7746093
42,2014-09-23 17:40:00+00:00,2.0545533,2.020004,2.020004,76,81,112,121,0.93333334,0.95
43,2014-09-23 19:20:00+00:00,2.8933957,2.4518058,2.4518058,13,22,94,103,0.63463545,-0.5738281
43,2014-09-23 19:20:00+00:00,2.9329984,2.231556,2.231556,13,22,103,112,0.7828125,-0.5726563
43,2014-09-23 19:20:00+00:00,2.5986073,2.9696963,2.9696963,22,31,85,94,0.48333335,-0.35000002
43,2014-09-23 19:20:00+00:00,2.258672,2.2923596,2.2923596,22,31,94,103,0.6333333,-0.35000002
43,2014-09-23 19:20:00+00:00,2.1225207,2.016849,2.016849,22,31,103,112,0.78333336,-0.35000002
43,2014-09-23 19:20:00+00:00,2.018754,2.1805365,2.1805365,22,31,112,121,0.93333334,-0.35000002
43,2014-09-23 19:20:00+00:00,4.045763,3.932245,3.932245,31,40,40,49,-0.26223958,-0.120703116
43,2014-09-23 19:20:00+00:00,3.4915216,3.6005206,3.6005206,31,40,49,58,-0.11666667,-0.125
43,2014-09-23 19:20:00+00:00,3.3456128,3.7979841,3.7979841,31,40,58,67,0.025520835,-0.128125
43,2014-09-23 19:20:00+00:00,3.5387805,3.6723998,3.6723998,31,40,67,76,0.19192709,-0.1328125
43,2014-09-23 19:20:00+00:00,3.2982557,3.161402,3.161402,31,40,85,94,0.48333335,-0.125
43,2014-09-23 19:20:00+00:00,2.6366327,2.4964323,2.4964323,31,40,94,103,0.6333333,-0.125
43,2014-09-23 19:20:00+00:00,1.9945925,2.1577034,2.1577034,31,40,103,112,0.78333336,-0.125
43,2014-09-23 19:20:00+00:00,2.0258634,2.2636764,2.2636764,31,40,112,121,0.93333334,-0.125
43,2014-09-23 19:20:00+00:00,4.193158,4.582755,4.582755,40,49,22,31,-0.5645833,0.10234375
43,2014-09-23 19:20:00+00:00,3.4570258,4.357249,4.357249,40,49,31,40,-0.4166667,0.099999994
43,2014-09-23 19:20:00+00:00,3.2735617,3.4149835,3.4149835,40,49,40,49,-0.26666665,0.099999994
43,2014-09-23 19:20:00+00:00,3.661256,3.183808,3.183808,40,49,49,58,-0.11666667,0.099999994
43,2014-09-23 19:20:00+00:00,3.3058674,3.3180056,3.3180056,40,49,58,67,0.022135418,0.10703125
43,2014-09-23 19:20:00+00:00,3.5442698,3.5130706,3.5130706,40,49,67,76,0.18515626,0.10585937
43,2014-09-23 19:20:00+00:00,3.4486427,3.2894092,3.2894092,40,49,85,94,0.48880208,0.09414063
43,2014-09-23 19:20:00+00:00,2.8395958,2.6906958,2.6906958,40,49,94,103,0.6333333,0.099999994
43,2014-09-23 19:20:00+00:00,2.4362094,2.2210398,2.2210398,40,49,103,112,0.78333336,0.099999994
43,2014-09-23 19:20:00+00:00,2.3777852,2.3012888,2.3012888,40,49,112,121,0.93333334,0.099999994
43,2014-09-23 19:20:00+00:00,4.562967,3.7465007,3.7465007,49,58,13,22,-0.71666664,0.325
43,2014-09-23 19:20:00+00:00,3.1346846,3.5727768,3.5727768,49,58,22,31,-0.56666666,0.325
43,2014-09-23 19:20:00+00:00,2.2071893,3.1626024,3.1626024,49,58,31,40,-0.4166667,0.325
43,2014-09-23 19:20:00+00:00,2.1684446,2.6069355,2.6069355,49,58,40,49,-0.26666665,0.325
43,2014-09-23 19:20:00+00:00,2.5565298,2.3947763,2.3947763,49,58,49,58,-0.11666667,0.325
43,2014-09-23 19:20:00+00:00,3.4019558,2.5005753,2.5005753,49,58,58,67,0.033333335,0.325
43,2014-09-23 19:20:00+00:00,3.0447836,2.9061363,2.9061363,49,58,67,76,0.18333334,0.325
43,2014-09-23 19:20:00+00:00,3.2526667,2.9653366,2.9653366,49,58,85,94,0.48854166,0.33046874
43,2014-09-23 19:20:00+00:00,2.5613701,2.6236637,2.6236637,49,58,94,103,0.6333333,0.325
43,2014-09-23 19:20:00+00:00,2.3079078,2.3110828,2.3110828,49,58,103,112,0.78333336,0.325
43,2014-09-23 19:20:00+00:00,2.2381716,2.2872427,2.2872427,49,58,112,121,0.93333334,0.325
43,2014-09-23 19:20:00+00:00,3.5071442,3.0305257,3.0305257,58,67,22,31,-0.56354165,0.5449219
43,2014-09-23 19:20:00+00:00,2.1822746,2.6900008,2.6900008,58,67,31,40,-0.4166667,0.55
43,2014-09-23 19:20:00+00:00,2.1956115,2.2588754,2.2588754,58,67,40,49,-0.26666665,0.55
43,2014-09-23 19:20:00+00:00,2.2815697,2.1024742,2.1024742,58,67,49,58,-0.120572925,0.5488281
43,2014-09-23 19:20:00+00:00,2.7326853,2.213018,2.213018,58,67,58,67,0.034375,0.5492188
43,2014-09-23 19:20:00+00:00,2.6814265,2.4820683,2.4820683,58,67,67,76,0.18359375,0.5488281
43,2014-09-23 19:20:00+00:00,2.5971828,2.776412,2.776412,58,67,76,85,0.3333333,0.55
43,2014-09-23 19:20:00+00:00,2.682817,2.617854,2.617854,58,67,85,94,0.4815104,0.5492188
43,2014-09-23 19:20:00+00:00,2.076253,2.0247033,2.0247033,58,67,103,112,0.78333336,0.55
43,2014-09-23 19:20:00+00:00,2.033663,2.0409868,2.0409868,58,67,112,121,0.93333334,0.55
43,2014-09-23 19:20:00+00:00,2.7121978,2.867038,2.867038,67,76,31,40,-0.42057294,0.76640624
43,2014-09-23 19:20:00+00:00,2.3789253,1.9512874,1.9512874,67,76,103,112,0.78229165,0.77304685
43,2014-09-23 19:20:00+00:00,1.7966946,1.9555846,1.9555846,67,76,112,121,0.93333334,0.775
43,2014-09-23 19:20:00+00:00,2.0141938,2.0277927,2.0277927,76,81,112,121,0.93333334,0.95
44,2014-09-24 18:25:00+00:00,3.2749119,2.7331376,2.7331376,13,22,94,103,0.6333333,-0.575
44,2014-09-24 18:25:00+00:00,3.154691,2.6295922,2.6295922,13,22,103,112,0.78307295,-0.5738281
44,2014-09-24 18:25:00+00:00,2.9539986,2.9613564,2.9613564,22,31,85,94,0.48333335,-0.35000002
44,2014-09-24 18:25:00+00:00,2.441256,2.5422292,2.5422292,22,31,94,103,0.6333333,-0.35000002
44,2014-09-24 18:25:00+00:00,2.2659638,2.391066,2.391066,22,31,103,112,0.78333336,-0.35000002
44,2014-09-24 18:25:00+00:00,2.2438743,2.5447414,2.5447414,22,31,112,121,0.93333334,-0.35000002
44,2014-09-24 18:25:00+00:00,3.6437023,3.6962109,3.6962109,31,40,40,49,-0.26276043,-0.119140625
44,2014-09-24 18:25:00+00:00,3.3497684,3.463224,3.463224,31,40,49,58,-0.11666667,-0.125
44,2014-09-24 18:25:00+00:00,3.5296087,3.4549923,3.4549923,31,40,58,67,0.026041666,-0.12695312
44,2014-09-24 18:25:00+00:00,3.6278017,3.4848948,3.4848948,31,40,67,76,0.18828125,-0.128125
44,2014-09-24 18:25:00+00:00,3.456599,3.010872,3.010872,31,40,85,94,0.48333335,-0.125
44,2014-09-24 18:25:00+00:00,2.7333114,2.619861,2.619861,31,40,94,103,0.6333333,-0.125
44,2014-09-24 18:25:00+00:00,2.2376783,2.4281383,2.4281383,31,40,103,112,0.78333336,-0.125
44,2014-09-24 18:25:00+00:00,2.4367487,2.5364008,2.5364008,31,40,112,121,0.93333334,-0.125
44,2014-09-24 18:25:00+00:00,4.4025106,4.258646,4.258646,40,49,13,22,-0.71458334,0.115624994
44,2014-09-24 18:25:00+00:00,3.787443,4.2665777,4.2665777,40,49,22,31,-0.56666666,0.099999994
44,2014-09-24 18:25:00+00:00,3.2824626,3.9062986,3.9062986,40,49,31,40,-0.4166667,0.099999994
44,2014-09-24 18:25:00+00:00,3.2417963,3.219453,3.219453,40,49,40,49,-0.26666665,0.099999994
44,2014-09-24 18:25:00+00:00,3.5059066,3.0196643,3.0196643,40,49,49,58,-0.11666667,0.099999994
44,2014-09-24 18:25:00+00:00,3.3726602,3.005465,3.005465,40,49,58,67,0.032552086,0.10078125
44,2014-09-24 18:25:00+00:00,3.7345245,3.286076,3.286076,40,49,67,76,0.1888021,0.10585937
44,2014-09-24 18:25:00+00:00,3.7533698,3.103826,3.103826,40,49,85,94,0.4893229,0.09101562
44,2014-09-24 18:25:00+00:00,3.1433494,2.775986,2.775986,40,49,94,103,0.6333333,0.099999994
44,2014-09-24 18:25:00+00:00,2.8199387,2.4710696,2.4710696,40,49,103,112,0.78333336,0.099999994
44,2014-09-24 18:25:00+00:00,2.728862,2.5547817,2.5547817,40,49,112,121,0.93333334,0.099999994
44,2014-09-24 18:25:00+00:00,4.5085464,3.7352643,3.7352643,49,58,13,22,-0.71666664,0.325
44,2014-09-24 18:25:00+00:00,2.638154,3.5206728,3.5206728,49,58,22,31,-0.56666666,0.325
44,2014-09-24 18:25:00+00:00,2.378148,3.112936,3.112936,49,58,31,40,-0.4166667,0.325
44,2014-09-24 18:25:00+00:00,2.423168,2.7020726,2.7020726,49,58,40,49,-0.26666665,0.325
44,2014-09-24 18:25:00+00:00,2.6952107,2.5019422,2.5019422,49,58,49,58,-0.11666667,0.325
44,2014-09-24 18:25:00+00:00,3.495354,2.547236,2.547236,49,58,58,67,0.033333335,0.325
44,2014-09-24 18:25:00+00:00,3.4165208,2.9544702,2.9544702,49,58,67,76,0.18333334,0.325
44,2014-09-24 18:25:00+00:00,3.7029078,3.2737346,3.2737346,49,58,76,85,0.32265624,0.3425781
44,2014-09-24 18:25:00+00:00,3.771437,3.0232122,3.0232122,49,58,85,94,0.4859375,0.33125
44,2014-09-24 18:25:00+00:00,3.084104,2.8865058,2.8865058,49,58,94,103,0.6333333,0.325
44,2014-09-24 18:25:00+00:00,2.8394494,2.677357,2.677357,49,58,103,112,0.78333336,0.325
44,2014-09-24 18:25:00+00:00,2.7890944,2.6722548,2.6722548,49,58,112,121,0.93333334,0.325
44,2014-09-24 18:25:00+00:00,3.6610913,3.0875015,3.0875015,58,67,22,31,-0.5630208,0.54375
44,2014-09-24 18:25:00+00:00,2.1742954,2.78155,2.78155,58,67,31,40,-0.4166667,0.55
44,2014-09-24 18:25:00+00:00,2.2921178,2.4618137,2.4618137,58,67,40,49,-0.26666665,0.55
44,2014-09-24 18:25:00+00:00,2.5694096,2.2894096,2.2894096,58,67,49,58,-0.11666667,0.55
44,2014-09-24 18:25:00+00:00,2.980752,2.3518605,2.3518605,58,67,58,67,0.033333335,0.55
44,2014-09-24 18:25:00+00:00,3.1596503,2.6513228,2.6513228,58,67,67,76,0.18333334,0.55
44,2014-09-24 18:25:00+00:00,3.0284886,2.893451,2.893451,58,67,76,85,0.3333333,0.55
44,2014-09-24 18:25:00+00:00,3.1403432,2.8121898,2.8121898,58,67,85,94,0.48333335,0.55
44,2014-09-24 18:25:00+00:00,2.8433394,2.556259,2.556259,58,67,94,103,0.6325521,0.5390625
44,2014-09-24 18:25:00+00:00,2.5981748,2.4526985,2.4526985,58,67,103,112,0.78333336,0.55
44,2014-09-24 18:25:00+00:00,2.3647435,2.4766006,2.4766006,58,67,112,121,0.93333334,0.55
44,2014-09-24 18:25:00+00:00,2.1228015,2.8865352,2.8865352,67,76,31,40,-0.4153646,0.7691406
44,2014-09-24 18:25:00+00:00,2.5694685,2.5283427,2.5283427,67,76,40,49,-0.2708333,0.7523438
44,2014-09-24 18:25:00+00:00,2.7978227,2.494632,2.494632,67,76,85,94,0.47371796,0.7389424
44,2014-09-24 18:25:00+00:00,2.3318672,2.386244,2.386244,67,76,103,112,0.78333336,0.775
44,2014-09-24 18:25:00+00:00,2.098127,2.3739727,2.3739727,67,76,112,121,0.93333334,0.775
44,2014-09-24 18:25:00+00:00,2.1818933,2.428733,2.428733,76,81,112,121,0.93333334,0.95
45,2014-09-25 19:10:00+00:00,2.9334774,3.1802795,3.1802795,49,58,103,112,0.78255206,0.32851562
45,2014-09-25 19:10:00+00:00,2.8474321,3.0627835,3.0627835,49,58,112,121,0.93359375,0.32617188
45,2014-09-25 19:10:00+00:00,3.0716796,2.8214145,2.8214145,58,67,103,112,0.7828125,0.5523437
45,2014-09-25 19:10:00+00:00,2.7420087,2.7998984,2.7998984,58,67,112,121,0.9346354,0.5511719
46,2014-09-26 18:15:00+00:00,3.1474712,2.8219101,2.8219101,13,22,85,94,0.4893229,-0.5570313
46,2014-09-26 18:15:00+00:00,2.4701273,2.475792,2.475792,13,22,94,103,0.6333333,-0.575
46,2014-09-26 18:15:00+00:00,2.2721868,2.3676004,2.3676004,13,22,103,112,0.78307295,-0.5738281
46,2014-09-26 18:15:00+00:00,2.4753466,2.6652632,2.6652632,22,31,85,94,0.48333335,-0.35000002
46,2014-09-26 18:15:00+00:00,2.2182257,2.245803,2.245803,22,31,94,103,0.6333333,-0.35000002
46,2014-09-26 18:15:00+00:00,2.068519,2.1046536,2.1046536,22,31,103,112,0.78333336,-0.35000002
46,2014-09-26 18:15:00+00:00,1.988547,2.2299151,2.2299151,22,31,112,121,0.93333334,-0.35000002
46,2014-09-26 18:15:00+00:00,2.8199098,3.2920434,3.2920434,31,40,40,49,-0.26276043,-0.119140625
46,2014-09-26 18:15:00+00:00,3.1559796,3.03279,3.03279,31,40,49,58,-0.11666667,-0.125
46,2014-09-26 18:15:00+00:00,2.9785361,3.0664873,3.0664873,31,40,58,67,0.027083334,-0.12656249
46,2014-09-26 18:15:00+00:00,3.1854925,3.2263167,3.2263167,31,40,67,76,0.18697917,-0.12812501
46,2014-09-26 18:15:00+00:00,2.840526,2.8071542,2.8071542,31,40,85,94,0.48333335,-0.125
46,2014-09-26 18:15:00+00:00,2.4371643,2.4112248,2.4112248,31,40,94,103,0.6333333,-0.125
46,2014-09-26 18:15:00+00:00,2.0248911,2.2150574,2.2150574,31,40,103,112,0.78333336,-0.125
46,2014-09-26 18:15:00+00:00,2.0786662,2.2913394,2.2913394,31,40,112,121,0.93333334,-0.125
46,2014-09-26 18:15:00+00:00,3.343182,3.9543445,3.9543445,40,49,22,31,-0.56666666,0.099999994
46,2014-09-26 18:15:00+00:00,2.7813904,3.5837326,3.5837326,40,49,31,40,-0.4171875,0.1
46,2014-09-26 18:15:00+00:00,3.116163,2.9394538,2.9394538,40,49,40,49,-0.26666665,0.099999994
46,2014-09-26 18:15:00+00:00,3.230243,2.7234926,2.7234926,40,49,49,58,-0.11666667,0.099999994
46,2014-09-26 18:15:00+00:00,3.1529503,2.7830832,2.7830832,40,49,58,67,0.029687501,0.10117188
46,2014-09-26 18:15:00+00:00,3.1999476,3.050869,3.050869,40,49,67,76,0.18802084,0.10429688
46,2014-09-26 18:15:00+00:00,3.414094,3.0138636,3.0138636,40,49,85,94,0.49296874,0.09257813
46,2014-09-26 18:15:00+00:00,2.7095551,2.6583052,2.6583052,40,49,94,103,0.6333333,0.099999994
46,2014-09-26 18:15:00+00:00,2.2049534,2.3469248,2.3469248,40,49,103,112,0.78333336,0.099999994
46,2014-09-26 18:15:00+00:00,2.1231885,2.395253,2.395253,40,49,112,121,0.93333334,0.099999994
46,2014-09-26 18:15:00+00:00,4.414848,3.5827796,3.5827796,49,58,13,22,-0.7164062,0.32382813
46,2014-09-26 18:15:00+00:00,2.5418446,3.3255162,3.3255162,49,58,22,31,-0.56666666,0.325
46,2014-09-26 18:15:00+00:00,2.040009,2.9322116,2.9322116,49,58,31,40,-0.4166667,0.325
46,2014-09-26 18:15:00+00:00,2.0760977,2.5348742,2.5348742,49,58,40,49,-0.26666665,0.325
46,2014-09-26 18:15:00+00:00,2.6435957,2.327347,2.327347,49,58,49,58,-0.11666667,0.325
46,2014-09-26 18:15:00+00:00,3.143049,2.3978965,2.3978965,49,58,58,67,0.033333335,0.325
46,2014-09-26 18:15:00+00:00,3.230826,2.8163888,2.8163888,49,58,67,76,0.18333334,0.325
46,2014-09-26 18:15:00+00:00,3.4729111,3.0559816,3.0559816,49,58,85,94,0.4872396,0.3292969
46,2014-09-26 18:15:00+00:00,2.9584672,2.8414419,2.8414419,49,58,94,103,0.6333333,0.325
46,2014-09-26 18:15:00+00:00,2.7772782,2.6161978,2.6161978,49,58,103,112,0.78333336,0.325
46,2014-09-26 18:15:00+00:00,2.497884,2.5765162,2.5765162,49,58,112,121,0.93333334,0.325
46,2014-09-26 18:15:00+00:00,2.835281,2.8880653,2.8880653,58,67,22,31,-0.5627604,0.5433594
46,2014-09-26 18:15:00+00:00,1.6619229,2.5961273,2.5961273,58,67,31,40,-0.4166667,0.55
46,2014-09-26 18:15:00+00:00,2.0522757,2.2885091,2.2885091,58,67,40,49,-0.26666665,0.55
46,2014-09-26 18:15:00+00:00,2.4720716,2.1145098,2.1145098,58,67,49,58,-0.11666667,0.55
46,2014-09-26 18:15:00+00:00,3.068579,2.1907322,2.1907322,58,67,58,67,0.033333335,0.55
46,2014-09-26 18:15:00+00:00,2.9154909,2.4978666,2.4978666,58,67,67,76,0.18333334,0.55
46,2014-09-26 18:15:00+00:00,2.9237106,2.7910116,2.7910116,58,67,76,85,0.3333333,0.55
46,2014-09-26 18:15:00+00:00,2.8491077,2.7440996,2.7440996,58,67,85,94,0.48333335,0.55
46,2014-09-26 18:15:00+00:00,2.676734,2.4758217,2.4758217,58,67,94,103,0.6325521,0.5390625
46,2014-09-26 18:15:00+00:00,2.7236223,2.351499,2.351499,58,67,103,112,0.78333336,0.55
46,2014-09-26 18:15:00+00:00,2.696315,2.347952,2.347952,58,67,112,121,0.93333334,0.55
46,2014-09-26 18:15:00+00:00,1.8337984,2.6608694,2.6608694,67,76,31,40,-0.4138021,0.76953125
46,2014-09-26 18:15:00+00:00,2.7772484,2.373658,2.373658,67,76,85,94,0.47287583,0.7382354
46,2014-09-26 18:15:00+00:00,2.4517512,2.2496767,2.2496767,67,76,103,112,0.78333336,0.775
46,2014-09-26 18:15:00+00:00,2.3600726,2.2106888,2.2106888,67,76,112,121,0.93333334,0.775
46,2014-09-26 18:15:00+00:00,2.178665,2.3131607,2.3131607,76,81,112,121,0.93333334,0.95
47,2014-09-27 18:55:00+00:00,2.8940244,3.1242862,3.1242862,40,49,40,49,-0.26666665,0.099999994
47,2014-09-27 18:55:00+00:00,2.5879934,3.343282,3.343282,49,58,85,94,0.48854166,0.328125
47,2014-09-27 18:55:00+00:00,2.6612873,3.2506902,3.2506902,49,58,94,103,0.6333333,0.325
47,2014-09-27 18:55:00+00:00,2.7664928,3.0555823,3.0555823,49,58,103,112,0.78333336,0.325
47,2014-09-27 18:55:00+00:00,2.1494923,3.0178854,3.0178854,49,58,112,121,0.93333334,0.325
47,2014-09-27 18:55:00+00:00,3.4116857,3.113145,3.113145,58,67,85,94,0.48671877,0.5484375
47,2014-09-27 18:55:00+00:00,3.139741,2.954744,2.954744,58,67,94,103,0.6375,0.53945315
47,2014-09-27 18:55:00+00:00,3.38623,2.8055668,2.8055668,58,67,103,112,0.78333336,0.55
47,2014-09-27 18:55:00+00:00,2.9270961,2.7964118,2.7964118,58,67,112,121,0.93333334,0.55
47,2014-09-27 18:55:00+00:00,2.2640507,3.007486,3.007486,67,76,31,40,-0.41979167,0.77382815
47,2014-09-27 18:55:00+00:00,3.308254,2.9518645,2.9518645,67,76,76,85,0.33359373,0.7640625
47,2014-09-27 18:55:00+00:00,2.9794602,2.6939669,2.6939669,67,76,103,112,0.78333336,0.775
47,2014-09-27 18:55:00+00:00,2.9478755,2.6510618,2.6510618,67,76,112,121,0.93333334,0.775
47,2014-09-27 18:55:00+00:00,2.1548932,2.8569236,2.8569236,76,81,103,112,0.78902435,0.9463415
47,2014-09-27 18:55:00+00:00,2.5701451,2.760528,2.760528,76,81,112,121,0.93333334,0.95
48,2014-09-29 18:45:00+00:00,2.3546975,2.2291038,2.2291038,13,22,94,103,0.6333333,-0.575
48,2014-09-29 18:45:00+00:00,2.41789,2.0556011,2.0556011,13,22,103,112,0.7828125,-0.5726563
48,2014-09-29 18:45:00+00:00,2.490052,2.5722206,2.5722206,22,31,85,94,0.48333335,-0.35000002
48,2014-09-29 18:45:00+00:00,2.2445848,1.9910532,1.9910532,22,31,94,103,0.6333333,-0.35000002
48,2014-09-29 18:45:00+00:00,2.106632,1.7929245,1.7929245,22,31,103,112,0.78333336,-0.35000002
48,2014-09-29 18:45:00+00:00,1.9430563,1.9786999,1.9786999,22,31,112,121,0.93333334,-0.35000002
48,2014-09-29 18:45:00+00:00,2.7713485,3.718065,3.718065,31,40,40,49,-0.26276043,-0.119140625
48,2014-09-29 18:45:00+00:00,2.811945,3.3646393,3.3646393,31,40,49,58,-0.11666667,-0.125
48,2014-09-29 18:45:00+00:00,3.36327,3.4085667,3.4085667,31,40,58,67,0.028906249,-0.12695312
48,2014-09-29 18:45:00+00:00,2.806666,3.3956907,3.3956907,31,40,67,76,0.18723959,-0.12734374
48,2014-09-29 18:45:00+00:00,2.6577969,2.6434138,2.6434138,31,40,85,94,0.48333335,-0.125
48,2014-09-29 18:45:00+00:00,2.2919147,2.0890472,2.0890472,31,40,94,103,0.6333333,-0.125
48,2014-09-29 18:45:00+00:00,1.9115417,1.8503234,1.8503234,31,40,103,112,0.78333336,-0.125
48,2014-09-29 18:45:00+00:00,1.8305197,1.9777056,1.9777056,31,40,112,121,0.93333334,-0.125
48,2014-09-29 18:45:00+00:00,4.170759,4.5236,4.5236,40,49,22,31,-0.56666666,0.099999994
48,2014-09-29 18:45:00+00:00,3.8187544,4.2153544,4.2153544,40,49,31,40,-0.4166667,0.099999994
48,2014-09-29 18:45:00+00:00,4.3004766,3.354732,3.354732,40,49,40,49,-0.26666665,0.099999994
48,2014-09-29 18:45:00+00:00,4.135897,3.0610876,3.0610876,40,49,49,58,-0.11666667,0.099999994
48,2014-09-29 18:45:00+00:00,4.14399,3.0854263,3.0854263,40,49,58,67,0.032552086,0.10078125
48,2014-09-29 18:45:00+00:00,2.6674616,3.2662764,3.2662764,40,49,67,76,0.18723959,0.106249996
48,2014-09-29 18:45:00+00:00,2.765595,2.9360623,2.9360623,40,49,85,94,0.49010417,0.09257812
48,2014-09-29 18:45:00+00:00,2.3923202,2.4019597,2.4019597,40,49,94,103,0.6333333,0.099999994
48,2014-09-29 18:45:00+00:00,1.947776,2.0315156,2.0315156,40,49,103,112,0.78333336,0.099999994
48,2014-09-29 18:45:00+00:00,1.7969773,2.131832,2.131832,40,49,112,121,0.93333334,0.099999994
48,2014-09-29 18:45:00+00:00,4.4833593,3.9850755,3.9850755,49,58,13,22,-0.71666664,0.325
48,2014-09-29 18:45:00+00:00,3.6597147,3.8246434,3.8246434,49,58,22,31,-0.56666666,0.325
48,2014-09-29 18:45:00+00:00,2.4652016,3.460021,3.460021,49,58,31,40,-0.4166667,0.325
48,2014-09-29 18:45:00+00:00,2.9233932,2.90396,2.90396,49,58,40,49,-0.26666665,0.325
48,2014-09-29 18:45:00+00:00,2.4989069,2.6350632,2.6350632,49,58,49,58,-0.11666667,0.325
48,2014-09-29 18:45:00+00:00,4.1917195,2.7115517,2.7115517,49,58,58,67,0.033333335,0.325
48,2014-09-29 18:45:00+00:00,3.110644,3.0472405,3.0472405,49,58,67,76,0.18333334,0.325
48,2014-09-29 18:45:00+00:00,3.5484192,3.0348969,3.0348969,49,58,85,94,0.4903646,0.33203125
48,2014-09-29 18:45:00+00:00,2.7022002,2.651181,2.651181,49,58,94,103,0.6333333,0.325
48,2014-09-29 18:45:00+00:00,2.2485054,2.3661048,2.3661048,49,58,103,112,0.78333336,0.325
48,2014-09-29 18:45:00+00:00,1.7595453,2.3697546,2.3697546,49,58,112,121,0.93333334,0.325
48,2014-09-29 18:45:00+00:00,2.0354536,3.1788561,3.1788561,58,67,22,31,-0.5598958,0.5417969
48,2014-09-29 18:45:00+00:00,2.0747297,2.985658,2.985658,58,67,31,40,-0.4166667,0.55
48,2014-09-29 18:45:00+00:00,2.1370928,2.5333788,2.5333788,58,67,40,49,-0.26666665,0.55
48,2014-09-29 18:45:00+00:00,2.0935488,2.30734,2.30734,58,67,49,58,-0.11666667,0.55
48,2014-09-29 18:45:00+00:00,4.0873127,2.4094493,2.4094493,58,67,58,67,0.033333335,0.55
48,2014-09-29 18:45:00+00:00,3.8427355,2.63679,2.63679,58,67,67,76,0.18333334,0.55
48,2014-09-29 18:45:00+00:00,3.5392122,2.8129094,2.8129094,58,67,76,85,0.3333333,0.55
48,2014-09-29 18:45:00+00:00,3.3191993,2.6443465,2.6443465,58,67,85,94,0.48333335,0.55
48,2014-09-29 18:45:00+00:00,2.8426049,2.236182,2.236182,58,67,94,103,0.6304688,0.53828126
48,2014-09-29 18:45:00+00:00,2.4643228,2.0724807,2.0724807,58,67,103,112,0.78333336,0.55
48,2014-09-29 18:45:00+00:00,1.9877319,2.1130064,2.1130064,58,67,112,121,0.93333334,0.55
48,2014-09-29 18:45:00+00:00,2.0247185,3.0395372,3.0395372,67,76,31,40,-0.4138021,0.771875
48,2014-09-29 18:45:00+00:00,2.3354545,2.5812852,2.5812852,67,76,40,49,-0.27109376,0.7550781
48,2014-09-29 18:45:00+00:00,3.5811374,2.6029577,2.6029577,67,76,76,85,0.33515623,0.7558594
48,2014-09-29 18:45:00+00:00,2.7137232,2.2445507,2.2445507,67,76,85,94,0.47389936,0.74056613
48,2014-09-29 18:45:00+00:00,2.2138705,1.9314663,1.9314663,67,76,103,112,0.78333336,0.775
48,2014-09-29 18:45:00+00:00,2.1287205,1.9312482,1.9312482,67,76,112,121,0.93333334,0.775
48,2014-09-29 18:45:00+00:00,1.5650424,1.9775827,1.9775827,76,81,112,121,0.93604654,0.95
49,2014-10-12 18:05:00+00:00,3.0001185,2.7440066,2.7440066,13,22,94,103,0.63463545,-0.5738281
49,2014-10-12 18:05:00+00:00,2.9043941,2.6548605,2.6548605,13,22,103,112,0.77942705,-0.5679687
49,2014-10-12 18:05:00+00:00,4.282767,3.1270323,3.1270323,22,31,49,58,-0.109375,-0.3402344
49,2014-10-12 18:05:00+00:00,2.671632,2.8889143,2.8889143,22,31,85,94,0.48333335,-0.35000002
49,2014-10-12 18:05:00+00:00,2.4610436,2.5348616,2.5348616,22,31,94,103,0.6333333,-0.35000002
49,2014-10-12 18:05:00+00:00,2.3907588,2.4139905,2.4139905,22,31,103,112,0.78333336,-0.35000002
49,2014-10-12 18:05:00+00:00,2.164149,2.5182269,2.5182269,22,31,112,121,0.93333334,-0.35000002
49,2014-10-12 18:05:00+00:00,4.1032615,3.428232,3.428232,31,40,40,49,-0.26302084,-0.119140625
49,2014-10-12 18:05:00+00:00,3.8255947,3.1856675,3.1856675,31,40,49,58,-0.11666667,-0.125
49,2014-10-12 18:05:00+00:00,3.5135508,3.3009274,3.3009274,31,40,58,67,0.023958337,-0.13242188
49,2014-10-12 18:05:00+00:00,2.646946,2.9852376,2.9852376,31,40,85,94,0.48333335,-0.125
49,2014-10-12 18:05:00+00:00,2.5643554,2.663538,2.663538,31,40,94,103,0.6333333,-0.125
49,2014-10-12 18:05:00+00:00,2.3710968,2.492305,2.492305,31,40,103,112,0.78333336,-0.125
49,2014-10-12 18:05:00+00:00,2.5506487,2.5459466,2.5459466,31,40,112,121,0.93046874,-0.12148438
49,2014-10-12 18:05:00+00:00,4.360446,3.9448764,3.9448764,40,49,22,31,-0.56666666,0.099999994
49,2014-10-12 18:05:00+00:00,3.6132536,3.6032982,3.6032982,40,49,31,40,-0.41640627,0.09921875
49,2014-10-12 18:05:00+00:00,3.097324,2.997725,2.997725,40,49,40,49,-0.26666665,0.099999994
49,2014-10-12 18:05:00+00:00,2.833733,2.7882497,2.7882497,40,49,49,58,-0.11666667,0.099999994
49,2014-10-12 18:05:00+00:00,2.861509,2.867545,2.867545,40,49,58,67,0.026302084,0.10820312
49,2014-10-12 18:05:00+00:00,2.8973305,2.996338,2.996338,40,49,67,76,0.1921875,0.10976562
49,2014-10-12 18:05:00+00:00,3.2505457,3.1135128,3.1135128,40,49,85,94,0.4893229,0.091796875
49,2014-10-12 18:05:00+00:00,2.8409266,2.833285,2.833285,40,49,94,103,0.6333333,0.099999994
49,2014-10-12 18:05:00+00:00,2.9500222,2.5503552,2.5503552,40,49,103,112,0.78333336,0.099999994
49,2014-10-12 18:05:00+00:00,2.502043,2.5870082,2.5870082,40,49,112,121,0.93333334,0.099999994
49,2014-10-12 18:05:00+00:00,4.565414,3.527602,3.527602,49,58,13,22,-0.71666664,0.325
49,2014-10-12 18:05:00+00:00,3.8021057,3.2979755,3.2979755,49,58,22,31,-0.56666666,0.325
49,2014-10-12 18:05:00+00:00,3.1892102,2.911688,2.911688,49,58,31,40,-0.4166667,0.325
49,2014-10-12 18:05:00+00:00,2.7759368,2.5504692,2.5504692,49,58,40,49,-0.26666665,0.325
49,2014-10-12 18:05:00+00:00,2.2025967,2.34789,2.34789,49,58,49,58,-0.11666667,0.325
49,2014-10-12 18:05:00+00:00,2.243105,2.3954976,2.3954976,49,58,58,67,0.033333335,0.325
49,2014-10-12 18:05:00+00:00,2.4845269,2.8155262,2.8155262,49,58,67,76,0.18333334,0.325
49,2014-10-12 18:05:00+00:00,3.4962344,3.1095848,3.1095848,49,58,85,94,0.4901042,0.3292969
49,2014-10-12 18:05:00+00:00,3.4537966,2.956131,2.956131,49,58,94,103,0.6333333,0.325
49,2014-10-12 18:05:00+00:00,3.2238815,2.7556105,2.7556105,49,58,103,112,0.78333336,0.325
49,2014-10-12 18:05:00+00:00,2.5996988,2.713364,2.713364,49,58,112,121,0.93333334,0.325
49,2014-10-12 18:05:00+00:00,4.468476,2.9388502,2.9388502,58,67,22,31,-0.56614584,0.5476563
49,2014-10-12 18:05:00+00:00,3.2087536,2.629924,2.629924,58,67,31,40,-0.4166667,0.55
49,2014-10-12 18:05:00+00:00,3.2616143,2.3468919,2.3468919,58,67,40,49,-0.26666665,0.55
49,2014-10-12 18:05:00+00:00,2.287106,2.1745563,2.1745563,58,67,49,58,-0.11666667,0.55
49,2014-10-12 18:05:00+00:00,2.1737008,2.2310991,2.2310991,58,67,58,67,0.033333335,0.55
49,2014-10-12 18:05:00+00:00,2.3746612,2.5469205,2.5469205,58,67,67,76,0.18333334,0.55
49,2014-10-12 18:05:00+00:00,3.0014536,2.8452106,2.8452106,58,67,76,85,0.3333333,0.55
49,2014-10-12 18:05:00+00:00,3.131662,2.8439338,2.8439338,58,67,85,94,0.48333335,0.55
49,2014-10-12 18:05:00+00:00,3.2617733,2.5351295,2.5351295,58,67,103,112,0.78333336,0.55
49,2014-10-12 18:05:00+00:00,2.683534,2.5232499,2.5232499,58,67,112,121,0.93333334,0.55
49,2014-10-12 18:05:00+00:00,3.477183,2.77411,2.77411,67,76,31,40,-0.41484377,0.77421874
49,2014-10-12 18:05:00+00:00,2.314108,2.7242577,2.7242577,67,76,76,85,0.3333333,0.759375
49,2014-10-12 18:05:00+00:00,2.3164434,2.475987,2.475987,67,76,103,112,0.78333336,0.775
49,2014-10-12 18:05:00+00:00,1.9780114,2.4291778,2.4291778,67,76,112,121,0.93333334,0.775
49,2014-10-12 18:05:00+00:00,2.5064108,2.6301887,2.6301887,76,81,103,112,0.79083335,0.94624996
49,2014-10-12 18:05:00+00:00,1.9673843,2.5260227,2.5260227,76,81,112,121,0.93333334,0.95
50,2014-10-12 18:10:00+00:00,2.7365797,2.527221,2.527221,13,22,94,103,0.6333333,-0.575
50,2014-10-12 18:10:00+00:00,2.7392385,2.4625452,2.4625452,13,22,103,112,0.7828125,-0.5726563
50,2014-10-12 18:10:00+00:00,2.5409775,2.7099078,2.7099078,22,31,85,94,0.48333335,-0.35000002
50,2014-10-12 18:10:00+00:00,2.4526582,2.4042304,2.4042304,22,31,94,103,0.6333333,-0.35000002
50,2014-10-12 18:10:00+00:00,2.4062111,2.30344,2.30344,22,31,103,112,0.78333336,-0.35000002
50,2014-10-12 18:10:00+00:00,2.1724963,2.4340358,2.4340358,22,31,112,121,0.9320313,-0.35117188
51,2014-10-12 18:15:00+00:00,3.7911208,3.2539313,3.2539313,31,40,40,49,-0.26223958,-0.120703116
51,2014-10-12 18:15:00+00:00,3.2301905,2.9968219,2.9968219,31,40,49,58,-0.11666667,-0.125
51,2014-10-12 18:15:00+00:00,2.7564116,3.0058327,3.0058327,31,40,58,67,0.028125,-0.12617187
51,2014-10-12 18:15:00+00:00,2.98715,3.0957394,3.0957394,31,40,67,76,0.18932292,-0.13164063
51,2014-10-12 18:15:00+00:00,2.4981854,2.7423215,2.7423215,31,40,85,94,0.48125002,-0.115624994
51,2014-10-12 18:15:00+00:00,4.6131983,3.6302898,3.6302898,40,49,13,22,-0.71484375,0.11445312
51,2014-10-12 18:15:00+00:00,4.1773806,3.6616933,3.6616933,40,49,22,31,-0.56666666,0.099999994
51,2014-10-12 18:15:00+00:00,3.0499358,3.3358593,3.3358593,40,49,31,40,-0.4166667,0.099999994
51,2014-10-12 18:15:00+00:00,2.6141443,2.7634113,2.7634113,40,49,40,49,-0.26666665,0.099999994
51,2014-10-12 18:15:00+00:00,2.476317,2.5661294,2.5661294,40,49,49,58,-0.11666667,0.099999994
51,2014-10-12 18:15:00+00:00,2.4869056,2.5571828,2.5571828,40,49,58,67,0.032552086,0.10078125
51,2014-10-12 18:15:00+00:00,2.5938728,2.7938423,2.7938423,40,49,67,76,0.18359375,0.10820312
51,2014-10-12 18:15:00+00:00,2.5365171,2.548766,2.548766,40,49,94,103,0.6333333,0.099999994
51,2014-10-12 18:15:00+00:00,2.7322881,2.3198147,2.3198147,40,49,103,112,0.78333336,0.099999994
51,2014-10-12 18:15:00+00:00,2.4565415,2.3704174,2.3704174,40,49,112,121,0.93333334,0.099999994
51,2014-10-12 18:15:00+00:00,4.6084695,3.164454,3.164454,49,58,13,22,-0.71666664,0.325
51,2014-10-12 18:15:00+00:00,3.8072863,2.9571738,2.9571738,49,58,22,31,-0.56666666,0.325
51,2014-10-12 18:15:00+00:00,2.956902,2.6082256,2.6082256,49,58,31,40,-0.4166667,0.325
51,2014-10-12 18:15:00+00:00,2.5342083,2.2944217,2.2944217,49,58,40,49,-0.26666665,0.325
51,2014-10-12 18:15:00+00:00,2.079052,2.114757,2.114757,49,58,49,58,-0.11666667,0.325
51,2014-10-12 18:15:00+00:00,2.0761514,2.1510653,2.1510653,49,58,58,67,0.033333335,0.325
51,2014-10-12 18:15:00+00:00,2.187674,2.4879258,2.4879258,49,58,67,76,0.18333334,0.325
51,2014-10-12 18:15:00+00:00,3.4488182,2.7086623,2.7086623,49,58,85,94,0.4893229,0.33046874
51,2014-10-12 18:15:00+00:00,2.871961,2.593529,2.593529,49,58,94,103,0.6333333,0.325
51,2014-10-12 18:15:00+00:00,2.8581574,2.4497828,2.4497828,49,58,103,112,0.78333336,0.325
51,2014-10-12 18:15:00+00:00,2.4467325,2.4225733,2.4225733,49,58,112,121,0.93333334,0.325
51,2014-10-12 18:15:00+00:00,4.413093,2.6043365,2.6043365,58,67,22,31,-0.5598958,0.5417969
51,2014-10-12 18:15:00+00:00,2.7288156,2.3925421,2.3925421,58,67,31,40,-0.4166667,0.55
51,2014-10-12 18:15:00+00:00,2.3347342,2.151122,2.151122,58,67,40,49,-0.26666665,0.55
51,2014-10-12 18:15:00+00:00,2.0837371,1.9973568,1.9973568,58,67,49,58,-0.11666667,0.55
51,2014-10-12 18:15:00+00:00,2.049012,2.0448413,2.0448413,58,67,58,67,0.033333335,0.55
51,2014-10-12 18:15:00+00:00,2.1196983,2.2969341,2.2969341,58,67,67,76,0.18333334,0.55
51,2014-10-12 18:15:00+00:00,2.5152946,2.5386322,2.5386322,58,67,76,85,0.3333333,0.55
51,2014-10-12 18:15:00+00:00,2.7721577,2.5431404,2.5431404,58,67,85,94,0.48333335,0.55
51,2014-10-12 18:15:00+00:00,3.0708692,2.353733,2.353733,58,67,94,103,0.6325521,0.5390625
51,2014-10-12 18:15:00+00:00,2.929681,2.2996888,2.2996888,58,67,103,112,0.78333336,0.55
51,2014-10-12 18:15:00+00:00,2.517971,2.3005376,2.3005376,58,67,112,121,0.93333334,0.55
51,2014-10-12 18:15:00+00:00,3.2783415,2.5151904,2.5151904,67,76,31,40,-0.41484377,0.7699219
51,2014-10-12 18:15:00+00:00,2.444124,2.2913268,2.2913268,67,76,85,94,0.47222224,0.7392157
51,2014-10-12 18:15:00+00:00,2.3133569,2.2622561,2.2622561,67,76,103,112,0.78333336,0.775
51,2014-10-12 18:15:00+00:00,2.008837,2.229739,2.229739,67,76,112,121,0.93333334,0.775
51,2014-10-12 18:15:00+00:00,2.0501013,2.267207,2.267207,76,81,112,121,0.93333334,0.95
52,2014-10-23 17:55:00+00:00,4.2597685,2.8979888,2.8979888,13,22,94,103,0.63177085,-0.57109374
52,2014-10-23 17:55:00+00:00,3.7246237,3.581757,3.581757,22,31,76,85,0.33515626,-0.34648436
52,2014-10-23 17:55:00+00:00,3.3212037,2.8195188,2.8195188,22,31,94,103,0.6348958,-0.3484375
52,2014-10-23 17:55:00+00:00,3.1900315,2.7048357,2.7048357,22,31,103,112,0.78333336,-0.35000002
52,2014-10-23 17:55:00+00:00,3.1958342,2.8537846,2.8537846,22,31,112,121,0.93333334,-0.35000002
52,2014-10-23 17:55:00+00:00,2.977398,3.6909225,3.6909225,31,40,40,49,-0.26354167,-0.11757812
52,2014-10-23 17:55:00+00:00,4.26492,3.5074456,3.5074456,31,40,49,58,-0.11666667,-0.125
52,2014-10-23 17:55:00+00:00,2.7832658,3.4529066,3.4529066,31,40,76,85,0.34218752,-0.12070313
52,2014-10-23 17:55:00+00:00,3.0977378,3.133044,3.133044,31,40,85,94,0.48333335,-0.125
52,2014-10-23 17:55:00+00:00,3.1742682,2.8245068,2.8245068,31,40,94,103,0.6333333,-0.125
52,2014-10-23 17:55:00+00:00,3.1957417,2.6658492,2.6658492,31,40,103,112,0.78333336,-0.125
52,2014-10-23 17:55:00+00:00,2.993303,2.7760234,2.7760234,31,40,112,121,0.93333334,-0.125
52,2014-10-23 17:55:00+00:00,3.971875,3.9160495,3.9160495,40,49,22,31,-0.56354165,0.10195313
52,2014-10-23 17:55:00+00:00,3.2635746,3.5911674,3.5911674,40,49,31,40,-0.4166667,0.099999994
52,2014-10-23 17:55:00+00:00,3.0809097,2.9711509,2.9711509,40,49,40,49,-0.26666665,0.099999994
52,2014-10-23 17:55:00+00:00,3.463774,2.832949,2.832949,40,49,49,58,-0.11666667,0.099999994
52,2014-10-23 17:55:00+00:00,2.503597,2.9215772,2.9215772,40,49,67,76,0.19114584,0.10820312
52,2014-10-23 17:55:00+00:00,3.0081444,2.9294257,2.9294257,40,49,85,94,0.48645836,0.09726562
52,2014-10-23 17:55:00+00:00,3.0235605,2.7328537,2.7328537,40,49,94,103,0.6333333,0.099999994
52,2014-10-23 17:55:00+00:00,2.7892082,2.4849188,2.4849188,40,49,103,112,0.78333336,0.099999994
52,2014-10-23 17:55:00+00:00,2.2787313,2.5454662,2.5454662,40,49,112,121,0.9325521,0.09453125
52,2014-10-23 17:55:00+00:00,4.0850306,3.252474,3.252474,49,58,13,22,-0.71458334,0.31992185
52,2014-10-23 17:55:00+00:00,2.5695066,3.0155678,3.0155678,49,58,22,31,-0.56666666,0.325
52,2014-10-23 17:55:00+00:00,2.1594832,2.6452904,2.6452904,49,58,31,40,-0.4166667,0.325
52,2014-10-23 17:55:00+00:00,2.3023243,2.3190522,2.3190522,49,58,40,49,-0.26666665,0.325
52,2014-10-23 17:55:00+00:00,2.800347,2.180723,2.180723,49,58,49,58,-0.11666667,0.325
52,2014-10-23 17:55:00+00:00,3.0247905,2.183795,2.183795,49,58,58,67,0.033333335,0.325
52,2014-10-23 17:55:00+00:00,2.5216553,2.514359,2.514359,49,58,67,76,0.18307292,0.32617188
52,2014-10-23 17:55:00+00:00,2.8280005,2.6875904,2.6875904,49,58,85,94,0.48854166,0.325
52,2014-10-23 17:55:00+00:00,2.6889017,2.6266055,2.6266055,49,58,94,103,0.6333333,0.325
52,2014-10-23 17:55:00+00:00,2.3719308,2.5196705,2.5196705,49,58,103,112,0.7783854,0.32460937
52,2014-10-23 17:55:00+00:00,3.476201,2.8859997,2.8859997,58,67,13,22,-0.70034724,0.51770836
52,2014-10-23 17:55:00+00:00,2.2769828,2.748517,2.748517,58,67,22,31,-0.56640625,0.5488281
52,2014-10-23 17:55:00+00:00,1.9508543,2.4453533,2.4453533,58,67,31,40,-0.4166667,0.55
52,2014-10-23 17:55:00+00:00,2.0791812,2.1916714,2.1916714,58,67,40,49,-0.26666665,0.55
52,2014-10-23 17:55:00+00:00,2.241805,2.070439,2.070439,58,67,49,58,-0.116666675,0.54609376
52,2014-10-23 17:55:00+00:00,2.4202344,2.0937428,2.0937428,58,67,58,67,0.033333335,0.55
52,2014-10-23 17:55:00+00:00,2.4440484,2.3531609,2.3531609,58,67,67,76,0.18333334,0.55
52,2014-10-23 17:55:00+00:00,2.5553477,2.5806541,2.5806541,58,67,76,85,0.3333333,0.55
52,2014-10-23 17:55:00+00:00,2.5747883,2.561435,2.561435,58,67,85,94,0.4820313,0.5488281
52,2014-10-23 17:55:00+00:00,2.7318642,2.492367,2.492367,58,67,94,103,0.63671875,0.5390625
52,2014-10-23 17:55:00+00:00,2.4116762,2.3781831,2.3781831,58,67,103,112,0.78333336,0.55
52,2014-10-23 17:55:00+00:00,2.3022468,2.41796,2.41796,58,67,112,121,0.93385416,0.565625
52,2014-10-23 17:55:00+00:00,2.4093907,2.6881833,2.6881833,67,76,31,40,-0.41588545,0.775
52,2014-10-23 17:55:00+00:00,2.4197252,2.3617256,2.3617256,67,76,67,76,0.19423077,0.74855775
52,2014-10-23 17:55:00+00:00,2.4216921,2.6207223,2.6207223,67,76,76,85,0.3359375,0.7640625
52,2014-10-23 17:55:00+00:00,2.1267498,2.4037735,2.4037735,67,76,103,112,0.78333336,0.775
52,2014-10-23 17:55:00+00:00,2.2508705,2.40082,2.40082,67,76,112,121,0.93333334,0.775
52,2014-10-23 17:55:00+00:00,2.1655257,2.397116,2.397116,76,81,112,121,0.93333334,0.95
53,2014-10-26 18:25:00+00:00,4.112229,3.0192087,3.0192087,13,22,94,103,0.6333333,-0.575
53,2014-10-26 18:25:00+00:00,4.414264,2.8771443,2.8771443,13,22,103,112,0.7794271,-0.5636718
53,2014-10-26 18:25:00+00:00,3.445902,3.4774058,3.4774058,22,31,76,85,0.3421875,-0.3449219
53,2014-10-26 18:25:00+00:00,3.2871974,3.219854,3.219854,22,31,85,94,0.48333335,-0.35000002
53,2014-10-26 18:25:00+00:00,3.3380625,2.9427075,2.9427075,22,31,94,103,0.6333333,-0.35000002
53,2014-10-26 18:25:00+00:00,3.3601656,2.817967,2.817967,22,31,103,112,0.78333336,-0.35000002
53,2014-10-26 18:25:00+00:00,3.2901342,2.943842,2.943842,22,31,112,121,0.93333334,-0.35000002
53,2014-10-26 18:25:00+00:00,3.8564193,3.5989149,3.5989149,31,40,40,49,-0.26276043,-0.119140625
53,2014-10-26 18:25:00+00:00,3.7301874,3.4468806,3.4468806,31,40,49,58,-0.11666667,-0.125
53,2014-10-26 18:25:00+00:00,4.2797446,3.4983776,3.4983776,31,40,58,67,0.028906252,-0.12773436
53,2014-10-26 18:25:00+00:00,3.2389135,3.5141304,3.5141304,31,40,67,76,0.18619792,-0.12851563
53,2014-10-26 18:25:00+00:00,2.9829915,3.1654897,3.1654897,31,40,85,94,0.48333335,-0.125
53,2014-10-26 18:25:00+00:00,3.2334754,2.9220774,2.9220774,31,40,94,103,0.6333333,-0.125
53,2014-10-26 18:25:00+00:00,3.317856,2.7744174,2.7744174,31,40,103,112,0.78333336,-0.125
53,2014-10-26 18:25:00+00:00,2.846326,2.8632553,2.8632553,31,40,112,121,0.93333334,-0.125
53,2014-10-26 18:25:00+00:00,3.246636,3.8208742,3.8208742,40,49,22,31,-0.5653646,0.10117187
53,2014-10-26 18:25:00+00:00,2.8614569,3.4868422,3.4868422,40,49,31,40,-0.41640627,0.09921875
53,2014-10-26 18:25:00+00:00,2.4718533,2.9292045,2.9292045,40,49,40,49,-0.26666665,0.099999994
53,2014-10-26 18:25:00+00:00,3.1039803,2.7847667,2.7847667,40,49,49,58,-0.11666667,0.099999994
53,2014-10-26 18:25:00+00:00,3.2618575,2.7647383,2.7647383,40,49,58,67,0.0265625,0.10664062
53,2014-10-26 18:25:00+00:00,2.63929,2.9761674,2.9761674,40,49,67,76,0.18697917,0.10546875
53,2014-10-26 18:25:00+00:00,2.8584533,3.0203018,3.0203018,40,49,85,94,0.49114582,0.09140625
53,2014-10-26 18:25:00+00:00,3.030559,2.8152378,2.8152378,40,49,94,103,0.6333333,0.099999994
53,2014-10-26 18:25:00+00:00,2.7587705,2.586151,2.586151,40,49,103,112,0.78333336,0.099999994
53,2014-10-26 18:25:00+00:00,2.3892932,2.6554866,2.6554866,40,49,112,121,0.93333334,0.099999994
53,2014-10-26 18:25:00+00:00,3.9985082,3.4920444,3.4920444,49,58,4,13,-0.8428104,0.30882353
53,2014-10-26 18:25:00+00:00,3.422701,3.157477,3.157477,49,58,13,22,-0.71666664,0.325
53,2014-10-26 18:25:00+00:00,2.285822,2.9676926,2.9676926,49,58,22,31,-0.56666666,0.325
53,2014-10-26 18:25:00+00:00,2.037585,2.6063302,2.6063302,49,58,31,40,-0.4166667,0.325
53,2014-10-26 18:25:00+00:00,2.0885975,2.3132148,2.3132148,49,58,40,49,-0.26666665,0.325
53,2014-10-26 18:25:00+00:00,2.3953133,2.170731,2.170731,49,58,49,58,-0.11666667,0.325
53,2014-10-26 18:25:00+00:00,2.760385,2.1782646,2.1782646,49,58,58,67,0.033854164,0.32460937
53,2014-10-26 18:25:00+00:00,2.8278644,2.5253224,2.5253224,49,58,67,76,0.18333334,0.325
53,2014-10-26 18:25:00+00:00,2.7026825,2.7559254,2.7559254,49,58,85,94,0.4875,0.328125
53,2014-10-26 18:25:00+00:00,2.6216185,2.7108934,2.7108934,49,58,94,103,0.6333333,0.325
53,2014-10-26 18:25:00+00:00,2.7043006,2.5875492,2.5875492,49,58,103,112,0.78333336,0.325
53,2014-10-26 18:25:00+00:00,2.4392705,2.5801685,2.5801685,49,58,112,121,0.93333334,0.325
53,2014-10-26 18:25:00+00:00,2.8077068,2.7489123,2.7489123,58,67,22,31,-0.56432295,0.54648435
53,2014-10-26 18:25:00+00:00,1.8707075,2.4432619,2.4432619,58,67,31,40,-0.4166667,0.55
53,2014-10-26 18:25:00+00:00,1.9010334,2.210167,2.210167,58,67,40,49,-0.26666665,0.55
53,2014-10-26 18:25:00+00:00,2.0405157,2.084694,2.084694,58,67,49,58,-0.11666667,0.55
53,2014-10-26 18:25:00+00:00,2.1892755,2.096483,2.096483,58,67,58,67,0.033333335,0.55
53,2014-10-26 18:25:00+00:00,2.450938,2.3796372,2.3796372,58,67,67,76,0.18333334,0.55
53,2014-10-26 18:25:00+00:00,2.540423,2.6146736,2.6146736,58,67,76,85,0.3333333,0.55
53,2014-10-26 18:25:00+00:00,2.645114,2.6359081,2.6359081,58,67,85,94,0.48333335,0.55
53,2014-10-26 18:25:00+00:00,2.9048007,2.586368,2.586368,58,67,94,103,0.6356771,0.5414063
53,2014-10-26 18:25:00+00:00,2.6356544,2.4943027,2.4943027,58,67,103,112,0.78333336,0.55
53,2014-10-26 18:25:00+00:00,2.4530253,2.512594,2.512594,58,67,112,121,0.93333334,0.55
53,2014-10-26 18:25:00+00:00,2.0275671,2.6686614,2.6686614,67,76,31,40,-0.4166667,0.775
53,2014-10-26 18:25:00+00:00,2.2106907,2.3620775,2.3620775,67,76,40,49,-0.27005208,0.7621094
53,2014-10-26 18:25:00+00:00,2.2706046,1.9982877,1.9982877,67,76,49,58,-0.12560976,0.7231707
53,2014-10-26 18:25:00+00:00,2.4959548,2.6561725,2.6561725,67,76,76,85,0.33541667,0.7636719
53,2014-10-26 18:25:00+00:00,2.7479498,2.4686642,2.4686642,67,76,85,94,0.47,0.7472726
53,2014-10-26 18:25:00+00:00,2.4851632,2.5191343,2.5191343,67,76,103,112,0.78333336,0.775
53,2014-10-26 18:25:00+00:00,2.601117,2.5056357,2.5056357,67,76,112,121,0.93333334,0.775
53,2014-10-26 18:25:00+00:00,2.5688314,2.5509734,2.5509734,76,81,103,112,0.78861785,0.94573176
53,2014-10-26 18:25:00+00:00,2.3390121,2.5112722,2.5112722,76,81,112,121,0.93333334,0.95
54,2014-11-11 18:25:00+00:00,2.987913,2.5036426,2.5036426,22,31,85,94,0.48333335,-0.35000002
54,2014-11-11 18:25:00+00:00,2.4564068,2.337767,2.337767,22,31,94,103,0.62890625,-0.3390625
54,2014-11-11 18:25:00+00:00,2.6385705,2.3494005,2.3494005,31,40,85,94,0.48333335,-0.125
54,2014-11-11 18:25:00+00:00,2.5001469,2.241125,2.241125,31,40,94,103,0.6333333,-0.125
54,2014-11-11 18:25:00+00:00,2.4532251,2.216261,2.216261,31,40,103,112,0.78333336,-0.125
54,2014-11-11 18:25:00+00:00,2.1140683,2.292993,2.292993,31,40,112,121,0.9302083,-0.11484375
54,2014-11-11 18:25:00+00:00,2.0690134,2.1890028,2.1890028,40,49,85,94,0.4888021,0.09023437
54,2014-11-11 18:25:00+00:00,2.1568027,2.109243,2.109243,40,49,94,103,0.6333333,0.099999994
54,2014-11-11 18:25:00+00:00,2.10096,2.0343397,2.0343397,40,49,103,112,0.78333336,0.099999994
54,2014-11-11 18:25:00+00:00,2.1530716,2.0918128,2.0918128,40,49,112,121,0.93333334,0.099999994
54,2014-11-11 18:25:00+00:00,1.4155508,1.7049854,1.7049854,49,58,49,58,-0.116406254,0.32304686
54,2014-11-11 18:25:00+00:00,2.0057678,1.9323931,1.9323931,49,58,67,76,0.1919271,0.3371094
54,2014-11-11 18:25:00+00:00,2.0084481,2.042735,2.042735,49,58,85,94,0.49270833,0.33242187
54,2014-11-11 18:25:00+00:00,1.9588178,2.0595894,2.0595894,49,58,94,103,0.6333333,0.325
54,2014-11-11 18:25:00+00:00,2.0176978,2.0469878,2.0469878,49,58,103,112,0.78333336,0.325
54,2014-11-11 18:25:00+00:00,2.1161926,2.0457246,2.0457246,49,58,112,121,0.93333334,0.325
54,2014-11-11 18:25:00+00:00,1.8068942,1.9308006,1.9308006,58,67,67,76,0.18333334,0.55
54,2014-11-11 18:25:00+00:00,1.9613471,2.0297978,2.0297978,58,67,76,85,0.3333333,0.55
54,2014-11-11 18:25:00+00:00,2.004184,2.0669527,2.0669527,58,67,85,94,0.48333335,0.55
54,2014-11-11 18:25:00+00:00,2.1794746,2.061218,2.061218,58,67,103,112,0.78333336,0.55
54,2014-11-11 18:25:00+00:00,2.147554,2.0799873,2.0799873,58,67,112,121,0.93333334,0.55
54,2014-11-11 18:25:00+00:00,2.2667935,2.0749457,2.0749457,67,76,103,112,0.78333336,0.775
54,2014-11-11 18:25:00+00:00,2.0736206,2.0687082,2.0687082,67,76,112,121,0.93333334,0.775
54,2014-11-11 18:25:00+00:00,2.4631534,2.027274,2.027274,76,81,103,112,0.7923077,0.9461539
54,2014-11-11 18:25:00+00:00,2.0110626,2.006403,2.006403,76,81,112,121,0.93333334,0.95
55,2015-05-01 18:01:00+00:00,2.0853481,2.006938,2.006938,13,22,94,103,0.6333333,-0.575
55,2015-05-01 18:01:00+00:00,2.5149753,2.0572512,2.0572512,13,22,103,112,0.7828125,-0.5726563
55,2015-05-01 18:01:00+00:00,1.7823137,2.1837223,2.1837223,22,31,85,94,0.48333335,-0.35000002
55,2015-05-01 18:01:00+00:00,1.7073332,1.9894277,1.9894277,22,31,94,103,0.6333333,-0.35000002
55,2015-05-01 18:01:00+00:00,1.8046994,1.9875842,1.9875842,22,31,103,112,0.78333336,-0.35000002
55,2015-05-01 18:01:00+00:00,1.8906472,2.1397789,2.1397789,22,31,112,121,0.93333334,-0.35000002
55,2015-05-01 18:01:00+00:00,2.6301007,2.7627566,2.7627566,31,40,40,49,-0.2627604,-0.11796875
55,2015-05-01 18:01:00+00:00,2.38774,2.4870696,2.4870696,31,40,49,58,-0.11666667,-0.125
55,2015-05-01 18:01:00+00:00,2.6389809,2.5072153,2.5072153,31,40,58,67,0.0234375,-0.1265625
55,2015-05-01 18:01:00+00:00,1.6894107,1.9931494,1.9931494,31,40,85,94,0.48333335,-0.125
55,2015-05-01 18:01:00+00:00,1.7693076,1.8572613,1.8572613,31,40,94,103,0.6333333,-0.125
55,2015-05-01 18:01:00+00:00,1.7870835,1.8708429,1.8708429,31,40,103,112,0.78333336,-0.125
55,2015-05-01 18:01:00+00:00,1.8352094,1.9815716,1.9815716,31,40,112,121,0.93333334,-0.125
55,2015-05-01 18:01:00+00:00,3.3579814,2.836499,2.836499,40,49,22,31,-0.5651041,0.09726562
55,2015-05-01 18:01:00+00:00,3.1549096,2.6357477,2.6357477,40,49,31,40,-0.4166667,0.099999994
55,2015-05-01 18:01:00+00:00,2.2484553,2.3349502,2.3349502,40,49,40,49,-0.26666665,0.099999994
55,2015-05-01 18:01:00+00:00,1.9540116,2.112136,2.112136,40,49,49,58,-0.11666667,0.099999994
55,2015-05-01 18:01:00+00:00,2.0991766,2.1263225,2.1263225,40,49,58,67,0.028125003,0.10546875
55,2015-05-01 18:01:00+00:00,1.8056715,1.8695581,1.8695581,40,49,94,103,0.6333333,0.099999994
55,2015-05-01 18:01:00+00:00,1.9225041,1.8222327,1.8222327,40,49,103,112,0.78333336,0.099999994
55,2015-05-01 18:01:00+00:00,1.9362599,1.9106159,1.9106159,40,49,112,121,0.93333334,0.099999994
55,2015-05-01 18:01:00+00:00,2.1054642,2.1370838,2.1370838,49,58,40,49,-0.26666665,0.325
55,2015-05-01 18:01:00+00:00,2.049677,1.9438738,1.9438738,49,58,49,58,-0.11666667,0.325
55,2015-05-01 18:01:00+00:00,2.0931032,1.9756601,1.9756601,49,58,58,67,0.033333335,0.325
55,2015-05-01 18:01:00+00:00,2.0364945,2.1553643,2.1553643,49,58,67,76,0.18333334,0.325
55,2015-05-01 18:01:00+00:00,1.8085512,2.044287,2.044287,49,58,94,103,0.6333333,0.325
55,2015-05-01 18:01:00+00:00,1.9554335,2.0204353,2.0204353,49,58,112,121,0.93645835,0.32187498
55,2015-05-01 18:01:00+00:00,2.2497697,2.2575052,2.2575052,58,67,31,40,-0.4166667,0.55
55,2015-05-01 18:01:00+00:00,2.2924168,2.127563,2.127563,58,67,40,49,-0.26666665,0.55
55,2015-05-01 18:01:00+00:00,1.9863309,1.9612279,1.9612279,58,67,49,58,-0.11666667,0.55
55,2015-05-01 18:01:00+00:00,2.140253,2.0057423,2.0057423,58,67,58,67,0.033333335,0.55
55,2015-05-01 18:01:00+00:00,2.2751887,2.140475,2.140475,58,67,67,76,0.18333334,0.55
55,2015-05-01 18:01:00+00:00,2.207796,2.1360855,2.1360855,58,67,76,85,0.3333333,0.55
55,2015-05-01 18:01:00+00:00,2.049996,2.111777,2.111777,58,67,85,94,0.48333335,0.55
55,2015-05-01 18:01:00+00:00,1.9561707,2.042394,2.042394,58,67,103,112,0.78125,0.5574219
55,2015-05-01 18:01:00+00:00,1.9836737,2.080413,2.080413,58,67,112,121,0.93333334,0.55
55,2015-05-01 18:01:00+00:00,2.1358202,1.8774325,1.8774325,67,76,58,67,0.038541667,0.7078125
55,2015-05-01 18:01:00+00:00,1.9921297,1.9504704,1.9504704,67,76,103,112,0.78333336,0.775
55,2015-05-01 18:01:00+00:00,1.999977,1.9675014,1.9675014,67,76,112,121,0.93333334,0.775
55,2015-05-01 18:01:00+00:00,1.9744914,1.8621296,1.8621296,76,81,112,121,0.93333334,0.95
56,2015-05-01 18:05:00+00:00,2.0853481,1.9926451,1.9926451,13,22,94,103,0.6333333,-0.575
56,2015-05-01 18:05:00+00:00,2.5149753,2.0328505,2.0328505,13,22,103,112,0.7828125,-0.5726563
56,2015-05-01 18:05:00+00:00,1.7823137,2.1775692,2.1775692,22,31,85,94,0.48333335,-0.35000002
56,2015-05-01 18:05:00+00:00,1.7073332,1.9976283,1.9976283,22,31,94,103,0.6333333,-0.35000002
56,2015-05-01 18:05:00+00:00,1.8046994,1.984424,1.984424,22,31,103,112,0.78333336,-0.35000002
56,2015-05-01 18:05:00+00:00,1.8906472,2.140509,2.140509,22,31,112,121,0.93333334,-0.35000002
56,2015-05-01 18:05:00+00:00,2.6301007,2.6997678,2.6997678,31,40,40,49,-0.2627604,-0.11796875
56,2015-05-01 18:05:00+00:00,2.38774,2.4364111,2.4364111,31,40,49,58,-0.11666667,-0.125
56,2015-05-01 18:05:00+00:00,2.6389809,2.4757073,2.4757073,31,40,58,67,0.0234375,-0.1265625
56,2015-05-01 18:05:00+00:00,1.6894107,1.9619129,1.9619129,31,40,85,94,0.48333335,-0.125
56,2015-05-01 18:05:00+00:00,1.7693076,1.8417964,1.8417964,31,40,94,103,0.6333333,-0.125
56,2015-05-01 18:05:00+00:00,1.7870835,1.8485923,1.8485923,31,40,103,112,0.78333336,-0.125
56,2015-05-01 18:05:00+00:00,1.8352094,1.9616513,1.9616513,31,40,112,121,0.93333334,-0.125
56,2015-05-01 18:05:00+00:00,3.3579814,2.7038136,2.7038136,40,49,22,31,-0.5651041,0.09726562
56,2015-05-01 18:05:00+00:00,3.1549096,2.5171447,2.5171447,40,49,31,40,-0.4166667,0.099999994
56,2015-05-01 18:05:00+00:00,2.2484553,2.2360885,2.2360885,40,49,40,49,-0.26666665,0.099999994
56,2015-05-01 18:05:00+00:00,1.9540116,2.0280385,2.0280385,40,49,49,58,-0.11666667,0.099999994
56,2015-05-01 18:05:00+00:00,2.0991766,2.0578935,2.0578935,40,49,58,67,0.028125003,0.10546875
56,2015-05-01 18:05:00+00:00,1.8056715,1.8062739,1.8062739,40,49,94,103,0.6333333,0.099999994
56,2015-05-01 18:05:00+00:00,1.9225041,1.7628064,1.7628064,40,49,103,112,0.78333336,0.099999994
56,2015-05-01 18:05:00+00:00,1.9362599,1.8517765,1.8517765,40,49,112,121,0.93333334,0.099999994
56,2015-05-01 18:05:00+00:00,1.9955658,2.01653,2.01653,49,58,40,49,-0.26666665,0.325
56,2015-05-01 18:05:00+00:00,2.0526674,1.8430467,1.8430467,49,58,49,58,-0.11666667,0.325
56,2015-05-01 18:05:00+00:00,2.0866342,1.886194,1.886194,49,58,58,67,0.033333335,0.325
56,2015-05-01 18:05:00+00:00,2.0364945,2.0517726,2.0517726,49,58,67,76,0.18333334,0.325
56,2015-05-01 18:05:00+00:00,1.8085512,1.9363327,1.9363327,49,58,94,103,0.6333333,0.325
56,2015-05-01 18:05:00+00:00,1.9554335,1.9311056,1.9311056,49,58,112,121,0.93645835,0.32187498
56,2015-05-01 18:05:00+00:00,2.1925275,2.0438936,2.0438936,58,67,40,49,-0.26276043,0.54296875
56,2015-05-01 18:05:00+00:00,1.968396,1.8814882,1.8814882,58,67,49,58,-0.11666667,0.55
56,2015-05-01 18:05:00+00:00,2.123507,1.9365706,1.9365706,58,67,58,67,0.033333335,0.55
56,2015-05-01 18:05:00+00:00,2.234623,2.065537,2.065537,58,67,67,76,0.18333334,0.55
56,2015-05-01 18:05:00+00:00,2.1332703,2.0411928,2.0411928,58,67,76,85,0.3333333,0.55
56,2015-05-01 18:05:00+00:00,1.9367434,2.0232408,2.0232408,58,67,85,94,0.48098958,0.5457031
56,2015-05-01 18:05:00+00:00,1.9571866,1.9709703,1.9709703,58,67,103,112,0.78125,0.5574219
56,2015-05-01 18:05:00+00:00,1.9836737,2.0084555,2.0084555,58,67,112,121,0.93333334,0.55
56,2015-05-01 18:05:00+00:00,2.121035,1.8232228,1.8232228,67,76,58,67,0.038541667,0.7078125
56,2015-05-01 18:05:00+00:00,1.9634383,1.8978485,1.8978485,67,76,103,112,0.78333336,0.775
56,2015-05-01 18:05:00+00:00,1.9903873,1.9179412,1.9179412,67,76,112,121,0.93333334,0.775
56,2015-05-01 18:05:00+00:00,1.9312965,1.8023524,1.8023524,76,81,112,121,0.93484855,0.9488636
57,2015-05-01 18:10:00+00:00,2.3129287,2.3652546,2.3652546,58,67,31,40,-0.4166667,0.55
57,2015-05-01 18:10:00+00:00,2.3710232,2.1274912,2.1274912,58,67,40,49,-0.26666665,0.55
57,2015-05-01 18:10:00+00:00,2.0039496,1.9620633,1.9620633,58,67,49,58,-0.11666667,0.55
57,2015-05-01 18:10:00+00:00,2.156723,2.032737,2.032737,58,67,58,67,0.033333335,0.55
57,2015-05-01 18:10:00+00:00,2.321158,2.241575,2.241575,58,67,67,76,0.18125,0.5566406
57,2015-05-01 18:10:00+00:00,2.0239336,1.9390563,1.9390563,67,76,103,112,0.7835938,0.77304685
57,2015-05-01 18:10:00+00:00,2.0049424,1.9578406,1.9578406,67,76,112,121,0.9302083,0.7863281
57,2015-05-01 18:10:00+00:00,2.0137308,1.9187906,1.9187906,76,81,112,121,0.93333334,0.95
58,2015-05-02 18:50:00+00:00,2.215622,2.059268,2.059268,13,22,94,103,0.6333333,-0.575
58,2015-05-02 18:50:00+00:00,2.453752,2.0907793,2.0907793,13,22,103,112,0.7828125,-0.5726563
58,2015-05-02 18:50:00+00:00,2.960738,2.157482,2.157482,13,22,112,121,0.93333334,-0.5625
58,2015-05-02 18:50:00+00:00,1.9078095,2.2185917,2.2185917,22,31,85,94,0.48333335,-0.35000002
58,2015-05-02 18:50:00+00:00,1.7662082,1.9941722,1.9941722,22,31,94,103,0.6333333,-0.35000002
58,2015-05-02 18:50:00+00:00,1.8138783,1.978968,1.978968,22,31,103,112,0.78333336,-0.35000002
58,2015-05-02 18:50:00+00:00,1.8465817,2.1118731,2.1118731,22,31,112,121,0.93333334,-0.35000002
58,2015-05-02 18:50:00+00:00,3.2478929,2.750729,2.750729,31,40,40,49,-0.26223958,-0.120703116
58,2015-05-02 18:50:00+00:00,2.7371383,2.4838903,2.4838903,31,40,49,58,-0.11666667,-0.125
58,2015-05-02 18:50:00+00:00,1.7672803,2.0985436,2.0985436,31,40,85,94,0.48333335,-0.125
58,2015-05-02 18:50:00+00:00,1.8548738,1.9259074,1.9259074,31,40,94,103,0.6333333,-0.125
58,2015-05-02 18:50:00+00:00,1.8774571,1.91306,1.91306,31,40,103,112,0.78333336,-0.125
58,2015-05-02 18:50:00+00:00,1.9236772,2.0040307,2.0040307,31,40,112,121,0.93333334,-0.125
58,2015-05-02 18:50:00+00:00,3.7073915,3.023413,3.023413,40,49,13,22,-0.71484375,0.1125
58,2015-05-02 18:50:00+00:00,2.5908651,2.9180686,2.9180686,40,49,22,31,-0.56666666,0.099999994
58,2015-05-02 18:50:00+00:00,2.5365145,2.655956,2.655956,40,49,31,40,-0.4169271,0.099609375
58,2015-05-02 18:50:00+00:00,2.297628,2.327507,2.327507,40,49,40,49,-0.2653646,0.099609375
58,2015-05-02 18:50:00+00:00,2.0526671,2.129734,2.129734,40,49,49,58,-0.11666667,0.099999994
58,2015-05-02 18:50:00+00:00,2.1261976,2.171153,2.171153,40,49,58,67,0.03046875,0.103125
58,2015-05-02 18:50:00+00:00,2.0424864,2.314455,2.314455,40,49,67,76,0.18333334,0.10859375
58,2015-05-02 18:50:00+00:00,1.914038,1.9696465,1.9696465,40,49,94,103,0.6333333,0.099999994
58,2015-05-02 18:50:00+00:00,1.9999483,1.8830025,1.8830025,40,49,103,112,0.78333336,0.099999994
58,2015-05-02 18:50:00+00:00,2.0486586,1.9510651,1.9510651,40,49,112,121,0.93333334,0.099999994
58,2015-05-02 18:50:00+00:00,2.5768154,2.852946,2.852946,49,58,13,22,-0.7161458,0.32265624
58,2015-05-02 18:50:00+00:00,2.010699,2.5676997,2.5676997,49,58,22,31,-0.56666666,0.325
58,2015-05-02 18:50:00+00:00,2.108018,2.304801,2.304801,49,58,31,40,-0.4166667,0.325
58,2015-05-02 18:50:00+00:00,2.1695065,2.1317892,2.1317892,49,58,40,49,-0.26666665,0.325
58,2015-05-02 18:50:00+00:00,2.1133358,1.9441531,1.9441531,49,58,49,58,-0.11666667,0.325
58,2015-05-02 18:50:00+00:00,2.1691,2.0016289,2.0016289,49,58,58,67,0.03307292,0.32617188
58,2015-05-02 18:50:00+00:00,2.1464882,2.243537,2.243537,49,58,67,76,0.18333334,0.325
58,2015-05-02 18:50:00+00:00,1.8427573,2.1611557,2.1611557,49,58,94,103,0.6333333,0.325
58,2015-05-02 18:50:00+00:00,2.098746,2.1146557,2.1146557,49,58,103,112,0.78333336,0.325
58,2015-05-02 18:50:00+00:00,2.1181011,2.1123388,2.1123388,49,58,112,121,0.93333334,0.325
58,2015-05-02 18:50:00+00:00,2.1145885,2.4059608,2.4059608,58,67,22,31,-0.5604167,0.5425781
58,2015-05-02 18:50:00+00:00,2.3613014,2.2277265,2.2277265,58,67,31,40,-0.4166667,0.55
58,2015-05-02 18:50:00+00:00,2.5527904,2.0903673,2.0903673,58,67,40,49,-0.26666665,0.55
58,2015-05-02 18:50:00+00:00,2.1852155,1.9290252,1.9290252,58,67,49,58,-0.11666667,0.55
58,2015-05-02 18:50:00+00:00,2.1993556,1.9934846,1.9934846,58,67,58,67,0.033333335,0.55
58,2015-05-02 18:50:00+00:00,2.4114144,2.1770127,2.1770127,58,67,67,76,0.18333334,0.55
58,2015-05-02 18:50:00+00:00,2.2910573,2.2361972,2.2361972,58,67,76,85,0.3333333,0.55
58,2015-05-02 18:50:00+00:00,1.9880036,2.198018,2.198018,58,67,85,94,0.48333335,0.55
58,2015-05-02 18:50:00+00:00,1.9729773,2.0680647,2.0680647,58,67,103,112,0.78333336,0.55
58,2015-05-02 18:50:00+00:00,2.0068562,2.0925167,2.0925167,58,67,112,121,0.93333334,0.55
58,2015-05-02 18:50:00+00:00,2.3094563,2.2347708,2.2347708,67,76,31,40,-0.41484377,0.7667968
58,2015-05-02 18:50:00+00:00,2.0388527,1.9861829,1.9861829,67,76,103,112,0.78333336,0.775
58,2015-05-02 18:50:00+00:00,2.0799356,1.979334,1.979334,67,76,112,121,0.93333334,0.775
58,2015-05-02 18:50:00+00:00,2.064519,1.9260116,1.9260116,76,81,112,121,0.93333334,0.95
59,2015-05-03 17:55:00+00:00,1.5819978,1.7858646,1.7858646,22,31,94,103,0.63854164,-0.3484375
59,2015-05-03 17:55:00+00:00,1.6092296,1.7849858,1.7849858,22,31,103,112,0.78333336,-0.35000002
59,2015-05-03 17:55:00+00:00,1.6663188,1.9332798,1.9332798,22,31,112,121,0.93333334,-0.35000002
59,2015-05-03 17:55:00+00:00,1.6210418,1.8446052,1.8446052,31,40,85,94,0.48333335,-0.125
59,2015-05-03 17:55:00+00:00,1.622055,1.6830215,1.6830215,31,40,94,103,0.6333333,-0.125
59,2015-05-03 17:55:00+00:00,1.6252549,1.6791658,1.6791658,31,40,103,112,0.78333336,-0.125
59,2015-05-03 17:55:00+00:00,1.6807988,1.7824556,1.7824556,31,40,112,121,0.93333334,-0.125
59,2015-05-03 17:55:00+00:00,2.7574077,2.6424065,2.6424065,40,49,22,31,-0.5640625,0.10507812
59,2015-05-03 17:55:00+00:00,1.645812,1.6745119,1.6745119,40,49,94,103,0.6333333,0.099999994
59,2015-05-03 17:55:00+00:00,1.7581276,1.6136568,1.6136568,40,49,103,112,0.78333336,0.099999994
59,2015-05-03 17:55:00+00:00,1.8082558,1.6922009,1.6922009,40,49,112,121,0.93333334,0.099999994
59,2015-05-03 17:55:00+00:00,2.695965,2.573447,2.573447,49,58,13,22,-0.7143229,0.32109374
59,2015-05-03 17:55:00+00:00,2.013348,2.293785,2.293785,49,58,22,31,-0.56666666,0.325
59,2015-05-03 17:55:00+00:00,2.077739,2.0815165,2.0815165,49,58,31,40,-0.4166667,0.325
59,2015-05-03 17:55:00+00:00,2.1297896,1.9315292,1.9315292,49,58,40,49,-0.26666665,0.325
59,2015-05-03 17:55:00+00:00,2.0592048,1.7517813,1.7517813,49,58,49,58,-0.11666667,0.325
59,2015-05-03 17:55:00+00:00,2.080681,1.7947526,1.7947526,49,58,58,67,0.034114584,0.32617188
59,2015-05-03 17:55:00+00:00,2.0710316,1.9864422,1.9864422,49,58,67,76,0.18333334,0.325
59,2015-05-03 17:55:00+00:00,1.6617733,1.8131734,1.8131734,49,58,94,103,0.6333333,0.325
59,2015-05-03 17:55:00+00:00,1.7818406,1.7910134,1.7910134,49,58,103,112,0.78333336,0.325
59,2015-05-03 17:55:00+00:00,1.8485591,1.8054001,1.8054001,49,58,112,121,0.93333334,0.325
59,2015-05-03 17:55:00+00:00,2.155614,2.0408874,2.0408874,58,67,31,40,-0.4166667,0.55
59,2015-05-03 17:55:00+00:00,2.453904,1.9164716,1.9164716,58,67,40,49,-0.26666665,0.55
59,2015-05-03 17:55:00+00:00,2.2122576,1.7631248,1.7631248,58,67,49,58,-0.11666667,0.55
59,2015-05-03 17:55:00+00:00,2.0966651,1.8290575,1.8290575,58,67,58,67,0.033333335,0.55
59,2015-05-03 17:55:00+00:00,2.2307475,1.972212,1.972212,58,67,67,76,0.18151042,0.5457031
59,2015-05-03 17:55:00+00:00,2.2145545,1.9492378,1.9492378,58,67,76,85,0.3333333,0.55
59,2015-05-03 17:55:00+00:00,2.033218,1.897338,1.897338,58,67,85,94,0.48333335,0.55
59,2015-05-03 17:55:00+00:00,1.7385838,1.790259,1.790259,58,67,103,112,0.78333336,0.55
59,2015-05-03 17:55:00+00:00,1.7642248,1.8288394,1.8288394,58,67,112,121,0.93333334,0.55
59,2015-05-03 17:55:00+00:00,1.7729445,1.7118003,1.7118003,67,76,103,112,0.78515625,0.7703125
59,2015-05-03 17:55:00+00:00,1.8422835,1.7339246,1.7339246,67,76,112,121,0.93333334,0.775
59,2015-05-03 17:55:00+00:00,1.8975215,1.6221007,1.6221007,76,81,112,121,0.93333334,0.95
60,2015-05-07 19:10:00+00:00,2.5945916,2.1469867,2.1469867,13,22,94,103,0.6333333,-0.575
60,2015-05-07 19:10:00+00:00,2.6089664,2.1157174,2.1157174,13,22,103,112,0.78333336,-0.575
60,2015-05-07 19:10:00+00:00,2.7310824,2.2347784,2.2347784,13,22,112,121,0.93151045,-0.57070315
60,2015-05-07 19:10:00+00:00,2.2463484,2.4708617,2.4708617,22,31,85,94,0.48333335,-0.35000002
60,2015-05-07 19:10:00+00:00,1.839385,2.1573133,2.1573133,22,31,94,103,0.6333333,-0.35000002
60,2015-05-07 19:10:00+00:00,1.8883654,2.0752923,2.0752923,22,31,103,112,0.78333336,-0.35000002
60,2015-05-07 19:10:00+00:00,2.3636522,2.2458136,2.2458136,22,31,112,121,0.93333334,-0.35000002
60,2015-05-07 19:10:00+00:00,2.8996713,3.2400286,3.2400286,31,40,40,49,-0.26328123,-0.120703116
60,2015-05-07 19:10:00+00:00,3.0725455,2.9264371,2.9264371,31,40,49,58,-0.11666667,-0.125
60,2015-05-07 19:10:00+00:00,1.7964132,2.2827222,2.2827222,31,40,85,94,0.48333335,-0.125
60,2015-05-07 19:10:00+00:00,1.7939816,2.016116,2.016116,31,40,94,103,0.6333333,-0.125
60,2015-05-07 19:10:00+00:00,1.8064848,1.950887,1.950887,31,40,103,112,0.78333336,-0.125
60,2015-05-07 19:10:00+00:00,1.8243737,2.0743673,2.0743673,31,40,112,121,0.93333334,-0.125
60,2015-05-07 19:10:00+00:00,3.9158256,3.309959,3.309959,40,49,13,22,-0.71302086,0.11328125
60,2015-05-07 19:10:00+00:00,3.2884014,3.3531735,3.3531735,40,49,22,31,-0.56666666,0.099999994
60,2015-05-07 19:10:00+00:00,2.8783593,3.0611799,3.0611799,40,49,31,40,-0.41927084,0.09921874
60,2015-05-07 19:10:00+00:00,2.6622946,2.6304579,2.6304579,40,49,40,49,-0.26666665,0.099999994
60,2015-05-07 19:10:00+00:00,2.4373677,2.3854241,2.3854241,40,49,49,58,-0.11666667,0.099999994
60,2015-05-07 19:10:00+00:00,2.253373,2.423969,2.423969,40,49,58,67,0.03046875,0.103125
60,2015-05-07 19:10:00+00:00,1.797015,1.9598882,1.9598882,40,49,94,103,0.6333333,0.099999994
60,2015-05-07 19:10:00+00:00,1.7282915,1.830123,1.830123,40,49,103,112,0.78333336,0.099999994
60,2015-05-07 19:10:00+00:00,1.796273,1.9286098,1.9286098,40,49,112,121,0.93333334,0.099999994
60,2015-05-07 19:10:00+00:00,2.792997,2.9363964,2.9363964,49,58,13,22,-0.71666664,0.325
60,2015-05-07 19:10:00+00:00,2.2892067,2.7084978,2.7084978,49,58,22,31,-0.56666666,0.325
60,2015-05-07 19:10:00+00:00,2.2260814,2.4564803,2.4564803,49,58,31,40,-0.4166667,0.325
60,2015-05-07 19:10:00+00:00,2.2396276,2.207928,2.207928,49,58,40,49,-0.26666665,0.325
60,2015-05-07 19:10:00+00:00,2.1544054,2.0126064,2.0126064,49,58,49,58,-0.11666667,0.325
60,2015-05-07 19:10:00+00:00,2.0464191,2.0662658,2.0662658,49,58,58,67,0.033333335,0.325
60,2015-05-07 19:10:00+00:00,2.111188,2.26781,2.26781,49,58,67,76,0.18333334,0.325
60,2015-05-07 19:10:00+00:00,1.9106233,2.0085466,2.0085466,49,58,94,103,0.6333333,0.325
60,2015-05-07 19:10:00+00:00,1.9315451,1.9436746,1.9436746,49,58,103,112,0.78333336,0.325
60,2015-05-07 19:10:00+00:00,1.9599893,1.9701859,1.9701859,49,58,112,121,0.93333334,0.325
60,2015-05-07 19:10:00+00:00,1.9723084,2.4717634,2.4717634,58,67,22,31,-0.5601563,0.5371094
60,2015-05-07 19:10:00+00:00,1.958996,2.347353,2.347353,58,67,31,40,-0.4166667,0.55
60,2015-05-07 19:10:00+00:00,2.4057627,2.1451757,2.1451757,58,67,40,49,-0.26666665,0.55
60,2015-05-07 19:10:00+00:00,2.5096407,1.9806085,1.9806085,58,67,49,58,-0.11666667,0.55
60,2015-05-07 19:10:00+00:00,2.4342072,2.0546281,2.0546281,58,67,58,67,0.033333335,0.5476563
60,2015-05-07 19:10:00+00:00,2.3380053,2.1993868,2.1993868,58,67,67,76,0.18333334,0.55
60,2015-05-07 19:10:00+00:00,2.38024,2.1973379,2.1973379,58,67,76,85,0.3333333,0.55
60,2015-05-07 19:10:00+00:00,2.2877033,2.1132488,2.1132488,58,67,85,94,0.4820313,0.5488281
60,2015-05-07 19:10:00+00:00,1.8715817,1.9284174,1.9284174,58,67,103,112,0.78333336,0.55
60,2015-05-07 19:10:00+00:00,1.8457031,1.9790184,1.9790184,58,67,112,121,0.93333334,0.55
60,2015-05-07 19:10:00+00:00,1.7764199,1.8847874,1.8847874,67,76,103,112,0.7838542,0.7726562
60,2015-05-07 19:10:00+00:00,1.7318665,1.9039859,1.9039859,67,76,112,121,0.93333334,0.775
60,2015-05-07 19:10:00+00:00,1.87277,1.7872268,1.7872268,76,81,112,121,0.93333334,0.95
61,2015-05-11 18:45:00+00:00,2.4050093,2.0412066,2.0412066,13,22,94,103,0.63932294,-0.5765625
61,2015-05-11 18:45:00+00:00,2.359412,2.0323794,2.0323794,13,22,103,112,0.78333336,-0.575
61,2015-05-11 18:45:00+00:00,1.863707,1.95703,1.95703,22,31,103,112,0.78333336,-0.35000002
61,2015-05-11 18:45:00+00:00,1.9762725,2.127361,2.127361,22,31,112,121,0.9330729,-0.3503906
61,2015-05-11 18:45:00+00:00,1.9922864,2.0566328,2.0566328,31,40,85,94,0.48333335,-0.125
61,2015-05-11 18:45:00+00:00,1.9057422,1.8709637,1.8709637,31,40,94,103,0.6333333,-0.125
61,2015-05-11 18:45:00+00:00,1.8839412,1.8545716,1.8545716,31,40,103,112,0.78333336,-0.125
61,2015-05-11 18:45:00+00:00,1.8553652,1.9600357,1.9600357,31,40,112,121,0.93333334,-0.125
61,2015-05-11 18:45:00+00:00,1.9857146,2.0646536,2.0646536,40,49,85,94,0.49010414,0.08984375
61,2015-05-11 18:45:00+00:00,1.976047,1.8973261,1.8973261,40,49,94,103,0.6333333,0.099999994
61,2015-05-11 18:45:00+00:00,1.8955907,1.80635,1.80635,40,49,103,112,0.78333336,0.099999994
61,2015-05-11 18:45:00+00:00,1.7974249,1.8885022,1.8885022,40,49,112,121,0.93333334,0.099999994
61,2015-05-11 18:45:00+00:00,2.179543,1.8797356,1.8797356,49,58,49,58,-0.1125,0.3292969
61,2015-05-11 18:45:00+00:00,2.125846,1.9294504,1.9294504,49,58,58,67,0.032031253,0.3296875
61,2015-05-11 18:45:00+00:00,2.0666542,2.149032,2.149032,49,58,67,76,0.18333334,0.325
61,2015-05-11 18:45:00+00:00,2.20454,2.0622535,2.0622535,49,58,94,103,0.6333333,0.325
61,2015-05-11 18:45:00+00:00,2.0362484,2.0143125,2.0143125,49,58,103,112,0.78333336,0.325
61,2015-05-11 18:45:00+00:00,1.9543467,2.0259492,2.0259492,49,58,112,121,0.93333334,0.325
61,2015-05-11 18:45:00+00:00,2.453376,1.9343109,1.9343109,58,67,58,67,0.033333335,0.55
61,2015-05-11 18:45:00+00:00,2.2150574,2.0926883,2.0926883,58,67,67,76,0.18333334,0.55
61,2015-05-11 18:45:00+00:00,2.2241368,2.136008,2.136008,58,67,76,85,0.3333333,0.55
61,2015-05-11 18:45:00+00:00,2.259117,2.1118767,2.1118767,58,67,85,94,0.48333335,0.55
61,2015-05-11 18:45:00+00:00,1.9742694,1.9794718,1.9794718,58,67,103,112,0.78333336,0.55
61,2015-05-11 18:45:00+00:00,1.9400071,2.0167246,2.0167246,58,67,112,121,0.93333334,0.55
61,2015-05-11 18:45:00+00:00,1.9510098,1.9128128,1.9128128,67,76,103,112,0.78333336,0.775
61,2015-05-11 18:45:00+00:00,1.8219178,1.9186481,1.9186481,67,76,112,121,0.93333334,0.775
61,2015-05-11 18:45:00+00:00,1.9813324,1.8230696,1.8230696,76,81,112,121,0.93333334,0.95
62,2015-05-23 19:10:00+00:00,2.1696637,2.057437,2.057437,13,22,94,103,0.6333333,-0.575
62,2015-05-23 19:10:00+00:00,2.251516,1.9601926,1.9601926,13,22,103,112,0.7783854,-0.5628906
62,2015-05-23 19:10:00+00:00,2.4349394,2.48453,2.48453,22,31,85,94,0.48333335,-0.35000002
62,2015-05-23 19:10:00+00:00,1.9104049,2.0600579,2.0600579,22,31,94,103,0.6333333,-0.35000002
62,2015-05-23 19:10:00+00:00,1.7847189,1.9248916,1.9248916,22,31,103,112,0.78333336,-0.35000002
62,2015-05-23 19:10:00+00:00,1.826219,2.080808,2.080808,22,31,112,121,0.93333334,-0.35000002
62,2015-05-23 19:10:00+00:00,2.7657,3.0965552,3.0965552,31,40,40,49,-0.26171875,-0.12109375
62,2015-05-23 19:10:00+00:00,2.406506,2.8034017,2.8034017,31,40,49,58,-0.11666667,-0.125
62,2015-05-23 19:10:00+00:00,2.1926632,2.4003496,2.4003496,31,40,85,94,0.48333335,-0.125
62,2015-05-23 19:10:00+00:00,1.9619126,2.000049,2.000049,31,40,94,103,0.6333333,-0.125
62,2015-05-23 19:10:00+00:00,1.8774648,1.8619637,1.8619637,31,40,103,112,0.78333336,-0.125
62,2015-05-23 19:10:00+00:00,1.750967,1.9692824,1.9692824,31,40,112,121,0.93333334,-0.125
62,2015-05-23 19:10:00+00:00,3.069394,3.4318397,3.4318397,40,49,22,31,-0.56666666,0.099999994
62,2015-05-23 19:10:00+00:00,2.3685377,3.1091297,3.1091297,40,49,31,40,-0.4171875,0.1
62,2015-05-23 19:10:00+00:00,2.2066648,2.5155344,2.5155344,40,49,40,49,-0.26666665,0.099999994
62,2015-05-23 19:10:00+00:00,2.1799245,2.2975519,2.2975519,40,49,49,58,-0.11666667,0.099999994
62,2015-05-23 19:10:00+00:00,2.344829,2.3553164,2.3553164,40,49,58,67,0.031510416,0.10429688
62,2015-05-23 19:10:00+00:00,2.2137885,2.4520295,2.4520295,40,49,67,76,0.18723959,0.10703125
62,2015-05-23 19:10:00+00:00,2.0083778,2.3426623,2.3426623,40,49,85,94,0.49036455,0.087890625
62,2015-05-23 19:10:00+00:00,2.007837,1.9751675,1.9751675,40,49,94,103,0.6333333,0.099999994
62,2015-05-23 19:10:00+00:00,1.9356595,1.761878,1.761878,40,49,103,112,0.78333336,0.099999994
62,2015-05-23 19:10:00+00:00,1.8218365,1.8441515,1.8441515,40,49,112,121,0.93333334,0.099999994
62,2015-05-23 19:10:00+00:00,2.7236292,2.7517345,2.7517345,49,58,13,22,-0.71666664,0.325
62,2015-05-23 19:10:00+00:00,2.1352603,2.5745394,2.5745394,49,58,22,31,-0.56666666,0.325
62,2015-05-23 19:10:00+00:00,2.1123874,2.2916074,2.2916074,49,58,31,40,-0.4166667,0.325
62,2015-05-23 19:10:00+00:00,2.1160932,1.9886465,1.9886465,49,58,40,49,-0.26666665,0.325
62,2015-05-23 19:10:00+00:00,2.143959,1.8263453,1.8263453,49,58,49,58,-0.11666667,0.325
62,2015-05-23 19:10:00+00:00,2.1202703,1.8926373,1.8926373,49,58,58,67,0.033333335,0.325
62,2015-05-23 19:10:00+00:00,2.074639,2.119965,2.119965,49,58,67,76,0.18333334,0.325
62,2015-05-23 19:10:00+00:00,2.0307777,1.939994,1.939994,49,58,94,103,0.6333333,0.325
62,2015-05-23 19:10:00+00:00,1.930856,1.8182015,1.8182015,49,58,103,112,0.78333336,0.325
62,2015-05-23 19:10:00+00:00,1.742894,1.8249171,1.8249171,49,58,112,121,0.93333334,0.325
62,2015-05-23 19:10:00+00:00,2.141061,2.3130674,2.3130674,58,67,22,31,-0.5611979,0.5402344
62,2015-05-23 19:10:00+00:00,1.960305,2.1160305,2.1160305,58,67,31,40,-0.4166667,0.55
62,2015-05-23 19:10:00+00:00,1.9417144,1.8830909,1.8830909,58,67,40,49,-0.26666665,0.55
62,2015-05-23 19:10:00+00:00,2.2371368,1.7477188,1.7477188,58,67,49,58,-0.11666667,0.55
62,2015-05-23 19:10:00+00:00,2.339824,1.8278672,1.8278672,58,67,58,67,0.033333335,0.55
62,2015-05-23 19:10:00+00:00,2.2035832,1.992657,1.992657,58,67,67,76,0.18333334,0.55
62,2015-05-23 19:10:00+00:00,2.1935654,2.0962434,2.0962434,58,67,76,85,0.3333333,0.55
62,2015-05-23 19:10:00+00:00,2.2108662,2.0351975,2.0351975,58,67,85,94,0.48333335,0.55
62,2015-05-23 19:10:00+00:00,1.7455542,1.7495301,1.7495301,58,67,103,112,0.78333336,0.55
62,2015-05-23 19:10:00+00:00,1.6708742,1.7828621,1.7828621,58,67,112,121,0.93333334,0.55
62,2015-05-23 19:10:00+00:00,1.5881456,1.7197565,1.7197565,67,76,103,112,0.7835938,0.77382815
62,2015-05-23 19:10:00+00:00,1.5956364,1.7135917,1.7135917,67,76,112,121,0.93333334,0.775
62,2015-05-23 19:10:00+00:00,1.5361923,1.644619,1.644619,76,81,112,121,0.93333334,0.95
63,2015-06-03 18:50:00+00:00,2.7110832,2.4007678,2.4007678,31,40,103,112,0.78333336,-0.125
63,2015-06-03 18:50:00+00:00,2.45401,2.4753277,2.4753277,31,40,112,121,0.93333334,-0.125
63,2015-06-03 18:50:00+00:00,2.2957597,2.3622663,2.3622663,40,49,58,67,0.029687501,0.1046875
63,2015-06-03 18:50:00+00:00,2.0852537,2.5071776,2.5071776,40,49,67,76,0.19114584,0.111328125
63,2015-06-03 18:50:00+00:00,2.6051402,2.667354,2.667354,49,58,22,31,-0.5653646,0.32617188
63,2015-06-03 18:50:00+00:00,2.2809463,2.3794003,2.3794003,49,58,31,40,-0.4166667,0.325
63,2015-06-03 18:50:00+00:00,2.3892884,2.1889997,2.1889997,49,58,40,49,-0.26666665,0.325
63,2015-06-03 18:50:00+00:00,2.3413725,2.0352125,2.0352125,49,58,49,58,-0.11666667,0.325
63,2015-06-03 18:50:00+00:00,2.1068518,2.0555985,2.0555985,49,58,58,67,0.032552086,0.32539064
63,2015-06-03 18:50:00+00:00,2.1929617,2.3329213,2.3329213,49,58,67,76,0.18333334,0.325
63,2015-06-03 18:50:00+00:00,2.4898288,2.4994473,2.4994473,49,58,94,103,0.6333333,0.325
63,2015-06-03 18:50:00+00:00,2.5067139,2.447043,2.447043,49,58,103,112,0.78333336,0.325
63,2015-06-03 18:50:00+00:00,2.1668897,2.4295964,2.4295964,49,58,112,121,0.93333334,0.325
63,2015-06-03 18:50:00+00:00,2.964586,2.4900897,2.4900897,58,67,22,31,-0.5598958,0.5417969
63,2015-06-03 18:50:00+00:00,2.332391,2.2982674,2.2982674,58,67,31,40,-0.4166667,0.55
63,2015-06-03 18:50:00+00:00,2.290258,2.1457317,2.1457317,58,67,40,49,-0.26666665,0.55
63,2015-06-03 18:50:00+00:00,2.2729232,2.0122786,2.0122786,58,67,49,58,-0.11666667,0.55
63,2015-06-03 18:50:00+00:00,2.2054968,2.0372508,2.0372508,58,67,58,67,0.033333335,0.55
63,2015-06-03 18:50:00+00:00,2.299753,2.2603927,2.2603927,58,67,67,76,0.18333334,0.55
63,2015-06-03 18:50:00+00:00,2.3444226,2.430094,2.430094,58,67,76,85,0.3333333,0.55
63,2015-06-03 18:50:00+00:00,2.4854417,2.4666617,2.4666617,58,67,85,94,0.48333335,0.55
63,2015-06-03 18:50:00+00:00,2.7082663,2.393802,2.393802,58,67,103,112,0.78333336,0.55
63,2015-06-03 18:50:00+00:00,2.2262595,2.402371,2.402371,58,67,112,121,0.93333334,0.55
63,2015-06-03 18:50:00+00:00,2.952026,2.3511913,2.3511913,67,76,31,40,-0.41458333,0.7671875
63,2015-06-03 18:50:00+00:00,2.525406,2.2340996,2.2340996,67,76,85,94,0.47254905,0.73872554
63,2015-06-03 18:50:00+00:00,2.5911417,2.364139,2.364139,67,76,103,112,0.7835938,0.77382815
63,2015-06-03 18:50:00+00:00,2.2968812,2.3346214,2.3346214,67,76,112,121,0.93333334,0.775
63,2015-06-03 18:50:00+00:00,2.3780549,2.3211632,2.3211632,76,81,112,121,0.93333334,0.95
64,2015-06-10 18:55:00+00:00,3.3157465,2.5693963,2.5693963,22,31,85,94,0.48385417,-0.34921876
64,2015-06-10 18:55:00+00:00,2.2019787,2.263887,2.263887,22,31,94,103,0.6333333,-0.35000002
64,2015-06-10 18:55:00+00:00,2.1388128,2.150871,2.150871,22,31,103,112,0.78333336,-0.35000002
64,2015-06-10 18:55:00+00:00,2.030043,2.3194938,2.3194938,22,31,112,121,0.93333334,-0.35000002
64,2015-06-10 18:55:00+00:00,2.0552566,2.4625494,2.4625494,31,40,85,94,0.48333335,-0.125
64,2015-06-10 18:55:00+00:00,2.103122,2.1474135,2.1474135,31,40,94,103,0.6333333,-0.125
64,2015-06-10 18:55:00+00:00,2.0634043,2.043906,2.043906,31,40,103,112,0.78333336,-0.125
64,2015-06-10 18:55:00+00:00,1.9863867,2.1644838,2.1644838,31,40,112,121,0.93333334,-0.125
64,2015-06-10 18:55:00+00:00,3.1171858,3.242746,3.242746,40,49,31,40,-0.41510415,0.103906244
64,2015-06-10 18:55:00+00:00,2.7588956,2.6547952,2.6547952,40,49,40,49,-0.26822916,0.107812494
64,2015-06-10 18:55:00+00:00,2.0159042,2.0928407,2.0928407,40,49,94,103,0.6333333,0.099999994
64,2015-06-10 18:55:00+00:00,1.981343,1.9178967,1.9178967,40,49,103,112,0.78333336,0.099999994
64,2015-06-10 18:55:00+00:00,1.9164798,2.012768,2.012768,40,49,112,121,0.93333334,0.099999994
64,2015-06-10 18:55:00+00:00,4.365589,3.0711973,3.0711973,49,58,13,22,-0.7161458,0.32265624
64,2015-06-10 18:55:00+00:00,2.7599633,2.8222663,2.8222663,49,58,22,31,-0.56666666,0.325
64,2015-06-10 18:55:00+00:00,2.4074588,2.5356517,2.5356517,49,58,31,40,-0.4166667,0.325
64,2015-06-10 18:55:00+00:00,2.2687943,2.2427192,2.2427192,49,58,40,49,-0.26666665,0.325
64,2015-06-10 18:55:00+00:00,2.1830404,2.05438,2.05438,49,58,49,58,-0.11666667,0.325
64,2015-06-10 18:55:00+00:00,2.1065786,2.10643,2.10643,49,58,58,67,0.033333335,0.325
64,2015-06-10 18:55:00+00:00,2.136053,2.3476374,2.3476374,49,58,67,76,0.18333334,0.325
64,2015-06-10 18:55:00+00:00,1.962997,2.1094227,2.1094227,49,58,94,103,0.6333333,0.325
64,2015-06-10 18:55:00+00:00,1.9888428,2.0136626,2.0136626,49,58,103,112,0.78333336,0.325
64,2015-06-10 18:55:00+00:00,2.0056536,2.0323493,2.0323493,49,58,112,121,0.93333334,0.325
64,2015-06-10 18:55:00+00:00,2.7682357,2.3808734,2.3808734,58,67,31,40,-0.4166667,0.55
64,2015-06-10 18:55:00+00:00,2.4347394,2.146798,2.146798,58,67,40,49,-0.26666665,0.55
64,2015-06-10 18:55:00+00:00,2.288522,1.9879155,1.9879155,58,67,49,58,-0.11666667,0.55
64,2015-06-10 18:55:00+00:00,2.0690491,2.0582037,2.0582037,58,67,58,67,0.033333335,0.55
64,2015-06-10 18:55:00+00:00,1.942993,2.2355807,2.2355807,58,67,67,76,0.18333334,0.55
64,2015-06-10 18:55:00+00:00,1.948942,2.2814744,2.2814744,58,67,76,85,0.3333333,0.55
64,2015-06-10 18:55:00+00:00,2.0722568,2.1875963,2.1875963,58,67,85,94,0.48333335,0.55
64,2015-06-10 18:55:00+00:00,2.0223598,1.965465,1.965465,58,67,103,112,0.78333336,0.55
64,2015-06-10 18:55:00+00:00,1.8803105,2.0088525,2.0088525,58,67,112,121,0.93333334,0.55
64,2015-06-10 18:55:00+00:00,2.0219448,1.9367058,1.9367058,67,76,103,112,0.7835938,0.77382815
64,2015-06-10 18:55:00+00:00,1.8703638,1.9419099,1.9419099,67,76,112,121,0.93333334,0.775
64,2015-06-10 18:55:00+00:00,1.9488466,1.8544286,1.8544286,76,81,112,121,0.93333334,0.95
65,2015-07-20 18:05:00+00:00,2.372424,2.2379887,2.2379887,13,22,94,103,0.6333333,-0.575
65,2015-07-20 18:05:00+00:00,2.251712,2.0057287,2.0057287,13,22,103,112,0.78333336,-0.57734376
65,2015-07-20 18:05:00+00:00,2.5014865,2.7388906,2.7388906,22,31,85,94,0.47994792,-0.3636719
65,2015-07-20 18:05:00+00:00,4.5314198,3.920536,3.920536,31,40,40,49,-0.2643229,-0.12148437
65,2015-07-20 18:05:00+00:00,4.2543063,3.5324843,3.5324843,31,40,49,58,-0.11666667,-0.125
65,2015-07-20 18:05:00+00:00,4.0324044,3.6693537,3.6693537,31,40,58,67,0.025260419,-0.12695312
65,2015-07-20 18:05:00+00:00,4.1310515,4.7306595,4.7306595,40,49,22,31,-0.56666666,0.099999994
65,2015-07-20 18:05:00+00:00,4.388982,4.3718333,4.3718333,40,49,31,40,-0.4166667,0.099999994
65,2015-07-20 18:05:00+00:00,3.6108072,3.3827698,3.3827698,40,49,40,49,-0.26614583,0.099609375
65,2015-07-20 18:05:00+00:00,2.3769522,3.1213558,3.1213558,40,49,49,58,-0.11666667,0.099999994
65,2015-07-20 18:05:00+00:00,3.6688282,3.2544038,3.2544038,40,49,58,67,0.033072915,0.10273437
65,2015-07-20 18:05:00+00:00,3.8997738,3.4043236,3.4043236,40,49,67,76,0.18281251,0.10859375
65,2015-07-20 18:05:00+00:00,4.4808364,3.899238,3.899238,49,58,13,22,-0.7153646,0.32617188
65,2015-07-20 18:05:00+00:00,3.9628534,3.6881309,3.6881309,49,58,22,31,-0.56666666,0.325
65,2015-07-20 18:05:00+00:00,3.8717666,3.2860708,3.2860708,49,58,31,40,-0.4166667,0.325
65,2015-07-20 18:05:00+00:00,3.1621873,2.6871638,2.6871638,49,58,40,49,-0.26666665,0.325
65,2015-07-20 18:05:00+00:00,1.9396036,2.4476469,2.4476469,49,58,49,58,-0.11666667,0.325
65,2015-07-20 18:05:00+00:00,2.1765764,2.5425715,2.5425715,49,58,58,67,0.033333335,0.325
65,2015-07-20 18:05:00+00:00,2.7352428,2.9009287,2.9009287,49,58,67,76,0.18333334,0.325
65,2015-07-20 18:05:00+00:00,2.7440236,3.1062522,3.1062522,58,67,22,31,-0.56354165,0.5449219
65,2015-07-20 18:05:00+00:00,2.2822905,2.7728095,2.7728095,58,67,31,40,-0.4166667,0.55
65,2015-07-20 18:05:00+00:00,1.9003668,2.3040016,2.3040016,58,67,40,49,-0.26666665,0.55
65,2015-07-20 18:05:00+00:00,1.9313768,2.1029987,2.1029987,58,67,49,58,-0.11666667,0.55
65,2015-07-20 18:05:00+00:00,1.9409496,2.2266755,2.2266755,58,67,58,67,0.033333335,0.55
65,2015-07-20 18:05:00+00:00,2.0166304,2.4682462,2.4682462,58,67,67,76,0.18333334,0.55
65,2015-07-20 18:05:00+00:00,2.1348245,2.67149,2.67149,58,67,76,85,0.3333333,0.55
65,2015-07-20 18:05:00+00:00,2.373093,2.458485,2.458485,58,67,85,94,0.48333335,0.5511719
65,2015-07-20 18:05:00+00:00,1.9732862,3.0031297,3.0031297,67,76,31,40,-0.4171875,0.7710937
66,2015-07-21 18:50:00+00:00,3.616519,3.1008458,3.1008458,13,22,85,94,0.4893229,-0.5589844
66,2015-07-21 18:50:00+00:00,2.5642312,2.5362363,2.5362363,13,22,94,103,0.6333333,-0.575
66,2015-07-21 18:50:00+00:00,2.6026144,2.3433106,2.3433106,13,22,103,112,0.78020835,-0.5792968
66,2015-07-21 18:50:00+00:00,3.2285469,2.9603264,2.9603264,22,31,85,94,0.4859375,-0.34921876
66,2015-07-21 18:50:00+00:00,2.313304,2.3472261,2.3472261,22,31,94,103,0.6333333,-0.35000002
66,2015-07-21 18:50:00+00:00,2.0512578,2.1590605,2.1590605,22,31,103,112,0.7736979,-0.35000002
66,2015-07-21 18:50:00+00:00,1.9686992,2.3210135,2.3210135,22,31,112,121,0.93645835,-0.34804687
66,2015-07-21 18:50:00+00:00,4.4732614,4.2842603,4.2842603,31,40,40,49,-0.26276043,-0.1203125
66,2015-07-21 18:50:00+00:00,4.3768888,3.9468062,3.9468062,31,40,49,58,-0.11666667,-0.125
66,2015-07-21 18:50:00+00:00,4.594839,3.9881222,3.9881222,31,40,58,67,0.028125,-0.12656249
66,2015-07-21 18:50:00+00:00,4.2087293,3.9143355,3.9143355,31,40,67,76,0.18723959,-0.12851563
66,2015-07-21 18:50:00+00:00,3.1059055,3.0450754,3.0450754,31,40,85,94,0.47552085,-0.13476562
66,2015-07-21 18:50:00+00:00,2.0585015,2.245134,2.245134,31,40,112,121,0.9341146,-0.12382813
66,2015-07-21 18:50:00+00:00,4.6013584,4.9361806,4.9361806,40,49,13,22,-0.71458334,0.11289062
66,2015-07-21 18:50:00+00:00,4.4278646,5.0597157,5.0597157,40,49,22,31,-0.56666666,0.099999994
66,2015-07-21 18:50:00+00:00,3.5433648,4.6790056,4.6790056,40,49,31,40,-0.41796875,0.09921875
66,2015-07-21 18:50:00+00:00,3.1320574,3.4875422,3.4875422,40,49,49,58,-0.11666667,0.099999994
66,2015-07-21 18:50:00+00:00,4.14987,3.5002668,3.5002668,40,49,58,67,0.032552086,0.10078125
66,2015-07-21 18:50:00+00:00,4.3230624,3.6826932,3.6826932,40,49,67,76,0.18333334,0.10859375
66,2015-07-21 18:50:00+00:00,2.565589,2.194456,2.194456,40,49,103,112,0.78333336,0.099999994
66,2015-07-21 18:50:00+00:00,2.2228472,2.3191965,2.3191965,40,49,112,121,0.93333334,0.099999994
66,2015-07-21 18:50:00+00:00,4.6059585,4.208809,4.208809,49,58,13,22,-0.71666664,0.325
66,2015-07-21 18:50:00+00:00,4.193941,4.0679455,4.0679455,49,58,22,31,-0.56666666,0.325
66,2015-07-21 18:50:00+00:00,3.6922858,3.6766324,3.6766324,49,58,31,40,-0.4166667,0.325
66,2015-07-21 18:50:00+00:00,2.972935,3.0552082,3.0552082,49,58,40,49,-0.26666665,0.325
66,2015-07-21 18:50:00+00:00,2.562706,2.7955246,2.7955246,49,58,49,58,-0.11666667,0.325
66,2015-07-21 18:50:00+00:00,2.8567572,2.874536,2.874536,49,58,58,67,0.033333335,0.325
66,2015-07-21 18:50:00+00:00,3.1221008,3.2084897,3.2084897,49,58,67,76,0.18333334,0.325
66,2015-07-21 18:50:00+00:00,3.6864424,2.7155678,2.7155678,49,58,94,103,0.6333333,0.325
66,2015-07-21 18:50:00+00:00,3.2657146,2.4113932,2.4113932,49,58,103,112,0.78333336,0.325
66,2015-07-21 18:50:00+00:00,2.2031496,2.4263127,2.4263127,49,58,112,121,0.93333334,0.325
66,2015-07-21 18:50:00+00:00,3.7215235,3.4725473,3.4725473,58,67,22,31,-0.5648438,0.5457031
66,2015-07-21 18:50:00+00:00,2.9235985,3.1838117,3.1838117,58,67,31,40,-0.4166667,0.55
66,2015-07-21 18:50:00+00:00,2.446773,2.6734087,2.6734087,58,67,40,49,-0.26666665,0.55
66,2015-07-21 18:50:00+00:00,2.5634263,2.44923,2.44923,58,67,49,58,-0.11666667,0.55
66,2015-07-21 18:50:00+00:00,2.5682795,2.5665908,2.5665908,58,67,58,67,0.033333335,0.55
66,2015-07-21 18:50:00+00:00,2.4775147,2.7944548,2.7944548,58,67,67,76,0.18333334,0.55
66,2015-07-21 18:50:00+00:00,2.4507563,2.9861567,2.9861567,58,67,76,85,0.3333333,0.55
66,2015-07-21 18:50:00+00:00,2.4148715,2.7781696,2.7781696,58,67,85,94,0.48333335,0.55
66,2015-07-21 18:50:00+00:00,2.2035255,2.155853,2.155853,58,67,103,112,0.78515625,0.55429685
66,2015-07-21 18:50:00+00:00,2.2617545,2.1915567,2.1915567,58,67,112,121,0.93333334,0.55
66,2015-07-21 18:50:00+00:00,2.2956944,2.0615244,2.0615244,67,76,103,112,0.78333336,0.775
66,2015-07-21 18:50:00+00:00,2.2977433,2.0690186,2.0690186,67,76,112,121,0.93333334,0.775
66,2015-07-21 18:50:00+00:00,2.3107405,2.0820787,2.0820787,76,81,112,121,0.93333334,0.95
67,2015-07-23 18:35:00+00:00,4.320687,3.3748176,3.3748176,13,22,85,94,0.49140626,-0.5582031
67,2015-07-23 18:35:00+00:00,3.552383,2.7451785,2.7451785,13,22,94,103,0.6333333,-0.575
67,2015-07-23 18:35:00+00:00,3.1073935,2.482225,2.482225,13,22,103,112,0.78307295,-0.5738281
67,2015-07-23 18:35:00+00:00,3.8055472,3.382009,3.382009,22,31,85,94,0.4859375,-0.35078126
67,2015-07-23 18:35:00+00:00,2.7410882,2.6675909,2.6675909,22,31,94,103,0.6333333,-0.35000002
67,2015-07-23 18:35:00+00:00,2.185608,2.337323,2.337323,22,31,103,112,0.78333336,-0.35000002
67,2015-07-23 18:35:00+00:00,2.114135,2.5231786,2.5231786,22,31,112,121,0.93333334,-0.35000002
67,2015-07-23 18:35:00+00:00,4.548082,4.347299,4.347299,31,40,40,49,-0.26276043,-0.1203125
67,2015-07-23 18:35:00+00:00,4.0618186,4.0837483,4.0837483,31,40,49,58,-0.11666667,-0.125
67,2015-07-23 18:35:00+00:00,4.4816723,4.2717714,4.2717714,31,40,58,67,0.025,-0.1265625
67,2015-07-23 18:35:00+00:00,4.456864,4.1296268,4.1296268,31,40,67,76,0.18723959,-0.13046874
67,2015-07-23 18:35:00+00:00,3.971177,3.4587371,3.4587371,31,40,85,94,0.48645836,-0.123046875
67,2015-07-23 18:35:00+00:00,2.6747286,2.7665215,2.7665215,31,40,94,103,0.6333333,-0.125
67,2015-07-23 18:35:00+00:00,2.07778,2.3857794,2.3857794,31,40,103,112,0.78333336,-0.125
67,2015-07-23 18:35:00+00:00,1.99786,2.5194576,2.5194576,31,40,112,121,0.93333334,-0.125
67,2015-07-23 18:35:00+00:00,4.4323826,4.668756,4.668756,40,49,13,22,-0.7140625,0.111328125
67,2015-07-23 18:35:00+00:00,4.4017034,5.078722,5.078722,40,49,22,31,-0.56666666,0.099999994
67,2015-07-23 18:35:00+00:00,4.153913,4.6987042,4.6987042,40,49,31,40,-0.4166667,0.099999994
67,2015-07-23 18:35:00+00:00,3.8054132,3.6580603,3.6580603,40,49,40,49,-0.26666665,0.099999994
67,2015-07-23 18:35:00+00:00,3.2923484,3.4663565,3.4663565,40,49,49,58,-0.11666667,0.099999994
67,2015-07-23 18:35:00+00:00,3.818265,3.4769638,3.4769638,40,49,58,67,0.032552086,0.10078125
67,2015-07-23 18:35:00+00:00,3.867644,3.754931,3.754931,40,49,67,76,0.18776041,0.1046875
67,2015-07-23 18:35:00+00:00,2.889207,2.7854273,2.7854273,40,49,94,103,0.6333333,0.099999994
67,2015-07-23 18:35:00+00:00,2.4434986,2.2804315,2.2804315,40,49,103,112,0.78333336,0.099999994
67,2015-07-23 18:35:00+00:00,2.0484567,2.3951852,2.3951852,40,49,112,121,0.93333334,0.099999994
67,2015-07-23 18:35:00+00:00,3.9504833,3.8634312,3.8634312,49,58,13,22,-0.7161458,0.32265624
67,2015-07-23 18:35:00+00:00,3.1322794,3.6851597,3.6851597,49,58,22,31,-0.56666666,0.325
67,2015-07-23 18:35:00+00:00,2.3123856,2.6387656,2.6387656,49,58,40,49,-0.26666665,0.325
67,2015-07-23 18:35:00+00:00,2.3064048,2.454092,2.454092,49,58,49,58,-0.11666667,0.325
67,2015-07-23 18:35:00+00:00,2.6154888,2.5304163,2.5304163,49,58,58,67,0.033333335,0.325
67,2015-07-23 18:35:00+00:00,2.7712772,2.9042802,2.9042802,49,58,67,76,0.18333334,0.325
67,2015-07-23 18:35:00+00:00,4.1771193,2.9637535,2.9637535,49,58,85,94,0.4903646,0.33203125
67,2015-07-23 18:35:00+00:00,3.8891644,2.54617,2.54617,49,58,94,103,0.6333333,0.325
67,2015-07-23 18:35:00+00:00,3.184697,2.2323601,2.2323601,49,58,103,112,0.78333336,0.325
67,2015-07-23 18:35:00+00:00,2.0277674,2.241336,2.241336,49,58,112,121,0.93333334,0.325
67,2015-07-23 18:35:00+00:00,2.6839333,3.0588245,3.0588245,58,67,22,31,-0.56041664,0.5414063
67,2015-07-23 18:35:00+00:00,2.0242217,2.7886283,2.7886283,58,67,31,40,-0.4166667,0.55
67,2015-07-23 18:35:00+00:00,2.250282,2.315144,2.315144,58,67,40,49,-0.26666665,0.55
67,2015-07-23 18:35:00+00:00,2.3659048,2.1544094,2.1544094,58,67,49,58,-0.11666667,0.55
67,2015-07-23 18:35:00+00:00,2.4661279,2.2673962,2.2673962,58,67,58,67,0.033333335,0.55
67,2015-07-23 18:35:00+00:00,2.470609,2.531786,2.531786,58,67,67,76,0.18333334,0.55
67,2015-07-23 18:35:00+00:00,2.7104533,2.798381,2.798381,58,67,76,85,0.3333333,0.55
67,2015-07-23 18:35:00+00:00,2.9575574,2.625072,2.625072,58,67,85,94,0.48333335,0.55
67,2015-07-23 18:35:00+00:00,2.3953233,2.203535,2.203535,58,67,94,103,0.63177085,0.53945315
67,2015-07-23 18:35:00+00:00,3.1445398,2.0113733,2.0113733,58,67,103,112,0.78333336,0.55
67,2015-07-23 18:35:00+00:00,2.1387312,2.0526574,2.0526574,58,67,112,121,0.93333334,0.55
67,2015-07-23 18:35:00+00:00,2.3950496,2.3631537,2.3631537,67,76,85,94,0.47320262,0.73774517
67,2015-07-23 18:35:00+00:00,2.1091855,2.0073204,2.0073204,67,76,103,112,0.78333336,0.775
67,2015-07-23 18:35:00+00:00,2.064404,2.0025597,2.0025597,67,76,112,121,0.93333334,0.775
67,2015-07-23 18:35:00+00:00,2.1071322,2.0213108,2.0213108,76,81,112,121,0.93333334,0.95
68,2015-07-27 16:26:00+00:00,4.070871,2.9976573,2.9976573,13,22,85,94,0.4875,-0.5601562
68,2015-07-27 16:26:00+00:00,3.3252048,2.3971028,2.3971028,13,22,94,103,0.6333333,-0.575
68,2015-07-27 16:26:00+00:00,2.6849213,2.1557045,2.1557045,13,22,103,112,0.78307295,-0.5738281
68,2015-07-27 16:26:00+00:00,3.391862,2.9859252,2.9859252,22,31,85,94,0.48333335,-0.35000002
68,2015-07-27 16:26:00+00:00,2.0223665,2.3002334,2.3002334,22,31,94,103,0.6333333,-0.35000002
68,2015-07-27 16:26:00+00:00,1.8327143,2.0056431,2.0056431,22,31,103,112,0.78333336,-0.35000002
68,2015-07-27 16:26:00+00:00,1.8340052,2.1604218,2.1604218,22,31,112,121,0.93333334,-0.35000002
68,2015-07-27 16:26:00+00:00,4.360957,3.6873565,3.6873565,31,40,40,49,-0.26510417,-0.12109375
68,2015-07-27 16:26:00+00:00,4.16683,3.4049273,3.4049273,31,40,49,58,-0.11666667,-0.125
68,2015-07-27 16:26:00+00:00,4.231202,3.6011693,3.6011693,31,40,58,67,0.026302084,-0.12539062
68,2015-07-27 16:26:00+00:00,4.424407,3.6748002,3.6748002,31,40,67,76,0.1875,-0.12773438
68,2015-07-27 16:26:00+00:00,4.135117,3.1683674,3.1683674,31,40,85,94,0.48333335,-0.125
68,2015-07-27 16:26:00+00:00,2.7716167,2.4752903,2.4752903,31,40,94,103,0.6333333,-0.125
68,2015-07-27 16:26:00+00:00,1.6572016,2.1174212,2.1174212,31,40,103,112,0.78333336,-0.125
68,2015-07-27 16:26:00+00:00,1.6601597,2.2242699,2.2242699,31,40,112,121,0.93333334,-0.125
68,2015-07-27 16:26:00+00:00,4.273268,4.3577785,4.3577785,40,49,13,22,-0.7140625,0.11054687
68,2015-07-27 16:26:00+00:00,3.9910123,4.444484,4.444484,40,49,22,31,-0.56666666,0.099999994
68,2015-07-27 16:26:00+00:00,3.483567,4.0473948,4.0473948,40,49,31,40,-0.4166667,0.099999994
68,2015-07-27 16:26:00+00:00,2.937856,3.070458,3.070458,40,49,40,49,-0.26666665,0.099999994
68,2015-07-27 16:26:00+00:00,2.7347198,2.8879066,2.8879066,40,49,49,58,-0.11666667,0.099999994
68,2015-07-27 16:26:00+00:00,3.4148593,2.9690166,2.9690166,40,49,58,67,0.03046875,0.10195312
68,2015-07-27 16:26:00+00:00,4.387763,3.2274947,3.2274947,40,49,67,76,0.18854168,0.103125
68,2015-07-27 16:26:00+00:00,4.2353315,3.1348367,3.1348367,40,49,85,94,0.48723957,0.09414062
68,2015-07-27 16:26:00+00:00,3.2974544,2.52918,2.52918,40,49,94,103,0.6333333,0.099999994
68,2015-07-27 16:26:00+00:00,1.8554469,2.0610905,2.0610905,40,49,103,112,0.78333336,0.099999994
68,2015-07-27 16:26:00+00:00,1.6506015,2.1476035,2.1476035,40,49,112,121,0.93333334,0.099999994
68,2015-07-27 16:26:00+00:00,4.148303,3.2407198,3.2407198,49,58,13,22,-0.71666664,0.325
68,2015-07-27 16:26:00+00:00,2.8053806,3.1056325,3.1056325,49,58,22,31,-0.56666666,0.325
68,2015-07-27 16:26:00+00:00,1.7476246,2.7001634,2.7001634,49,58,31,40,-0.4166667,0.325
68,2015-07-27 16:26:00+00:00,1.7414124,2.191829,2.191829,49,58,40,49,-0.26666665,0.325
68,2015-07-27 16:26:00+00:00,1.8584725,2.033368,2.033368,49,58,49,58,-0.11666667,0.325
68,2015-07-27 16:26:00+00:00,1.9946636,2.1199405,2.1199405,49,58,58,67,0.033333335,0.325
68,2015-07-27 16:26:00+00:00,3.2358205,2.4888103,2.4888103,49,58,67,76,0.18333334,0.325
68,2015-07-27 16:26:00+00:00,3.086081,2.668731,2.668731,49,58,85,94,0.4903646,0.33203125
68,2015-07-27 16:26:00+00:00,2.593236,2.3048043,2.3048043,49,58,94,103,0.6333333,0.325
68,2015-07-27 16:26:00+00:00,2.4346995,2.0202692,2.0202692,49,58,103,112,0.78333336,0.325
68,2015-07-27 16:26:00+00:00,1.7722193,2.0133376,2.0133376,49,58,112,121,0.93333334,0.325
68,2015-07-27 16:26:00+00:00,2.3349059,2.6092708,2.6092708,58,67,22,31,-0.5625,0.5433594
68,2015-07-27 16:26:00+00:00,1.840418,2.3031943,2.3031943,58,67,31,40,-0.4166667,0.55
68,2015-07-27 16:26:00+00:00,1.684367,1.928308,1.928308,58,67,40,49,-0.26666665,0.55
68,2015-07-27 16:26:00+00:00,1.7822045,1.7962468,1.7962468,58,67,49,58,-0.11666667,0.55
68,2015-07-27 16:26:00+00:00,1.7740176,1.899394,1.899394,58,67,58,67,0.033333335,0.55
68,2015-07-27 16:26:00+00:00,1.8237629,2.1566088,2.1566088,58,67,67,76,0.18333334,0.55
68,2015-07-27 16:26:00+00:00,2.1339862,2.4400449,2.4400449,58,67,76,85,0.3333333,0.55
68,2015-07-27 16:26:00+00:00,1.7930182,2.3375037,2.3375037,58,67,85,94,0.48333335,0.55
68,2015-07-27 16:26:00+00:00,1.8030512,2.0000112,2.0000112,58,67,94,103,0.6330729,0.53828126
68,2015-07-27 16:26:00+00:00,2.4515939,1.8016269,1.8016269,58,67,103,112,0.78333336,0.55
68,2015-07-27 16:26:00+00:00,2.001127,1.8267634,1.8267634,58,67,112,121,0.93333334,0.55
68,2015-07-27 16:26:00+00:00,1.7446328,2.5892317,2.5892317,67,76,31,40,-0.42031252,0.7714844
68,2015-07-27 16:26:00+00:00,2.548707,1.7986394,1.7986394,67,76,103,112,0.78333336,0.775
68,2015-07-27 16:26:00+00:00,1.9698676,1.78361,1.78361,67,76,112,121,0.93333334,0.775
68,2015-07-27 16:26:00+00:00,1.9010141,1.8164785,1.8164785,76,81,112,121,0.93333334,0.95
69,2015-07-27 18:10:00+00:00,3.3604493,2.039668,2.039668,13,22,94,103,0.6333333,-0.575
69,2015-07-27 18:10:00+00:00,2.7032835,1.9849747,1.9849747,13,22,103,112,0.78307295,-0.5738281
70,2015-07-27 18:15:00+00:00,3.391862,2.8875666,2.8875666,22,31,85,94,0.48333335,-0.35000002
70,2015-07-27 18:15:00+00:00,2.0194278,2.1300693,2.1300693,22,31,94,103,0.6333333,-0.35000002
70,2015-07-27 18:15:00+00:00,1.8081523,1.8040088,1.8040088,22,31,103,112,0.78333336,-0.35000002
70,2015-07-27 18:15:00+00:00,1.7910244,1.9688338,1.9688338,22,31,112,121,0.93098956,-0.34609377
70,2015-07-27 18:15:00+00:00,4.360957,3.7710545,3.7710545,31,40,40,49,-0.26510417,-0.12109375
70,2015-07-27 18:15:00+00:00,4.16683,3.4315057,3.4315057,31,40,49,58,-0.11666667,-0.125
70,2015-07-27 18:15:00+00:00,4.231202,3.6602383,3.6602383,31,40,58,67,0.026302084,-0.12539062
70,2015-07-27 18:15:00+00:00,4.424407,3.7659814,3.7659814,31,40,67,76,0.1875,-0.12773438
70,2015-07-27 18:15:00+00:00,4.135117,3.1419744,3.1419744,31,40,85,94,0.48333335,-0.125
70,2015-07-27 18:15:00+00:00,2.7716167,2.3932528,2.3932528,31,40,94,103,0.6333333,-0.125
70,2015-07-27 18:15:00+00:00,1.6572016,1.9927527,1.9927527,31,40,103,112,0.78333336,-0.125
70,2015-07-27 18:15:00+00:00,1.6601597,2.0936599,2.0936599,31,40,112,121,0.93333334,-0.125
70,2015-07-27 18:15:00+00:00,4.273268,4.647421,4.647421,40,49,13,22,-0.7140625,0.11054687
70,2015-07-27 18:15:00+00:00,3.9910123,4.6829844,4.6829844,40,49,22,31,-0.56666666,0.099999994
70,2015-07-27 18:15:00+00:00,3.483567,4.258921,4.258921,40,49,31,40,-0.4166667,0.099999994
70,2015-07-27 18:15:00+00:00,2.937856,3.2439983,3.2439983,40,49,40,49,-0.26666665,0.099999994
70,2015-07-27 18:15:00+00:00,2.7347198,3.0191226,3.0191226,40,49,49,58,-0.11666667,0.099999994
70,2015-07-27 18:15:00+00:00,3.4148593,3.1353743,3.1353743,40,49,58,67,0.03046875,0.10195312
70,2015-07-27 18:15:00+00:00,4.387763,3.4382615,3.4382615,40,49,67,76,0.18854168,0.103125
70,2015-07-27 18:15:00+00:00,4.2353315,3.224346,3.224346,40,49,85,94,0.48723957,0.09414062
70,2015-07-27 18:15:00+00:00,3.2974544,2.5640588,2.5640588,40,49,94,103,0.6333333,0.099999994
70,2015-07-27 18:15:00+00:00,1.8554469,2.0412145,2.0412145,40,49,103,112,0.78333336,0.099999994
70,2015-07-27 18:15:00+00:00,1.6506015,2.1187077,2.1187077,40,49,112,121,0.93333334,0.099999994
70,2015-07-27 18:15:00+00:00,4.148303,3.543457,3.543457,49,58,13,22,-0.71666664,0.325
70,2015-07-27 18:15:00+00:00,2.8053806,3.3575664,3.3575664,49,58,22,31,-0.56666666,0.325
70,2015-07-27 18:15:00+00:00,1.7476246,2.9234953,2.9234953,49,58,31,40,-0.4166667,0.325
70,2015-07-27 18:15:00+00:00,1.7414124,2.360753,2.360753,49,58,40,49,-0.26666665,0.325
70,2015-07-27 18:15:00+00:00,1.8584725,2.1670048,2.1670048,49,58,49,58,-0.11666667,0.325
70,2015-07-27 18:15:00+00:00,1.9946636,2.2911768,2.2911768,49,58,58,67,0.033333335,0.325
70,2015-07-27 18:15:00+00:00,3.2358205,2.717459,2.717459,49,58,67,76,0.18333334,0.325
70,2015-07-27 18:15:00+00:00,3.086081,2.8158507,2.8158507,49,58,85,94,0.4903646,0.33203125
70,2015-07-27 18:15:00+00:00,2.593236,2.4041371,2.4041371,49,58,94,103,0.6333333,0.325
70,2015-07-27 18:15:00+00:00,2.4346995,2.0691128,2.0691128,49,58,103,112,0.78333336,0.325
70,2015-07-27 18:15:00+00:00,1.7722193,2.0434425,2.0434425,49,58,112,121,0.93333334,0.325
70,2015-07-27 18:15:00+00:00,2.3349059,2.7663178,2.7663178,58,67,22,31,-0.5625,0.5433594
70,2015-07-27 18:15:00+00:00,1.840418,2.43466,2.43466,58,67,31,40,-0.4166667,0.55
70,2015-07-27 18:15:00+00:00,1.684367,2.0092075,2.0092075,58,67,40,49,-0.26666665,0.55
70,2015-07-27 18:15:00+00:00,1.7822045,1.8503464,1.8503464,58,67,49,58,-0.11666667,0.55
70,2015-07-27 18:15:00+00:00,1.7740176,1.9943972,1.9943972,58,67,58,67,0.033333335,0.55
70,2015-07-27 18:15:00+00:00,1.8237629,2.2906375,2.2906375,58,67,67,76,0.18333334,0.55
70,2015-07-27 18:15:00+00:00,2.1339862,2.590562,2.590562,58,67,76,85,0.3333333,0.55
70,2015-07-27 18:15:00+00:00,1.7930182,2.4185262,2.4185262,58,67,85,94,0.48333335,0.55
70,2015-07-27 18:15:00+00:00,1.8030512,2.023717,2.023717,58,67,94,103,0.6330729,0.53828126
70,2015-07-27 18:15:00+00:00,2.4515939,1.7787569,1.7787569,58,67,103,112,0.78333336,0.55
70,2015-07-27 18:15:00+00:00,2.001127,1.7928696,1.7928696,58,67,112,121,0.93333334,0.55
70,2015-07-27 18:15:00+00:00,1.7446328,2.733364,2.733364,67,76,31,40,-0.42031252,0.7714844
70,2015-07-27 18:15:00+00:00,2.548707,1.7669218,1.7669218,67,76,103,112,0.78333336,0.775
70,2015-07-27 18:15:00+00:00,1.9698676,1.7335929,1.7335929,67,76,112,121,0.93333334,0.775
70,2015-07-27 18:15:00+00:00,1.9010141,1.7936859,1.7936859,76,81,112,121,0.93333334,0.95
71,2015-07-28 18:55:00+00:00,3.1426098,2.5296626,2.5296626,13,22,94,103,0.6333333,-0.575
71,2015-07-28 18:55:00+00:00,2.6238163,2.2167246,2.2167246,13,22,103,112,0.78307295,-0.5738281
71,2015-07-28 18:55:00+00:00,3.4799292,3.0935743,3.0935743,22,31,85,94,0.48333335,-0.35000002
71,2015-07-28 18:55:00+00:00,2.218602,2.2952764,2.2952764,22,31,94,103,0.6333333,-0.35000002
71,2015-07-28 18:55:00+00:00,1.946515,1.934328,1.934328,22,31,103,112,0.78333336,-0.35000002
71,2015-07-28 18:55:00+00:00,1.9356384,2.150263,2.150263,22,31,112,121,0.93333334,-0.35000002
71,2015-07-28 18:55:00+00:00,4.6019,4.370913,4.370913,31,40,40,49,-0.26510417,-0.12109375
71,2015-07-28 18:55:00+00:00,4.5553317,4.037216,4.037216,31,40,49,58,-0.11666667,-0.125
71,2015-07-28 18:55:00+00:00,4.540661,4.1728773,4.1728773,31,40,58,67,0.026562503,-0.12578124
71,2015-07-28 18:55:00+00:00,4.524593,4.084123,4.084123,31,40,67,76,0.18828127,-0.13242188
71,2015-07-28 18:55:00+00:00,4.0855827,3.2725687,3.2725687,31,40,85,94,0.48333335,-0.125
71,2015-07-28 18:55:00+00:00,2.8048189,2.4817004,2.4817004,31,40,94,103,0.6333333,-0.125
71,2015-07-28 18:55:00+00:00,1.7927663,2.0641394,2.0641394,31,40,103,112,0.78333336,-0.125
71,2015-07-28 18:55:00+00:00,1.7000736,2.2164695,2.2164695,31,40,112,121,0.93333334,-0.125
71,2015-07-28 18:55:00+00:00,4.4769344,4.9249783,4.9249783,40,49,13,22,-0.71510416,0.111328125
71,2015-07-28 18:55:00+00:00,4.5659385,5.318715,5.318715,40,49,22,31,-0.56666666,0.099999994
71,2015-07-28 18:55:00+00:00,4.3460555,4.9464197,4.9464197,40,49,31,40,-0.4171875,0.1
71,2015-07-28 18:55:00+00:00,3.8847368,3.8788269,3.8788269,40,49,40,49,-0.26666665,0.099999994
71,2015-07-28 18:55:00+00:00,3.6525233,3.6432664,3.6432664,40,49,49,58,-0.11666667,0.099999994
71,2015-07-28 18:55:00+00:00,4.501404,3.7416027,3.7416027,40,49,58,67,0.029687501,0.10117188
71,2015-07-28 18:55:00+00:00,4.4802814,3.901654,3.901654,40,49,67,76,0.18385416,0.107812494
71,2015-07-28 18:55:00+00:00,4.2630258,3.4429984,3.4429984,40,49,85,94,0.48984373,0.08945312
71,2015-07-28 18:55:00+00:00,3.479137,2.7321231,2.7321231,40,49,94,103,0.6333333,0.099999994
71,2015-07-28 18:55:00+00:00,2.1510842,2.1842875,2.1842875,40,49,103,112,0.78333336,0.099999994
71,2015-07-28 18:55:00+00:00,1.748973,2.3074405,2.3074405,40,49,112,121,0.93333334,0.099999994
71,2015-07-28 18:55:00+00:00,4.5366197,4.298171,4.298171,49,58,13,22,-0.71666664,0.325
71,2015-07-28 18:55:00+00:00,3.8319912,4.1847124,4.1847124,49,58,22,31,-0.56666666,0.325
71,2015-07-28 18:55:00+00:00,2.3951747,3.749921,3.749921,49,58,31,40,-0.4166667,0.325
71,2015-07-28 18:55:00+00:00,2.0133839,3.0381856,3.0381856,49,58,40,49,-0.26666665,0.325
71,2015-07-28 18:55:00+00:00,2.3181705,2.812412,2.812412,49,58,49,58,-0.11666667,0.325
71,2015-07-28 18:55:00+00:00,3.3600645,2.917152,2.917152,49,58,58,67,0.033333335,0.325
71,2015-07-28 18:55:00+00:00,4.372958,3.312584,3.312584,49,58,67,76,0.18333334,0.325
71,2015-07-28 18:55:00+00:00,4.0496836,3.1946352,3.1946352,49,58,85,94,0.4921875,0.33164063
71,2015-07-28 18:55:00+00:00,3.2208023,2.7336853,2.7336853,49,58,94,103,0.6333333,0.325
71,2015-07-28 18:55:00+00:00,2.8282607,2.3486898,2.3486898,49,58,103,112,0.78333336,0.325
71,2015-07-28 18:55:00+00:00,2.0435581,2.3592112,2.3592112,49,58,112,121,0.93333334,0.325
71,2015-07-28 18:55:00+00:00,3.6515665,3.4469342,3.4469342,58,67,22,31,-0.5598959,0.5425781
71,2015-07-28 18:55:00+00:00,2.3639402,3.160481,3.160481,58,67,31,40,-0.4166667,0.55
71,2015-07-28 18:55:00+00:00,2.1112394,2.5776858,2.5776858,58,67,40,49,-0.26666665,0.55
71,2015-07-28 18:55:00+00:00,2.0358288,2.3865893,2.3865893,58,67,49,58,-0.11666667,0.55
71,2015-07-28 18:55:00+00:00,2.2109168,2.5280244,2.5280244,58,67,58,67,0.033333335,0.55
71,2015-07-28 18:55:00+00:00,3.1766946,2.8013659,2.8013659,58,67,67,76,0.18333334,0.55
71,2015-07-28 18:55:00+00:00,3.7794802,3.036969,3.036969,58,67,76,85,0.3333333,0.55
71,2015-07-28 18:55:00+00:00,2.7356486,2.7741625,2.7741625,58,67,85,94,0.48333335,0.55
71,2015-07-28 18:55:00+00:00,2.470119,2.2857425,2.2857425,58,67,94,103,0.63124996,0.54062504
71,2015-07-28 18:55:00+00:00,2.7050219,2.017818,2.017818,58,67,103,112,0.78333336,0.55
71,2015-07-28 18:55:00+00:00,2.2807863,2.0675917,2.0675917,58,67,112,121,0.93333334,0.55
71,2015-07-28 18:55:00+00:00,2.1978106,3.4126477,3.4126477,67,76,31,40,-0.41614586,0.7710937
71,2015-07-28 18:55:00+00:00,2.1078157,2.3920386,2.3920386,67,76,85,94,0.47371796,0.7389424
71,2015-07-28 18:55:00+00:00,3.208584,1.930187,1.930187,67,76,103,112,0.78333336,0.775
71,2015-07-28 18:55:00+00:00,2.347815,1.9323381,1.9323381,67,76,112,121,0.93333334,0.775
71,2015-07-28 18:55:00+00:00,2.433433,1.9987831,1.9987831,76,81,112,121,0.93333334,0.95
72,2015-08-02 19:15:00+00:00,3.9668596,3.6981282,3.6981282,13,22,85,94,0.49270833,-0.5601562
72,2015-08-02 19:15:00+00:00,2.8815022,3.1129684,3.1129684,13,22,94,103,0.6333333,-0.575
72,2015-08-02 19:15:00+00:00,2.5789976,2.7649512,2.7649512,13,22,103,112,0.78333336,-0.575
72,2015-08-02 19:15:00+00:00,2.5838933,2.7880905,2.7880905,13,22,112,121,0.9325521,-0.5617187
72,2015-08-02 19:15:00+00:00,3.6016421,3.5797384,3.5797384,22,31,85,94,0.48333335,-0.35000002
72,2015-08-02 19:15:00+00:00,2.874209,2.8779528,2.8779528,22,31,94,103,0.6333333,-0.35000002
72,2015-08-02 19:15:00+00:00,2.8151011,2.5189242,2.5189242,22,31,103,112,0.78333336,-0.35000002
72,2015-08-02 19:15:00+00:00,2.1993303,2.6572433,2.6572433,22,31,112,121,0.93333334,-0.35000002
72,2015-08-02 19:15:00+00:00,4.5465164,4.377219,4.377219,31,40,40,49,-0.26458335,-0.11875
72,2015-08-02 19:15:00+00:00,4.447104,4.125712,4.125712,31,40,49,58,-0.11666667,-0.125
72,2015-08-02 19:15:00+00:00,4.4937863,4.1413517,4.1413517,31,40,58,67,0.026822919,-0.12539062
72,2015-08-02 19:15:00+00:00,4.4710097,4.357407,4.357407,31,40,67,76,0.18776041,-0.13046876
72,2015-08-02 19:15:00+00:00,3.974019,3.828608,3.828608,31,40,85,94,0.48333335,-0.125
72,2015-08-02 19:15:00+00:00,3.9675546,3.140159,3.140159,31,40,94,103,0.6333333,-0.125
72,2015-08-02 19:15:00+00:00,3.4972422,2.7061844,2.7061844,31,40,103,112,0.78333336,-0.125
72,2015-08-02 19:15:00+00:00,2.4142668,2.7901864,2.7901864,31,40,112,121,0.93333334,-0.125
72,2015-08-02 19:15:00+00:00,4.6062846,5.0042086,5.0042086,40,49,13,22,-0.71458334,0.11289062
72,2015-08-02 19:15:00+00:00,4.620056,5.1668324,5.1668324,40,49,22,31,-0.56666666,0.099999994
72,2015-08-02 19:15:00+00:00,4.5384154,4.7889676,4.7889676,40,49,31,40,-0.4166667,0.099999994
72,2015-08-02 19:15:00+00:00,3.9572906,3.7588599,3.7588599,40,49,40,49,-0.26666665,0.099999994
72,2015-08-02 19:15:00+00:00,3.220065,3.5892534,3.5892534,40,49,49,58,-0.11666667,0.099999994
72,2015-08-02 19:15:00+00:00,3.8668873,3.6454031,3.6454031,40,49,58,67,0.028385416,0.10429688
72,2015-08-02 19:15:00+00:00,4.0451746,3.9308746,3.9308746,40,49,67,76,0.1888021,0.10585937
72,2015-08-02 19:15:00+00:00,4.3564067,3.8578103,3.8578103,40,49,85,94,0.49296874,0.09257813
72,2015-08-02 19:15:00+00:00,4.1559286,3.2472036,3.2472036,40,49,94,103,0.6333333,0.099999994
72,2015-08-02 19:15:00+00:00,3.5216246,2.6865823,2.6865823,40,49,103,112,0.78333336,0.099999994
72,2015-08-02 19:15:00+00:00,2.7480211,2.74705,2.74705,40,49,112,121,0.93333334,0.099999994
72,2015-08-02 19:15:00+00:00,4.6193085,3.9640224,3.9640224,49,58,13,22,-0.71666664,0.325
72,2015-08-02 19:15:00+00:00,4.3636246,3.8421052,3.8421052,49,58,22,31,-0.56666666,0.325
72,2015-08-02 19:15:00+00:00,3.219508,3.3660092,3.3660092,49,58,31,40,-0.4166667,0.325
72,2015-08-02 19:15:00+00:00,2.6723177,2.7570438,2.7570438,49,58,40,49,-0.26666665,0.325
72,2015-08-02 19:15:00+00:00,2.3507106,2.5664098,2.5664098,49,58,49,58,-0.11666667,0.325
72,2015-08-02 19:15:00+00:00,2.3908334,2.6240003,2.6240003,49,58,58,67,0.033333335,0.325
72,2015-08-02 19:15:00+00:00,2.7611353,3.117674,3.117674,49,58,67,76,0.18333334,0.325
72,2015-08-02 19:15:00+00:00,4.427769,3.3788407,3.3788407,49,58,85,94,0.4924479,0.33359373
72,2015-08-02 19:15:00+00:00,4.210116,3.0441964,3.0441964,49,58,94,103,0.6333333,0.325
72,2015-08-02 19:15:00+00:00,3.6623588,2.6828601,2.6828601,49,58,103,112,0.78333336,0.325
72,2015-08-02 19:15:00+00:00,2.73014,2.6361835,2.6361835,49,58,112,121,0.93333334,0.325
72,2015-08-02 19:15:00+00:00,3.2571762,3.2289712,3.2289712,58,67,22,31,-0.5609375,0.5445312
72,2015-08-02 19:15:00+00:00,2.5228627,2.8519847,2.8519847,58,67,31,40,-0.4166667,0.55
72,2015-08-02 19:15:00+00:00,2.4194343,2.3763723,2.3763723,58,67,40,49,-0.26666665,0.55
72,2015-08-02 19:15:00+00:00,2.3199244,2.2002504,2.2002504,58,67,49,58,-0.11588542,0.5492188
72,2015-08-02 19:15:00+00:00,2.3436913,2.3266573,2.3266573,58,67,58,67,0.033333335,0.546875
72,2015-08-02 19:15:00+00:00,2.449231,2.6604211,2.6604211,58,67,67,76,0.18333334,0.55
72,2015-08-02 19:15:00+00:00,3.25727,3.0672667,3.0672667,58,67,76,85,0.3333333,0.55
72,2015-08-02 19:15:00+00:00,3.668332,2.9619224,2.9619224,58,67,85,94,0.48072916,0.5476563
72,2015-08-02 19:15:00+00:00,2.5102348,2.3502412,2.3502412,58,67,103,112,0.78333336,0.55
72,2015-08-02 19:15:00+00:00,2.2459428,2.3459065,2.3459065,58,67,112,121,0.93333334,0.55
72,2015-08-02 19:15:00+00:00,2.5879693,3.0988305,3.0988305,67,76,31,40,-0.4184896,0.7667969
72,2015-08-02 19:15:00+00:00,2.5210276,2.3510222,2.3510222,67,76,103,112,0.78333336,0.775
72,2015-08-02 19:15:00+00:00,2.2966847,2.298701,2.298701,67,76,112,121,0.93333334,0.775
72,2015-08-02 19:15:00+00:00,2.312655,2.4389806,2.4389806,76,81,112,121,0.93333334,0.95
73,2015-08-13 18:55:00+00:00,4.1104755,3.601415,3.601415,13,22,85,94,0.48906252,-0.5613281
73,2015-08-13 18:55:00+00:00,3.68979,3.1168256,3.1168256,13,22,94,103,0.6333333,-0.575
73,2015-08-13 18:55:00+00:00,3.0593054,2.8682046,2.8682046,13,22,103,112,0.78333336,-0.575
73,2015-08-13 18:55:00+00:00,3.6326964,3.5792854,3.5792854,22,31,85,94,0.48333335,-0.35000002
73,2015-08-13 18:55:00+00:00,3.3324826,3.0026493,3.0026493,22,31,94,103,0.6333333,-0.35000002
73,2015-08-13 18:55:00+00:00,2.6381285,2.7254295,2.7254295,22,31,103,112,0.78333336,-0.35000002
73,2015-08-13 18:55:00+00:00,2.2214901,2.8811975,2.8811975,22,31,112,121,0.93333334,-0.35000002
73,2015-08-13 18:55:00+00:00,4.6032205,4.4509006,4.4509006,31,40,40,49,-0.26510417,-0.12109375
73,2015-08-13 18:55:00+00:00,4.1683707,4.2072487,4.2072487,31,40,49,58,-0.11666667,-0.125
73,2015-08-13 18:55:00+00:00,4.1225834,4.198708,4.198708,31,40,58,67,0.028125,-0.12656249
73,2015-08-13 18:55:00+00:00,3.9591322,4.299501,4.299501,31,40,67,76,0.1875,-0.12773438
73,2015-08-13 18:55:00+00:00,3.5028095,4.3611383,4.3611383,31,40,76,85,0.33723956,-0.11054687
73,2015-08-13 18:55:00+00:00,3.6244886,3.652997,3.652997,31,40,85,94,0.48333335,-0.125
73,2015-08-13 18:55:00+00:00,3.5112367,3.0792785,3.0792785,31,40,94,103,0.6333333,-0.125
73,2015-08-13 18:55:00+00:00,3.0598898,2.7594764,2.7594764,31,40,103,112,0.78333336,-0.125
73,2015-08-13 18:55:00+00:00,2.6025982,2.8692307,2.8692307,31,40,112,121,0.93333334,-0.125
73,2015-08-13 18:55:00+00:00,4.571545,4.9237924,4.9237924,40,49,13,22,-0.71510416,0.110156246
73,2015-08-13 18:55:00+00:00,4.550122,4.994193,4.994193,40,49,22,31,-0.56666666,0.099999994
73,2015-08-13 18:55:00+00:00,4.485984,4.614163,4.614163,40,49,31,40,-0.4166667,0.099999994
73,2015-08-13 18:55:00+00:00,4.209953,3.6950524,3.6950524,40,49,40,49,-0.26666665,0.099999994
73,2015-08-13 18:55:00+00:00,3.8163831,3.5258121,3.5258121,40,49,49,58,-0.11666667,0.099999994
73,2015-08-13 18:55:00+00:00,3.2276485,3.4538932,3.4538932,40,49,58,67,0.032552086,0.10078125
73,2015-08-13 18:55:00+00:00,2.7790096,3.74047,3.74047,40,49,67,76,0.18645833,0.103515625
73,2015-08-13 18:55:00+00:00,3.6672184,3.5460873,3.5460873,40,49,85,94,0.49296874,0.09257813
73,2015-08-13 18:55:00+00:00,3.4852943,3.0406575,3.0406575,40,49,94,103,0.6333333,0.099999994
73,2015-08-13 18:55:00+00:00,3.1338294,2.600122,2.600122,40,49,103,112,0.78333336,0.099999994
73,2015-08-13 18:55:00+00:00,3.2214766,2.6918983,2.6918983,40,49,112,121,0.93333334,0.099999994
73,2015-08-13 18:55:00+00:00,4.1204433,3.769331,3.769331,49,58,13,22,-0.71666664,0.325
73,2015-08-13 18:55:00+00:00,2.9085445,3.6411984,3.6411984,49,58,22,31,-0.56666666,0.325
73,2015-08-13 18:55:00+00:00,2.7891881,3.2042725,3.2042725,49,58,31,40,-0.4166667,0.325
73,2015-08-13 18:55:00+00:00,2.518489,2.6721087,2.6721087,49,58,40,49,-0.26666665,0.325
73,2015-08-13 18:55:00+00:00,2.4128685,2.4982636,2.4982636,49,58,49,58,-0.11666667,0.325
73,2015-08-13 18:55:00+00:00,2.3193622,2.5150352,2.5150352,49,58,58,67,0.033333335,0.325
73,2015-08-13 18:55:00+00:00,2.2688076,2.9217155,2.9217155,49,58,67,76,0.18333334,0.325
73,2015-08-13 18:55:00+00:00,3.5019553,3.0322273,3.0322273,49,58,85,94,0.4890625,0.33007812
73,2015-08-13 18:55:00+00:00,3.1448247,2.7838137,2.7838137,49,58,94,103,0.6333333,0.325
73,2015-08-13 18:55:00+00:00,2.5156627,2.5216155,2.5216155,49,58,103,112,0.78333336,0.325
73,2015-08-13 18:55:00+00:00,2.5223172,2.5131993,2.5131993,49,58,112,121,0.93333334,0.325
73,2015-08-13 18:55:00+00:00,2.520859,3.153218,3.153218,58,67,22,31,-0.56354165,0.5449219
73,2015-08-13 18:55:00+00:00,2.485782,2.7933798,2.7933798,58,67,31,40,-0.4166667,0.55
73,2015-08-13 18:55:00+00:00,2.5583239,2.3809946,2.3809946,58,67,40,49,-0.26666665,0.55
73,2015-08-13 18:55:00+00:00,2.2492015,2.2268312,2.2268312,58,67,49,58,-0.11666667,0.55
73,2015-08-13 18:55:00+00:00,2.3406546,2.2823756,2.2823756,58,67,58,67,0.033333335,0.55
73,2015-08-13 18:55:00+00:00,2.325956,2.5793085,2.5793085,58,67,67,76,0.18333334,0.55
73,2015-08-13 18:55:00+00:00,2.7349572,2.8600395,2.8600395,58,67,76,85,0.3333333,0.55
73,2015-08-13 18:55:00+00:00,2.709728,2.7504382,2.7504382,58,67,85,94,0.48333335,0.55
73,2015-08-13 18:55:00+00:00,2.819765,2.4982603,2.4982603,58,67,94,103,0.63697916,0.5425781
73,2015-08-13 18:55:00+00:00,2.8137147,2.3072617,2.3072617,58,67,103,112,0.78333336,0.55
73,2015-08-13 18:55:00+00:00,2.185716,2.3286216,2.3286216,58,67,112,121,0.93333334,0.55
73,2015-08-13 18:55:00+00:00,2.4413414,3.102376,3.102376,67,76,31,40,-0.4171875,0.7722656
73,2015-08-13 18:55:00+00:00,2.5929716,2.4981492,2.4981492,67,76,85,94,0.47371796,0.7389424
73,2015-08-13 18:55:00+00:00,2.7728584,2.328341,2.328341,67,76,103,112,0.78333336,0.775
73,2015-08-13 18:55:00+00:00,2.0774243,2.305821,2.305821,67,76,112,121,0.93333334,0.775
73,2015-08-13 18:55:00+00:00,2.128493,2.3623817,2.3623817,76,81,112,121,0.93333334,0.95
74,2015-08-22 18:50:00+00:00,3.3734925,3.8026872,3.8026872,13,22,85,94,0.4893229,-0.5589844
74,2015-08-22 18:50:00+00:00,3.0498257,3.367272,3.367272,13,22,94,103,0.63098955,-0.5714843
74,2015-08-22 18:50:00+00:00,3.3147137,3.6055374,3.6055374,22,31,85,94,0.48333335,-0.35000002
74,2015-08-22 18:50:00+00:00,3.0857606,3.0191433,3.0191433,22,31,94,103,0.63411456,-0.3480469
74,2015-08-22 18:50:00+00:00,2.9027317,2.7858024,2.7858024,22,31,103,112,0.78333336,-0.35000002
74,2015-08-22 18:50:00+00:00,2.3671184,2.9179544,2.9179544,22,31,112,121,0.93333334,-0.35000002
74,2015-08-22 18:50:00+00:00,4.421132,4.516643,4.516643,31,40,40,49,-0.26015627,-0.11054687
74,2015-08-22 18:50:00+00:00,4.563365,4.206508,4.206508,31,40,49,58,-0.11666667,-0.125
74,2015-08-22 18:50:00+00:00,4.451058,4.178324,4.178324,31,40,58,67,0.026041668,-0.12734374
74,2015-08-22 18:50:00+00:00,4.3878503,4.304989,4.304989,31,40,67,76,0.19166666,-0.1296875
74,2015-08-22 18:50:00+00:00,4.0270367,3.8773572,3.8773572,31,40,85,94,0.48333335,-0.125
74,2015-08-22 18:50:00+00:00,4.014228,3.354575,3.354575,31,40,94,103,0.6333333,-0.125
74,2015-08-22 18:50:00+00:00,3.7678256,3.012435,3.012435,31,40,103,112,0.78333336,-0.125
74,2015-08-22 18:50:00+00:00,2.1780474,3.0921373,3.0921373,31,40,112,121,0.93333334,-0.125
74,2015-08-22 18:50:00+00:00,4.130421,4.947648,4.947648,40,49,13,22,-0.71458334,0.111718744
74,2015-08-22 18:50:00+00:00,3.8618765,5.195357,5.195357,40,49,22,31,-0.56666666,0.099999994
74,2015-08-22 18:50:00+00:00,4.079609,4.7953935,4.7953935,40,49,31,40,-0.4171875,0.1
74,2015-08-22 18:50:00+00:00,4.1571083,3.9240756,3.9240756,40,49,40,49,-0.26666665,0.099999994
74,2015-08-22 18:50:00+00:00,4.1233706,3.750006,3.750006,40,49,49,58,-0.11666667,0.099999994
74,2015-08-22 18:50:00+00:00,4.3725796,3.6763737,3.6763737,40,49,58,67,0.032552086,0.10078125
74,2015-08-22 18:50:00+00:00,4.4089065,4.0222254,4.0222254,40,49,67,76,0.18333334,0.10859375
74,2015-08-22 18:50:00+00:00,4.1684957,3.949003,3.949003,40,49,85,94,0.4888021,0.091796875
74,2015-08-22 18:50:00+00:00,4.195579,3.5762653,3.5762653,40,49,94,103,0.6333333,0.099999994
74,2015-08-22 18:50:00+00:00,4.0897613,3.1134722,3.1134722,40,49,103,112,0.78333336,0.099999994
74,2015-08-22 18:50:00+00:00,3.7909842,3.166367,3.166367,40,49,112,121,0.93333334,0.099999994
74,2015-08-22 18:50:00+00:00,4.4254637,4.312411,4.312411,49,58,13,22,-0.71666664,0.325
74,2015-08-22 18:50:00+00:00,3.759988,4.1633754,4.1633754,49,58,22,31,-0.5674479,0.325
74,2015-08-22 18:50:00+00:00,3.3484342,3.6827211,3.6827211,49,58,31,40,-0.41458336,0.325
74,2015-08-22 18:50:00+00:00,3.4382348,3.1217427,3.1217427,49,58,40,49,-0.26666665,0.325
74,2015-08-22 18:50:00+00:00,3.147392,2.9137125,2.9137125,49,58,49,58,-0.11666667,0.325
74,2015-08-22 18:50:00+00:00,3.3471463,2.9306571,2.9306571,49,58,58,67,0.033333335,0.325
74,2015-08-22 18:50:00+00:00,3.8411136,3.4463549,3.4463549,49,58,67,76,0.18333334,0.325
74,2015-08-22 18:50:00+00:00,4.1279407,3.830814,3.830814,49,58,85,94,0.4903646,0.33203125
74,2015-08-22 18:50:00+00:00,3.8748474,3.5587833,3.5587833,49,58,94,103,0.6333333,0.325
74,2015-08-22 18:50:00+00:00,3.8207877,3.2447205,3.2447205,49,58,103,112,0.78333336,0.325
74,2015-08-22 18:50:00+00:00,4.113784,3.1959703,3.1959703,49,58,112,121,0.93333334,0.325
74,2015-08-22 18:50:00+00:00,3.6307373,3.4933949,3.4933949,58,67,22,31,-0.5572916,0.5425781
74,2015-08-22 18:50:00+00:00,3.4972866,3.163534,3.163534,58,67,31,40,-0.4166667,0.55
74,2015-08-22 18:50:00+00:00,3.5466926,2.7141006,2.7141006,58,67,40,49,-0.26666665,0.55
74,2015-08-22 18:50:00+00:00,2.9447181,2.5331056,2.5331056,58,67,49,58,-0.11666667,0.55
74,2015-08-22 18:50:00+00:00,2.7364511,2.5781603,2.5781603,58,67,58,67,0.033333335,0.55
74,2015-08-22 18:50:00+00:00,2.7582347,2.9685493,2.9685493,58,67,67,76,0.18333334,0.55
74,2015-08-22 18:50:00+00:00,2.7096565,3.4093597,3.4093597,58,67,76,85,0.3333333,0.55
74,2015-08-22 18:50:00+00:00,2.8217945,3.3663938,3.3663938,58,67,85,94,0.48333335,0.55
74,2015-08-22 18:50:00+00:00,2.6929135,3.0692916,3.0692916,58,67,94,103,0.6330729,0.5390625
74,2015-08-22 18:50:00+00:00,2.7699063,2.8638334,2.8638334,58,67,103,112,0.78333336,0.55
74,2015-08-22 18:50:00+00:00,3.445652,2.8530035,2.8530035,58,67,112,121,0.93333334,0.55
74,2015-08-22 18:50:00+00:00,2.7039065,3.3849604,3.3849604,67,76,31,40,-0.4166667,0.7714844
74,2015-08-22 18:50:00+00:00,2.9096012,3.0290165,3.0290165,67,76,85,94,0.47371796,0.7389424
74,2015-08-22 18:50:00+00:00,2.5844154,2.829657,2.829657,67,76,103,112,0.78333336,0.775
74,2015-08-22 18:50:00+00:00,3.4519129,2.7756908,2.7756908,67,76,112,121,0.93333334,0.775
74,2015-08-22 18:50:00+00:00,2.826308,2.9828095,2.9828095,76,81,112,121,0.93333334,0.95
75,2015-09-06 18:05:00+00:00,1.5461308,1.9680058,1.9680058,13,22,85,94,0.48906252,-0.5613281
75,2015-09-06 18:05:00+00:00,1.4398004,1.6566373,1.6566373,13,22,94,103,0.6333333,-0.575
75,2015-09-06 18:05:00+00:00,1.3882625,1.6057528,1.6057528,13,22,103,112,0.78307295,-0.5738281
75,2015-09-06 18:05:00+00:00,1.5374035,1.8621023,1.8621023,22,31,85,94,0.48333335,-0.35000002
75,2015-09-06 18:05:00+00:00,1.4992455,1.4747369,1.4747369,22,31,94,103,0.6333333,-0.35000002
75,2015-09-06 18:05:00+00:00,1.460685,1.3965349,1.3965349,22,31,103,112,0.78333336,-0.35000002
75,2015-09-06 18:05:00+00:00,1.4530289,1.5459921,1.5459921,22,31,112,121,0.93333334,-0.35000002
75,2015-09-06 18:05:00+00:00,2.7214348,2.6333675,2.6333675,31,40,40,49,-0.26276043,-0.1203125
75,2015-09-06 18:05:00+00:00,2.4908133,2.2884169,2.2884169,31,40,49,58,-0.11666667,-0.125
75,2015-09-06 18:05:00+00:00,2.3349648,2.391424,2.391424,31,40,58,67,0.024479168,-0.125
75,2015-09-06 18:05:00+00:00,1.8510622,2.3780801,2.3780801,31,40,67,76,0.1875,-0.12890625
75,2015-09-06 18:05:00+00:00,1.5646735,1.9017586,1.9017586,31,40,85,94,0.48333335,-0.125
75,2015-09-06 18:05:00+00:00,1.5527271,1.5528957,1.5528957,31,40,94,103,0.6333333,-0.125
75,2015-09-06 18:05:00+00:00,1.5340142,1.4433467,1.4433467,31,40,103,112,0.78333336,-0.125
75,2015-09-06 18:05:00+00:00,1.5110391,1.5459447,1.5459447,31,40,112,121,0.93333334,-0.125
75,2015-09-06 18:05:00+00:00,2.960565,3.3479192,3.3479192,40,49,13,22,-0.7171875,0.10898437
75,2015-09-06 18:05:00+00:00,3.421009,3.269826,3.269826,40,49,22,31,-0.56666666,0.099999994
75,2015-09-06 18:05:00+00:00,2.9341931,2.9704294,2.9704294,40,49,31,40,-0.4166667,0.099999994
75,2015-09-06 18:05:00+00:00,2.627642,2.4111564,2.4111564,40,49,40,49,-0.26666665,0.099999994
75,2015-09-06 18:05:00+00:00,2.557183,2.1355166,2.1355166,40,49,49,58,-0.11666667,0.099999994
75,2015-09-06 18:05:00+00:00,2.874521,2.2016175,2.2016175,40,49,58,67,0.033333335,0.099999994
75,2015-09-06 18:05:00+00:00,2.7731566,2.382256,2.382256,40,49,67,76,0.18802084,0.10429688
75,2015-09-06 18:05:00+00:00,2.0197623,2.1510103,2.1510103,40,49,85,94,0.48671874,0.09531249
75,2015-09-06 18:05:00+00:00,1.6841015,1.8635775,1.8635775,40,49,94,103,0.6333333,0.099999994
75,2015-09-06 18:05:00+00:00,1.57974,1.6331893,1.6331893,40,49,103,112,0.78333336,0.099999994
75,2015-09-06 18:05:00+00:00,1.5045013,1.7136592,1.7136592,40,49,112,121,0.93333334,0.099999994
75,2015-09-06 18:05:00+00:00,3.536515,3.179155,3.179155,49,58,13,22,-0.71666664,0.325
75,2015-09-06 18:05:00+00:00,2.928296,2.9440258,2.9440258,49,58,22,31,-0.56666666,0.325
75,2015-09-06 18:05:00+00:00,2.0921307,2.614713,2.614713,49,58,31,40,-0.4166667,0.325
75,2015-09-06 18:05:00+00:00,1.554565,2.2684424,2.2684424,49,58,40,49,-0.26666665,0.325
75,2015-09-06 18:05:00+00:00,2.0476842,2.0227306,2.0227306,49,58,49,58,-0.11666667,0.325
75,2015-09-06 18:05:00+00:00,2.9137661,2.1206584,2.1206584,49,58,58,67,0.033333335,0.325
75,2015-09-06 18:05:00+00:00,3.2864244,2.4377353,2.4377353,49,58,67,76,0.18333334,0.325
75,2015-09-06 18:05:00+00:00,3.1480343,2.4410784,2.4410784,49,58,85,94,0.48828125,0.3296875
75,2015-09-06 18:05:00+00:00,3.034525,2.2275712,2.2275712,49,58,94,103,0.6333333,0.325
75,2015-09-06 18:05:00+00:00,2.7672725,2.034112,2.034112,49,58,103,112,0.78333336,0.325
75,2015-09-06 18:05:00+00:00,2.3188136,2.0353432,2.0353432,49,58,112,121,0.93333334,0.325
75,2015-09-06 18:05:00+00:00,1.8512324,2.5995023,2.5995023,58,67,22,31,-0.56354165,0.5449219
75,2015-09-06 18:05:00+00:00,1.2192626,2.328362,2.328362,58,67,31,40,-0.4166667,0.55
75,2015-09-06 18:05:00+00:00,1.2860092,2.0589092,2.0589092,58,67,40,49,-0.26666665,0.55
75,2015-09-06 18:05:00+00:00,1.3354094,1.85169,1.85169,58,67,49,58,-0.11666667,0.55
75,2015-09-06 18:05:00+00:00,2.0511186,1.9573364,1.9573364,58,67,58,67,0.033333335,0.55
75,2015-09-06 18:05:00+00:00,3.01983,2.1751177,2.1751177,58,67,67,76,0.18333334,0.55
75,2015-09-06 18:05:00+00:00,3.2155533,2.312532,2.312532,58,67,76,85,0.3333333,0.55
75,2015-09-06 18:05:00+00:00,3.066083,2.2205248,2.2205248,58,67,85,94,0.48333335,0.55
75,2015-09-06 18:05:00+00:00,2.703164,1.9457136,1.9457136,58,67,94,103,0.6351562,0.5410156
75,2015-09-06 18:05:00+00:00,1.5239527,1.8175566,1.8175566,58,67,103,112,0.78333336,0.55
75,2015-09-06 18:05:00+00:00,2.2118332,1.8501172,1.8501172,58,67,112,121,0.93333334,0.55
75,2015-09-06 18:05:00+00:00,1.267741,2.391234,2.391234,67,76,31,40,-0.42031252,0.771875
75,2015-09-06 18:05:00+00:00,1.7572546,1.6698712,1.6698712,67,76,103,112,0.78333336,0.775
75,2015-09-06 18:05:00+00:00,1.8905256,1.667646,1.667646,67,76,112,121,0.93333334,0.775
75,2015-09-06 18:05:00+00:00,1.6776239,1.6747833,1.6747833,76,81,112,121,0.93333334,0.95
76,2015-09-14 18:55:00+00:00,3.8946805,4.006617,4.006617,13,22,85,94,0.48880208,-0.55859375
76,2015-09-14 18:55:00+00:00,3.6797335,3.5617077,3.5617077,13,22,94,103,0.6333333,-0.575
76,2015-09-14 18:55:00+00:00,3.838817,3.3286912,3.3286912,13,22,103,112,0.7828125,-0.5726563
76,2015-09-14 18:55:00+00:00,3.550129,3.7199244,3.7199244,22,31,85,94,0.48333335,-0.35000002
76,2015-09-14 18:55:00+00:00,3.2220163,3.1669474,3.1669474,22,31,94,103,0.6333333,-0.35000002
76,2015-09-14 18:55:00+00:00,2.8594038,2.897418,2.897418,22,31,103,112,0.78333336,-0.35000002
76,2015-09-14 18:55:00+00:00,2.7626374,3.0093997,3.0093997,22,31,112,121,0.93333334,-0.35000002
76,2015-09-14 18:55:00+00:00,4.620059,4.533688,4.533688,31,40,40,49,-0.26276043,-0.1203125
76,2015-09-14 18:55:00+00:00,4.6193566,4.3087764,4.3087764,31,40,49,58,-0.11666667,-0.125
76,2015-09-14 18:55:00+00:00,4.5358233,4.3009105,4.3009105,31,40,58,67,0.026041668,-0.12734374
76,2015-09-14 18:55:00+00:00,4.44323,4.252662,4.252662,31,40,67,76,0.19322917,-0.13125
76,2015-09-14 18:55:00+00:00,4.2585826,4.0347385,4.0347385,31,40,85,94,0.48333335,-0.125
76,2015-09-14 18:55:00+00:00,4.0209193,3.5184212,3.5184212,31,40,94,103,0.6333333,-0.125
76,2015-09-14 18:55:00+00:00,3.7427537,3.1679919,3.1679919,31,40,103,112,0.78333336,-0.125
76,2015-09-14 18:55:00+00:00,3.2720814,3.2550159,3.2550159,31,40,112,121,0.929427,-0.13476562
76,2015-09-14 18:55:00+00:00,4.607475,5.2594886,5.2594886,40,49,13,22,-0.7153646,0.1140625
76,2015-09-14 18:55:00+00:00,4.6151576,5.34429,5.34429,40,49,22,31,-0.56666666,0.099999994
76,2015-09-14 18:55:00+00:00,4.5198493,4.964972,4.964972,40,49,31,40,-0.4166667,0.099999994
76,2015-09-14 18:55:00+00:00,4.4466124,4.097655,4.097655,40,49,40,49,-0.26666665,0.099999994
76,2015-09-14 18:55:00+00:00,4.151475,3.9124742,3.9124742,40,49,49,58,-0.11666667,0.099999994
76,2015-09-14 18:55:00+00:00,4.417616,3.8668077,3.8668077,40,49,58,67,0.032552086,0.10078125
76,2015-09-14 18:55:00+00:00,4.452787,4.3123465,4.3123465,40,49,67,76,0.18359375,0.10703125
76,2015-09-14 18:55:00+00:00,3.6208909,3.812145,3.812145,40,49,94,103,0.6333333,0.099999994
76,2015-09-14 18:55:00+00:00,3.4890614,3.345029,3.345029,40,49,103,112,0.78333336,0.099999994
76,2015-09-14 18:55:00+00:00,4.61742,4.6269283,4.6269283,49,58,13,22,-0.71666664,0.325
76,2015-09-14 18:55:00+00:00,3.7778137,4.419631,4.419631,49,58,22,31,-0.56666666,0.325
76,2015-09-14 18:55:00+00:00,3.0788314,3.923557,3.923557,49,58,31,40,-0.4166667,0.325
76,2015-09-14 18:55:00+00:00,3.1281807,3.369018,3.369018,49,58,40,49,-0.26666665,0.325
76,2015-09-14 18:55:00+00:00,2.8073606,3.1405067,3.1405067,49,58,49,58,-0.11666667,0.325
76,2015-09-14 18:55:00+00:00,3.103655,3.1767578,3.1767578,49,58,58,67,0.033333335,0.325
76,2015-09-14 18:55:00+00:00,3.868146,3.7634308,3.7634308,49,58,67,76,0.18333334,0.325
76,2015-09-14 18:55:00+00:00,4.132679,4.151105,4.151105,49,58,85,94,0.4903646,0.33203125
76,2015-09-14 18:55:00+00:00,3.6263864,3.870869,3.870869,49,58,94,103,0.6333333,0.325
76,2015-09-14 18:55:00+00:00,3.6926146,3.5515094,3.5515094,49,58,103,112,0.78333336,0.325
76,2015-09-14 18:55:00+00:00,2.6288261,3.490613,3.490613,49,58,112,121,0.9309896,0.32851562
76,2015-09-14 18:55:00+00:00,3.019671,3.7571492,3.7571492,58,67,22,31,-0.5648438,0.5457031
76,2015-09-14 18:55:00+00:00,2.4805746,3.3687046,3.3687046,58,67,31,40,-0.4166667,0.55
76,2015-09-14 18:55:00+00:00,2.5729146,2.9150348,2.9150348,58,67,40,49,-0.26666665,0.55
76,2015-09-14 18:55:00+00:00,2.8317294,2.7155976,2.7155976,58,67,49,58,-0.11666667,0.55
76,2015-09-14 18:55:00+00:00,2.7899268,2.771859,2.771859,58,67,58,67,0.033333335,0.55
76,2015-09-14 18:55:00+00:00,4.058065,3.2264924,3.2264924,58,67,67,76,0.18333334,0.55
76,2015-09-14 18:55:00+00:00,4.054652,3.7000554,3.7000554,58,67,76,85,0.3333333,0.55
76,2015-09-14 18:55:00+00:00,4.154726,3.6309187,3.6309187,58,67,85,94,0.48333335,0.55
76,2015-09-14 18:55:00+00:00,3.7239928,3.3557417,3.3557417,58,67,94,103,0.63307285,0.5414063
76,2015-09-14 18:55:00+00:00,3.8809175,3.1130698,3.1130698,58,67,103,112,0.78333336,0.55
76,2015-09-14 18:55:00+00:00,2.6144884,3.07814,3.07814,58,67,112,121,0.93333334,0.55
76,2015-09-14 18:55:00+00:00,2.4311194,3.5709677,3.5709677,67,76,31,40,-0.41744792,0.77304685
76,2015-09-14 18:55:00+00:00,3.8879778,3.215558,3.215558,67,76,85,94,0.47421387,0.74150944
76,2015-09-14 18:55:00+00:00,3.6914494,3.0497425,3.0497425,67,76,103,112,0.78333336,0.775
76,2015-09-14 18:55:00+00:00,2.3520918,2.9703975,2.9703975,67,76,112,121,0.93333334,0.775
76,2015-09-14 18:55:00+00:00,2.929092,3.2218459,3.2218459,76,81,112,121,0.93333334,0.95
77,2015-09-17 17:50:00+00:00,1.6875004,1.8430927,1.8430927,13,22,85,94,0.4921875,-0.56562495
77,2015-09-17 17:50:00+00:00,1.7037264,1.8139104,1.8139104,13,22,94,103,0.6333333,-0.575
77,2015-09-17 17:50:00+00:00,1.6617777,1.8822995,1.8822995,13,22,103,112,0.78307295,-0.5726563
77,2015-09-17 17:50:00+00:00,1.4570383,1.9264884,1.9264884,22,31,85,94,0.48333335,-0.35000002
77,2015-09-17 17:50:00+00:00,1.4224713,1.8473598,1.8473598,22,31,94,103,0.6333333,-0.35000002
77,2015-09-17 17:50:00+00:00,1.4540207,1.8772129,1.8772129,22,31,103,112,0.78333336,-0.35000002
77,2015-09-17 17:50:00+00:00,1.5207949,1.9615043,1.9615043,22,31,112,121,0.93333334,-0.35000002
77,2015-09-17 17:50:00+00:00,1.9897285,2.018418,2.018418,31,40,40,49,-0.2625,-0.11679687
77,2015-09-17 17:50:00+00:00,1.8507,1.8475819,1.8475819,31,40,49,58,-0.11666667,-0.125
77,2015-09-17 17:50:00+00:00,1.819859,1.9024597,1.9024597,31,40,58,67,0.022916667,-0.1296875
77,2015-09-17 17:50:00+00:00,1.8468839,1.9444807,1.9444807,31,40,67,76,0.18411458,-0.12460938
77,2015-09-17 17:50:00+00:00,1.6195453,1.7806382,1.7806382,31,40,85,94,0.48333335,-0.125
77,2015-09-17 17:50:00+00:00,1.7475073,1.749437,1.749437,31,40,94,103,0.6333333,-0.125
77,2015-09-17 17:50:00+00:00,1.8326277,1.7929766,1.7929766,31,40,103,112,0.78333336,-0.125
77,2015-09-17 17:50:00+00:00,1.625734,1.8441601,1.8441601,31,40,112,121,0.93333334,-0.125
77,2015-09-17 17:50:00+00:00,2.0548952,2.093655,2.093655,40,49,13,22,-0.7164062,0.10273437
77,2015-09-17 17:50:00+00:00,1.7698421,1.9645661,1.9645661,40,49,22,31,-0.56666666,0.099999994
77,2015-09-17 17:50:00+00:00,1.66744,1.8159727,1.8159727,40,49,31,40,-0.4166667,0.099999994
77,2015-09-17 17:50:00+00:00,1.6815797,1.7102362,1.7102362,40,49,40,49,-0.26666665,0.099999994
77,2015-09-17 17:50:00+00:00,1.7417321,1.5822332,1.5822332,40,49,49,58,-0.11666667,0.099999994
77,2015-09-17 17:50:00+00:00,1.8984672,1.6125864,1.6125864,40,49,58,67,0.0296875,0.103125
77,2015-09-17 17:50:00+00:00,2.0583076,1.7219715,1.7219715,40,49,67,76,0.1856771,0.10117187
77,2015-09-17 17:50:00+00:00,2.5906672,1.6800154,1.6800154,40,49,85,94,0.48828125,0.09921875
77,2015-09-17 17:50:00+00:00,2.4113564,1.6789095,1.6789095,40,49,94,103,0.6333333,0.099999994
77,2015-09-17 17:50:00+00:00,1.9704767,1.6899832,1.6899832,40,49,103,112,0.78333336,0.099999994
77,2015-09-17 17:50:00+00:00,1.6036621,1.7208203,1.7208203,40,49,112,121,0.93333334,0.099999994
77,2015-09-17 17:50:00+00:00,1.7017537,1.9075241,1.9075241,49,58,13,22,-0.71666664,0.325
77,2015-09-17 17:50:00+00:00,1.6612499,1.7177052,1.7177052,49,58,22,31,-0.56666666,0.325
77,2015-09-17 17:50:00+00:00,1.3771734,1.5879712,1.5879712,49,58,31,40,-0.4166667,0.325
77,2015-09-17 17:50:00+00:00,1.3027753,1.550078,1.550078,49,58,40,49,-0.26666665,0.325
77,2015-09-17 17:50:00+00:00,1.2858701,1.4508379,1.4508379,49,58,49,58,-0.11666667,0.325
77,2015-09-17 17:50:00+00:00,1.4372859,1.475368,1.475368,49,58,58,67,0.033333335,0.325
77,2015-09-17 17:50:00+00:00,1.7791903,1.6184663,1.6184663,49,58,67,76,0.18333334,0.325
77,2015-09-17 17:50:00+00:00,2.7836807,1.6766843,1.6766843,49,58,85,94,0.48802084,0.32890624
77,2015-09-17 17:50:00+00:00,2.5833857,1.7018553,1.7018553,49,58,94,103,0.6333333,0.325
77,2015-09-17 17:50:00+00:00,2.2808638,1.7446657,1.7446657,49,58,103,112,0.78333336,0.325
77,2015-09-17 17:50:00+00:00,1.823737,1.7280308,1.7280308,49,58,112,121,0.93333334,0.325
77,2015-09-17 17:50:00+00:00,1.0803341,1.6389458,1.6389458,58,67,31,40,-0.4166667,0.55
77,2015-09-17 17:50:00+00:00,1.1106845,1.5973316,1.5973316,58,67,40,49,-0.26666665,0.55
77,2015-09-17 17:50:00+00:00,1.1707383,1.5082405,1.5082405,58,67,49,58,-0.11666667,0.55
77,2015-09-17 17:50:00+00:00,1.3770605,1.5355589,1.5355589,58,67,58,67,0.033333335,0.55
77,2015-09-17 17:50:00+00:00,1.5231081,1.6702076,1.6702076,58,67,67,76,0.18333334,0.55
77,2015-09-17 17:50:00+00:00,2.0465782,1.7021037,1.7021037,58,67,76,85,0.3333333,0.55
77,2015-09-17 17:50:00+00:00,2.5124993,1.7505655,1.7505655,58,67,85,94,0.48333335,0.55
77,2015-09-17 17:50:00+00:00,2.2935598,1.7500644,1.7500644,58,67,94,103,0.6330729,0.54375
77,2015-09-17 17:50:00+00:00,2.0839896,1.7991781,1.7991781,58,67,103,112,0.78333336,0.55
77,2015-09-17 17:50:00+00:00,1.8847747,1.8026292,1.8026292,58,67,112,121,0.93333334,0.55
77,2015-09-17 17:50:00+00:00,1.1348333,1.6782514,1.6782514,67,76,31,40,-0.41953126,0.7644531
77,2015-09-17 17:50:00+00:00,2.0241804,1.7644191,1.7644191,67,76,103,112,0.7841146,0.7738281
77,2015-09-17 17:50:00+00:00,1.571949,1.750607,1.750607,67,76,112,121,0.93333334,0.775
77,2015-09-17 17:50:00+00:00,2.0967438,1.6933255,1.6933255,76,81,103,112,0.78690463,0.9464286
77,2015-09-17 17:50:00+00:00,2.014143,1.6771878,1.6771878,76,81,112,121,0.93333334,0.95
78,2015-09-17 19:25:00+00:00,3.0746284,2.6151001,2.6151001,13,22,94,103,0.6325521,-0.5738281
78,2015-09-17 19:25:00+00:00,3.036842,2.5275521,2.5275521,13,22,103,112,0.78229165,-0.5652343
78,2015-09-17 19:25:00+00:00,2.3169324,2.7766213,2.7766213,22,31,85,94,0.48333335,-0.35000002
78,2015-09-17 19:25:00+00:00,2.295298,2.4652777,2.4652777,22,31,94,103,0.6333333,-0.35000002
78,2015-09-17 19:25:00+00:00,2.3095043,2.3729787,2.3729787,22,31,103,112,0.78333336,-0.35000002
78,2015-09-17 19:25:00+00:00,2.2617989,2.48786,2.48786,22,31,112,121,0.93333334,-0.35000002
78,2015-09-17 19:25:00+00:00,3.6103735,3.2696643,3.2696643,31,40,40,49,-0.2653646,-0.11601562
78,2015-09-17 19:25:00+00:00,3.2152946,3.0299985,3.0299985,31,40,49,58,-0.11666667,-0.125
78,2015-09-17 19:25:00+00:00,3.103561,3.1711323,3.1711323,31,40,67,76,0.18932292,-0.123046875
78,2015-09-17 19:25:00+00:00,2.8752472,3.207252,3.207252,31,40,76,85,0.3380208,-0.11757813
78,2015-09-17 19:25:00+00:00,2.6533678,2.8404343,2.8404343,31,40,85,94,0.48333335,-0.125
78,2015-09-17 19:25:00+00:00,2.843687,2.5647414,2.5647414,31,40,94,103,0.6333333,-0.125
78,2015-09-17 19:25:00+00:00,2.7521,2.4303405,2.4303405,31,40,103,112,0.78333336,-0.125
78,2015-09-17 19:25:00+00:00,2.3774989,2.5004416,2.5004416,31,40,112,121,0.93333334,-0.125
78,2015-09-17 19:25:00+00:00,4.4120026,3.786285,3.786285,40,49,13,22,-0.7151041,0.11601563
78,2015-09-17 19:25:00+00:00,3.739119,3.746678,3.746678,40,49,22,31,-0.56666666,0.099999994
78,2015-09-17 19:25:00+00:00,3.149206,3.3987818,3.3987818,40,49,31,40,-0.4166667,0.099999994
78,2015-09-17 19:25:00+00:00,2.8228173,2.8331614,2.8331614,40,49,40,49,-0.2674479,0.10195313
78,2015-09-17 19:25:00+00:00,2.737994,2.6566255,2.6566255,40,49,49,58,-0.11666667,0.099999994
78,2015-09-17 19:25:00+00:00,2.7523637,2.6774619,2.6774619,40,49,58,67,0.02890625,0.10585937
78,2015-09-17 19:25:00+00:00,3.0890546,2.959138,2.959138,40,49,67,76,0.1888021,0.10078125
78,2015-09-17 19:25:00+00:00,3.686574,2.9055974,2.9055974,40,49,85,94,0.4893229,0.09335937
78,2015-09-17 19:25:00+00:00,3.4881818,2.7270947,2.7270947,40,49,94,103,0.6333333,0.099999994
78,2015-09-17 19:25:00+00:00,3.0961037,2.4820898,2.4820898,40,49,103,112,0.78333336,0.099999994
78,2015-09-17 19:25:00+00:00,2.3740816,2.529684,2.529684,40,49,112,121,0.93333334,0.099999994
78,2015-09-17 19:25:00+00:00,4.0773573,3.4022937,3.4022937,49,58,13,22,-0.7164062,0.32382813
78,2015-09-17 19:25:00+00:00,3.2712648,3.134093,3.134093,49,58,22,31,-0.56666666,0.325
78,2015-09-17 19:25:00+00:00,2.3094294,2.7553847,2.7553847,49,58,31,40,-0.4166667,0.325
78,2015-09-17 19:25:00+00:00,2.0786183,2.4450703,2.4450703,49,58,40,49,-0.26666665,0.325
78,2015-09-17 19:25:00+00:00,2.0400136,2.255592,2.255592,49,58,49,58,-0.11666667,0.325
78,2015-09-17 19:25:00+00:00,2.1656437,2.2919884,2.2919884,49,58,58,67,0.033333335,0.325
78,2015-09-17 19:25:00+00:00,2.5125573,2.688815,2.688815,49,58,67,76,0.18333334,0.325
78,2015-09-17 19:25:00+00:00,3.6308653,2.993905,2.993905,49,58,85,94,0.4903646,0.33203125
78,2015-09-17 19:25:00+00:00,3.524735,2.8439596,2.8439596,49,58,94,103,0.6333333,0.325
78,2015-09-17 19:25:00+00:00,3.2135217,2.6778784,2.6778784,49,58,103,112,0.78333336,0.325
78,2015-09-17 19:25:00+00:00,2.423329,2.645757,2.645757,49,58,112,121,0.93333334,0.325
78,2015-09-17 19:25:00+00:00,3.2031617,2.7915764,2.7915764,58,67,22,31,-0.56119794,0.54375
78,2015-09-17 19:25:00+00:00,1.9804208,2.5184371,2.5184371,58,67,31,40,-0.4166667,0.55
78,2015-09-17 19:25:00+00:00,1.7908095,2.278738,2.278738,58,67,40,49,-0.26666665,0.55
78,2015-09-17 19:25:00+00:00,1.7863878,2.1170728,2.1170728,58,67,49,58,-0.11666667,0.55
78,2015-09-17 19:25:00+00:00,1.8753562,2.1640482,2.1640482,58,67,58,67,0.033333335,0.55
78,2015-09-17 19:25:00+00:00,1.9499007,2.46237,2.46237,58,67,67,76,0.18333334,0.55
78,2015-09-17 19:25:00+00:00,2.6878517,2.7337255,2.7337255,58,67,76,85,0.3333333,0.55
78,2015-09-17 19:25:00+00:00,3.2865746,2.7342527,2.7342527,58,67,85,94,0.48098958,0.5484375
78,2015-09-17 19:25:00+00:00,2.810789,2.4892309,2.4892309,58,67,103,112,0.78333336,0.55
78,2015-09-17 19:25:00+00:00,2.4223752,2.4867418,2.4867418,58,67,112,121,0.93333334,0.55
78,2015-09-17 19:25:00+00:00,2.2108421,2.654944,2.654944,67,76,31,40,-0.42682296,0.7714844
78,2015-09-17 19:25:00+00:00,2.9890964,2.4427361,2.4427361,67,76,103,112,0.7869792,0.7707031
78,2015-09-17 19:25:00+00:00,2.293684,2.3961375,2.3961375,67,76,112,121,0.93333334,0.775
78,2015-09-17 19:25:00+00:00,2.6737976,2.4753606,2.4753606,76,81,112,121,0.93565893,0.9476744
79,2015-09-21 19:00:00+00:00,4.083893,4.209969,4.209969,13,22,85,94,0.4901042,-0.55859375
79,2015-09-21 19:00:00+00:00,3.6884108,3.8107228,3.8107228,13,22,94,103,0.6333333,-0.575
79,2015-09-21 19:00:00+00:00,3.5102355,3.590791,3.590791,13,22,103,112,0.78307295,-0.5738281
79,2015-09-21 19:00:00+00:00,3.3347325,3.536732,3.536732,13,22,112,121,0.9341146,-0.56093746
79,2015-09-21 19:00:00+00:00,3.737046,3.8500414,3.8500414,22,31,85,94,0.48333335,-0.35000002
79,2015-09-21 19:00:00+00:00,3.2290213,3.3601568,3.3601568,22,31,94,103,0.6333333,-0.35000002
79,2015-09-21 19:00:00+00:00,3.0590138,3.0891778,3.0891778,22,31,103,112,0.78333336,-0.35000002
79,2015-09-21 19:00:00+00:00,3.0221372,3.1857529,3.1857529,22,31,112,121,0.93333334,-0.35000002
79,2015-09-21 19:00:00+00:00,4.620059,4.543543,4.543543,31,40,40,49,-0.26510417,-0.12109375
79,2015-09-21 19:00:00+00:00,4.620059,4.3132896,4.3132896,31,40,49,58,-0.11666667,-0.125
79,2015-09-21 19:00:00+00:00,4.40501,4.3461814,4.3461814,31,40,58,67,0.024479168,-0.12890625
79,2015-09-21 19:00:00+00:00,4.3464866,4.355073,4.355073,31,40,67,76,0.19140625,-0.1328125
79,2015-09-21 19:00:00+00:00,3.7161808,4.2177815,4.2177815,31,40,85,94,0.48333335,-0.125
79,2015-09-21 19:00:00+00:00,3.335334,3.7748487,3.7748487,31,40,94,103,0.6333333,-0.125
79,2015-09-21 19:00:00+00:00,3.4148445,3.4182084,3.4182084,31,40,103,112,0.78333336,-0.125
79,2015-09-21 19:00:00+00:00,3.0475543,3.4642856,3.4642856,31,40,112,121,0.93333334,-0.125
79,2015-09-21 19:00:00+00:00,4.6168227,5.437476,5.437476,40,49,13,22,-0.71458334,0.109375
79,2015-09-21 19:00:00+00:00,4.6193237,5.40805,5.40805,40,49,22,31,-0.56666666,0.099999994
79,2015-09-21 19:00:00+00:00,4.525862,5.020262,5.020262,40,49,31,40,-0.41770834,0.10039063
79,2015-09-21 19:00:00+00:00,4.40944,4.181067,4.181067,40,49,40,49,-0.26666665,0.099999994
79,2015-09-21 19:00:00+00:00,4.3622317,4.001985,4.001985,40,49,49,58,-0.11666667,0.099999994
79,2015-09-21 19:00:00+00:00,4.4465814,3.9464285,3.9464285,40,49,58,67,0.03046875,0.10195312
79,2015-09-21 19:00:00+00:00,4.4510913,4.3261247,4.3261247,40,49,67,76,0.18932292,0.10507812
79,2015-09-21 19:00:00+00:00,4.4341464,4.4822865,4.4822865,40,49,85,94,0.4893229,0.09101562
79,2015-09-21 19:00:00+00:00,4.057721,4.1448054,4.1448054,40,49,94,103,0.6333333,0.099999994
79,2015-09-21 19:00:00+00:00,4.0724945,3.6801162,3.6801162,40,49,103,112,0.78333336,0.099999994
79,2015-09-21 19:00:00+00:00,3.4548202,3.6963289,3.6963289,40,49,112,121,0.93333334,0.099999994
79,2015-09-21 19:00:00+00:00,4.620059,4.797173,4.797173,49,58,13,22,-0.71666664,0.325
79,2015-09-21 19:00:00+00:00,4.507996,4.6236014,4.6236014,49,58,22,31,-0.56666666,0.325
79,2015-09-21 19:00:00+00:00,3.274647,4.10925,4.10925,49,58,31,40,-0.4166667,0.325
79,2015-09-21 19:00:00+00:00,2.8073246,3.5569665,3.5569665,49,58,40,49,-0.26666665,0.325
79,2015-09-21 19:00:00+00:00,2.939554,3.3258235,3.3258235,49,58,49,58,-0.11666667,0.325
79,2015-09-21 19:00:00+00:00,3.2356353,3.3263009,3.3263009,49,58,58,67,0.033333335,0.325
79,2015-09-21 19:00:00+00:00,3.8321981,3.951793,3.951793,49,58,67,76,0.18333334,0.325
79,2015-09-21 19:00:00+00:00,4.4087114,4.4138694,4.4138694,49,58,85,94,0.48515627,0.33203125
79,2015-09-21 19:00:00+00:00,4.5464725,4.2609987,4.2609987,49,58,94,103,0.6333333,0.325
79,2015-09-21 19:00:00+00:00,4.4816184,3.9284997,3.9284997,49,58,103,112,0.78333336,0.325
79,2015-09-21 19:00:00+00:00,3.4188752,3.8516119,3.8516119,49,58,112,121,0.93333334,0.325
79,2015-09-21 19:00:00+00:00,4.5010414,3.9744735,3.9744735,58,67,22,31,-0.5648438,0.5457031
79,2015-09-21 19:00:00+00:00,2.9767883,3.5554764,3.5554764,58,67,31,40,-0.4166667,0.55
79,2015-09-21 19:00:00+00:00,2.340727,3.0904,3.0904,58,67,40,49,-0.26666665,0.55
79,2015-09-21 19:00:00+00:00,2.5671325,2.8826222,2.8826222,58,67,49,58,-0.11562501,0.5492188
79,2015-09-21 19:00:00+00:00,2.4965146,2.909096,2.909096,58,67,58,67,0.033333335,0.55
79,2015-09-21 19:00:00+00:00,2.8037715,3.4058526,3.4058526,58,67,67,76,0.18333334,0.55
79,2015-09-21 19:00:00+00:00,3.1120114,3.9571733,3.9571733,58,67,76,85,0.3333333,0.55
79,2015-09-21 19:00:00+00:00,4.0499716,3.9552157,3.9552157,58,67,85,94,0.48333335,0.55
79,2015-09-21 19:00:00+00:00,4.3085423,3.7173748,3.7173748,58,67,94,103,0.63411456,0.5402344
79,2015-09-21 19:00:00+00:00,4.200726,3.4567978,3.4567978,58,67,103,112,0.78333336,0.55
79,2015-09-21 19:00:00+00:00,3.2710688,3.41614,3.41614,58,67,112,121,0.93333334,0.55
79,2015-09-21 19:00:00+00:00,2.6031697,3.6956778,3.6956778,67,76,31,40,-0.4166667,0.7714844
79,2015-09-21 19:00:00+00:00,4.217395,3.3557947,3.3557947,67,76,103,112,0.78333336,0.775
79,2015-09-21 19:00:00+00:00,3.3512418,3.273285,3.273285,67,76,112,121,0.93333334,0.775
79,2015-09-21 19:00:00+00:00,3.5220826,3.5928366,3.5928366,76,81,112,121,0.93333334,0.95
80,2015-09-22 18:05:00+00:00,3.2765188,3.102256,3.102256,13,22,85,94,0.4921875,-0.5617187
80,2015-09-22 18:05:00+00:00,2.8153024,2.576256,2.576256,13,22,94,103,0.6333333,-0.575
80,2015-09-22 18:05:00+00:00,2.6059353,2.3797934,2.3797934,13,22,103,112,0.78307295,-0.5738281
80,2015-09-22 18:05:00+00:00,2.6906216,2.9394739,2.9394739,22,31,85,94,0.48333335,-0.35000002
80,2015-09-22 18:05:00+00:00,2.2845876,2.3140018,2.3140018,22,31,94,103,0.6333333,-0.35000002
80,2015-09-22 18:05:00+00:00,2.1156244,2.0733757,2.0733757,22,31,103,112,0.78333336,-0.35000002
80,2015-09-22 18:05:00+00:00,2.1504612,2.2131226,2.2131226,22,31,112,121,0.93333334,-0.35000002
80,2015-09-22 18:05:00+00:00,4.110927,3.8033693,3.8033693,31,40,40,49,-0.26171875,-0.11992188
80,2015-09-22 18:05:00+00:00,4.1494718,3.4873178,3.4873178,31,40,49,58,-0.11666667,-0.125
80,2015-09-22 18:05:00+00:00,3.3872898,3.6146173,3.6146173,31,40,67,76,0.18723959,-0.12929687
80,2015-09-22 18:05:00+00:00,2.7465217,3.1306875,3.1306875,31,40,85,94,0.48515624,-0.124218754
80,2015-09-22 18:05:00+00:00,2.2875903,2.5586405,2.5586405,31,40,94,103,0.6333333,-0.125
80,2015-09-22 18:05:00+00:00,2.2478044,2.2490306,2.2490306,31,40,103,112,0.78333336,-0.125
80,2015-09-22 18:05:00+00:00,2.006813,2.332556,2.332556,31,40,112,121,0.93333334,-0.125
80,2015-09-22 18:05:00+00:00,4.588157,4.293068,4.293068,40,49,13,22,-0.71406245,0.111718744
80,2015-09-22 18:05:00+00:00,4.227918,4.6110306,4.6110306,40,49,22,31,-0.56666666,0.099999994
80,2015-09-22 18:05:00+00:00,3.8353183,4.233726,4.233726,40,49,31,40,-0.4166667,0.099999994
80,2015-09-22 18:05:00+00:00,3.4208226,3.3364105,3.3364105,40,49,40,49,-0.26666665,0.099999994
80,2015-09-22 18:05:00+00:00,3.5199912,3.1059692,3.1059692,40,49,49,58,-0.11666667,0.099999994
80,2015-09-22 18:05:00+00:00,3.745382,3.2595036,3.2595036,40,49,85,94,0.48619792,0.096093744
80,2015-09-22 18:05:00+00:00,2.300186,2.4193263,2.4193263,40,49,112,121,0.93333334,0.099999994
80,2015-09-22 18:05:00+00:00,4.514688,3.808051,3.808051,49,58,13,22,-0.71666664,0.325
80,2015-09-22 18:05:00+00:00,4.0333014,3.624708,3.624708,49,58,22,31,-0.56666666,0.325
80,2015-09-22 18:05:00+00:00,2.7942681,3.1951325,3.1951325,49,58,31,40,-0.4166667,0.325
80,2015-09-22 18:05:00+00:00,2.178938,2.661696,2.661696,49,58,40,49,-0.26666665,0.325
80,2015-09-22 18:05:00+00:00,2.254719,2.4394245,2.4394245,49,58,49,58,-0.11666667,0.325
80,2015-09-22 18:05:00+00:00,2.4942448,2.523827,2.523827,49,58,58,67,0.033333335,0.325
80,2015-09-22 18:05:00+00:00,2.6662798,2.9557686,2.9557686,49,58,67,76,0.18307292,0.32617188
80,2015-09-22 18:05:00+00:00,3.1485364,3.1450608,3.1450608,49,58,85,94,0.48880208,0.33046874
80,2015-09-22 18:05:00+00:00,3.5708547,2.6070907,2.6070907,49,58,103,112,0.7825521,0.33320314
80,2015-09-22 18:05:00+00:00,2.3798382,2.503965,2.503965,49,58,112,121,0.93333334,0.325
80,2015-09-22 18:05:00+00:00,3.614375,3.0603848,3.0603848,58,67,22,31,-0.5627604,0.54375
80,2015-09-22 18:05:00+00:00,2.1725423,2.721323,2.721323,58,67,31,40,-0.4166667,0.55
80,2015-09-22 18:05:00+00:00,1.8707951,2.3038495,2.3038495,58,67,40,49,-0.26666665,0.55
80,2015-09-22 18:05:00+00:00,1.9255431,2.1172504,2.1172504,58,67,49,58,-0.11666667,0.55
80,2015-09-22 18:05:00+00:00,1.864996,2.2192895,2.2192895,58,67,58,67,0.033333335,0.55
80,2015-09-22 18:05:00+00:00,1.9815545,2.5342748,2.5342748,58,67,67,76,0.18333334,0.55
80,2015-09-22 18:05:00+00:00,2.1121805,2.8799648,2.8799648,58,67,76,85,0.3333333,0.55
80,2015-09-22 18:05:00+00:00,2.9231682,2.7824693,2.7824693,58,67,85,94,0.48333335,0.55
80,2015-09-22 18:05:00+00:00,3.3525112,2.428755,2.428755,58,67,94,103,0.63385415,0.53945315
80,2015-09-22 18:05:00+00:00,3.4580493,2.2166731,2.2166731,58,67,103,112,0.78333336,0.55
80,2015-09-22 18:05:00+00:00,2.447301,2.2148104,2.2148104,58,67,112,121,0.93333334,0.55
80,2015-09-22 18:05:00+00:00,1.8144388,2.9159935,2.9159935,67,76,31,40,-0.41822916,0.7722656
80,2015-09-22 18:05:00+00:00,3.6010194,2.1564436,2.1564436,67,76,103,112,0.78333336,0.775
80,2015-09-22 18:05:00+00:00,2.3596373,2.111789,2.111789,67,76,112,121,0.93333334,0.775
80,2015-09-22 18:05:00+00:00,3.0232658,2.2289207,2.2289207,76,81,112,121,0.93333334,0.95
81,2015-09-23 18:50:00+00:00,3.8529816,3.4880388,3.4880388,13,22,85,94,0.49114585,-0.5582031
81,2015-09-23 18:50:00+00:00,3.6844466,3.2041786,3.2041786,13,22,94,103,0.6333333,-0.575
81,2015-09-23 18:50:00+00:00,3.316994,3.0816064,3.0816064,13,22,103,112,0.78307295,-0.5738281
81,2015-09-23 18:50:00+00:00,3.4322088,3.2115645,3.2115645,22,31,85,94,0.48333335,-0.35000002
81,2015-09-23 18:50:00+00:00,2.9960315,2.8140283,2.8140283,22,31,94,103,0.6333333,-0.35000002
81,2015-09-23 18:50:00+00:00,2.7398293,2.6572227,2.6572227,22,31,103,112,0.78333336,-0.35000002
81,2015-09-23 18:50:00+00:00,2.727826,2.7575183,2.7575183,22,31,112,121,0.93333334,-0.35000002
81,2015-09-23 18:50:00+00:00,4.133779,3.6358492,3.6358492,31,40,58,67,0.0265625,-0.12773436
81,2015-09-23 18:50:00+00:00,4.0434794,3.6948183,3.6948183,31,40,67,76,0.1859375,-0.12695312
81,2015-09-23 18:50:00+00:00,3.5932662,3.4698648,3.4698648,31,40,85,94,0.48307294,-0.12968749
81,2015-09-23 18:50:00+00:00,2.9666789,3.1054838,3.1054838,31,40,94,103,0.6333333,-0.125
81,2015-09-23 18:50:00+00:00,2.8106525,2.8720179,2.8720179,31,40,103,112,0.78333336,-0.125
81,2015-09-23 18:50:00+00:00,2.5265312,2.9219856,2.9219856,31,40,112,121,0.93333334,-0.125
81,2015-09-23 18:50:00+00:00,4.5998945,4.451686,4.451686,40,49,13,22,-0.71458334,0.111718744
81,2015-09-23 18:50:00+00:00,4.494919,4.578953,4.578953,40,49,22,31,-0.56666666,0.099999994
81,2015-09-23 18:50:00+00:00,4.0972314,4.2075577,4.2075577,40,49,31,40,-0.4166667,0.099999994
81,2015-09-23 18:50:00+00:00,3.8901496,3.5341702,3.5341702,40,49,40,49,-0.26666665,0.099999994
81,2015-09-23 18:50:00+00:00,3.8303225,3.281524,3.281524,40,49,49,58,-0.11796875,0.10507812
81,2015-09-23 18:50:00+00:00,4.06468,3.6325164,3.6325164,40,49,67,76,0.1875,0.10585937
81,2015-09-23 18:50:00+00:00,3.8075497,3.472791,3.472791,40,49,94,103,0.6333333,0.099999994
81,2015-09-23 18:50:00+00:00,3.6047142,3.1228333,3.1228333,40,49,103,112,0.78333336,0.099999994
81,2015-09-23 18:50:00+00:00,2.6820526,3.142042,3.142042,40,49,112,121,0.93333334,0.099999994
81,2015-09-23 18:50:00+00:00,4.6063824,4.2793016,4.2793016,49,58,13,22,-0.71666664,0.325
81,2015-09-23 18:50:00+00:00,4.358551,4.056857,4.056857,49,58,22,31,-0.56666666,0.325
81,2015-09-23 18:50:00+00:00,3.6852787,3.6074336,3.6074336,49,58,31,40,-0.4166667,0.325
81,2015-09-23 18:50:00+00:00,2.998845,3.1734376,3.1734376,49,58,40,49,-0.26666665,0.325
81,2015-09-23 18:50:00+00:00,2.8758724,2.9334161,2.9334161,49,58,49,58,-0.11666667,0.325
81,2015-09-23 18:50:00+00:00,3.0979426,2.9660995,2.9660995,49,58,58,67,0.033333335,0.325
81,2015-09-23 18:50:00+00:00,3.4476035,3.4938116,3.4938116,49,58,67,76,0.18333334,0.325
81,2015-09-23 18:50:00+00:00,3.9049635,3.9531057,3.9531057,49,58,85,94,0.4903646,0.33203125
81,2015-09-23 18:50:00+00:00,4.1773415,3.7454293,3.7454293,49,58,94,103,0.6333333,0.325
81,2015-09-23 18:50:00+00:00,4.142536,3.489888,3.489888,49,58,103,112,0.78333336,0.325
81,2015-09-23 18:50:00+00:00,3.5039103,3.4209764,3.4209764,49,58,112,121,0.93333334,0.325
81,2015-09-23 18:50:00+00:00,3.7034693,3.5538156,3.5538156,58,67,22,31,-0.5627604,0.54375
81,2015-09-23 18:50:00+00:00,2.5741696,3.1872888,3.1872888,58,67,31,40,-0.4166667,0.55
81,2015-09-23 18:50:00+00:00,2.447011,2.8326344,2.8326344,58,67,40,49,-0.26666665,0.55
81,2015-09-23 18:50:00+00:00,2.4012005,2.6284451,2.6284451,58,67,49,58,-0.11666667,0.55
81,2015-09-23 18:50:00+00:00,2.4055445,2.6690135,2.6690135,58,67,58,67,0.033333335,0.55
81,2015-09-23 18:50:00+00:00,2.457395,3.0747025,3.0747025,58,67,67,76,0.18333334,0.55
81,2015-09-23 18:50:00+00:00,2.710623,3.502037,3.502037,58,67,76,85,0.3333333,0.55
81,2015-09-23 18:50:00+00:00,3.6865401,3.5056753,3.5056753,58,67,85,94,0.48333335,0.55
81,2015-09-23 18:50:00+00:00,4.174166,3.2560863,3.2560863,58,67,94,103,0.63177085,0.5390625
81,2015-09-23 18:50:00+00:00,4.239296,3.1143265,3.1143265,58,67,103,112,0.78333336,0.55
81,2015-09-23 18:50:00+00:00,3.8419602,3.0804071,3.0804071,58,67,112,121,0.93333334,0.55
81,2015-09-23 18:50:00+00:00,2.2883537,3.2799568,3.2799568,67,76,31,40,-0.4166667,0.7714844
81,2015-09-23 18:50:00+00:00,3.1652355,3.0955644,3.0955644,67,76,85,94,0.47371796,0.7389424
81,2015-09-23 18:50:00+00:00,4.212082,2.9939628,2.9939628,67,76,103,112,0.78333336,0.775
81,2015-09-23 18:50:00+00:00,3.4426503,2.9233687,2.9233687,67,76,112,121,0.93333334,0.775
81,2015-09-23 18:50:00+00:00,4.073578,3.1447046,3.1447046,76,81,112,121,0.93333334,0.95
82,2015-09-24 17:55:00+00:00,3.2772002,3.1021185,3.1021185,13,22,85,94,0.48776042,-0.5613281
82,2015-09-24 17:55:00+00:00,2.8359997,2.7760751,2.7760751,13,22,94,103,0.6333333,-0.5738281
82,2015-09-24 17:55:00+00:00,2.8277247,2.6429086,2.6429086,13,22,103,112,0.7833333,-0.56914055
82,2015-09-24 17:55:00+00:00,2.6186326,2.9648707,2.9648707,22,31,85,94,0.48333335,-0.35000002
82,2015-09-24 17:55:00+00:00,2.4846487,2.5678015,2.5678015,22,31,94,103,0.6333333,-0.35000002
82,2015-09-24 17:55:00+00:00,2.4330637,2.4245946,2.4245946,22,31,103,112,0.78333336,-0.35000002
82,2015-09-24 17:55:00+00:00,2.419108,2.546305,2.546305,22,31,112,121,0.93333334,-0.35000002
82,2015-09-24 17:55:00+00:00,4.3447,4.1760774,4.1760774,31,40,31,40,-0.41015625,-0.11796875
82,2015-09-24 17:55:00+00:00,4.1688433,3.6472929,3.6472929,31,40,40,49,-0.26510417,-0.12109375
82,2015-09-24 17:55:00+00:00,3.8988013,3.380097,3.380097,31,40,49,58,-0.11666667,-0.125
82,2015-09-24 17:55:00+00:00,3.8661766,3.4541643,3.4541643,31,40,58,67,0.026822917,-0.124609366
82,2015-09-24 17:55:00+00:00,3.835849,3.5119112,3.5119112,31,40,67,76,0.18723959,-0.12929688
82,2015-09-24 17:55:00+00:00,3.646053,3.5697088,3.5697088,31,40,76,85,0.3380208,-0.11757813
82,2015-09-24 17:55:00+00:00,2.9264195,3.1106036,3.1106036,31,40,85,94,0.48333335,-0.125
82,2015-09-24 17:55:00+00:00,2.4946995,2.7430182,2.7430182,31,40,94,103,0.6333333,-0.125
82,2015-09-24 17:55:00+00:00,2.3203197,2.5429454,2.5429454,31,40,103,112,0.78333336,-0.125
82,2015-09-24 17:55:00+00:00,2.2673345,2.6151147,2.6151147,31,40,112,121,0.93333334,-0.125
82,2015-09-24 17:55:00+00:00,4.144025,4.213415,4.213415,40,49,22,31,-0.56666666,0.099999994
82,2015-09-24 17:55:00+00:00,3.373576,3.8683195,3.8683195,40,49,31,40,-0.4166667,0.099999994
82,2015-09-24 17:55:00+00:00,3.0669003,3.193098,3.193098,40,49,40,49,-0.26666665,0.099999994
82,2015-09-24 17:55:00+00:00,3.0821471,2.9870508,2.9870508,40,49,49,58,-0.11666667,0.099999994
82,2015-09-24 17:55:00+00:00,3.341176,2.9603214,2.9603214,40,49,58,67,0.033333335,0.099999994
82,2015-09-24 17:55:00+00:00,3.5783372,3.2006435,3.2006435,40,49,67,76,0.1859375,0.10820312
82,2015-09-24 17:55:00+00:00,3.886982,3.2667346,3.2667346,40,49,85,94,0.48906252,0.09765625
82,2015-09-24 17:55:00+00:00,3.2203922,2.9457605,2.9457605,40,49,94,103,0.6333333,0.099999994
82,2015-09-24 17:55:00+00:00,2.6740234,2.6263676,2.6263676,40,49,103,112,0.78333336,0.099999994
82,2015-09-24 17:55:00+00:00,2.2494004,2.672594,2.672594,40,49,112,121,0.93333334,0.099999994
82,2015-09-24 17:55:00+00:00,3.397981,3.4382398,3.4382398,49,58,22,31,-0.56875,0.32265624
82,2015-09-24 17:55:00+00:00,2.842288,3.0621006,3.0621006,49,58,31,40,-0.4166667,0.325
82,2015-09-24 17:55:00+00:00,2.4444072,2.6659925,2.6659925,49,58,40,49,-0.26666665,0.325
82,2015-09-24 17:55:00+00:00,2.405617,2.461447,2.461447,49,58,49,58,-0.11666667,0.325
82,2015-09-24 17:55:00+00:00,2.5681024,2.5088093,2.5088093,49,58,58,67,0.033333335,0.325
82,2015-09-24 17:55:00+00:00,2.6458416,2.9369795,2.9369795,49,58,67,76,0.18333334,0.325
82,2015-09-24 17:55:00+00:00,3.5740843,3.189596,3.189596,49,58,85,94,0.4885417,0.32851562
82,2015-09-24 17:55:00+00:00,3.6284988,3.045374,3.045374,49,58,94,103,0.6333333,0.325
82,2015-09-24 17:55:00+00:00,3.4525397,2.8270512,2.8270512,49,58,103,112,0.78333336,0.325
82,2015-09-24 17:55:00+00:00,2.7013524,2.7838075,2.7838075,49,58,112,121,0.93333334,0.325
82,2015-09-24 17:55:00+00:00,1.8543044,2.7382932,2.7382932,58,67,31,40,-0.41901046,0.54648435
82,2015-09-24 17:55:00+00:00,1.9736112,2.414529,2.414529,58,67,40,49,-0.26666665,0.55
82,2015-09-24 17:55:00+00:00,1.9956727,2.2442493,2.2442493,58,67,49,58,-0.12109375,0.54609376
82,2015-09-24 17:55:00+00:00,2.0605016,2.2970548,2.2970548,58,67,58,67,0.034895834,0.54375005
82,2015-09-24 17:55:00+00:00,2.050896,2.6185231,2.6185231,58,67,67,76,0.18333334,0.55
82,2015-09-24 17:55:00+00:00,2.2859988,2.9303112,2.9303112,58,67,76,85,0.3333333,0.55
82,2015-09-24 17:55:00+00:00,2.8563628,2.8903985,2.8903985,58,67,85,94,0.4820313,0.5488281
82,2015-09-24 17:55:00+00:00,3.6612942,2.566483,2.566483,58,67,103,112,0.78333336,0.55
82,2015-09-24 17:55:00+00:00,3.4192631,2.557383,2.557383,58,67,112,121,0.93333334,0.55
82,2015-09-24 17:55:00+00:00,3.1325464,2.5156505,2.5156505,67,76,103,112,0.78333336,0.775
82,2015-09-24 17:55:00+00:00,2.4782307,2.4699812,2.4699812,67,76,112,121,0.93333334,0.775
82,2015-09-24 17:55:00+00:00,2.7560215,2.586313,2.586313,76,81,112,121,0.93333334,0.95
83,2016-04-16 19:00:00+00:00,4.341586,2.6600833,2.6600833,13,22,94,103,0.6359375,-0.5726563
83,2016-04-16 19:00:00+00:00,4.124111,2.488019,2.488019,13,22,103,112,0.7791667,-0.5640625
83,2016-04-16 19:00:00+00:00,3.4969778,2.6255863,2.6255863,22,31,94,103,0.6333333,-0.35000002
83,2016-04-16 19:00:00+00:00,3.1191816,2.4514544,2.4514544,22,31,103,112,0.78333336,-0.35000002
83,2016-04-16 19:00:00+00:00,2.967222,2.665737,2.665737,22,31,112,121,0.93333334,-0.35000002
83,2016-04-16 19:00:00+00:00,4.205454,4.1820116,4.1820116,31,40,40,49,-0.26484376,-0.1109375
83,2016-04-16 19:00:00+00:00,3.837108,3.9495587,3.9495587,31,40,49,58,-0.11171875,-0.11601563
83,2016-04-16 19:00:00+00:00,3.1969323,3.831939,3.831939,31,40,67,76,0.18776041,-0.12851563
83,2016-04-16 19:00:00+00:00,2.8844852,2.9263384,2.9263384,31,40,85,94,0.48333335,-0.125
83,2016-04-16 19:00:00+00:00,2.771584,2.5024254,2.5024254,31,40,94,103,0.6333333,-0.125
83,2016-04-16 19:00:00+00:00,2.7565818,2.3308048,2.3308048,31,40,103,112,0.78333336,-0.125
83,2016-04-16 19:00:00+00:00,2.183599,2.4923642,2.4923642,31,40,112,121,0.93333334,-0.125
83,2016-04-16 19:00:00+00:00,4.3162594,4.220177,4.220177,40,49,22,31,-0.55598956,0.107812494
83,2016-04-16 19:00:00+00:00,4.0858364,4.1371994,4.1371994,40,49,31,40,-0.4169271,0.099999994
83,2016-04-16 19:00:00+00:00,3.6289241,3.4512947,3.4512947,40,49,40,49,-0.26666665,0.099999994
83,2016-04-16 19:00:00+00:00,3.1020737,3.2098072,3.2098072,40,49,49,58,-0.11666667,0.099999994
83,2016-04-16 19:00:00+00:00,2.1649334,3.2541845,3.2541845,40,49,58,67,0.027343752,0.10859375
83,2016-04-16 19:00:00+00:00,1.4079112,3.3297172,3.3297172,40,49,67,76,0.18671876,0.10273437
83,2016-04-16 19:00:00+00:00,2.1709485,2.7898347,2.7898347,40,49,85,94,0.4846354,0.09726562
83,2016-04-16 19:00:00+00:00,2.4746294,2.4520977,2.4520977,40,49,94,103,0.6333333,0.099999994
83,2016-04-16 19:00:00+00:00,2.3981905,2.1868706,2.1868706,40,49,103,112,0.78333336,0.099999994
83,2016-04-16 19:00:00+00:00,1.7828159,2.3226788,2.3226788,40,49,112,121,0.93333334,0.099999994
83,2016-04-16 19:00:00+00:00,3.836611,3.4993668,3.4993668,49,58,22,31,-0.56666666,0.325
83,2016-04-16 19:00:00+00:00,3.292765,3.1826153,3.1826153,49,58,31,40,-0.4166667,0.325
83,2016-04-16 19:00:00+00:00,3.4978414,2.7564278,2.7564278,49,58,40,49,-0.26666665,0.325
83,2016-04-16 19:00:00+00:00,3.1796896,2.5485754,2.5485754,49,58,49,58,-0.11666667,0.325
83,2016-04-16 19:00:00+00:00,2.5581064,2.5885062,2.5885062,49,58,58,67,0.033333335,0.325
83,2016-04-16 19:00:00+00:00,1.803187,2.8437383,2.8437383,49,58,67,76,0.18333334,0.325
83,2016-04-16 19:00:00+00:00,1.5986766,2.6717172,2.6717172,49,58,85,94,0.49296874,0.33632812
83,2016-04-16 19:00:00+00:00,2.3641307,2.4371173,2.4371173,49,58,94,103,0.6333333,0.325
83,2016-04-16 19:00:00+00:00,2.251322,2.277018,2.277018,49,58,103,112,0.78333336,0.325
83,2016-04-16 19:00:00+00:00,2.1378756,2.320853,2.320853,49,58,112,121,0.93333334,0.325
83,2016-04-16 19:00:00+00:00,4.586074,3.3122234,3.3122234,58,67,13,22,-0.6989797,0.51989794
83,2016-04-16 19:00:00+00:00,4.015485,3.1244302,3.1244302,58,67,22,31,-0.5648438,0.5457031
83,2016-04-16 19:00:00+00:00,3.8184385,2.9124026,2.9124026,58,67,31,40,-0.41796875,0.5488281
83,2016-04-16 19:00:00+00:00,3.407296,2.5554507,2.5554507,58,67,40,49,-0.26640624,0.5488281
83,2016-04-16 19:00:00+00:00,3.529053,2.4045367,2.4045367,58,67,49,58,-0.11796875,0.5488281
83,2016-04-16 19:00:00+00:00,3.3277614,2.6317148,2.6317148,58,67,67,76,0.18333334,0.55
83,2016-04-16 19:00:00+00:00,2.2587304,2.666679,2.666679,58,67,76,85,0.3333333,0.55
83,2016-04-16 19:00:00+00:00,1.7691739,2.5017326,2.5017326,58,67,85,94,0.48333335,0.55
83,2016-04-16 19:00:00+00:00,2.022591,2.1775086,2.1775086,58,67,103,112,0.78333336,0.55
83,2016-04-16 19:00:00+00:00,2.086183,2.2468462,2.2468462,58,67,112,121,0.93333334,0.55
83,2016-04-16 19:00:00+00:00,2.88831,2.6395907,2.6395907,67,76,76,85,0.33255208,0.7644531
83,2016-04-16 19:00:00+00:00,1.6307161,2.150848,2.150848,67,76,103,112,0.78333336,0.775
83,2016-04-16 19:00:00+00:00,1.7821797,2.1831942,2.1831942,67,76,112,121,0.93333334,0.775
83,2016-04-16 19:00:00+00:00,2.2509096,2.074202,2.074202,76,81,103,112,0.78690463,0.9464286
83,2016-04-16 19:00:00+00:00,1.5002578,2.1014633,2.1014633,76,81,112,121,0.93333334,0.95
84,2016-04-23 19:10:00+00:00,4.40045,1.6718178,1.6718178,13,22,103,112,0.7815104,-0.5597656
84,2016-04-23 19:10:00+00:00,3.3174422,3.311145,3.311145,22,31,76,85,0.3359375,-0.3453125
84,2016-04-23 19:10:00+00:00,3.0146403,2.64896,2.64896,22,31,85,94,0.48333335,-0.35000002
84,2016-04-23 19:10:00+00:00,2.8968616,1.8697995,1.8697995,22,31,94,103,0.6333333,-0.35000002
84,2016-04-23 19:10:00+00:00,2.9864054,1.5838892,1.5838892,22,31,103,112,0.78333336,-0.35000002
84,2016-04-23 19:10:00+00:00,2.9412518,1.7933987,1.7933987,22,31,112,121,0.93333334,-0.35000002
84,2016-04-23 19:10:00+00:00,4.49202,4.0008807,4.0008807,31,40,40,49,-0.26328126,-0.11679687
84,2016-04-23 19:10:00+00:00,4.4046826,3.5316942,3.5316942,31,40,49,58,-0.11666667,-0.125
84,2016-04-23 19:10:00+00:00,1.2603251,2.6579213,2.6579213,31,40,85,94,0.48333335,-0.125
84,2016-04-23 19:10:00+00:00,1.3555481,1.8927842,1.8927842,31,40,94,103,0.6333333,-0.125
84,2016-04-23 19:10:00+00:00,1.5181938,1.5819001,1.5819001,31,40,103,112,0.78333336,-0.125
84,2016-04-23 19:10:00+00:00,1.5175091,1.7241846,1.7241846,31,40,112,121,0.93333334,-0.125
84,2016-04-23 19:10:00+00:00,4.23765,3.3792524,3.3792524,40,49,40,49,-0.26328123,0.10195313
84,2016-04-23 19:10:00+00:00,3.7973518,3.0737693,3.0737693,40,49,49,58,-0.11666667,0.099999994
84,2016-04-23 19:10:00+00:00,1.5871388,3.1878083,3.1878083,40,49,67,76,0.19166666,0.103125
84,2016-04-23 19:10:00+00:00,1.2275829,2.7754114,2.7754114,40,49,85,94,0.4869792,0.08984375
84,2016-04-23 19:10:00+00:00,1.7597508,2.0348163,2.0348163,40,49,94,103,0.6333333,0.099999994
84,2016-04-23 19:10:00+00:00,1.5700868,1.6033831,1.6033831,40,49,103,112,0.78333336,0.099999994
84,2016-04-23 19:10:00+00:00,1.6008475,1.7227881,1.7227881,40,49,112,121,0.93333334,0.099999994
84,2016-04-23 19:10:00+00:00,3.8498833,3.8841143,3.8841143,49,58,13,22,-0.71666664,0.325
84,2016-04-23 19:10:00+00:00,3.1190667,3.7107317,3.7107317,49,58,22,31,-0.56666666,0.325
84,2016-04-23 19:10:00+00:00,3.8873358,3.3379385,3.3379385,49,58,31,40,-0.4166667,0.325
84,2016-04-23 19:10:00+00:00,3.8926024,2.6875553,2.6875553,49,58,40,49,-0.26666665,0.325
84,2016-04-23 19:10:00+00:00,3.0521555,2.395831,2.395831,49,58,49,58,-0.11666667,0.325
84,2016-04-23 19:10:00+00:00,2.5958667,2.5465653,2.5465653,49,58,58,67,0.033333335,0.325
84,2016-04-23 19:10:00+00:00,2.1263518,2.8467138,2.8467138,49,58,67,76,0.18333334,0.325
84,2016-04-23 19:10:00+00:00,2.0526915,2.5163338,2.5163338,49,58,85,94,0.48463544,0.33242187
84,2016-04-23 19:10:00+00:00,1.9349324,2.0601223,2.0601223,49,58,94,103,0.6333333,0.325
84,2016-04-23 19:10:00+00:00,1.5589292,1.7596272,1.7596272,49,58,103,112,0.78333336,0.325
84,2016-04-23 19:10:00+00:00,1.8016766,1.7787405,1.7787405,49,58,112,121,0.93333334,0.325
84,2016-04-23 19:10:00+00:00,2.7960794,3.3376193,3.3376193,58,67,13,22,-0.7010205,0.51989794
84,2016-04-23 19:10:00+00:00,2.1897452,3.1222904,3.1222904,58,67,22,31,-0.5625,0.5433594
84,2016-04-23 19:10:00+00:00,3.7784188,2.830087,2.830087,58,67,31,40,-0.4166667,0.55
84,2016-04-23 19:10:00+00:00,4.1260915,2.3120937,2.3120937,58,67,40,49,-0.26666665,0.55
84,2016-04-23 19:10:00+00:00,3.2873719,2.071397,2.071397,58,67,49,58,-0.11666667,0.55
84,2016-04-23 19:10:00+00:00,2.7653449,2.2544446,2.2544446,58,67,58,67,0.033333335,0.55
84,2016-04-23 19:10:00+00:00,2.6432593,2.44688,2.44688,58,67,67,76,0.18333334,0.55
84,2016-04-23 19:10:00+00:00,2.612051,2.530181,2.530181,58,67,76,85,0.3333333,0.55
84,2016-04-23 19:10:00+00:00,2.6073866,2.234057,2.234057,58,67,85,94,0.48333335,0.55
84,2016-04-23 19:10:00+00:00,0.9094066,1.5504786,1.5504786,58,67,103,112,0.78333336,0.55
84,2016-04-23 19:10:00+00:00,1.7163512,1.6090211,1.6090211,58,67,112,121,0.93333334,0.55
84,2016-04-23 19:10:00+00:00,4.043315,3.0227141,3.0227141,67,76,31,40,-0.41640627,0.7691406
84,2016-04-23 19:10:00+00:00,3.4598427,2.433231,2.433231,67,76,40,49,-0.27161458,0.76093745
84,2016-04-23 19:10:00+00:00,3.057842,2.249189,2.249189,67,76,67,76,0.19551285,0.7447115
84,2016-04-23 19:10:00+00:00,3.1026251,2.5113854,2.5113854,67,76,76,85,0.33489585,0.765625
84,2016-04-23 19:10:00+00:00,0.27432603,1.4740114,1.4740114,67,76,103,112,0.78333336,0.775
84,2016-04-23 19:10:00+00:00,1.5973312,1.4841515,1.4841515,67,76,112,121,0.93333334,0.775
84,2016-04-23 19:10:00+00:00,1.2106516,1.4134724,1.4134724,76,81,112,121,0.93333334,0.95
85,2016-05-06 18:00:00+00:00,3.2063878,2.4036539,2.4036539,13,22,94,103,0.6333333,-0.575
85,2016-05-06 18:00:00+00:00,2.942948,2.3434317,2.3434317,13,22,103,112,0.78151035,-0.5703125
85,2016-05-06 18:00:00+00:00,2.4789855,2.7350595,2.7350595,22,31,85,94,0.48333335,-0.35000002
85,2016-05-06 18:00:00+00:00,2.2606697,2.355843,2.355843,22,31,94,103,0.6333333,-0.35000002
85,2016-05-06 18:00:00+00:00,2.2424905,2.24802,2.24802,22,31,103,112,0.78333336,-0.35000002
85,2016-05-06 18:00:00+00:00,2.192455,2.4436584,2.4436584,22,31,112,121,0.93333334,-0.35000002
85,2016-05-06 18:00:00+00:00,3.4474096,3.349512,3.349512,31,40,49,58,-0.11666667,-0.125
85,2016-05-06 18:00:00+00:00,3.6458278,3.416714,3.416714,31,40,58,67,0.025260417,-0.1265625
85,2016-05-06 18:00:00+00:00,3.0395966,3.3170953,3.3170953,31,40,67,76,0.18671876,-0.12773438
85,2016-05-06 18:00:00+00:00,2.1908054,2.5925324,2.5925324,31,40,85,94,0.48333335,-0.125
85,2016-05-06 18:00:00+00:00,2.090803,2.25036,2.25036,31,40,94,103,0.6333333,-0.125
85,2016-05-06 18:00:00+00:00,1.8638923,2.146998,2.146998,31,40,103,112,0.78333336,-0.125
85,2016-05-06 18:00:00+00:00,1.8118021,2.2957435,2.2957435,31,40,112,121,0.93333334,-0.125
85,2016-05-06 18:00:00+00:00,4.382323,3.9168408,3.9168408,40,49,22,31,-0.5700521,0.107812494
85,2016-05-06 18:00:00+00:00,3.581834,2.760621,2.760621,40,49,49,58,-0.11484375,0.09921875
85,2016-05-06 18:00:00+00:00,3.1540713,2.796556,2.796556,40,49,58,67,0.029166669,0.103515625
85,2016-05-06 18:00:00+00:00,2.6495798,2.8786862,2.8786862,40,49,67,76,0.18854168,0.103125
85,2016-05-06 18:00:00+00:00,2.146728,2.9285681,2.9285681,40,49,76,85,0.32578123,0.084374994
85,2016-05-06 18:00:00+00:00,2.4424095,2.5233245,2.5233245,40,49,85,94,0.48333335,0.099999994
85,2016-05-06 18:00:00+00:00,2.2047818,2.2252905,2.2252905,40,49,94,103,0.6333333,0.099999994
85,2016-05-06 18:00:00+00:00,2.301199,2.0385668,2.0385668,40,49,103,112,0.78333336,0.099999994
85,2016-05-06 18:00:00+00:00,2.25506,2.1628106,2.1628106,40,49,112,121,0.93333334,0.099999994
85,2016-05-06 18:00:00+00:00,3.7586577,3.3611066,3.3611066,49,58,13,22,-0.71666664,0.325
85,2016-05-06 18:00:00+00:00,2.8483014,3.1453369,3.1453369,49,58,22,31,-0.56666666,0.325
85,2016-05-06 18:00:00+00:00,2.3145177,2.8207424,2.8207424,49,58,31,40,-0.4166667,0.325
85,2016-05-06 18:00:00+00:00,2.899894,2.3343909,2.3343909,49,58,58,67,0.032552086,0.32539064
85,2016-05-06 18:00:00+00:00,2.6371891,2.5761263,2.5761263,49,58,67,76,0.18333334,0.325
85,2016-05-06 18:00:00+00:00,2.2420373,2.4113452,2.4113452,49,58,85,94,0.48645836,0.33046874
85,2016-05-06 18:00:00+00:00,2.24626,2.2880023,2.2880023,49,58,94,103,0.6333333,0.325
85,2016-05-06 18:00:00+00:00,2.1874034,2.1791782,2.1791782,49,58,103,112,0.78333336,0.325
85,2016-05-06 18:00:00+00:00,2.1988919,2.222724,2.222724,49,58,112,121,0.93333334,0.325
85,2016-05-06 18:00:00+00:00,1.1348414,2.8553598,2.8553598,58,67,22,31,-0.5625,0.5433594
85,2016-05-06 18:00:00+00:00,2.3080351,2.6216376,2.6216376,58,67,31,40,-0.41901043,0.5496094
85,2016-05-06 18:00:00+00:00,2.6498659,2.4093084,2.4093084,58,67,67,76,0.18333334,0.55
85,2016-05-06 18:00:00+00:00,2.492307,2.459839,2.459839,58,67,76,85,0.3333333,0.55
85,2016-05-06 18:00:00+00:00,2.463765,2.3426504,2.3426504,58,67,85,94,0.48333335,0.55
85,2016-05-06 18:00:00+00:00,2.260643,2.1529353,2.1529353,58,67,94,103,0.6333333,0.54062504
85,2016-05-06 18:00:00+00:00,2.1664038,2.095303,2.095303,58,67,103,112,0.78333336,0.55
85,2016-05-06 18:00:00+00:00,2.0765417,2.1611044,2.1611044,58,67,112,121,0.93333334,0.55
85,2016-05-06 18:00:00+00:00,2.328168,2.3845031,2.3845031,67,76,76,85,0.33072916,0.759375
85,2016-05-06 18:00:00+00:00,2.6423564,2.1173449,2.1173449,67,76,85,94,0.4740741,0.7412037
85,2016-05-06 18:00:00+00:00,2.0486364,2.056684,2.056684,67,76,103,112,0.78333336,0.775
85,2016-05-06 18:00:00+00:00,2.193392,2.0888934,2.0888934,67,76,112,121,0.93333334,0.775
85,2016-05-06 18:00:00+00:00,2.043131,1.9842297,1.9842297,76,81,103,112,0.7918803,0.9448718
85,2016-05-06 18:00:00+00:00,2.0834033,1.9954215,1.9954215,76,81,112,121,0.93333334,0.95
86,2016-05-18 19:00:00+00:00,2.3697999,2.3325047,2.3325047,13,22,94,103,0.6333333,-0.575
86,2016-05-18 19:00:00+00:00,2.0132122,2.240354,2.240354,13,22,103,112,0.78098965,-0.57109374
86,2016-05-18 19:00:00+00:00,3.2032025,2.7772124,2.7772124,22,31,85,94,0.48333335,-0.35000002
86,2016-05-18 19:00:00+00:00,2.2886634,2.2776098,2.2776098,22,31,94,103,0.6333333,-0.35000002
86,2016-05-18 19:00:00+00:00,2.1808236,2.1314044,2.1314044,22,31,103,112,0.78333336,-0.35000002
86,2016-05-18 19:00:00+00:00,2.099407,2.286507,2.286507,22,31,112,121,0.93333334,-0.35000002
86,2016-05-18 19:00:00+00:00,3.7021978,3.783639,3.783639,31,40,40,49,-0.2627604,-0.11796875
86,2016-05-18 19:00:00+00:00,3.960362,3.418032,3.418032,31,40,49,58,-0.11666667,-0.125
86,2016-05-18 19:00:00+00:00,2.7014256,2.703005,2.703005,31,40,85,94,0.48333335,-0.125
86,2016-05-18 19:00:00+00:00,2.3319747,2.2294965,2.2294965,31,40,94,103,0.6333333,-0.125
86,2016-05-18 19:00:00+00:00,2.180877,2.0773094,2.0773094,31,40,103,112,0.78333336,-0.125
86,2016-05-18 19:00:00+00:00,2.072849,2.175685,2.175685,31,40,112,121,0.93333334,-0.125
86,2016-05-18 19:00:00+00:00,4.3639145,4.180513,4.180513,40,49,13,22,-0.7125,0.11445312
86,2016-05-18 19:00:00+00:00,3.5121822,4.082719,4.082719,40,49,22,31,-0.56666666,0.099999994
86,2016-05-18 19:00:00+00:00,3.2455764,3.7888527,3.7888527,40,49,31,40,-0.4197917,0.0984375
86,2016-05-18 19:00:00+00:00,3.3356287,3.0926719,3.0926719,40,49,40,49,-0.26666665,0.099999994
86,2016-05-18 19:00:00+00:00,3.3447156,2.8134274,2.8134274,40,49,49,58,-0.11666667,0.099999994
86,2016-05-18 19:00:00+00:00,3.7551637,2.8917122,2.8917122,40,49,67,76,0.19218752,0.11054687
86,2016-05-18 19:00:00+00:00,2.4925385,2.6314015,2.6314015,40,49,85,94,0.48802084,0.0890625
86,2016-05-18 19:00:00+00:00,2.3437192,2.1991396,2.1991396,40,49,94,103,0.6333333,0.099999994
86,2016-05-18 19:00:00+00:00,2.1077669,1.9531807,1.9531807,40,49,103,112,0.78333336,0.099999994
86,2016-05-18 19:00:00+00:00,2.0531795,2.0270684,2.0270684,40,49,112,121,0.93333334,0.099999994
86,2016-05-18 19:00:00+00:00,3.6300232,3.5735443,3.5735443,49,58,4,13,-0.84444445,0.30490196
86,2016-05-18 19:00:00+00:00,2.729465,3.40619,3.40619,49,58,13,22,-0.71666664,0.325
86,2016-05-18 19:00:00+00:00,2.3057601,3.1399522,3.1399522,49,58,22,31,-0.56666666,0.325
86,2016-05-18 19:00:00+00:00,2.4163203,2.825083,2.825083,49,58,31,40,-0.4166667,0.325
86,2016-05-18 19:00:00+00:00,2.5006611,2.4404807,2.4404807,49,58,40,49,-0.26666665,0.325
86,2016-05-18 19:00:00+00:00,2.555924,2.2154198,2.2154198,49,58,49,58,-0.11666667,0.325
86,2016-05-18 19:00:00+00:00,2.9831836,2.3146844,2.3146844,49,58,58,67,0.033333335,0.325
86,2016-05-18 19:00:00+00:00,3.2000682,2.5929918,2.5929918,49,58,67,76,0.18333334,0.325
86,2016-05-18 19:00:00+00:00,2.3188558,2.4483426,2.4483426,49,58,85,94,0.4934896,0.3316406
86,2016-05-18 19:00:00+00:00,2.3340142,2.2041025,2.2041025,49,58,94,103,0.6333333,0.325
86,2016-05-18 19:00:00+00:00,2.094928,2.060188,2.060188,49,58,103,112,0.78333336,0.325
86,2016-05-18 19:00:00+00:00,1.9182439,2.0469015,2.0469015,49,58,112,121,0.93333334,0.325
86,2016-05-18 19:00:00+00:00,0.9217872,2.8062823,2.8062823,58,67,22,31,-0.56640625,0.5488281
86,2016-05-18 19:00:00+00:00,2.0637743,2.5505474,2.5505474,58,67,31,40,-0.4166667,0.55
86,2016-05-18 19:00:00+00:00,2.5613666,2.2517207,2.2517207,58,67,40,49,-0.26666665,0.55
86,2016-05-18 19:00:00+00:00,2.6076105,2.0635643,2.0635643,58,67,49,58,-0.11666667,0.55
86,2016-05-18 19:00:00+00:00,2.6577861,2.1802866,2.1802866,58,67,58,67,0.033333335,0.55
86,2016-05-18 19:00:00+00:00,2.9047592,2.3772497,2.3772497,58,67,67,76,0.18333334,0.55
86,2016-05-18 19:00:00+00:00,3.0987353,2.4695637,2.4695637,58,67,76,85,0.3333333,0.55
86,2016-05-18 19:00:00+00:00,2.6542368,2.3031356,2.3031356,58,67,85,94,0.48333335,0.55
86,2016-05-18 19:00:00+00:00,1.7739238,1.9456851,1.9456851,58,67,103,112,0.78333336,0.55
86,2016-05-18 19:00:00+00:00,1.6551391,1.9671507,1.9671507,58,67,112,121,0.93333334,0.55
86,2016-05-18 19:00:00+00:00,0.8453995,2.7705364,2.7705364,67,76,31,40,-0.41640627,0.76953125
86,2016-05-18 19:00:00+00:00,0.21396843,1.9179391,1.9179391,67,76,103,112,0.78333336,0.775
86,2016-05-18 19:00:00+00:00,0.93323207,1.8986773,1.8986773,67,76,112,121,0.93333334,0.775
86,2016-05-18 19:00:00+00:00,2.7755576e-17,1.8403629,1.8403629,76,81,112,121,0.93333334,0.95
87,2016-05-23 17:40:00+00:00,2.884672,2.1902242,2.1902242,13,22,85,94,0.4921875,-0.56210935
87,2016-05-23 17:40:00+00:00,2.6162052,1.9590565,1.9590565,13,22,94,103,0.6302083,-0.5695312
87,2016-05-23 17:40:00+00:00,2.2224886,2.2443728,2.2443728,22,31,85,94,0.48333335,-0.35000002
87,2016-05-23 17:40:00+00:00,2.0740912,1.9338946,1.9338946,22,31,94,103,0.6333333,-0.35000002
87,2016-05-23 17:40:00+00:00,1.9405174,1.8756678,1.8756678,22,31,103,112,0.78333336,-0.35000002
87,2016-05-23 17:40:00+00:00,1.8792232,1.9988267,1.9988267,22,31,112,121,0.93333334,-0.35000002
87,2016-05-23 17:40:00+00:00,2.2990494,2.8321462,2.8321462,31,40,40,49,-0.25859374,-0.11328125
87,2016-05-23 17:40:00+00:00,2.574172,2.493404,2.493404,31,40,49,58,-0.11666667,-0.125
87,2016-05-23 17:40:00+00:00,2.0148282,2.1479497,2.1479497,31,40,85,94,0.48333335,-0.125
87,2016-05-23 17:40:00+00:00,1.932139,1.8755064,1.8755064,31,40,94,103,0.6333333,-0.125
87,2016-05-23 17:40:00+00:00,1.8410779,1.8172107,1.8172107,31,40,103,112,0.78333336,-0.125
87,2016-05-23 17:40:00+00:00,1.7625988,1.8957205,1.8957205,31,40,112,121,0.93333334,-0.125
87,2016-05-23 17:40:00+00:00,3.3384538,3.0542984,3.0542984,40,49,13,22,-0.71197915,0.103906244
87,2016-05-23 17:40:00+00:00,2.4924731,2.9713,2.9713,40,49,22,31,-0.56666666,0.099999994
87,2016-05-23 17:40:00+00:00,2.2466538,2.7199128,2.7199128,40,49,31,40,-0.4166667,0.099999994
87,2016-05-23 17:40:00+00:00,2.1028996,2.2860062,2.2860062,40,49,40,49,-0.26666665,0.099999994
87,2016-05-23 17:40:00+00:00,2.0715837,2.0631049,2.0631049,40,49,49,58,-0.11666667,0.099999994
87,2016-05-23 17:40:00+00:00,2.0673335,2.142963,2.142963,40,49,58,67,0.031510416,0.10859375
87,2016-05-23 17:40:00+00:00,2.004698,2.0779006,2.0779006,40,49,85,94,0.4820313,0.103906244
87,2016-05-23 17:40:00+00:00,1.9191428,1.862509,1.862509,40,49,94,103,0.6333333,0.099999994
87,2016-05-23 17:40:00+00:00,1.8154078,1.7340746,1.7340746,40,49,103,112,0.78333336,0.099999994
87,2016-05-23 17:40:00+00:00,1.7311368,1.7893546,1.7893546,40,49,112,121,0.93333334,0.099999994
87,2016-05-23 17:40:00+00:00,2.383755,2.629082,2.629082,49,58,13,22,-0.71666664,0.325
87,2016-05-23 17:40:00+00:00,2.2783515,2.3883576,2.3883576,49,58,22,31,-0.56666666,0.325
87,2016-05-23 17:40:00+00:00,2.078094,2.1391401,2.1391401,49,58,31,40,-0.4166667,0.325
87,2016-05-23 17:40:00+00:00,2.0730395,1.9297278,1.9297278,49,58,40,49,-0.26666665,0.325
87,2016-05-23 17:40:00+00:00,2.0536313,1.7576809,1.7576809,49,58,49,58,-0.11666667,0.325
87,2016-05-23 17:40:00+00:00,2.0911517,1.8256538,1.8256538,49,58,58,67,0.033333335,0.325
87,2016-05-23 17:40:00+00:00,2.009598,2.0505123,2.0505123,49,58,67,76,0.18151042,0.32890624
87,2016-05-23 17:40:00+00:00,2.0664852,2.0907855,2.0907855,49,58,85,94,0.49296874,0.33359373
87,2016-05-23 17:40:00+00:00,1.8861039,1.9210982,1.9210982,49,58,94,103,0.6333333,0.325
87,2016-05-23 17:40:00+00:00,1.7029892,1.8507181,1.8507181,49,58,103,112,0.78333336,0.325
87,2016-05-23 17:40:00+00:00,1.6850303,1.8391489,1.8391489,49,58,112,121,0.93333334,0.325
87,2016-05-23 17:40:00+00:00,2.1544428,2.0216298,2.0216298,58,67,31,40,-0.4166667,0.55
87,2016-05-23 17:40:00+00:00,2.2042482,1.860705,1.860705,58,67,40,49,-0.26666665,0.55
87,2016-05-23 17:40:00+00:00,2.3087473,1.7156228,1.7156228,58,67,49,58,-0.11666667,0.55
87,2016-05-23 17:40:00+00:00,2.2080367,1.785672,1.785672,58,67,58,67,0.032552086,0.5433594
87,2016-05-23 17:40:00+00:00,2.1571672,1.9539247,1.9539247,58,67,67,76,0.18463543,0.5445312
87,2016-05-23 17:40:00+00:00,2.1689875,2.0369966,2.0369966,58,67,76,85,0.3333333,0.55
87,2016-05-23 17:40:00+00:00,2.0604749,1.9921876,1.9921876,58,67,85,94,0.4796875,0.5496094
87,2016-05-23 17:40:00+00:00,1.6297556,1.7975644,1.7975644,58,67,103,112,0.78333336,0.55
87,2016-05-23 17:40:00+00:00,1.627342,1.812408,1.812408,58,67,112,121,0.93333334,0.55
87,2016-05-23 17:40:00+00:00,2.2546678,1.7080498,1.7080498,67,76,58,67,0.033333335,0.7125
87,2016-05-23 17:40:00+00:00,1.96433,1.9194316,1.9194316,67,76,67,76,0.19121212,0.7495455
87,2016-05-23 17:40:00+00:00,1.5478435,1.7558305,1.7558305,67,76,103,112,0.78515625,0.7714844
87,2016-05-23 17:40:00+00:00,1.5518959,1.7400259,1.7400259,67,76,112,121,0.93333334,0.775
87,2016-05-23 17:40:00+00:00,1.6408185,1.6761398,1.6761398,76,81,112,121,0.93333334,0.95
88,2016-06-12 18:55:00+00:00,2.3703487,2.1864567,2.1864567,13,22,94,103,0.6333333,-0.575
88,2016-06-12 18:55:00+00:00,2.580524,2.1460364,2.1460364,13,22,103,112,0.78307295,-0.5738281
88,2016-06-12 18:55:00+00:00,2.5035508,2.4952288,2.4952288,22,31,85,94,0.48307294,-0.3480469
88,2016-06-12 18:55:00+00:00,2.0089524,2.1829329,2.1829329,22,31,94,103,0.6377604,-0.34570312
88,2016-06-12 18:55:00+00:00,1.9954414,2.0867865,2.0867865,22,31,103,112,0.78333336,-0.35000002
88,2016-06-12 18:55:00+00:00,2.1108737,2.227649,2.227649,22,31,112,121,0.93333334,-0.35000002
88,2016-06-12 18:55:00+00:00,2.86529,3.0576348,3.0576348,31,40,40,49,-0.26510417,-0.12109375
88,2016-06-12 18:55:00+00:00,2.4115357,2.7843223,2.7843223,31,40,49,58,-0.11666667,-0.125
88,2016-06-12 18:55:00+00:00,2.7219052,2.7876546,2.7876546,31,40,58,67,0.028645834,-0.125
88,2016-06-12 18:55:00+00:00,2.9313583,2.8558881,2.8558881,31,40,67,76,0.18723959,-0.12851563
88,2016-06-12 18:55:00+00:00,2.266579,2.389898,2.389898,31,40,85,94,0.48333335,-0.125
88,2016-06-12 18:55:00+00:00,2.0533934,2.0934565,2.0934565,31,40,94,103,0.6333333,-0.125
88,2016-06-12 18:55:00+00:00,1.966431,1.99702,1.99702,31,40,103,112,0.78333336,-0.125
88,2016-06-12 18:55:00+00:00,1.9124488,2.093653,2.093653,31,40,112,121,0.93333334,-0.125
88,2016-06-12 18:55:00+00:00,3.6550703,3.1035721,3.1035721,40,49,13,22,-0.71406245,0.111718744
88,2016-06-12 18:55:00+00:00,2.6116989,3.2337384,3.2337384,40,49,22,31,-0.56666666,0.099999994
88,2016-06-12 18:55:00+00:00,2.3350618,2.9719098,2.9719098,40,49,31,40,-0.4166667,0.099999994
88,2016-06-12 18:55:00+00:00,2.2107153,2.4694557,2.4694557,40,49,40,49,-0.26666665,0.099999994
88,2016-06-12 18:55:00+00:00,2.091941,2.2639406,2.2639406,40,49,49,58,-0.11666667,0.099999994
88,2016-06-12 18:55:00+00:00,2.2196743,2.2923882,2.2923882,40,49,58,67,0.032031253,0.10039063
88,2016-06-12 18:55:00+00:00,2.4542482,2.457908,2.457908,40,49,67,76,0.18776041,0.1046875
88,2016-06-12 18:55:00+00:00,2.1825893,2.3028738,2.3028738,40,49,85,94,0.4903646,0.09296875
88,2016-06-12 18:55:00+00:00,1.9942436,2.0344887,2.0344887,40,49,94,103,0.6333333,0.099999994
88,2016-06-12 18:55:00+00:00,1.8673761,1.8710519,1.8710519,40,49,103,112,0.78333336,0.099999994
88,2016-06-12 18:55:00+00:00,1.8322136,1.9437008,1.9437008,40,49,112,121,0.93333334,0.099999994
88,2016-06-12 18:55:00+00:00,3.0429287,2.7473562,2.7473562,49,58,13,22,-0.71666664,0.325
88,2016-06-12 18:55:00+00:00,2.525246,2.5462627,2.5462627,49,58,22,31,-0.56666666,0.325
88,2016-06-12 18:55:00+00:00,2.3976362,2.282102,2.282102,49,58,31,40,-0.4166667,0.325
88,2016-06-12 18:55:00+00:00,2.2326434,2.032,2.032,49,58,40,49,-0.26666665,0.325
88,2016-06-12 18:55:00+00:00,2.1171257,1.8690237,1.8690237,49,58,49,58,-0.11666667,0.325
88,2016-06-12 18:55:00+00:00,2.051877,1.9241892,1.9241892,49,58,58,67,0.033333335,0.325
88,2016-06-12 18:55:00+00:00,2.0627391,2.1537251,2.1537251,49,58,67,76,0.18333334,0.325
88,2016-06-12 18:55:00+00:00,2.2546823,2.206723,2.206723,49,58,85,94,0.4903646,0.33203125
88,2016-06-12 18:55:00+00:00,2.0809956,2.0378227,2.0378227,49,58,94,103,0.6333333,0.325
88,2016-06-12 18:55:00+00:00,1.9244454,1.9482812,1.9482812,49,58,103,112,0.78333336,0.325
88,2016-06-12 18:55:00+00:00,1.8241512,1.9494443,1.9494443,49,58,112,121,0.93333334,0.325
88,2016-06-12 18:55:00+00:00,2.7290168,2.3554857,2.3554857,58,67,22,31,-0.5598959,0.5425781
88,2016-06-12 18:55:00+00:00,2.3632007,2.1757038,2.1757038,58,67,31,40,-0.4166667,0.55
88,2016-06-12 18:55:00+00:00,2.0291119,1.9753351,1.9753351,58,67,40,49,-0.26666665,0.55
88,2016-06-12 18:55:00+00:00,2.1179688,1.8367163,1.8367163,58,67,49,58,-0.11666667,0.55
88,2016-06-12 18:55:00+00:00,2.1255546,1.9033439,1.9033439,58,67,58,67,0.033333335,0.55
88,2016-06-12 18:55:00+00:00,2.0806046,2.078195,2.078195,58,67,67,76,0.18333334,0.55
88,2016-06-12 18:55:00+00:00,2.1444676,2.1696703,2.1696703,58,67,76,85,0.3333333,0.55
88,2016-06-12 18:55:00+00:00,2.211263,2.1281705,2.1281705,58,67,85,94,0.48333335,0.55
88,2016-06-12 18:55:00+00:00,2.2324688,1.9511933,1.9511933,58,67,94,103,0.6328125,0.53828126
88,2016-06-12 18:55:00+00:00,1.9010836,1.9162822,1.9162822,58,67,103,112,0.78333336,0.55
88,2016-06-12 18:55:00+00:00,1.7773231,1.9444963,1.9444963,58,67,112,121,0.93333334,0.55
88,2016-06-12 18:55:00+00:00,2.575163,2.310573,2.310573,67,76,31,40,-0.41614586,0.7710937
88,2016-06-12 18:55:00+00:00,2.43047,1.9179739,1.9179739,67,76,85,94,0.47320262,0.73774517
88,2016-06-12 18:55:00+00:00,1.9472877,1.8808312,1.8808312,67,76,103,112,0.78333336,0.775
88,2016-06-12 18:55:00+00:00,1.7712106,1.8773727,1.8773727,67,76,112,121,0.93333334,0.775
88,2016-06-12 18:55:00+00:00,1.853233,1.804149,1.804149,76,81,112,121,0.93333334,0.95
89,2016-06-17 19:15:00+00:00,2.9680042,2.2834208,2.2834208,13,22,85,94,0.49166667,-0.55859375
89,2016-06-17 19:15:00+00:00,2.5099192,2.0535014,2.0535014,13,22,94,103,0.6333333,-0.575
89,2016-06-17 19:15:00+00:00,2.3775914,2.0076299,2.0076299,13,22,103,112,0.7828125,-0.5726563
89,2016-06-17 19:15:00+00:00,2.2097542,2.44514,2.44514,22,31,85,94,0.48333335,-0.35000002
89,2016-06-17 19:15:00+00:00,2.0227194,2.107379,2.107379,22,31,94,103,0.6333333,-0.35000002
89,2016-06-17 19:15:00+00:00,1.9654071,1.998683,1.998683,22,31,103,112,0.78333336,-0.35000002
89,2016-06-17 19:15:00+00:00,1.9349836,2.181373,2.181373,22,31,112,121,0.93333334,-0.35000002
89,2016-06-17 19:15:00+00:00,3.0080929,3.1044397,3.1044397,31,40,40,49,-0.2643229,-0.12148437
89,2016-06-17 19:15:00+00:00,2.6204772,2.7874694,2.7874694,31,40,49,58,-0.11666667,-0.125
89,2016-06-17 19:15:00+00:00,2.749085,2.8994286,2.8994286,31,40,58,67,0.024739584,-0.12265625
89,2016-06-17 19:15:00+00:00,2.548648,2.8486114,2.8486114,31,40,67,76,0.1875,-0.12773438
89,2016-06-17 19:15:00+00:00,2.2891223,2.6090152,2.6090152,31,40,76,85,0.33697915,-0.115234375
89,2016-06-17 19:15:00+00:00,1.9506181,2.2196457,2.2196457,31,40,85,94,0.48333335,-0.125
89,2016-06-17 19:15:00+00:00,1.8375,1.9269335,1.9269335,31,40,94,103,0.6333333,-0.125
89,2016-06-17 19:15:00+00:00,1.7968029,1.8425868,1.8425868,31,40,103,112,0.78333336,-0.125
89,2016-06-17 19:15:00+00:00,1.7774142,1.9773233,1.9773233,31,40,112,121,0.93333334,-0.125
89,2016-06-17 19:15:00+00:00,3.309538,3.105331,3.105331,40,49,22,31,-0.56354165,0.10195313
89,2016-06-17 19:15:00+00:00,2.7799287,2.8903189,2.8903189,40,49,31,40,-0.4166667,0.099999994
89,2016-06-17 19:15:00+00:00,2.2643275,2.4034913,2.4034913,40,49,40,49,-0.26666665,0.099999994
89,2016-06-17 19:15:00+00:00,2.1739447,2.1776125,2.1776125,40,49,49,58,-0.11666667,0.099999994
89,2016-06-17 19:15:00+00:00,2.2053778,2.238965,2.238965,40,49,58,67,0.033854168,0.10117187
89,2016-06-17 19:15:00+00:00,2.121668,2.3489392,2.3489392,40,49,67,76,0.1861979,0.1015625
89,2016-06-17 19:15:00+00:00,1.8707432,2.0139003,2.0139003,40,49,85,94,0.49036458,0.09414062
89,2016-06-17 19:15:00+00:00,1.8006365,1.7828603,1.7828603,40,49,94,103,0.6333333,0.099999994
89,2016-06-17 19:15:00+00:00,1.703537,1.6527591,1.6527591,40,49,103,112,0.78333336,0.099999994
89,2016-06-17 19:15:00+00:00,1.7017452,1.7582434,1.7582434,40,49,112,121,0.93333334,0.099999994
89,2016-06-17 19:15:00+00:00,2.5831823,2.6145446,2.6145446,49,58,13,22,-0.7153646,0.3234375
89,2016-06-17 19:15:00+00:00,2.1811452,2.4031928,2.4031928,49,58,22,31,-0.56666666,0.325
89,2016-06-17 19:15:00+00:00,2.0954523,2.1791575,2.1791575,49,58,31,40,-0.4166667,0.325
89,2016-06-17 19:15:00+00:00,1.9898164,1.9532145,1.9532145,49,58,40,49,-0.26666665,0.325
89,2016-06-17 19:15:00+00:00,1.9857368,1.7918754,1.7918754,49,58,49,58,-0.11666667,0.325
89,2016-06-17 19:15:00+00:00,2.006682,1.856108,1.856108,49,58,58,67,0.033333335,0.325
89,2016-06-17 19:15:00+00:00,1.9631556,2.024118,2.024118,49,58,67,76,0.18333334,0.325
89,2016-06-17 19:15:00+00:00,2.006666,1.8783619,1.8783619,49,58,85,94,0.48776042,0.33164063
89,2016-06-17 19:15:00+00:00,1.8363997,1.7626488,1.7626488,49,58,94,103,0.6333333,0.325
89,2016-06-17 19:15:00+00:00,1.7065611,1.7047961,1.7047961,49,58,103,112,0.78333336,0.325
89,2016-06-17 19:15:00+00:00,1.6251664,1.7422642,1.7422642,49,58,112,121,0.93333334,0.325
89,2016-06-17 19:15:00+00:00,2.28937,2.2585592,2.2585592,58,67,22,31,-0.5604167,0.540625
89,2016-06-17 19:15:00+00:00,1.963832,2.108932,2.108932,58,67,31,40,-0.4166667,0.55
89,2016-06-17 19:15:00+00:00,1.8086201,1.9218402,1.9218402,58,67,40,49,-0.26666665,0.55
89,2016-06-17 19:15:00+00:00,1.7998161,1.7962681,1.7962681,58,67,49,58,-0.118229166,0.5449219
89,2016-06-17 19:15:00+00:00,1.8870425,1.8736459,1.8736459,58,67,58,67,0.033854168,0.5476563
89,2016-06-17 19:15:00+00:00,1.8543742,1.9944407,1.9944407,58,67,67,76,0.18333334,0.55
89,2016-06-17 19:15:00+00:00,1.8410705,1.9785216,1.9785216,58,67,76,85,0.3333333,0.55
89,2016-06-17 19:15:00+00:00,1.908605,1.9014312,1.9014312,58,67,85,94,0.48333335,0.55
89,2016-06-17 19:15:00+00:00,1.8615936,1.7554725,1.7554725,58,67,94,103,0.6341146,0.5421875
89,2016-06-17 19:15:00+00:00,1.6450049,1.7182075,1.7182075,58,67,103,112,0.78333336,0.55
89,2016-06-17 19:15:00+00:00,1.5887375,1.7772725,1.7772725,58,67,112,121,0.93333334,0.55
89,2016-06-17 19:15:00+00:00,2.4671228,2.2962222,2.2962222,67,76,31,40,-0.42083335,0.76953125
89,2016-06-17 19:15:00+00:00,1.8109134,1.7003018,1.7003018,67,76,103,112,0.78333336,0.775
89,2016-06-17 19:15:00+00:00,1.5598086,1.7302895,1.7302895,67,76,112,121,0.93333334,0.775
89,2016-06-17 19:15:00+00:00,1.6276658,1.5871564,1.5871564,76,81,112,121,0.93484855,0.94943184
90,2016-06-19 19:00:00+00:00,1.7783697,1.5876607,1.5876607,13,22,94,103,0.6348958,-0.5726563
90,2016-06-19 19:00:00+00:00,1.759152,1.5974724,1.5974724,13,22,103,112,0.7833333,-0.57109374
90,2016-06-19 19:00:00+00:00,1.5309063,1.6632987,1.6632987,22,31,94,103,0.6333333,-0.35000002
90,2016-06-19 19:00:00+00:00,1.6058315,1.6224904,1.6224904,22,31,103,112,0.78333336,-0.35000002
90,2016-06-19 19:00:00+00:00,1.5283594,1.7468015,1.7468015,22,31,112,121,0.92890626,-0.3386719
90,2016-06-19 19:00:00+00:00,1.9386101,2.1331534,2.1331534,31,40,58,67,0.025781251,-0.12734374
90,2016-06-19 19:00:00+00:00,1.5840523,1.6988671,1.6988671,31,40,85,94,0.48333335,-0.125
90,2016-06-19 19:00:00+00:00,1.4921012,1.4944398,1.4944398,31,40,94,103,0.6333333,-0.125
90,2016-06-19 19:00:00+00:00,1.4939438,1.4836333,1.4836333,31,40,103,112,0.78333336,-0.125
90,2016-06-19 19:00:00+00:00,1.4733223,1.6016023,1.6016023,31,40,112,121,0.93333334,-0.125
90,2016-06-19 19:00:00+00:00,1.682781,1.7539662,1.7539662,40,49,58,67,0.032552086,0.10078125
90,2016-06-19 19:00:00+00:00,1.8009194,1.833672,1.833672,40,49,67,76,0.1875,0.10585937
90,2016-06-19 19:00:00+00:00,1.647283,1.6129707,1.6129707,40,49,85,94,0.48802084,0.090625
90,2016-06-19 19:00:00+00:00,1.4720105,1.4341031,1.4341031,40,49,94,103,0.6333333,0.099999994
90,2016-06-19 19:00:00+00:00,1.4258386,1.3871964,1.3871964,40,49,103,112,0.78333336,0.099999994
90,2016-06-19 19:00:00+00:00,1.3985792,1.4768642,1.4768642,40,49,112,121,0.93333334,0.099999994
90,2016-06-19 19:00:00+00:00,2.2310135,2.1562095,2.1562095,49,58,13,22,-0.71666664,0.325
90,2016-06-19 19:00:00+00:00,1.8489957,1.9697027,1.9697027,49,58,22,31,-0.56666666,0.325
90,2016-06-19 19:00:00+00:00,1.7017585,1.7885696,1.7885696,49,58,31,40,-0.4166667,0.325
90,2016-06-19 19:00:00+00:00,1.6541352,1.6684209,1.6684209,49,58,40,49,-0.26666665,0.325
90,2016-06-19 19:00:00+00:00,1.6517497,1.5310211,1.5310211,49,58,49,58,-0.11666667,0.325
90,2016-06-19 19:00:00+00:00,1.6552387,1.5748397,1.5748397,49,58,58,67,0.033333335,0.325
90,2016-06-19 19:00:00+00:00,1.6815615,1.7112337,1.7112337,49,58,67,76,0.18333334,0.325
90,2016-06-19 19:00:00+00:00,1.5561306,1.4917766,1.4917766,49,58,94,103,0.6333333,0.325
90,2016-06-19 19:00:00+00:00,1.4443662,1.4861805,1.4861805,49,58,103,112,0.78333336,0.325
90,2016-06-19 19:00:00+00:00,1.3882802,1.518859,1.518859,49,58,112,121,0.93333334,0.325
90,2016-06-19 19:00:00+00:00,2.0932274,1.911118,1.911118,58,67,22,31,-0.5598958,0.5417969
90,2016-06-19 19:00:00+00:00,1.8156943,1.7875216,1.7875216,58,67,31,40,-0.4166667,0.55
90,2016-06-19 19:00:00+00:00,1.7389538,1.6822853,1.6822853,58,67,40,49,-0.26666665,0.55
90,2016-06-19 19:00:00+00:00,1.7537223,1.5662019,1.5662019,58,67,49,58,-0.11666667,0.55
90,2016-06-19 19:00:00+00:00,1.7056184,1.6319337,1.6319337,58,67,58,67,0.033333335,0.55
90,2016-06-19 19:00:00+00:00,1.6718982,1.7311625,1.7311625,58,67,67,76,0.18333334,0.55
90,2016-06-19 19:00:00+00:00,1.6320752,1.6944526,1.6944526,58,67,76,85,0.3333333,0.55
90,2016-06-19 19:00:00+00:00,1.5710713,1.6502337,1.6502337,58,67,85,94,0.48333335,0.55
90,2016-06-19 19:00:00+00:00,1.6055412,1.5088025,1.5088025,58,67,94,103,0.6333333,0.5410156
90,2016-06-19 19:00:00+00:00,1.3884724,1.5234312,1.5234312,58,67,103,112,0.78333336,0.55
90,2016-06-19 19:00:00+00:00,1.3519161,1.5770811,1.5770811,58,67,112,121,0.93333334,0.55
90,2016-06-19 19:00:00+00:00,2.0632079,1.8287803,1.8287803,67,76,31,40,-0.4166667,0.7714844
90,2016-06-19 19:00:00+00:00,1.4096322,1.451017,1.451017,67,76,103,112,0.7838542,0.7726562
90,2016-06-19 19:00:00+00:00,1.3755677,1.4776096,1.4776096,67,76,112,121,0.93333334,0.775
90,2016-06-19 19:00:00+00:00,1.3650808,1.3338871,1.3338871,76,81,112,121,0.93333334,0.95
91,2016-06-21 18:50:00+00:00,2.2936127,2.0737476,2.0737476,13,22,94,103,0.6333333,-0.575
91,2016-06-21 18:50:00+00:00,2.3642533,2.1086698,2.1086698,13,22,103,112,0.78307295,-0.5738281
91,2016-06-21 18:50:00+00:00,2.1159532,2.2833717,2.2833717,22,31,85,94,0.48333335,-0.35000002
91,2016-06-21 18:50:00+00:00,1.9988482,2.1012,2.1012,22,31,94,103,0.6333333,-0.35000002
91,2016-06-21 18:50:00+00:00,2.0590217,2.0810022,2.0810022,22,31,103,112,0.78333336,-0.35000002
91,2016-06-21 18:50:00+00:00,2.0736659,2.2171826,2.2171826,22,31,112,121,0.93333334,-0.35000002
91,2016-06-21 18:50:00+00:00,2.582175,2.588791,2.588791,31,40,40,49,-0.26354167,-0.123046875
91,2016-06-21 18:50:00+00:00,2.3394728,2.3677561,2.3677561,31,40,49,58,-0.11666667,-0.125
91,2016-06-21 18:50:00+00:00,2.4048529,2.3916833,2.3916833,31,40,58,67,0.028125,-0.12656249
91,2016-06-21 18:50:00+00:00,2.5122025,2.3900506,2.3900506,31,40,67,76,0.19322917,-0.13125
91,2016-06-21 18:50:00+00:00,2.021718,2.0954683,2.0954683,31,40,85,94,0.48333335,-0.125
91,2016-06-21 18:50:00+00:00,1.8819188,1.9621949,1.9621949,31,40,94,103,0.6333333,-0.125
91,2016-06-21 18:50:00+00:00,1.8949733,1.9555086,1.9555086,31,40,103,112,0.78333336,-0.125
91,2016-06-21 18:50:00+00:00,1.9442587,2.0530865,2.0530865,31,40,112,121,0.93333334,-0.125
91,2016-06-21 18:50:00+00:00,1.9229361,2.361803,2.361803,40,49,31,40,-0.4166667,0.099999994
91,2016-06-21 18:50:00+00:00,1.9541531,2.0908377,2.0908377,40,49,40,49,-0.26666665,0.099999994
91,2016-06-21 18:50:00+00:00,1.9906096,1.9264983,1.9264983,40,49,49,58,-0.11666667,0.099999994
91,2016-06-21 18:50:00+00:00,2.040753,1.9448242,1.9448242,40,49,58,67,0.032552086,0.10078125
91,2016-06-21 18:50:00+00:00,2.0381343,2.0333884,2.0333884,40,49,67,76,0.19010417,0.10859375
91,2016-06-21 18:50:00+00:00,2.3340757,1.969156,1.969156,40,49,85,94,0.4888021,0.091796875
91,2016-06-21 18:50:00+00:00,1.9123033,1.8701156,1.8701156,40,49,94,103,0.6333333,0.099999994
91,2016-06-21 18:50:00+00:00,1.8714817,1.8166914,1.8166914,40,49,103,112,0.78333336,0.099999994
91,2016-06-21 18:50:00+00:00,1.8429661,1.8899442,1.8899442,40,49,112,121,0.93333334,0.099999994
91,2016-06-21 18:50:00+00:00,1.7053373,1.9364452,1.9364452,49,58,31,40,-0.4166667,0.32382813
91,2016-06-21 18:50:00+00:00,1.779725,1.8122283,1.8122283,49,58,40,49,-0.26666665,0.325
91,2016-06-21 18:50:00+00:00,1.850663,1.6829653,1.6829653,49,58,49,58,-0.11666667,0.325
91,2016-06-21 18:50:00+00:00,1.9199667,1.7194594,1.7194594,49,58,58,67,0.033333335,0.325
91,2016-06-21 18:50:00+00:00,1.9687059,1.896318,1.896318,49,58,67,76,0.18333334,0.325
91,2016-06-21 18:50:00+00:00,2.366583,1.9446676,1.9446676,49,58,85,94,0.4903646,0.33203125
91,2016-06-21 18:50:00+00:00,1.9668707,1.89203,1.89203,49,58,94,103,0.6333333,0.325
91,2016-06-21 18:50:00+00:00,1.9363866,1.8889669,1.8889669,49,58,103,112,0.78333336,0.325
91,2016-06-21 18:50:00+00:00,1.7916358,1.9026195,1.9026195,49,58,112,121,0.93333334,0.325
91,2016-06-21 18:50:00+00:00,1.8131036,1.9181194,1.9181194,58,67,31,40,-0.41041666,0.54726565
91,2016-06-21 18:50:00+00:00,1.8462679,1.8325367,1.8325367,58,67,40,49,-0.26666665,0.55
91,2016-06-21 18:50:00+00:00,1.7983817,1.7196797,1.7196797,58,67,49,58,-0.11666667,0.55
91,2016-06-21 18:50:00+00:00,1.8279158,1.7647887,1.7647887,58,67,58,67,0.033333335,0.55
91,2016-06-21 18:50:00+00:00,1.8877102,1.9121721,1.9121721,58,67,67,76,0.18333334,0.55
91,2016-06-21 18:50:00+00:00,1.9851937,1.9521234,1.9521234,58,67,76,85,0.3333333,0.55
91,2016-06-21 18:50:00+00:00,1.918207,1.964202,1.964202,58,67,85,94,0.48333335,0.55
91,2016-06-21 18:50:00+00:00,2.0118332,1.8900778,1.8900778,58,67,94,103,0.6315104,0.5402344
91,2016-06-21 18:50:00+00:00,1.9133148,1.919263,1.919263,58,67,103,112,0.78333336,0.55
91,2016-06-21 18:50:00+00:00,1.7281517,1.9534675,1.9534675,58,67,112,121,0.93333334,0.55
91,2016-06-21 18:50:00+00:00,2.0804656,1.8009974,1.8009974,67,76,85,94,0.47371796,0.7389424
91,2016-06-21 18:50:00+00:00,1.8523093,1.8941286,1.8941286,67,76,103,112,0.78333336,0.775
91,2016-06-21 18:50:00+00:00,1.7412028,1.902404,1.902404,67,76,112,121,0.93333334,0.775
91,2016-06-21 18:50:00+00:00,1.7890058,1.8013953,1.8013953,76,81,112,121,0.93333334,0.95
92,2016-06-24 17:40:00+00:00,2.130402,1.7817224,1.7817224,13,22,94,103,0.6359375,-0.57109374
92,2016-06-24 17:40:00+00:00,1.960588,1.8023577,1.8023577,13,22,103,112,0.7833333,-0.57421875
92,2016-06-24 17:40:00+00:00,1.9231898,1.8529032,1.8529032,13,22,112,121,0.93151045,-0.5605469
92,2016-06-24 17:40:00+00:00,1.7965243,2.0970986,2.0970986,22,31,85,94,0.48333335,-0.35000002
92,2016-06-24 17:40:00+00:00,1.6842797,1.8450022,1.8450022,22,31,94,103,0.6333333,-0.35000002
92,2016-06-24 17:40:00+00:00,1.6882299,1.8106551,1.8106551,22,31,103,112,0.78333336,-0.35000002
92,2016-06-24 17:40:00+00:00,1.6950343,1.9249736,1.9249736,22,31,112,121,0.93333334,-0.35000002
92,2016-06-24 17:40:00+00:00,2.364128,2.4102602,2.4102602,31,40,40,49,-0.26510417,-0.12109375
92,2016-06-24 17:40:00+00:00,2.0810313,2.143541,2.143541,31,40,49,58,-0.11666667,-0.125
92,2016-06-24 17:40:00+00:00,2.1538813,2.2581694,2.2581694,31,40,58,67,0.027083334,-0.12578124
92,2016-06-24 17:40:00+00:00,2.1001737,2.2756426,2.2756426,31,40,67,76,0.18307292,-0.12539062
92,2016-06-24 17:40:00+00:00,1.8825017,2.1371515,2.1371515,31,40,76,85,0.334375,-0.115234375
92,2016-06-24 17:40:00+00:00,1.7156838,1.9237297,1.9237297,31,40,85,94,0.48333335,-0.125
92,2016-06-24 17:40:00+00:00,1.6217719,1.716111,1.716111,31,40,94,103,0.6333333,-0.125
92,2016-06-24 17:40:00+00:00,1.5897095,1.7015414,1.7015414,31,40,103,112,0.78333336,-0.125
92,2016-06-24 17:40:00+00:00,1.6032522,1.7751474,1.7751474,31,40,112,121,0.93333334,-0.125
92,2016-06-24 17:40:00+00:00,2.2536964,2.4176438,2.4176438,40,49,22,31,-0.56666666,0.099999994
92,2016-06-24 17:40:00+00:00,1.8113282,2.2138867,2.2138867,40,49,31,40,-0.4166667,0.099999994
92,2016-06-24 17:40:00+00:00,1.7479852,1.9281896,1.9281896,40,49,40,49,-0.26666665,0.099999994
92,2016-06-24 17:40:00+00:00,1.7459869,1.7476522,1.7476522,40,49,49,58,-0.11666667,0.099999994
92,2016-06-24 17:40:00+00:00,1.9031649,1.7879453,1.7879453,40,49,58,67,0.025260417,0.103125
92,2016-06-24 17:40:00+00:00,1.8547293,1.9159477,1.9159477,40,49,67,76,0.18463542,0.10117187
92,2016-06-24 17:40:00+00:00,1.6460652,1.624041,1.624041,40,49,94,103,0.6333333,0.099999994
92,2016-06-24 17:40:00+00:00,1.5862805,1.5686036,1.5686036,40,49,103,112,0.78333336,0.099999994
92,2016-06-24 17:40:00+00:00,1.5445619,1.6191473,1.6191473,40,49,112,121,0.93333334,0.099999994
92,2016-06-24 17:40:00+00:00,2.2035055,2.1203723,2.1203723,49,58,13,22,-0.7151041,0.31640625
92,2016-06-24 17:40:00+00:00,1.70117,1.9085305,1.9085305,49,58,22,31,-0.56666666,0.325
92,2016-06-24 17:40:00+00:00,1.6568978,1.7394813,1.7394813,49,58,31,40,-0.4166667,0.325
92,2016-06-24 17:40:00+00:00,1.6637452,1.6272941,1.6272941,49,58,40,49,-0.26666665,0.325
92,2016-06-24 17:40:00+00:00,1.597387,1.5020118,1.5020118,49,58,49,58,-0.11666667,0.325
92,2016-06-24 17:40:00+00:00,1.6625051,1.5542974,1.5542974,49,58,58,67,0.033333335,0.325
92,2016-06-24 17:40:00+00:00,1.6887501,1.6971352,1.6971352,49,58,67,76,0.18333334,0.325
92,2016-06-24 17:40:00+00:00,1.99627,1.695404,1.695404,49,58,85,94,0.48645836,0.32734373
92,2016-06-24 17:40:00+00:00,1.727306,1.5990511,1.5990511,49,58,94,103,0.6333333,0.325
92,2016-06-24 17:40:00+00:00,1.6460522,1.5972295,1.5972295,49,58,103,112,0.78333336,0.325
92,2016-06-24 17:40:00+00:00,1.5031842,1.591861,1.591861,49,58,112,121,0.93333334,0.325
92,2016-06-24 17:40:00+00:00,1.7960106,1.8805861,1.8805861,58,67,22,31,-0.5627604,0.54257816
92,2016-06-24 17:40:00+00:00,1.7176089,1.7358902,1.7358902,58,67,31,40,-0.4166667,0.55
92,2016-06-24 17:40:00+00:00,1.7054926,1.6384697,1.6384697,58,67,40,49,-0.26666665,0.55
92,2016-06-24 17:40:00+00:00,1.6545361,1.532448,1.532448,58,67,49,58,-0.11979167,0.5457031
92,2016-06-24 17:40:00+00:00,1.6246246,1.5962402,1.5962402,58,67,58,67,0.035677083,0.54609376
92,2016-06-24 17:40:00+00:00,1.6427435,1.7105124,1.7105124,58,67,67,76,0.18333334,0.55
92,2016-06-24 17:40:00+00:00,1.7019811,1.7389326,1.7389326,58,67,76,85,0.3333333,0.55
92,2016-06-24 17:40:00+00:00,1.7632036,1.7271075,1.7271075,58,67,85,94,0.4820313,0.5488281
92,2016-06-24 17:40:00+00:00,1.7851455,1.6189855,1.6189855,58,67,94,103,0.6333333,0.5464844
92,2016-06-24 17:40:00+00:00,1.5614535,1.6237075,1.6237075,58,67,103,112,0.78333336,0.55
92,2016-06-24 17:40:00+00:00,1.4732054,1.6405454,1.6405454,58,67,112,121,0.93333334,0.55
92,2016-06-24 17:40:00+00:00,1.7794892,1.7928013,1.7928013,67,76,31,40,-0.4190104,0.7722657
92,2016-06-24 17:40:00+00:00,1.6346291,1.5897776,1.5897776,67,76,103,112,0.78333336,0.775
92,2016-06-24 17:40:00+00:00,1.4491597,1.5787253,1.5787253,67,76,112,121,0.93333334,0.775
92,2016-06-24 17:40:00+00:00,1.4780954,1.4840437,1.4840437,76,81,112,121,0.93333334,0.95
93,2016-06-30 18:45:00+00:00,1.9392778,1.8824345,1.8824345,13,22,94,103,0.6333333,-0.575
93,2016-06-30 18:45:00+00:00,1.985688,1.9392501,1.9392501,13,22,103,112,0.78307295,-0.5738281
93,2016-06-30 18:45:00+00:00,1.865053,2.089398,2.089398,22,31,85,94,0.48333335,-0.35000002
93,2016-06-30 18:45:00+00:00,1.7912954,1.901584,1.901584,22,31,94,103,0.6333333,-0.35000002
93,2016-06-30 18:45:00+00:00,1.7567961,1.9029181,1.9029181,22,31,103,112,0.78333336,-0.35000002
93,2016-06-30 18:45:00+00:00,1.7848049,2.0276504,2.0276504,22,31,112,121,0.93333334,-0.35000002
93,2016-06-30 18:45:00+00:00,2.069546,2.4743547,2.4743547,31,40,40,49,-0.26276043,-0.1203125
93,2016-06-30 18:45:00+00:00,2.1067364,2.2319505,2.2319505,31,40,49,58,-0.11666667,-0.125
93,2016-06-30 18:45:00+00:00,2.2825465,2.256177,2.256177,31,40,58,67,0.026041668,-0.12734374
93,2016-06-30 18:45:00+00:00,2.1712236,2.2934062,2.2934062,31,40,67,76,0.18984374,-0.13164063
93,2016-06-30 18:45:00+00:00,1.7243649,1.9061784,1.9061784,31,40,85,94,0.48333335,-0.125
93,2016-06-30 18:45:00+00:00,1.6489387,1.7744883,1.7744883,31,40,94,103,0.6333333,-0.125
93,2016-06-30 18:45:00+00:00,1.6601633,1.7934177,1.7934177,31,40,103,112,0.78333336,-0.125
93,2016-06-30 18:45:00+00:00,1.654542,1.8774505,1.8774505,31,40,112,121,0.93333334,-0.125
93,2016-06-30 18:45:00+00:00,2.7274444,2.5162256,2.5162256,40,49,13,22,-0.71458334,0.111718744
93,2016-06-30 18:45:00+00:00,2.261654,2.4712257,2.4712257,40,49,22,31,-0.56666666,0.099999994
93,2016-06-30 18:45:00+00:00,1.888122,2.2715952,2.2715952,40,49,31,40,-0.4166667,0.099999994
93,2016-06-30 18:45:00+00:00,1.8205303,2.0361247,2.0361247,40,49,40,49,-0.26666665,0.099999994
93,2016-06-30 18:45:00+00:00,1.7983677,1.8496952,1.8496952,40,49,49,58,-0.11666667,0.099999994
93,2016-06-30 18:45:00+00:00,1.9036165,1.8759904,1.8759904,40,49,58,67,0.032552086,0.10078125
93,2016-06-30 18:45:00+00:00,1.9668128,1.9846642,1.9846642,40,49,67,76,0.18619794,0.107812494
93,2016-06-30 18:45:00+00:00,1.878209,1.8217982,1.8217982,40,49,85,94,0.4888021,0.091796875
93,2016-06-30 18:45:00+00:00,1.7306967,1.7174314,1.7174314,40,49,94,103,0.6333333,0.099999994
93,2016-06-30 18:45:00+00:00,1.6741515,1.6892523,1.6892523,40,49,103,112,0.78333336,0.099999994
93,2016-06-30 18:45:00+00:00,1.624494,1.7499217,1.7499217,40,49,112,121,0.93333334,0.099999994
93,2016-06-30 18:45:00+00:00,2.3498106,2.3387952,2.3387952,49,58,13,22,-0.71666664,0.325
93,2016-06-30 18:45:00+00:00,2.0180705,2.1016586,2.1016586,49,58,22,31,-0.56666666,0.325
93,2016-06-30 18:45:00+00:00,1.8730587,1.9099815,1.9099815,49,58,31,40,-0.4166667,0.325
93,2016-06-30 18:45:00+00:00,1.7732397,1.8088231,1.8088231,49,58,40,49,-0.26666665,0.325
93,2016-06-30 18:45:00+00:00,1.7783188,1.6604782,1.6604782,49,58,49,58,-0.11666667,0.325
93,2016-06-30 18:45:00+00:00,1.8346711,1.7055149,1.7055149,49,58,58,67,0.032552086,0.32539064
93,2016-06-30 18:45:00+00:00,1.8097054,1.8694706,1.8694706,49,58,67,76,0.18333334,0.325
93,2016-06-30 18:45:00+00:00,1.9294636,1.8631018,1.8631018,49,58,85,94,0.4903646,0.33203125
93,2016-06-30 18:45:00+00:00,1.8335798,1.7949758,1.7949758,49,58,94,103,0.6333333,0.325
93,2016-06-30 18:45:00+00:00,1.8154064,1.8064368,1.8064368,49,58,103,112,0.78333336,0.325
93,2016-06-30 18:45:00+00:00,1.69345,1.807962,1.807962,49,58,112,121,0.93333334,0.325
93,2016-06-30 18:45:00+00:00,2.3674424,2.0594,2.0594,58,67,22,31,-0.5596354,0.5421875
93,2016-06-30 18:45:00+00:00,2.159287,1.9155788,1.9155788,58,67,31,40,-0.4166667,0.55
93,2016-06-30 18:45:00+00:00,1.788181,1.8270811,1.8270811,58,67,40,49,-0.26666665,0.55
93,2016-06-30 18:45:00+00:00,1.8261093,1.6984491,1.6984491,58,67,49,58,-0.11666667,0.55
93,2016-06-30 18:45:00+00:00,1.8541036,1.7512469,1.7512469,58,67,58,67,0.033333335,0.55
93,2016-06-30 18:45:00+00:00,1.7459884,1.8866006,1.8866006,58,67,67,76,0.18333334,0.55
93,2016-06-30 18:45:00+00:00,1.7445885,1.898513,1.898513,58,67,76,85,0.3333333,0.55
93,2016-06-30 18:45:00+00:00,1.8568953,1.8860586,1.8860586,58,67,85,94,0.48333335,0.55
93,2016-06-30 18:45:00+00:00,2.0420823,1.7918732,1.7918732,58,67,94,103,0.6322917,0.5417969
93,2016-06-30 18:45:00+00:00,1.9187734,1.8326194,1.8326194,58,67,103,112,0.78333336,0.55
93,2016-06-30 18:45:00+00:00,1.8192377,1.8573413,1.8573413,58,67,112,121,0.93333334,0.55
93,2016-06-30 18:45:00+00:00,2.2215266,1.9788038,1.9788038,67,76,31,40,-0.4166667,0.7714844
93,2016-06-30 18:45:00+00:00,1.9608171,1.7010834,1.7010834,67,76,85,94,0.47371796,0.7389424
93,2016-06-30 18:45:00+00:00,1.783781,1.7876083,1.7876083,67,76,103,112,0.78333336,0.775
93,2016-06-30 18:45:00+00:00,1.7640389,1.7840469,1.7840469,67,76,112,121,0.93333334,0.775
93,2016-06-30 18:45:00+00:00,1.8126122,1.6780674,1.6780674,76,81,112,121,0.93333334,0.95
94,2016-07-05 19:00:00+00:00,1.0109643,1.4494047,1.4494047,13,22,94,103,0.63177085,-0.5671875
94,2016-07-05 19:00:00+00:00,1.2820998,1.6477362,1.6477362,22,31,85,94,0.48333335,-0.35000002
94,2016-07-05 19:00:00+00:00,1.2494262,1.511961,1.511961,22,31,94,103,0.6333333,-0.35000002
94,2016-07-05 19:00:00+00:00,1.2215502,1.5351614,1.5351614,22,31,103,112,0.78333336,-0.35000002
94,2016-07-05 19:00:00+00:00,1.1699867,1.6483531,1.6483531,22,31,112,121,0.93333334,-0.35000002
94,2016-07-05 19:00:00+00:00,1.4982754,1.774998,1.774998,31,40,67,76,0.19166666,-0.1296875
94,2016-07-05 19:00:00+00:00,1.2851186,1.4674267,1.4674267,31,40,85,94,0.48333335,-0.125
94,2016-07-05 19:00:00+00:00,1.2504958,1.3886622,1.3886622,31,40,94,103,0.6333333,-0.125
94,2016-07-05 19:00:00+00:00,1.351565,1.4365944,1.4365944,31,40,103,112,0.78333336,-0.125
94,2016-07-05 19:00:00+00:00,1.3931098,1.5126508,1.5126508,31,40,112,121,0.93333334,-0.125
94,2016-07-05 19:00:00+00:00,1.5132782,1.7709419,1.7709419,40,49,31,40,-0.415625,0.10234375
94,2016-07-05 19:00:00+00:00,1.4724462,1.6267257,1.6267257,40,49,40,49,-0.27109376,0.1078125
94,2016-07-05 19:00:00+00:00,1.4174051,1.4827586,1.4827586,40,49,49,58,-0.114843756,0.1015625
94,2016-07-05 19:00:00+00:00,1.5341203,1.5252627,1.5252627,40,49,58,67,0.032552086,0.10078125
94,2016-07-05 19:00:00+00:00,1.5370188,1.5969429,1.5969429,40,49,67,76,0.18671875,0.10429688
94,2016-07-05 19:00:00+00:00,1.437389,1.4624901,1.4624901,40,49,85,94,0.48984373,0.08945312
94,2016-07-05 19:00:00+00:00,1.3197409,1.3718119,1.3718119,40,49,94,103,0.6333333,0.099999994
94,2016-07-05 19:00:00+00:00,1.3674238,1.3880478,1.3880478,40,49,103,112,0.78333336,0.099999994
94,2016-07-05 19:00:00+00:00,1.4696505,1.4412903,1.4412903,40,49,112,121,0.93333334,0.099999994
94,2016-07-05 19:00:00+00:00,1.4856569,1.6929898,1.6929898,49,58,22,31,-0.5658854,0.32187498
94,2016-07-05 19:00:00+00:00,1.5274699,1.5832626,1.5832626,49,58,31,40,-0.4166667,0.325
94,2016-07-05 19:00:00+00:00,1.5899739,1.5422523,1.5422523,49,58,40,49,-0.26666665,0.325
94,2016-07-05 19:00:00+00:00,1.5065225,1.4113532,1.4113532,49,58,49,58,-0.11666667,0.325
94,2016-07-05 19:00:00+00:00,1.5417377,1.4571247,1.4571247,49,58,58,67,0.033333335,0.325
94,2016-07-05 19:00:00+00:00,1.546609,1.5660795,1.5660795,49,58,67,76,0.18333334,0.325
94,2016-07-05 19:00:00+00:00,1.6312754,1.4983877,1.4983877,49,58,85,94,0.48671877,0.33242187
94,2016-07-05 19:00:00+00:00,1.4697487,1.4655093,1.4655093,49,58,94,103,0.6333333,0.325
94,2016-07-05 19:00:00+00:00,1.5311995,1.5076535,1.5076535,49,58,103,112,0.78333336,0.325
94,2016-07-05 19:00:00+00:00,1.4785265,1.5120598,1.5120598,49,58,112,121,0.93333334,0.325
94,2016-07-05 19:00:00+00:00,1.4141783,1.5783482,1.5783482,58,67,40,49,-0.26406252,0.5457031
94,2016-07-05 19:00:00+00:00,1.4110703,1.4680521,1.4680521,58,67,49,58,-0.11666667,0.55
94,2016-07-05 19:00:00+00:00,1.53614,1.5208777,1.5208777,58,67,58,67,0.033333335,0.55
94,2016-07-05 19:00:00+00:00,1.5474178,1.6164623,1.6164623,58,67,67,76,0.18333334,0.55
94,2016-07-05 19:00:00+00:00,1.4955775,1.576376,1.576376,58,67,76,85,0.3333333,0.55
94,2016-07-05 19:00:00+00:00,1.5490273,1.5697036,1.5697036,58,67,85,94,0.48333335,0.55
94,2016-07-05 19:00:00+00:00,1.7251232,1.4973074,1.4973074,58,67,94,103,0.63124996,0.54062504
94,2016-07-05 19:00:00+00:00,1.6358043,1.5505284,1.5505284,58,67,103,112,0.78333336,0.55
94,2016-07-05 19:00:00+00:00,1.510188,1.5752887,1.5752887,58,67,112,121,0.93333334,0.55
94,2016-07-05 19:00:00+00:00,1.6973677,1.4022657,1.4022657,67,76,85,94,0.47287583,0.73872554
94,2016-07-05 19:00:00+00:00,1.6911985,1.4781092,1.4781092,67,76,103,112,0.78333336,0.775
94,2016-07-05 19:00:00+00:00,1.6239555,1.4763975,1.4763975,67,76,112,121,0.93333334,0.775
94,2016-07-05 19:00:00+00:00,1.6361222,1.3615041,1.3615041,76,81,112,121,0.93333334,0.95
95,2016-07-12 19:05:00+00:00,1.3988512,1.6030191,1.6030191,22,31,103,112,0.78515625,-0.34921876
95,2016-07-12 19:05:00+00:00,1.5482359,1.7103525,1.7103525,22,31,112,121,0.93359375,-0.3484375
95,2016-07-12 19:05:00+00:00,1.422814,1.6450527,1.6450527,31,40,85,94,0.4796875,-0.114062496
95,2016-07-12 19:05:00+00:00,1.4241681,1.5452627,1.5452627,31,40,103,112,0.78333336,-0.125
95,2016-07-12 19:05:00+00:00,1.5861378,1.6097895,1.6097895,31,40,112,121,0.93333334,-0.125
95,2016-07-12 19:05:00+00:00,1.4202768,1.7195235,1.7195235,40,49,40,49,-0.2658854,0.11054687
95,2016-07-12 19:05:00+00:00,1.4657038,1.5530825,1.5530825,40,49,49,58,-0.114843756,0.1015625
95,2016-07-12 19:05:00+00:00,1.6017132,1.6154791,1.6154791,40,49,58,67,0.03046875,0.103125
95,2016-07-12 19:05:00+00:00,1.7542061,1.7282056,1.7282056,40,49,67,76,0.1875,0.10195312
95,2016-07-12 19:05:00+00:00,1.8285083,1.6349376,1.6349376,40,49,85,94,0.49296874,0.09257813
95,2016-07-12 19:05:00+00:00,1.5590808,1.517909,1.517909,40,49,94,103,0.6333333,0.099999994
95,2016-07-12 19:05:00+00:00,1.5663706,1.490609,1.490609,40,49,103,112,0.78333336,0.099999994
95,2016-07-12 19:05:00+00:00,1.6141651,1.533281,1.533281,40,49,112,121,0.93333334,0.099999994
95,2016-07-12 19:05:00+00:00,1.6289616,1.7701929,1.7701929,49,58,22,31,-0.5611979,0.3296875
95,2016-07-12 19:05:00+00:00,1.5483359,1.6423256,1.6423256,49,58,31,40,-0.41822916,0.32304686
95,2016-07-12 19:05:00+00:00,1.4902687,1.5744467,1.5744467,49,58,40,49,-0.2653646,0.3203125
95,2016-07-12 19:05:00+00:00,1.5064837,1.4398602,1.4398602,49,58,49,58,-0.11666667,0.325
95,2016-07-12 19:05:00+00:00,1.5524061,1.494935,1.494935,49,58,58,67,0.033333335,0.325
95,2016-07-12 19:05:00+00:00,1.6343347,1.6466882,1.6466882,49,58,67,76,0.18333334,0.325
95,2016-07-12 19:05:00+00:00,1.8318876,1.6702553,1.6702553,49,58,85,94,0.4903646,0.33203125
95,2016-07-12 19:05:00+00:00,1.6239359,1.595933,1.595933,49,58,94,103,0.6333333,0.325
95,2016-07-12 19:05:00+00:00,1.5750757,1.6014382,1.6014382,49,58,103,112,0.78333336,0.325
95,2016-07-12 19:05:00+00:00,1.6209155,1.588825,1.588825,49,58,112,121,0.93333334,0.325
95,2016-07-12 19:05:00+00:00,2.1127324,1.8016963,1.8016963,58,67,22,31,-0.5648438,0.5457031
95,2016-07-12 19:05:00+00:00,1.8189969,1.6676182,1.6676182,58,67,31,40,-0.41875,0.55390626
95,2016-07-12 19:05:00+00:00,1.6069425,1.4843847,1.4843847,58,67,49,58,-0.114843756,0.5515625
95,2016-07-12 19:05:00+00:00,1.6371185,1.5416069,1.5416069,58,67,58,67,0.033333335,0.55
95,2016-07-12 19:05:00+00:00,1.595573,1.6676924,1.6676924,58,67,67,76,0.18333334,0.55
95,2016-07-12 19:05:00+00:00,1.5900054,1.6832864,1.6832864,58,67,76,85,0.3333333,0.55
95,2016-07-12 19:05:00+00:00,1.6130965,1.6830202,1.6830202,58,67,85,94,0.48333335,0.55
95,2016-07-12 19:05:00+00:00,1.7651063,1.5996774,1.5996774,58,67,94,103,0.6322917,0.53945315
95,2016-07-12 19:05:00+00:00,1.6784502,1.6202792,1.6202792,58,67,103,112,0.78333336,0.55
95,2016-07-12 19:05:00+00:00,1.6343018,1.6311775,1.6311775,58,67,112,121,0.93333334,0.55
95,2016-07-12 19:05:00+00:00,2.1484745,1.6949699,1.6949699,67,76,31,40,-0.4192708,0.7726562
95,2016-07-12 19:05:00+00:00,1.7164589,1.563622,1.563622,67,76,103,112,0.78333336,0.775
95,2016-07-12 19:05:00+00:00,1.6519852,1.5468,1.5468,67,76,112,121,0.93333334,0.775
95,2016-07-12 19:05:00+00:00,1.7119381,1.462021,1.462021,76,81,112,121,0.93333334,0.95
96,2016-08-01 18:45:00+00:00,2.4061959,2.0916755,2.0916755,13,22,85,94,0.49140626,-0.5582031
96,2016-08-01 18:45:00+00:00,2.0238047,1.8258789,1.8258789,13,22,94,103,0.6333333,-0.575
96,2016-08-01 18:45:00+00:00,2.068375,1.7860972,1.7860972,13,22,103,112,0.78307295,-0.5738281
96,2016-08-01 18:45:00+00:00,2.03755,2.2008238,2.2008238,22,31,85,94,0.48333335,-0.35000002
96,2016-08-01 18:45:00+00:00,1.7348745,1.8212202,1.8212202,22,31,94,103,0.6333333,-0.35000002
96,2016-08-01 18:45:00+00:00,1.7250216,1.7239908,1.7239908,22,31,103,112,0.78333336,-0.35000002
96,2016-08-01 18:45:00+00:00,1.7111267,1.8918438,1.8918438,22,31,112,121,0.93333334,-0.35000002
96,2016-08-01 18:45:00+00:00,2.8655045,2.8889184,2.8889184,31,40,40,49,-0.26276043,-0.1203125
96,2016-08-01 18:45:00+00:00,2.5532873,2.581109,2.581109,31,40,49,58,-0.11666667,-0.125
96,2016-08-01 18:45:00+00:00,2.4649034,2.6696668,2.6696668,31,40,58,67,0.026302086,-0.12578124
96,2016-08-01 18:45:00+00:00,2.0563931,2.087406,2.087406,31,40,85,94,0.48333335,-0.125
96,2016-08-01 18:45:00+00:00,1.7222644,1.7474977,1.7474977,31,40,94,103,0.6333333,-0.125
96,2016-08-01 18:45:00+00:00,1.6979786,1.6550671,1.6550671,31,40,103,112,0.78333336,-0.125
96,2016-08-01 18:45:00+00:00,1.6622033,1.7747679,1.7747679,31,40,112,121,0.93333334,-0.125
96,2016-08-01 18:45:00+00:00,3.8374243,3.240931,3.240931,40,49,13,22,-0.71458334,0.11289062
96,2016-08-01 18:45:00+00:00,3.368552,3.230084,3.230084,40,49,22,31,-0.56666666,0.099999994
96,2016-08-01 18:45:00+00:00,3.0213947,2.9460628,2.9460628,40,49,31,40,-0.4166667,0.099999994
96,2016-08-01 18:45:00+00:00,2.6871881,2.4020255,2.4020255,40,49,40,49,-0.26666665,0.099999994
96,2016-08-01 18:45:00+00:00,2.5149426,2.1685896,2.1685896,40,49,49,58,-0.11666667,0.099999994
96,2016-08-01 18:45:00+00:00,2.332034,2.2303965,2.2303965,40,49,58,67,0.03046875,0.10195312
96,2016-08-01 18:45:00+00:00,2.230149,2.3789635,2.3789635,40,49,67,76,0.18776041,0.1046875
96,2016-08-01 18:45:00+00:00,2.1764135,2.0646164,2.0646164,40,49,85,94,0.49114585,0.091796875
96,2016-08-01 18:45:00+00:00,1.8278421,1.7772346,1.7772346,40,49,94,103,0.6333333,0.099999994
96,2016-08-01 18:45:00+00:00,1.8418174,1.609348,1.609348,40,49,103,112,0.78333336,0.099999994
96,2016-08-01 18:45:00+00:00,1.8032968,1.7040482,1.7040482,40,49,112,121,0.93333334,0.099999994
96,2016-08-01 18:45:00+00:00,2.8294687,2.7428405,2.7428405,49,58,13,22,-0.71666664,0.325
96,2016-08-01 18:45:00+00:00,2.1593623,2.5345066,2.5345066,49,58,22,31,-0.56666666,0.325
96,2016-08-01 18:45:00+00:00,2.1336432,2.2632864,2.2632864,49,58,31,40,-0.4166667,0.325
96,2016-08-01 18:45:00+00:00,2.1886575,1.9903946,1.9903946,49,58,40,49,-0.26666665,0.325
96,2016-08-01 18:45:00+00:00,2.2564437,1.814435,1.814435,49,58,49,58,-0.11666667,0.325
96,2016-08-01 18:45:00+00:00,2.1957915,1.8886036,1.8886036,49,58,58,67,0.033333335,0.325
96,2016-08-01 18:45:00+00:00,2.1010346,2.105538,2.105538,49,58,67,76,0.18333334,0.325
96,2016-08-01 18:45:00+00:00,2.2004,2.0067525,2.0067525,49,58,85,94,0.48489588,0.33242187
96,2016-08-01 18:45:00+00:00,1.9122429,1.8320147,1.8320147,49,58,94,103,0.6333333,0.325
96,2016-08-01 18:45:00+00:00,1.9537902,1.733323,1.733323,49,58,103,112,0.78333336,0.325
96,2016-08-01 18:45:00+00:00,1.7996086,1.754569,1.754569,49,58,112,121,0.93333334,0.325
96,2016-08-01 18:45:00+00:00,1.9598433,2.3097,2.3097,58,67,22,31,-0.5638021,0.5445312
96,2016-08-01 18:45:00+00:00,1.8150417,2.1004472,2.1004472,58,67,31,40,-0.4166667,0.55
96,2016-08-01 18:45:00+00:00,1.8159969,1.8903283,1.8903283,58,67,40,49,-0.26666665,0.55
96,2016-08-01 18:45:00+00:00,1.8619107,1.7437214,1.7437214,58,67,49,58,-0.11666667,0.55
96,2016-08-01 18:45:00+00:00,1.8680384,1.8307751,1.8307751,58,67,58,67,0.033333335,0.55
96,2016-08-01 18:45:00+00:00,1.8881503,1.9847621,1.9847621,58,67,67,76,0.18333334,0.55
96,2016-08-01 18:45:00+00:00,1.7306186,2.0272315,2.0272315,58,67,76,85,0.3333333,0.55
96,2016-08-01 18:45:00+00:00,1.7355597,1.9311869,1.9311869,58,67,85,94,0.48333335,0.55
96,2016-08-01 18:45:00+00:00,1.9036614,1.7048161,1.7048161,58,67,94,103,0.63411456,0.5402344
96,2016-08-01 18:45:00+00:00,1.7694533,1.6708237,1.6708237,58,67,103,112,0.78333336,0.55
96,2016-08-01 18:45:00+00:00,1.7430385,1.7173796,1.7173796,58,67,112,121,0.93333334,0.55
96,2016-08-01 18:45:00+00:00,1.5347892,2.2253826,2.2253826,67,76,31,40,-0.4169271,0.7699219
96,2016-08-01 18:45:00+00:00,1.4400337,1.598785,1.598785,67,76,103,112,0.7838542,0.7714844
96,2016-08-01 18:45:00+00:00,1.462103,1.6247182,1.6247182,67,76,112,121,0.93333334,0.775
96,2016-08-01 18:45:00+00:00,1.3646687,1.5289,1.5289,76,81,112,121,0.9361111,0.9488095
97,2016-08-07 18:05:00+00:00,2.4089828,2.0564945,2.0564945,13,22,85,94,0.49088544,-0.5625
97,2016-08-07 18:05:00+00:00,1.9631162,1.8599899,1.8599899,13,22,94,103,0.6333333,-0.575
97,2016-08-07 18:05:00+00:00,2.0138407,1.8364457,1.8364457,13,22,103,112,0.78307295,-0.5738281
97,2016-08-07 18:05:00+00:00,1.8384348,2.1710038,2.1710038,22,31,85,94,0.48333335,-0.35000002
97,2016-08-07 18:05:00+00:00,1.6820405,1.8681718,1.8681718,22,31,94,103,0.6333333,-0.35000002
97,2016-08-07 18:05:00+00:00,1.6071829,1.8036892,1.8036892,22,31,103,112,0.7809896,-0.35664064
97,2016-08-07 18:05:00+00:00,1.7244503,1.9770987,1.9770987,22,31,112,121,0.9320313,-0.3589844
97,2016-08-07 18:05:00+00:00,2.5191154,2.7982519,2.7982519,31,40,40,49,-0.26510417,-0.12109375
97,2016-08-07 18:05:00+00:00,2.3102,2.497782,2.497782,31,40,49,58,-0.11770834,-0.12578125
97,2016-08-07 18:05:00+00:00,1.6788075,1.8138483,1.8138483,31,40,112,121,0.92994785,-0.13007812
97,2016-08-07 18:05:00+00:00,3.8561857,2.8782685,2.8782685,40,49,13,22,-0.7153646,0.11210937
97,2016-08-07 18:05:00+00:00,2.943558,2.9493287,2.9493287,40,49,22,31,-0.56666666,0.099999994
97,2016-08-07 18:05:00+00:00,2.6095304,2.6880875,2.6880875,40,49,31,40,-0.41328126,0.1046875
97,2016-08-07 18:05:00+00:00,2.4650064,2.2545185,2.2545185,40,49,40,49,-0.26692706,0.10117187
97,2016-08-07 18:05:00+00:00,2.2868183,2.0582917,2.0582917,40,49,49,58,-0.11536458,0.10117187
97,2016-08-07 18:05:00+00:00,2.1525605,2.124451,2.124451,40,49,58,67,0.0265625,0.107812494
97,2016-08-07 18:05:00+00:00,2.023193,2.2235575,2.2235575,40,49,67,76,0.18854168,0.10546875
97,2016-08-07 18:05:00+00:00,1.9692245,1.972428,1.972428,40,49,85,94,0.49062496,0.097265616
97,2016-08-07 18:05:00+00:00,1.7746435,1.6185939,1.6185939,40,49,103,112,0.7869792,0.10703125
97,2016-08-07 18:05:00+00:00,1.8138297,1.6941993,1.6941993,40,49,112,121,0.93333334,0.099999994
97,2016-08-07 18:05:00+00:00,3.1134062,2.6417558,2.6417558,49,58,13,22,-0.7132813,0.32578123
97,2016-08-07 18:05:00+00:00,2.051208,2.403338,2.403338,49,58,22,31,-0.56666666,0.325
97,2016-08-07 18:05:00+00:00,2.0302238,2.169035,2.169035,49,58,31,40,-0.4166667,0.325
97,2016-08-07 18:05:00+00:00,2.0422688,1.9523056,1.9523056,49,58,40,49,-0.26666665,0.325
97,2016-08-07 18:05:00+00:00,2.007692,1.7821203,1.7821203,49,58,49,58,-0.11666667,0.325
97,2016-08-07 18:05:00+00:00,2.0178452,1.8488022,1.8488022,49,58,58,67,0.033333335,0.325
97,2016-08-07 18:05:00+00:00,1.9820443,2.0415156,2.0415156,49,58,67,76,0.18333334,0.325
97,2016-08-07 18:05:00+00:00,2.060563,2.1180508,2.1180508,49,58,76,85,0.32291666,0.34140623
97,2016-08-07 18:05:00+00:00,2.0555887,1.9389507,1.9389507,49,58,85,94,0.48880208,0.32890624
97,2016-08-07 18:05:00+00:00,1.8289629,1.8038406,1.8038406,49,58,94,103,0.6333333,0.325
97,2016-08-07 18:05:00+00:00,1.7608132,1.734218,1.734218,49,58,103,112,0.78333336,0.325
97,2016-08-07 18:05:00+00:00,1.6379627,1.7588046,1.7588046,49,58,112,121,0.93333334,0.325
97,2016-08-07 18:05:00+00:00,1.879467,2.2234635,2.2234635,58,67,22,31,-0.5596354,0.5414063
97,2016-08-07 18:05:00+00:00,1.716394,2.0755293,2.0755293,58,67,31,40,-0.4166667,0.55
97,2016-08-07 18:05:00+00:00,1.8596748,1.901962,1.901962,58,67,40,49,-0.26666665,0.55
97,2016-08-07 18:05:00+00:00,1.7206419,1.7595304,1.7595304,58,67,49,58,-0.11666667,0.55
97,2016-08-07 18:05:00+00:00,1.7223123,1.8305191,1.8305191,58,67,58,67,0.032812502,0.5421875
97,2016-08-07 18:05:00+00:00,1.7516712,1.9836417,1.9836417,58,67,76,85,0.33359373,0.5488281
97,2016-08-07 18:05:00+00:00,1.8632864,1.9110386,1.9110386,58,67,85,94,0.48333335,0.55
97,2016-08-07 18:05:00+00:00,1.7231472,1.7150195,1.7150195,58,67,103,112,0.78333336,0.55
97,2016-08-07 18:05:00+00:00,1.6060864,1.7632301,1.7632301,58,67,112,121,0.93333334,0.55
97,2016-08-07 18:05:00+00:00,1.831522,1.6502371,1.6502371,67,76,103,112,0.78333336,0.775
97,2016-08-07 18:05:00+00:00,1.7022969,1.6687349,1.6687349,67,76,112,121,0.93333334,0.775
97,2016-08-07 18:05:00+00:00,1.9325454,1.5600113,1.5600113,76,81,112,121,0.93333334,0.95
98,2016-08-10 18:35:00+00:00,1.5204471,1.596605,1.596605,13,22,94,103,0.634375,-0.5726563
98,2016-08-10 18:35:00+00:00,1.2954472,1.5640322,1.5640322,13,22,103,112,0.78125,-0.5683594
98,2016-08-10 18:35:00+00:00,1.6095989,1.8310386,1.8310386,22,31,85,94,0.48515627,-0.34960938
98,2016-08-10 18:35:00+00:00,1.4352219,1.546198,1.546198,22,31,94,103,0.6333333,-0.35000002
98,2016-08-10 18:35:00+00:00,1.2798939,1.4962364,1.4962364,22,31,103,112,0.78333336,-0.35000002
98,2016-08-10 18:35:00+00:00,1.3263478,1.6457671,1.6457671,22,31,112,121,0.93333334,-0.35000002
98,2016-08-10 18:35:00+00:00,1.7605205,1.7586601,1.7586601,31,40,85,94,0.48333335,-0.125
98,2016-08-10 18:35:00+00:00,1.5628287,1.5011958,1.5011958,31,40,94,103,0.6333333,-0.125
98,2016-08-10 18:35:00+00:00,1.4463645,1.4553332,1.4553332,31,40,103,112,0.78333336,-0.125
98,2016-08-10 18:35:00+00:00,1.4487096,1.5591118,1.5591118,31,40,112,121,0.93333334,-0.125
98,2016-08-10 18:35:00+00:00,2.6115139,2.927689,2.927689,40,49,22,31,-0.56666666,0.099999994
98,2016-08-10 18:35:00+00:00,2.371828,2.673369,2.673369,40,49,31,40,-0.4166667,0.099999994
98,2016-08-10 18:35:00+00:00,2.3085191,2.223879,2.223879,40,49,40,49,-0.26666665,0.099999994
98,2016-08-10 18:35:00+00:00,2.1966312,1.9678848,1.9678848,40,49,49,58,-0.11666667,0.099999994
98,2016-08-10 18:35:00+00:00,1.9842985,2.0258782,2.0258782,40,49,58,67,0.032552086,0.10078125
98,2016-08-10 18:35:00+00:00,2.01391,2.1627326,2.1627326,40,49,67,76,0.18645833,0.102343746
98,2016-08-10 18:35:00+00:00,1.994547,1.8752649,1.8752649,40,49,85,94,0.49296874,0.09257813
98,2016-08-10 18:35:00+00:00,1.7225317,1.6237627,1.6237627,40,49,94,103,0.6333333,0.099999994
98,2016-08-10 18:35:00+00:00,1.6578428,1.494584,1.494584,40,49,103,112,0.78333336,0.099999994
98,2016-08-10 18:35:00+00:00,1.5942304,1.5765201,1.5765201,40,49,112,121,0.93333334,0.099999994
98,2016-08-10 18:35:00+00:00,1.949021,2.2369893,2.2369893,49,58,31,40,-0.41119793,0.3171875
98,2016-08-10 18:35:00+00:00,1.9901551,2.0093472,2.0093472,49,58,40,49,-0.26666665,0.325
98,2016-08-10 18:35:00+00:00,2.0556366,1.8006265,1.8006265,49,58,49,58,-0.11666667,0.325
98,2016-08-10 18:35:00+00:00,1.9890088,1.8783859,1.8783859,49,58,58,67,0.033333335,0.325
98,2016-08-10 18:35:00+00:00,1.9371662,2.094011,2.094011,49,58,67,76,0.18333334,0.325
98,2016-08-10 18:35:00+00:00,1.9083092,2.1998892,2.1998892,49,58,76,85,0.321875,0.340625
98,2016-08-10 18:35:00+00:00,2.0220368,1.9966595,1.9966595,49,58,85,94,0.48489588,0.33242187
98,2016-08-10 18:35:00+00:00,1.8455381,1.8341873,1.8341873,49,58,94,103,0.6333333,0.325
98,2016-08-10 18:35:00+00:00,1.775051,1.7406718,1.7406718,49,58,103,112,0.78333336,0.325
98,2016-08-10 18:35:00+00:00,1.7281692,1.7549133,1.7549133,49,58,112,121,0.93333334,0.325
98,2016-08-10 18:35:00+00:00,1.7834015,2.1033676,2.1033676,58,67,31,40,-0.41510418,0.5535157
98,2016-08-10 18:35:00+00:00,1.9375038,1.9119968,1.9119968,58,67,40,49,-0.26666665,0.55
98,2016-08-10 18:35:00+00:00,2.0864153,1.7355702,1.7355702,58,67,49,58,-0.11666667,0.55
98,2016-08-10 18:35:00+00:00,2.0422754,1.8235873,1.8235873,58,67,58,67,0.033333335,0.55
98,2016-08-10 18:35:00+00:00,1.9695852,1.9932097,1.9932097,58,67,67,76,0.18125,0.5546875
98,2016-08-10 18:35:00+00:00,2.1148186,2.0014825,2.0014825,58,67,76,85,0.33749998,0.5503906
98,2016-08-10 18:35:00+00:00,1.8832049,1.905028,1.905028,58,67,85,94,0.48333335,0.55
98,2016-08-10 18:35:00+00:00,1.9989908,1.6868994,1.6868994,58,67,94,103,0.6333333,0.5410156
98,2016-08-10 18:35:00+00:00,1.7089902,1.659493,1.659493,58,67,103,112,0.78333336,0.55
98,2016-08-10 18:35:00+00:00,1.6189718,1.7005619,1.7005619,58,67,112,121,0.93333334,0.55
98,2016-08-10 18:35:00+00:00,2.0813215,2.147688,2.147688,67,76,31,40,-0.4166667,0.7714844
98,2016-08-10 18:35:00+00:00,2.442191,1.6294216,1.6294216,67,76,85,94,0.47371796,0.7389424
98,2016-08-10 18:35:00+00:00,1.8149022,1.5552071,1.5552071,67,76,103,112,0.78333336,0.775
98,2016-08-10 18:35:00+00:00,1.6856143,1.5635922,1.5635922,67,76,112,121,0.93333334,0.775
98,2016-08-10 18:35:00+00:00,1.6776086,1.4837531,1.4837531,76,81,112,121,0.93333334,0.95
99,2016-08-19 18:30:00+00:00,1.752305,1.6384337,1.6384337,22,31,94,103,0.63385415,-0.3472656
99,2016-08-19 18:30:00+00:00,1.4779052,1.6353542,1.6353542,22,31,103,112,0.78333336,-0.35000002
99,2016-08-19 18:30:00+00:00,1.3849621,1.7814558,1.7814558,22,31,112,121,0.93333334,-0.35000002
99,2016-08-19 18:30:00+00:00,1.8088019,1.7461797,1.7461797,31,40,94,103,0.6333333,-0.125
99,2016-08-19 18:30:00+00:00,1.6605678,1.6625079,1.6625079,31,40,103,112,0.78333336,-0.125
99,2016-08-19 18:30:00+00:00,1.6182722,1.7622588,1.7622588,31,40,112,121,0.93333334,-0.125
99,2016-08-19 18:30:00+00:00,2.622994,2.3464365,2.3464365,40,49,58,67,0.03046875,0.10195312
99,2016-08-19 18:30:00+00:00,2.3952909,2.2421076,2.2421076,40,49,85,94,0.4888021,0.091796875
99,2016-08-19 18:30:00+00:00,2.1164794,2.0197275,2.0197275,40,49,94,103,0.6333333,0.099999994
99,2016-08-19 18:30:00+00:00,2.0242863,1.8204969,1.8204969,40,49,103,112,0.78333336,0.099999994
99,2016-08-19 18:30:00+00:00,1.9598916,1.8986622,1.8986622,40,49,112,121,0.93333334,0.099999994
99,2016-08-19 18:30:00+00:00,3.1922133,3.1309104,3.1309104,49,58,22,31,-0.56666666,0.325
99,2016-08-19 18:30:00+00:00,2.5766926,2.8040373,2.8040373,49,58,31,40,-0.4166667,0.325
99,2016-08-19 18:30:00+00:00,2.2831466,2.4614139,2.4614139,49,58,40,49,-0.27421874,0.33085936
99,2016-08-19 18:30:00+00:00,2.4784768,2.2911117,2.2911117,49,58,58,67,0.033333335,0.325
99,2016-08-19 18:30:00+00:00,2.7024083,2.6115084,2.6115084,49,58,67,76,0.18333334,0.325
99,2016-08-19 18:30:00+00:00,2.4704504,2.426526,2.426526,49,58,94,103,0.6333333,0.325
99,2016-08-19 18:30:00+00:00,2.6091614,2.2556612,2.2556612,49,58,103,112,0.78333336,0.325
99,2016-08-19 18:30:00+00:00,2.7259524,2.2576659,2.2576659,49,58,112,121,0.93333334,0.325
99,2016-08-19 18:30:00+00:00,2.4464607,2.2706661,2.2706661,58,67,40,49,-0.26666665,0.55
99,2016-08-19 18:30:00+00:00,2.3349547,2.0500395,2.0500395,58,67,49,58,-0.11744792,0.55195314
99,2016-08-19 18:30:00+00:00,2.3101225,2.1339235,2.1339235,58,67,58,67,0.033333335,0.55
99,2016-08-19 18:30:00+00:00,2.5535736,2.3567405,2.3567405,58,67,67,76,0.18333334,0.55
99,2016-08-19 18:30:00+00:00,2.552091,2.4682724,2.4682724,58,67,76,85,0.3333333,0.55
99,2016-08-19 18:30:00+00:00,2.4884915,2.3908749,2.3908749,58,67,85,94,0.48203126,0.55507815
99,2016-08-19 18:30:00+00:00,2.207502,2.0488954,2.0488954,58,67,103,112,0.78333336,0.55
99,2016-08-19 18:30:00+00:00,2.4735675,2.0797002,2.0797002,58,67,112,121,0.93333334,0.55
99,2016-08-19 18:30:00+00:00,1.9695815,1.8951638,1.8951638,67,76,103,112,0.78515625,0.7714844
99,2016-08-19 18:30:00+00:00,2.397433,1.8975263,1.8975263,67,76,112,121,0.93333334,0.775
99,2016-08-19 18:30:00+00:00,2.2365885,1.9022118,1.9022118,76,81,112,121,0.93333334,0.95
100,2016-09-27 18:35:00+00:00,4.368002,4.1455503,4.1455503,13,22,85,94,0.48984376,-0.5601562
100,2016-09-27 18:35:00+00:00,3.998107,3.829189,3.829189,13,22,94,103,0.6333333,-0.575
100,2016-09-27 18:35:00+00:00,3.8888738,3.6292362,3.6292362,13,22,103,112,0.78333336,-0.575
100,2016-09-27 18:35:00+00:00,3.635956,3.653718,3.653718,13,22,112,121,0.93281245,-0.5589844
100,2016-09-27 18:35:00+00:00,4.108844,3.844794,3.844794,22,31,85,94,0.48333335,-0.35000002
100,2016-09-27 18:35:00+00:00,3.6395938,3.411715,3.411715,22,31,94,103,0.6333333,-0.35000002
100,2016-09-27 18:35:00+00:00,3.692073,3.2113316,3.2113316,22,31,103,112,0.78333336,-0.35000002
100,2016-09-27 18:35:00+00:00,3.3831987,3.3210557,3.3210557,22,31,112,121,0.93333334,-0.35000002
100,2016-09-27 18:35:00+00:00,4.584903,4.764341,4.764341,31,40,40,49,-0.26510417,-0.12109375
100,2016-09-27 18:35:00+00:00,4.579937,4.5184255,4.5184255,31,40,49,58,-0.11666667,-0.125
100,2016-09-27 18:35:00+00:00,4.419829,4.507157,4.507157,31,40,58,67,0.025781251,-0.1265625
100,2016-09-27 18:35:00+00:00,3.9977927,4.4903646,4.4903646,31,40,67,76,0.19166668,-0.13085938
100,2016-09-27 18:35:00+00:00,4.071936,4.0474234,4.0474234,31,40,85,94,0.48333335,-0.125
100,2016-09-27 18:35:00+00:00,4.1639585,3.6562848,3.6562848,31,40,94,103,0.6333333,-0.125
100,2016-09-27 18:35:00+00:00,4.0830607,3.386314,3.386314,31,40,103,112,0.78333336,-0.125
100,2016-09-27 18:35:00+00:00,3.5468822,3.4465733,3.4465733,31,40,112,121,0.93333334,-0.125
100,2016-09-27 18:35:00+00:00,4.57183,5.4605236,5.4605236,40,49,13,22,-0.71510416,0.110156246
100,2016-09-27 18:35:00+00:00,4.609542,5.4231353,5.4231353,40,49,22,31,-0.56666666,0.099999994
100,2016-09-27 18:35:00+00:00,4.6196256,5.087629,5.087629,40,49,31,40,-0.4166667,0.099999994
100,2016-09-27 18:35:00+00:00,4.584945,4.3445535,4.3445535,40,49,40,49,-0.26666665,0.099999994
100,2016-09-27 18:35:00+00:00,4.3214173,4.1331315,4.1331315,40,49,49,58,-0.11666667,0.099999994
100,2016-09-27 18:35:00+00:00,4.485759,4.0117903,4.0117903,40,49,58,67,0.033333335,0.099999994
100,2016-09-27 18:35:00+00:00,4.1216006,4.3228283,4.3228283,40,49,67,76,0.18645835,0.1046875
100,2016-09-27 18:35:00+00:00,4.0240645,3.983743,3.983743,40,49,94,103,0.6333333,0.099999994
100,2016-09-27 18:35:00+00:00,4.1259484,3.5966341,3.5966341,40,49,103,112,0.78333336,0.099999994
100,2016-09-27 18:35:00+00:00,2.8859584,3.6267729,3.6267729,40,49,112,121,0.93333334,0.099999994
100,2016-09-27 18:35:00+00:00,4.620059,5.0237107,5.0237107,49,58,13,22,-0.71666664,0.325
100,2016-09-27 18:35:00+00:00,4.620059,4.8255444,4.8255444,49,58,22,31,-0.56666666,0.325
100,2016-09-27 18:35:00+00:00,4.6195836,4.3795424,4.3795424,49,58,31,40,-0.4166667,0.325
100,2016-09-27 18:35:00+00:00,4.6153297,3.8835454,3.8835454,49,58,40,49,-0.26666665,0.325
100,2016-09-27 18:35:00+00:00,4.517626,3.626793,3.626793,49,58,49,58,-0.11666667,0.325
100,2016-09-27 18:35:00+00:00,4.328535,3.6100526,3.6100526,49,58,58,67,0.033333335,0.325
100,2016-09-27 18:35:00+00:00,4.567018,4.133824,4.133824,49,58,67,76,0.18333334,0.325
100,2016-09-27 18:35:00+00:00,4.3072324,4.5605516,4.5605516,49,58,76,85,0.32421875,0.33867186
100,2016-09-27 18:35:00+00:00,4.0175486,4.467378,4.467378,49,58,85,94,0.4903646,0.33203125
100,2016-09-27 18:35:00+00:00,3.8950331,4.24129,4.24129,49,58,94,103,0.6333333,0.325
100,2016-09-27 18:35:00+00:00,3.8505926,3.961096,3.961096,49,58,103,112,0.78333336,0.325
100,2016-09-27 18:35:00+00:00,3.7394998,3.8980715,3.8980715,49,58,112,121,0.93333334,0.325
100,2016-09-27 18:35:00+00:00,4.6008015,4.189345,4.189345,58,67,22,31,-0.56041664,0.5414063
100,2016-09-27 18:35:00+00:00,4.6133757,3.8880265,3.8880265,58,67,31,40,-0.4166667,0.55
100,2016-09-27 18:35:00+00:00,4.595673,3.4679034,3.4679034,58,67,40,49,-0.26666665,0.55
100,2016-09-27 18:35:00+00:00,4.569098,3.2426786,3.2426786,58,67,49,58,-0.11666667,0.55
100,2016-09-27 18:35:00+00:00,4.566679,3.2463264,3.2463264,58,67,58,67,0.033333335,0.55
100,2016-09-27 18:35:00+00:00,4.6071873,3.6538315,3.6538315,58,67,67,76,0.18333334,0.55
100,2016-09-27 18:35:00+00:00,4.5904455,4.0549192,4.0549192,58,67,76,85,0.3333333,0.55
100,2016-09-27 18:35:00+00:00,4.4593806,3.9953465,3.9953465,58,67,85,94,0.48333335,0.55
100,2016-09-27 18:35:00+00:00,4.533646,3.7266288,3.7266288,58,67,94,103,0.632552,0.54062504
100,2016-09-27 18:35:00+00:00,4.104872,3.5629804,3.5629804,58,67,103,112,0.78333336,0.55
100,2016-09-27 18:35:00+00:00,3.3188655,3.533043,3.533043,58,67,112,121,0.93333334,0.55
100,2016-09-27 18:35:00+00:00,4.123345,3.9901357,3.9901357,67,76,31,40,-0.4138021,0.76992184
100,2016-09-27 18:35:00+00:00,4.620059,3.5638738,3.5638738,67,76,85,94,0.47371796,0.7389424
100,2016-09-27 18:35:00+00:00,3.8827844,3.4475913,3.4475913,67,76,103,112,0.78333336,0.775
100,2016-09-27 18:35:00+00:00,2.4686472,3.3787146,3.3787146,67,76,112,121,0.93333334,0.775
100,2016-09-27 18:35:00+00:00,3.3507419,4.323862,4.323862,76,81,31,40,-0.435,0.94250005
100,2016-09-27 18:35:00+00:00,3.7147563,3.607247,3.607247,76,81,112,121,0.93333334,0.95
101,2016-10-17 18:10:00+00:00,2.8604562,2.4685013,2.4685013,13,22,94,103,0.6333333,-0.575
101,2016-10-17 18:10:00+00:00,2.650053,2.4592748,2.4592748,13,22,103,112,0.78151035,-0.5703125
101,2016-10-17 18:10:00+00:00,2.7127888,2.6369183,2.6369183,22,31,85,94,0.48333335,-0.35000002
101,2016-10-17 18:10:00+00:00,2.512516,2.4282954,2.4282954,22,31,94,103,0.6333333,-0.35000002
101,2016-10-17 18:10:00+00:00,2.4138374,2.3773625,2.3773625,22,31,103,112,0.78333336,-0.35000002
101,2016-10-17 18:10:00+00:00,2.476949,2.483419,2.483419,22,31,112,121,0.93333334,-0.35000002
101,2016-10-17 18:10:00+00:00,2.232043,2.8300748,2.8300748,31,40,40,49,-0.26406252,-0.11679687
101,2016-10-17 18:10:00+00:00,2.6437595,2.6507661,2.6507661,31,40,49,58,-0.11666667,-0.125
101,2016-10-17 18:10:00+00:00,2.455776,2.7710235,2.7710235,31,40,67,76,0.18489584,-0.1265625
101,2016-10-17 18:10:00+00:00,2.7069013,2.559613,2.559613,31,40,85,94,0.48333335,-0.125
101,2016-10-17 18:10:00+00:00,2.440752,2.3891041,2.3891041,31,40,94,103,0.6333333,-0.125
101,2016-10-17 18:10:00+00:00,2.3778982,2.3252172,2.3252172,31,40,103,112,0.78333336,-0.125
101,2016-10-17 18:10:00+00:00,2.2553568,2.3952832,2.3952832,31,40,112,121,0.93333334,-0.125
101,2016-10-17 18:10:00+00:00,3.662162,2.982114,2.982114,40,49,22,31,-0.56666666,0.099999994
101,2016-10-17 18:10:00+00:00,2.845331,2.6962721,2.6962721,40,49,31,40,-0.41848958,0.099999994
101,2016-10-17 18:10:00+00:00,2.7480576,2.3337016,2.3337016,40,49,40,49,-0.26666665,0.099999994
101,2016-10-17 18:10:00+00:00,2.1821487,2.1779923,2.1779923,40,49,49,58,-0.11666667,0.099999994
101,2016-10-17 18:10:00+00:00,2.0683327,2.1858094,2.1858094,40,49,58,67,0.02734375,0.10859375
101,2016-10-17 18:10:00+00:00,2.0860589,2.4061995,2.4061995,40,49,67,76,0.18776041,0.10546875
101,2016-10-17 18:10:00+00:00,2.6157045,2.4720685,2.4720685,40,49,85,94,0.48802084,0.0890625
101,2016-10-17 18:10:00+00:00,2.502615,2.324177,2.324177,40,49,94,103,0.6333333,0.099999994
101,2016-10-17 18:10:00+00:00,2.4305532,2.1929195,2.1929195,40,49,103,112,0.78333336,0.099999994
101,2016-10-17 18:10:00+00:00,2.1454995,2.2430158,2.2430158,40,49,112,121,0.93333334,0.099999994
101,2016-10-17 18:10:00+00:00,3.048447,2.6116488,2.6116488,49,58,13,22,-0.71666664,0.325
101,2016-10-17 18:10:00+00:00,2.08521,2.408797,2.408797,49,58,22,31,-0.56666666,0.325
101,2016-10-17 18:10:00+00:00,2.0534883,2.1335351,2.1335351,49,58,31,40,-0.4166667,0.325
101,2016-10-17 18:10:00+00:00,1.8649632,1.9561223,1.9561223,49,58,40,49,-0.26666665,0.325
101,2016-10-17 18:10:00+00:00,1.7634416,1.8233558,1.8233558,49,58,49,58,-0.11666667,0.325
101,2016-10-17 18:10:00+00:00,1.850121,1.8432583,1.8432583,49,58,58,67,0.033333335,0.325
101,2016-10-17 18:10:00+00:00,1.9058075,2.118799,2.118799,49,58,67,76,0.18333334,0.325
101,2016-10-17 18:10:00+00:00,2.4686944,2.3054903,2.3054903,49,58,94,103,0.6333333,0.325
101,2016-10-17 18:10:00+00:00,2.530984,2.2427592,2.2427592,49,58,103,112,0.78333336,0.325
101,2016-10-17 18:10:00+00:00,2.3395836,2.226961,2.226961,49,58,112,121,0.93333334,0.325
101,2016-10-17 18:10:00+00:00,3.6154714,2.453873,2.453873,58,67,13,22,-0.69829935,0.5214286
101,2016-10-17 18:10:00+00:00,2.3870075,2.302618,2.302618,58,67,22,31,-0.56614584,0.5476563
101,2016-10-17 18:10:00+00:00,1.8850393,2.0685976,2.0685976,58,67,31,40,-0.4166667,0.55
101,2016-10-17 18:10:00+00:00,1.7002022,1.9258693,1.9258693,58,67,40,49,-0.26666665,0.55
101,2016-10-17 18:10:00+00:00,1.7884076,1.8107231,1.8107231,58,67,49,58,-0.11666667,0.55
101,2016-10-17 18:10:00+00:00,1.8041099,1.836948,1.836948,58,67,58,67,0.033333335,0.55
101,2016-10-17 18:10:00+00:00,1.7929072,2.060703,2.060703,58,67,67,76,0.18333334,0.55
101,2016-10-17 18:10:00+00:00,1.8389305,2.2327437,2.2327437,58,67,76,85,0.3333333,0.55
101,2016-10-17 18:10:00+00:00,2.1425898,2.2893105,2.2893105,58,67,85,94,0.48333335,0.55
101,2016-10-17 18:10:00+00:00,2.5573082,2.2044172,2.2044172,58,67,103,112,0.78333336,0.55
101,2016-10-17 18:10:00+00:00,2.4636948,2.214229,2.214229,58,67,112,121,0.93333334,0.55
101,2016-10-17 18:10:00+00:00,2.0056734,2.1402051,2.1402051,67,76,31,40,-0.4143229,0.77070314
101,2016-10-17 18:10:00+00:00,2.509169,2.1941981,2.1941981,67,76,103,112,0.78333336,0.775
101,2016-10-17 18:10:00+00:00,2.1954281,2.176134,2.176134,67,76,112,121,0.93333334,0.775
101,2016-10-17 18:10:00+00:00,2.3423145,2.1950865,2.1950865,76,81,103,112,0.78943086,0.9469512
101,2016-10-17 18:10:00+00:00,2.1113467,2.1555462,2.1555462,76,81,112,121,0.93333334,0.95
